{"type":"FeatureCollection","features":[{"type":"Feature","geometry":{"type":"Point","coordinates":[30.474667,50.449522]},"properties":{"name":"вул. Шолуденка","band":0,"modes":"bus","arr":["2"],"off":[0,-0.8]}},{"type":"Feature","geometry":{"type":"Point","coordinates":[30.474667,50.449522]},"properties":{"line":"2","mode":"bus","color":"#0059a9","colorDark":"#00294f","band":0,"off":[0,1.1]}},{"type":"Feature","geometry":{"type":"Point","coordinates":[30.409793,50.412535]},"properties":{"name":"Корольова","band":0,"modes":"bus,tram","arr":["2","9","Тм2"],"off":[0,-0.8]}},{"type":"Feature","geometry":{"type":"Point","coordinates":[30.409793,50.412535]},"properties":{"name":"вул. Кікабідзе","band":0,"modes":"bus,tram","arr":["2","9","Тм2"],"off":[0,-1.9]}},{"type":"Feature","geometry":{"type":"Point","coordinates":[30.409793,50.412535]},"properties":{"line":"2","mode":"bus","color":"#0059a9","colorDark":"#00294f","band":0,"off":[-3.4,1.1]}},{"type":"Feature","geometry":{"type":"Point","coordinates":[30.409793,50.412535]},"properties":{"line":"9","mode":"bus","color":"#0059a9","colorDark":"#00294f","band":0,"off":[0,1.1]}},{"type":"Feature","geometry":{"type":"Point","coordinates":[30.409793,50.412535]},"properties":{"line":"Тм2","mode":"tram","color":"#d6212b","colorDark":"#7c1116","band":0,"off":[3.4,1.1],"lbl":"2"}},{"type":"Feature","geometry":{"type":"Point","coordinates":[30.571547,50.483587]},"properties":{"name":"ст Райдужний","band":0,"modes":"bus","arr":["4т","5т","70Д","95"],"off":[0,-0.8]}},{"type":"Feature","geometry":{"type":"Point","coordinates":[30.571547,50.483587]},"properties":{"name":"Русанівські сади","band":0,"modes":"bus","arr":["4т","5т","70Д","95"],"off":[0,-1.9]}},{"type":"Feature","geometry":{"type":"Point","coordinates":[30.571547,50.483587]},"properties":{"line":"4т","mode":"bus","color":"#0059a9","colorDark":"#00294f","band":0,"off":[-5.1,1.1]}},{"type":"Feature","geometry":{"type":"Point","coordinates":[30.571547,50.483587]},"properties":{"line":"5т","mode":"bus","color":"#0059a9","colorDark":"#00294f","band":0,"off":[-1.7,1.1]}},{"type":"Feature","geometry":{"type":"Point","coordinates":[30.571547,50.483587]},"properties":{"line":"70Д","mode":"bus","color":"#0059a9","colorDark":"#00294f","band":0,"off":[1.7,1.1]}},{"type":"Feature","geometry":{"type":"Point","coordinates":[30.571547,50.483587]},"properties":{"line":"95","mode":"bus","color":"#0059a9","colorDark":"#00294f","band":0,"off":[5.1,1.1]}},{"type":"Feature","geometry":{"type":"Point","coordinates":[30.610545,50.532738]},"properties":{"name":"Милослав.(21)","band":0,"modes":"bus","arr":["4т","21"],"off":[0,-0.8]}},{"type":"Feature","geometry":{"type":"Point","coordinates":[30.610545,50.532738]},"properties":{"line":"4т","mode":"bus","color":"#0059a9","colorDark":"#00294f","band":0,"off":[-1.7,1.1]}},{"type":"Feature","geometry":{"type":"Point","coordinates":[30.610545,50.532738]},"properties":{"line":"21","mode":"bus","color":"#0059a9","colorDark":"#00294f","band":0,"off":[1.7,1.1]}},{"type":"Feature","geometry":{"type":"Point","coordinates":[30.488968,50.440737]},"properties":{"name":"Південний вокзал","band":0,"modes":"bus","arr":["5","7","24","50","114","Тб12","Тб14","Тб33"],"off":[0,-0.8]}},{"type":"Feature","geometry":{"type":"Point","coordinates":[30.488968,50.440737]},"properties":{"name":"Залізничний вокзал","band":0,"modes":"bus","arr":["5","7","24","50","114","Тб12","Тб14","Тб33"],"off":[0,-1.9]}},{"type":"Feature","geometry":{"type":"Point","coordinates":[30.488968,50.440737]},"properties":{"name":"Залізн вокзал","band":0,"modes":"bus","arr":["5","7","24","50","114","Тб12","Тб14","Тб33"],"off":[0,-3]}},{"type":"Feature","geometry":{"type":"Point","coordinates":[30.488968,50.440737]},"properties":{"line":"5","mode":"bus","color":"#0059a9","colorDark":"#00294f","band":0,"off":[-6.8,1.1]}},{"type":"Feature","geometry":{"type":"Point","coordinates":[30.488968,50.440737]},"properties":{"line":"7","mode":"bus","color":"#0059a9","colorDark":"#00294f","band":0,"off":[-3.4,1.1]}},{"type":"Feature","geometry":{"type":"Point","coordinates":[30.488968,50.440737]},"properties":{"line":"24","mode":"bus","color":"#0059a9","colorDark":"#00294f","band":0,"off":[0,1.1]}},{"type":"Feature","geometry":{"type":"Point","coordinates":[30.488968,50.440737]},"properties":{"line":"50","mode":"bus","color":"#0059a9","colorDark":"#00294f","band":0,"off":[3.4,1.1]}},{"type":"Feature","geometry":{"type":"Point","coordinates":[30.488968,50.440737]},"properties":{"line":"114","mode":"bus","color":"#0059a9","colorDark":"#00294f","band":0,"off":[6.8,1.1]}},{"type":"Feature","geometry":{"type":"Point","coordinates":[30.488968,50.440737]},"properties":{"line":"Тб12","mode":"bus","color":"#149a3f","colorDark":"#0a5121","band":0,"off":[-3.4,3.1],"lbl":"12"}},{"type":"Feature","geometry":{"type":"Point","coordinates":[30.488968,50.440737]},"properties":{"line":"Тб14","mode":"bus","color":"#149a3f","colorDark":"#0a5121","band":0,"off":[0,3.1],"lbl":"14"}},{"type":"Feature","geometry":{"type":"Point","coordinates":[30.488968,50.440737]},"properties":{"line":"Тб33","mode":"bus","color":"#149a3f","colorDark":"#0a5121","band":0,"off":[3.4,3.1],"lbl":"33"}},{"type":"Feature","geometry":{"type":"Point","coordinates":[30.519167,50.409045]},"properties":{"name":"вул. Ізюмська","band":0,"modes":"bus","arr":["5","12","19"],"off":[0,-0.8]}},{"type":"Feature","geometry":{"type":"Point","coordinates":[30.519167,50.409045]},"properties":{"line":"5","mode":"bus","color":"#0059a9","colorDark":"#00294f","band":0,"off":[-3.4,1.1]}},{"type":"Feature","geometry":{"type":"Point","coordinates":[30.519167,50.409045]},"properties":{"line":"12","mode":"bus","color":"#0059a9","colorDark":"#00294f","band":0,"off":[0,1.1]}},{"type":"Feature","geometry":{"type":"Point","coordinates":[30.519167,50.409045]},"properties":{"line":"19","mode":"bus","color":"#0059a9","colorDark":"#00294f","band":0,"off":[3.4,1.1]}},{"type":"Feature","geometry":{"type":"Point","coordinates":[30.618504,50.510739]},"properties":{"name":"вул. С. Лифаря","band":0,"modes":"bus","arr":["5т","35т"],"off":[0,-0.8]}},{"type":"Feature","geometry":{"type":"Point","coordinates":[30.618504,50.510739]},"properties":{"line":"5т","mode":"bus","color":"#0059a9","colorDark":"#00294f","band":0,"off":[-1.7,1.1]}},{"type":"Feature","geometry":{"type":"Point","coordinates":[30.618504,50.510739]},"properties":{"line":"35т","mode":"bus","color":"#0059a9","colorDark":"#00294f","band":0,"off":[1.7,1.1]}},{"type":"Feature","geometry":{"type":"Point","coordinates":[30.599211,50.531626]},"properties":{"name":"вул. Радунська (101к)","band":0,"modes":"bus","arr":["6","28т","44","73","98","101","110","114","Тб31Д","Тб37"],"off":[0,-0.8]}},{"type":"Feature","geometry":{"type":"Point","coordinates":[30.599211,50.531626]},"properties":{"name":"вул. Милославська (73)","band":0,"modes":"bus","arr":["6","28т","44","73","98","101","110","114","Тб31Д","Тб37"],"off":[0,-3]}},{"type":"Feature","geometry":{"type":"Point","coordinates":[30.599211,50.531626]},"properties":{"name":"вул. Милославська (37)","band":0,"modes":"bus","arr":["6","28т","44","73","98","101","110","114","Тб31Д","Тб37"],"off":[0,-5.2]}},{"type":"Feature","geometry":{"type":"Point","coordinates":[30.599211,50.531626]},"properties":{"line":"6","mode":"bus","color":"#0059a9","colorDark":"#00294f","band":0,"off":[-6.8,1.1]}},{"type":"Feature","geometry":{"type":"Point","coordinates":[30.599211,50.531626]},"properties":{"line":"28т","mode":"bus","color":"#0059a9","colorDark":"#00294f","band":0,"off":[-3.4,1.1]}},{"type":"Feature","geometry":{"type":"Point","coordinates":[30.599211,50.531626]},"properties":{"line":"44","mode":"bus","color":"#0059a9","colorDark":"#00294f","band":0,"off":[0,1.1]}},{"type":"Feature","geometry":{"type":"Point","coordinates":[30.599211,50.531626]},"properties":{"line":"73","mode":"bus","color":"#0059a9","colorDark":"#00294f","band":0,"off":[3.4,1.1]}},{"type":"Feature","geometry":{"type":"Point","coordinates":[30.599211,50.531626]},"properties":{"line":"98","mode":"bus","color":"#0059a9","colorDark":"#00294f","band":0,"off":[6.8,1.1]}},{"type":"Feature","geometry":{"type":"Point","coordinates":[30.599211,50.531626]},"properties":{"line":"101","mode":"bus","color":"#0059a9","colorDark":"#00294f","band":0,"off":[-6.8,3.1]}},{"type":"Feature","geometry":{"type":"Point","coordinates":[30.599211,50.531626]},"properties":{"line":"110","mode":"bus","color":"#0059a9","colorDark":"#00294f","band":0,"off":[-3.4,3.1]}},{"type":"Feature","geometry":{"type":"Point","coordinates":[30.599211,50.531626]},"properties":{"line":"114","mode":"bus","color":"#0059a9","colorDark":"#00294f","band":0,"off":[0,3.1]}},{"type":"Feature","geometry":{"type":"Point","coordinates":[30.599211,50.531626]},"properties":{"line":"Тб31Д","mode":"bus","color":"#149a3f","colorDark":"#0a5121","band":0,"off":[3.4,3.1],"lbl":"31Д"}},{"type":"Feature","geometry":{"type":"Point","coordinates":[30.599211,50.531626]},"properties":{"line":"Тб37","mode":"bus","color":"#149a3f","colorDark":"#0a5121","band":0,"off":[6.8,3.1],"lbl":"37"}},{"type":"Feature","geometry":{"type":"Point","coordinates":[30.62644,50.444027]},"properties":{"name":"пл. Дарницька","band":0,"modes":"bus","arr":["6","55","111","Тб29","Тб43","Тб50к"],"off":[0,-0.8]}},{"type":"Feature","geometry":{"type":"Point","coordinates":[30.62644,50.444027]},"properties":{"name":"пл. Дарн","band":0,"modes":"bus","arr":["6","55","111","Тб29","Тб43","Тб50к"],"off":[0,-1.9]}},{"type":"Feature","geometry":{"type":"Point","coordinates":[30.62644,50.444027]},"properties":{"name":"Дарницька пл","band":0,"modes":"bus","arr":["6","55","111","Тб29","Тб43","Тб50к"],"off":[0,-3]}},{"type":"Feature","geometry":{"type":"Point","coordinates":[30.62644,50.444027]},"properties":{"line":"6","mode":"bus","color":"#0059a9","colorDark":"#00294f","band":0,"off":[-6.8,1.1]}},{"type":"Feature","geometry":{"type":"Point","coordinates":[30.62644,50.444027]},"properties":{"line":"55","mode":"bus","color":"#0059a9","colorDark":"#00294f","band":0,"off":[-3.4,1.1]}},{"type":"Feature","geometry":{"type":"Point","coordinates":[30.62644,50.444027]},"properties":{"line":"111","mode":"bus","color":"#0059a9","colorDark":"#00294f","band":0,"off":[0,1.1]}},{"type":"Feature","geometry":{"type":"Point","coordinates":[30.62644,50.444027]},"properties":{"line":"Тб29","mode":"bus","color":"#149a3f","colorDark":"#0a5121","band":0,"off":[3.4,1.1],"lbl":"29"}},{"type":"Feature","geometry":{"type":"Point","coordinates":[30.62644,50.444027]},"properties":{"line":"Тб43","mode":"bus","color":"#149a3f","colorDark":"#0a5121","band":0,"off":[6.8,1.1],"lbl":"43"}},{"type":"Feature","geometry":{"type":"Point","coordinates":[30.62644,50.444027]},"properties":{"line":"Тб50к","mode":"bus","color":"#149a3f","colorDark":"#0a5121","band":0,"off":[0,3.1],"lbl":"50к"}},{"type":"Feature","geometry":{"type":"Point","coordinates":[30.505195,50.454063]},"properties":{"name":"Львівська площа","band":0,"modes":"bus","arr":["7"],"off":[0,-0.8]}},{"type":"Feature","geometry":{"type":"Point","coordinates":[30.505195,50.454063]},"properties":{"line":"7","mode":"bus","color":"#0059a9","colorDark":"#00294f","band":0,"off":[0,1.1]}},{"type":"Feature","geometry":{"type":"Point","coordinates":[30.480948,50.461549]},"properties":{"name":"ст.м. \"Лук’янівська\"","band":0,"modes":"bus","arr":["9","112"],"off":[0,-0.8]}},{"type":"Feature","geometry":{"type":"Point","coordinates":[30.480948,50.461549]},"properties":{"name":"Лук’янівська пл.","band":0,"modes":"bus","arr":["9","112"],"off":[0,-3]}},{"type":"Feature","geometry":{"type":"Point","coordinates":[30.480948,50.461549]},"properties":{"line":"9","mode":"bus","color":"#0059a9","colorDark":"#00294f","band":0,"off":[-1.7,1.1]}},{"type":"Feature","geometry":{"type":"Point","coordinates":[30.480948,50.461549]},"properties":{"line":"112","mode":"bus","color":"#0059a9","colorDark":"#00294f","band":0,"off":[1.7,1.1]}},{"type":"Feature","geometry":{"type":"Point","coordinates":[30.715853,50.46722]},"properties":{"name":"с. Рибне","band":0,"modes":"bus","arr":["10"],"off":[0,-0.8]}},{"type":"Feature","geometry":{"type":"Point","coordinates":[30.715853,50.46722]},"properties":{"line":"10","mode":"bus","color":"#0059a9","colorDark":"#00294f","band":0,"off":[0,1.1]}},{"type":"Feature","geometry":{"type":"Point","coordinates":[30.643028,50.464327]},"properties":{"name":"ст.м. Лісова","band":0,"modes":"bus,tram","arr":["10","11","11д","22тк","28т","33","35т","37Д","79","81","118д","Тб37","Тм8","Тм22к","Тм23к","Тм29","Тм33к"],"off":[0,-0.8],"sc":0.9}},{"type":"Feature","geometry":{"type":"Point","coordinates":[30.643028,50.464327]},"properties":{"name":"ст.м. \"Лісова\"","band":0,"modes":"bus,tram","arr":["10","11","11д","22тк","28т","33","35т","37Д","79","81","118д","Тб37","Тм8","Тм22к","Тм23к","Тм29","Тм33к"],"off":[0,-1.9],"sc":0.9}},{"type":"Feature","geometry":{"type":"Point","coordinates":[30.643028,50.464327]},"properties":{"line":"10","mode":"bus","color":"#0059a9","colorDark":"#00294f","band":0,"sc":0.9,"off":[-6.8,1.1]}},{"type":"Feature","geometry":{"type":"Point","coordinates":[30.643028,50.464327]},"properties":{"line":"11","mode":"bus","color":"#0059a9","colorDark":"#00294f","band":0,"sc":0.9,"off":[-3.4,1.1]}},{"type":"Feature","geometry":{"type":"Point","coordinates":[30.643028,50.464327]},"properties":{"line":"11д","mode":"bus","color":"#0059a9","colorDark":"#00294f","band":0,"sc":0.9,"off":[0,1.1]}},{"type":"Feature","geometry":{"type":"Point","coordinates":[30.643028,50.464327]},"properties":{"line":"22тк","mode":"bus","color":"#0059a9","colorDark":"#00294f","band":0,"sc":0.9,"off":[3.4,1.1]}},{"type":"Feature","geometry":{"type":"Point","coordinates":[30.643028,50.464327]},"properties":{"line":"28т","mode":"bus","color":"#0059a9","colorDark":"#00294f","band":0,"sc":0.9,"off":[6.8,1.1]}},{"type":"Feature","geometry":{"type":"Point","coordinates":[30.643028,50.464327]},"properties":{"line":"33","mode":"bus","color":"#0059a9","colorDark":"#00294f","band":0,"sc":0.9,"off":[-6.8,3.1]}},{"type":"Feature","geometry":{"type":"Point","coordinates":[30.643028,50.464327]},"properties":{"line":"35т","mode":"bus","color":"#0059a9","colorDark":"#00294f","band":0,"sc":0.9,"off":[-3.4,3.1]}},{"type":"Feature","geometry":{"type":"Point","coordinates":[30.643028,50.464327]},"properties":{"line":"37Д","mode":"bus","color":"#0059a9","colorDark":"#00294f","band":0,"sc":0.9,"off":[0,3.1]}},{"type":"Feature","geometry":{"type":"Point","coordinates":[30.643028,50.464327]},"properties":{"line":"79","mode":"bus","color":"#0059a9","colorDark":"#00294f","band":0,"sc":0.9,"off":[3.4,3.1]}},{"type":"Feature","geometry":{"type":"Point","coordinates":[30.643028,50.464327]},"properties":{"line":"81","mode":"bus","color":"#0059a9","colorDark":"#00294f","band":0,"sc":0.9,"off":[6.8,3.1]}},{"type":"Feature","geometry":{"type":"Point","coordinates":[30.643028,50.464327]},"properties":{"line":"118д","mode":"bus","color":"#0059a9","colorDark":"#00294f","band":0,"sc":0.9,"off":[-6.8,5.1]}},{"type":"Feature","geometry":{"type":"Point","coordinates":[30.643028,50.464327]},"properties":{"line":"Тб37","mode":"bus","color":"#149a3f","colorDark":"#0a5121","band":0,"sc":0.9,"off":[-3.4,5.1],"lbl":"37"}},{"type":"Feature","geometry":{"type":"Point","coordinates":[30.643028,50.464327]},"properties":{"line":"Тм8","mode":"tram","color":"#d6212b","colorDark":"#7c1116","band":0,"sc":0.9,"off":[0,5.1],"lbl":"8"}},{"type":"Feature","geometry":{"type":"Point","coordinates":[30.643028,50.464327]},"properties":{"line":"Тм22к","mode":"tram","color":"#d6212b","colorDark":"#7c1116","band":0,"sc":0.9,"off":[3.4,5.1],"lbl":"22к"}},{"type":"Feature","geometry":{"type":"Point","coordinates":[30.643028,50.464327]},"properties":{"line":"Тм23к","mode":"tram","color":"#d6212b","colorDark":"#7c1116","band":0,"sc":0.9,"off":[6.8,5.1],"lbl":"23к"}},{"type":"Feature","geometry":{"type":"Point","coordinates":[30.643028,50.464327]},"properties":{"line":"Тм29","mode":"tram","color":"#d6212b","colorDark":"#7c1116","band":0,"sc":0.9,"off":[-1.7,7.1],"lbl":"29"}},{"type":"Feature","geometry":{"type":"Point","coordinates":[30.643028,50.464327]},"properties":{"line":"Тм33к","mode":"tram","color":"#d6212b","colorDark":"#7c1116","band":0,"sc":0.9,"off":[1.7,7.1],"lbl":"33к"}},{"type":"Feature","geometry":{"type":"Point","coordinates":[30.669276,50.485786]},"properties":{"name":"Радіоцентр","band":0,"modes":"bus","arr":["11"],"off":[0,-0.8]}},{"type":"Feature","geometry":{"type":"Point","coordinates":[30.669276,50.485786]},"properties":{"line":"11","mode":"bus","color":"#0059a9","colorDark":"#00294f","band":0,"off":[0,1.1]}},{"type":"Feature","geometry":{"type":"Point","coordinates":[30.679463,50.487455]},"properties":{"name":"Дачне містечко","band":0,"modes":"bus","arr":["11д"],"off":[0,-0.8]}},{"type":"Feature","geometry":{"type":"Point","coordinates":[30.679463,50.487455]},"properties":{"line":"11д","mode":"bus","color":"#0059a9","colorDark":"#00294f","band":0,"off":[0,1.1]}},{"type":"Feature","geometry":{"type":"Point","coordinates":[30.486576,50.437432]},"properties":{"name":"Півднний вокз","band":0,"modes":"bus","arr":["12"],"off":[0,-0.8]}},{"type":"Feature","geometry":{"type":"Point","coordinates":[30.486576,50.437432]},"properties":{"line":"12","mode":"bus","color":"#0059a9","colorDark":"#00294f","band":0,"off":[0,1.1]}},{"type":"Feature","geometry":{"type":"Point","coordinates":[30.364889,50.499857]},"properties":{"name":"Лісорозсадник","band":0,"modes":"bus","arr":["14"],"off":[0,-0.8]}},{"type":"Feature","geometry":{"type":"Point","coordinates":[30.364889,50.499857]},"properties":{"line":"14","mode":"bus","color":"#0059a9","colorDark":"#00294f","band":0,"off":[0,1.1]}},{"type":"Feature","geometry":{"type":"Point","coordinates":[30.405859,50.459632]},"properties":{"name":"ст.м. Нивки","band":0,"modes":"bus","arr":["14","32","47","Тб26"],"off":[0,-0.8]}},{"type":"Feature","geometry":{"type":"Point","coordinates":[30.405859,50.459632]},"properties":{"name":"ст.м. \"Нивки\"","band":0,"modes":"bus","arr":["14","32","47","Тб26"],"off":[0,-1.9]}},{"type":"Feature","geometry":{"type":"Point","coordinates":[30.405859,50.459632]},"properties":{"line":"14","mode":"bus","color":"#0059a9","colorDark":"#00294f","band":0,"off":[-5.1,1.1]}},{"type":"Feature","geometry":{"type":"Point","coordinates":[30.405859,50.459632]},"properties":{"line":"32","mode":"bus","color":"#0059a9","colorDark":"#00294f","band":0,"off":[-1.7,1.1]}},{"type":"Feature","geometry":{"type":"Point","coordinates":[30.405859,50.459632]},"properties":{"line":"47","mode":"bus","color":"#0059a9","colorDark":"#00294f","band":0,"off":[1.7,1.1]}},{"type":"Feature","geometry":{"type":"Point","coordinates":[30.405859,50.459632]},"properties":{"line":"Тб26","mode":"bus","color":"#149a3f","colorDark":"#0a5121","band":0,"off":[5.1,1.1],"lbl":"26"}},{"type":"Feature","geometry":{"type":"Point","coordinates":[30.634314,50.419607]},"properties":{"name":"вул. Драгоманова","band":0,"modes":"bus","arr":["17"],"off":[0,-0.8]}},{"type":"Feature","geometry":{"type":"Point","coordinates":[30.634314,50.419607]},"properties":{"line":"17","mode":"bus","color":"#0059a9","colorDark":"#00294f","band":0,"off":[0,1.1]}},{"type":"Feature","geometry":{"type":"Point","coordinates":[30.65132,50.400931]},"properties":{"name":"ст.м. \"Харківська\"(18)","band":0,"modes":"bus","arr":["17","18"],"off":[0,-0.8]}},{"type":"Feature","geometry":{"type":"Point","coordinates":[30.65132,50.400931]},"properties":{"line":"17","mode":"bus","color":"#0059a9","colorDark":"#00294f","band":0,"off":[-1.7,1.1]}},{"type":"Feature","geometry":{"type":"Point","coordinates":[30.65132,50.400931]},"properties":{"line":"18","mode":"bus","color":"#0059a9","colorDark":"#00294f","band":0,"off":[1.7,1.1]}},{"type":"Feature","geometry":{"type":"Point","coordinates":[30.643797,50.422905]},"properties":{"name":"Харківське шосе(18)","band":0,"modes":"bus","arr":["18"],"off":[0,-0.8]}},{"type":"Feature","geometry":{"type":"Point","coordinates":[30.643797,50.422905]},"properties":{"line":"18","mode":"bus","color":"#0059a9","colorDark":"#00294f","band":0,"off":[0,1.1]}},{"type":"Feature","geometry":{"type":"Point","coordinates":[30.488165,50.393298]},"properties":{"name":"ст.м. Васильківська","band":0,"modes":"bus","arr":["19","78","120","Тб12","Тб45"],"off":[0,-0.8]}},{"type":"Feature","geometry":{"type":"Point","coordinates":[30.488165,50.393298]},"properties":{"name":"ст.м. \"Васильківська\"","band":0,"modes":"bus","arr":["19","78","120","Тб12","Тб45"],"off":[0,-3]}},{"type":"Feature","geometry":{"type":"Point","coordinates":[30.488165,50.393298]},"properties":{"line":"19","mode":"bus","color":"#0059a9","colorDark":"#00294f","band":0,"off":[-6.8,1.1]}},{"type":"Feature","geometry":{"type":"Point","coordinates":[30.488165,50.393298]},"properties":{"line":"78","mode":"bus","color":"#0059a9","colorDark":"#00294f","band":0,"off":[-3.4,1.1]}},{"type":"Feature","geometry":{"type":"Point","coordinates":[30.488165,50.393298]},"properties":{"line":"120","mode":"bus","color":"#0059a9","colorDark":"#00294f","band":0,"off":[0,1.1]}},{"type":"Feature","geometry":{"type":"Point","coordinates":[30.488165,50.393298]},"properties":{"line":"Тб12","mode":"bus","color":"#149a3f","colorDark":"#0a5121","band":0,"off":[3.4,1.1],"lbl":"12"}},{"type":"Feature","geometry":{"type":"Point","coordinates":[30.488165,50.393298]},"properties":{"line":"Тб45","mode":"bus","color":"#149a3f","colorDark":"#0a5121","band":0,"off":[6.8,1.1],"lbl":"45"}},{"type":"Feature","geometry":{"type":"Point","coordinates":[30.556379,50.362288]},"properties":{"name":"ж/м Корчувате","band":0,"modes":"bus","arr":["20"],"off":[0,-0.8]}},{"type":"Feature","geometry":{"type":"Point","coordinates":[30.556379,50.362288]},"properties":{"line":"20","mode":"bus","color":"#0059a9","colorDark":"#00294f","band":0,"off":[0,1.1]}},{"type":"Feature","geometry":{"type":"Point","coordinates":[30.519243,50.440468]},"properties":{"name":"ст.м. \"Палац спорту\"","band":0,"modes":"bus","arr":["20","55","69","110","111"],"off":[0,-0.8]}},{"type":"Feature","geometry":{"type":"Point","coordinates":[30.519243,50.440468]},"properties":{"name":"ст.м. \"Палац спорту \"(55)","band":0,"modes":"bus","arr":["20","55","69","110","111"],"off":[0,-3]}},{"type":"Feature","geometry":{"type":"Point","coordinates":[30.519243,50.440468]},"properties":{"name":"ст. м. Площа Укр. Героїв","band":0,"modes":"bus","arr":["20","55","69","110","111"],"off":[0,-5.2]}},{"type":"Feature","geometry":{"type":"Point","coordinates":[30.519243,50.440468]},"properties":{"line":"20","mode":"bus","color":"#0059a9","colorDark":"#00294f","band":0,"off":[-6.8,1.1]}},{"type":"Feature","geometry":{"type":"Point","coordinates":[30.519243,50.440468]},"properties":{"line":"55","mode":"bus","color":"#0059a9","colorDark":"#00294f","band":0,"off":[-3.4,1.1]}},{"type":"Feature","geometry":{"type":"Point","coordinates":[30.519243,50.440468]},"properties":{"line":"69","mode":"bus","color":"#0059a9","colorDark":"#00294f","band":0,"off":[0,1.1]}},{"type":"Feature","geometry":{"type":"Point","coordinates":[30.519243,50.440468]},"properties":{"line":"110","mode":"bus","color":"#0059a9","colorDark":"#00294f","band":0,"off":[3.4,1.1]}},{"type":"Feature","geometry":{"type":"Point","coordinates":[30.519243,50.440468]},"properties":{"line":"111","mode":"bus","color":"#0059a9","colorDark":"#00294f","band":0,"off":[6.8,1.1]}},{"type":"Feature","geometry":{"type":"Point","coordinates":[30.497813,50.4853]},"properties":{"name":"ст.м. \"Почайна\"(101)","band":0,"modes":"bus","arr":["21","101","Тб25","Тб27"],"off":[0,-0.8]}},{"type":"Feature","geometry":{"type":"Point","coordinates":[30.497813,50.4853]},"properties":{"name":"ст. м. Почайна","band":0,"modes":"bus","arr":["21","101","Тб25","Тб27"],"off":[0,-3]}},{"type":"Feature","geometry":{"type":"Point","coordinates":[30.497813,50.4853]},"properties":{"name":"м. Почайна (25)","band":0,"modes":"bus","arr":["21","101","Тб25","Тб27"],"off":[0,-4.1]}},{"type":"Feature","geometry":{"type":"Point","coordinates":[30.497813,50.4853]},"properties":{"line":"21","mode":"bus","color":"#0059a9","colorDark":"#00294f","band":0,"off":[-5.1,1.1]}},{"type":"Feature","geometry":{"type":"Point","coordinates":[30.497813,50.4853]},"properties":{"line":"101","mode":"bus","color":"#0059a9","colorDark":"#00294f","band":0,"off":[-1.7,1.1]}},{"type":"Feature","geometry":{"type":"Point","coordinates":[30.497813,50.4853]},"properties":{"line":"Тб25","mode":"bus","color":"#149a3f","colorDark":"#0a5121","band":0,"off":[1.7,1.1],"lbl":"25"}},{"type":"Feature","geometry":{"type":"Point","coordinates":[30.497813,50.4853]},"properties":{"line":"Тб27","mode":"bus","color":"#149a3f","colorDark":"#0a5121","band":0,"off":[5.1,1.1],"lbl":"27"}},{"type":"Feature","geometry":{"type":"Point","coordinates":[30.460648,50.407797]},"properties":{"name":"Музей авіаціі","band":0,"modes":"bus","arr":["22"],"off":[0,-0.8]}},{"type":"Feature","geometry":{"type":"Point","coordinates":[30.460648,50.407797]},"properties":{"line":"22","mode":"bus","color":"#0059a9","colorDark":"#00294f","band":0,"off":[0,1.1]}},{"type":"Feature","geometry":{"type":"Point","coordinates":[30.644619,50.412816]},"properties":{"name":"вул. Тростянец.(18 )","band":0,"modes":"bus","arr":["22","91","105"],"off":[0,-0.8]}},{"type":"Feature","geometry":{"type":"Point","coordinates":[30.644619,50.412816]},"properties":{"name":"вул. Ахматової (Р-к Позн)","band":0,"modes":"bus","arr":["22","91","105"],"off":[0,-3]}},{"type":"Feature","geometry":{"type":"Point","coordinates":[30.644619,50.412816]},"properties":{"line":"22","mode":"bus","color":"#0059a9","colorDark":"#00294f","band":0,"off":[-3.4,1.1]}},{"type":"Feature","geometry":{"type":"Point","coordinates":[30.644619,50.412816]},"properties":{"line":"91","mode":"bus","color":"#0059a9","colorDark":"#00294f","band":0,"off":[0,1.1]}},{"type":"Feature","geometry":{"type":"Point","coordinates":[30.644619,50.412816]},"properties":{"line":"105","mode":"bus","color":"#0059a9","colorDark":"#00294f","band":0,"off":[3.4,1.1]}},{"type":"Feature","geometry":{"type":"Point","coordinates":[30.593434,50.483591]},"properties":{"name":"Пр. Воскресен.","band":0,"modes":"bus","arr":["22тк"],"off":[0,-0.8]}},{"type":"Feature","geometry":{"type":"Point","coordinates":[30.593434,50.483591]},"properties":{"line":"22тк","mode":"bus","color":"#0059a9","colorDark":"#00294f","band":0,"off":[0,1.1]}},{"type":"Feature","geometry":{"type":"Point","coordinates":[30.603527,50.484947]},"properties":{"name":"Пр. Воскресен.","band":0,"modes":"bus","arr":["22тк","77"],"off":[0,-0.8]}},{"type":"Feature","geometry":{"type":"Point","coordinates":[30.603527,50.484947]},"properties":{"name":"вул. О. Дашкевича","band":0,"modes":"bus","arr":["22тк","77"],"off":[0,-1.9]}},{"type":"Feature","geometry":{"type":"Point","coordinates":[30.603527,50.484947]},"properties":{"line":"22тк","mode":"bus","color":"#0059a9","colorDark":"#00294f","band":0,"off":[-1.7,1.1]}},{"type":"Feature","geometry":{"type":"Point","coordinates":[30.603527,50.484947]},"properties":{"line":"77","mode":"bus","color":"#0059a9","colorDark":"#00294f","band":0,"off":[1.7,1.1]}},{"type":"Feature","geometry":{"type":"Point","coordinates":[30.4042,50.471937]},"properties":{"name":"Ринок","band":0,"modes":"bus","arr":["23"],"off":[0,-0.8]}},{"type":"Feature","geometry":{"type":"Point","coordinates":[30.4042,50.471937]},"properties":{"line":"23","mode":"bus","color":"#0059a9","colorDark":"#00294f","band":0,"off":[0,1.1]}},{"type":"Feature","geometry":{"type":"Point","coordinates":[30.408004,50.407471]},"properties":{"name":"Мих Борщагівка","band":0,"modes":"bus,tram","arr":["23","Тм1"],"off":[0,-0.8]}},{"type":"Feature","geometry":{"type":"Point","coordinates":[30.408004,50.407471]},"properties":{"name":"вул. Симиренка","band":0,"modes":"bus,tram","arr":["23","Тм1"],"off":[0,-1.9]}},{"type":"Feature","geometry":{"type":"Point","coordinates":[30.408004,50.407471]},"properties":{"line":"23","mode":"bus","color":"#0059a9","colorDark":"#00294f","band":0,"off":[-1.7,1.1]}},{"type":"Feature","geometry":{"type":"Point","coordinates":[30.408004,50.407471]},"properties":{"line":"Тм1","mode":"tram","color":"#d6212b","colorDark":"#7c1116","band":0,"off":[1.7,1.1],"lbl":"1"}},{"type":"Feature","geometry":{"type":"Point","coordinates":[30.555298,50.433096]},"properties":{"name":"Музей історії України","band":0,"modes":"bus","arr":["24","25","Тб38"],"off":[0,-0.8]}},{"type":"Feature","geometry":{"type":"Point","coordinates":[30.555298,50.433096]},"properties":{"name":"Музей історії ВВв","band":0,"modes":"bus","arr":["24","25","Тб38"],"off":[0,-3]}},{"type":"Feature","geometry":{"type":"Point","coordinates":[30.555298,50.433096]},"properties":{"line":"24","mode":"bus","color":"#0059a9","colorDark":"#00294f","band":0,"off":[-3.4,1.1]}},{"type":"Feature","geometry":{"type":"Point","coordinates":[30.555298,50.433096]},"properties":{"line":"25","mode":"bus","color":"#0059a9","colorDark":"#00294f","band":0,"off":[0,1.1]}},{"type":"Feature","geometry":{"type":"Point","coordinates":[30.555298,50.433096]},"properties":{"line":"Тб38","mode":"bus","color":"#149a3f","colorDark":"#0a5121","band":0,"off":[3.4,1.1],"lbl":"38"}},{"type":"Feature","geometry":{"type":"Point","coordinates":[30.429121,50.413326]},"properties":{"name":"ст. Київ-Волинський","band":0,"modes":"bus","arr":["25","Тб27"],"off":[0,-0.8]}},{"type":"Feature","geometry":{"type":"Point","coordinates":[30.429121,50.413326]},"properties":{"name":"з.ст. Київ-Волинський(2)","band":0,"modes":"bus","arr":["25","Тб27"],"off":[0,-3]}},{"type":"Feature","geometry":{"type":"Point","coordinates":[30.429121,50.413326]},"properties":{"line":"25","mode":"bus","color":"#0059a9","colorDark":"#00294f","band":0,"off":[-1.7,1.1]}},{"type":"Feature","geometry":{"type":"Point","coordinates":[30.429121,50.413326]},"properties":{"line":"Тб27","mode":"bus","color":"#149a3f","colorDark":"#0a5121","band":0,"off":[1.7,1.1],"lbl":"27"}},{"type":"Feature","geometry":{"type":"Point","coordinates":[30.5354,50.346556]},"properties":{"name":"селище Пирогів","band":0,"modes":"bus","arr":["27"],"off":[0,-0.8]}},{"type":"Feature","geometry":{"type":"Point","coordinates":[30.5354,50.346556]},"properties":{"line":"27","mode":"bus","color":"#0059a9","colorDark":"#00294f","band":0,"off":[0,1.1]}},{"type":"Feature","geometry":{"type":"Point","coordinates":[30.524624,50.412885]},"properties":{"name":"ст.м. Либідська","band":0,"modes":"bus","arr":["27","51","52","Тб1","Тб42","Тб50"],"off":[0,-0.8]}},{"type":"Feature","geometry":{"type":"Point","coordinates":[30.524624,50.412885]},"properties":{"name":"ст.м. \"Либідська\"","band":0,"modes":"bus","arr":["27","51","52","Тб1","Тб42","Тб50"],"off":[0,-1.9]}},{"type":"Feature","geometry":{"type":"Point","coordinates":[30.524624,50.412885]},"properties":{"line":"27","mode":"bus","color":"#0059a9","colorDark":"#00294f","band":0,"off":[-6.8,1.1]}},{"type":"Feature","geometry":{"type":"Point","coordinates":[30.524624,50.412885]},"properties":{"line":"51","mode":"bus","color":"#0059a9","colorDark":"#00294f","band":0,"off":[-3.4,1.1]}},{"type":"Feature","geometry":{"type":"Point","coordinates":[30.524624,50.412885]},"properties":{"line":"52","mode":"bus","color":"#0059a9","colorDark":"#00294f","band":0,"off":[0,1.1]}},{"type":"Feature","geometry":{"type":"Point","coordinates":[30.524624,50.412885]},"properties":{"line":"Тб1","mode":"bus","color":"#149a3f","colorDark":"#0a5121","band":0,"off":[3.4,1.1],"lbl":"1"}},{"type":"Feature","geometry":{"type":"Point","coordinates":[30.524624,50.412885]},"properties":{"line":"Тб42","mode":"bus","color":"#149a3f","colorDark":"#0a5121","band":0,"off":[6.8,1.1],"lbl":"42"}},{"type":"Feature","geometry":{"type":"Point","coordinates":[30.524624,50.412885]},"properties":{"line":"Тб50","mode":"bus","color":"#149a3f","colorDark":"#0a5121","band":0,"off":[0,3.1],"lbl":"50"}},{"type":"Feature","geometry":{"type":"Point","coordinates":[30.516879,50.405002]},"properties":{"name":"ст.м. \"Деміївська\"","band":0,"modes":"bus","arr":["28","38"],"off":[0,-0.8]}},{"type":"Feature","geometry":{"type":"Point","coordinates":[30.516879,50.405002]},"properties":{"line":"28","mode":"bus","color":"#0059a9","colorDark":"#00294f","band":0,"off":[-1.7,1.1]}},{"type":"Feature","geometry":{"type":"Point","coordinates":[30.516879,50.405002]},"properties":{"line":"38","mode":"bus","color":"#0059a9","colorDark":"#00294f","band":0,"off":[1.7,1.1]}},{"type":"Feature","geometry":{"type":"Point","coordinates":[30.501343,50.402576]},"properties":{"name":"вул. Альпійська","band":0,"modes":"bus","arr":["28"],"off":[0,-0.8]}},{"type":"Feature","geometry":{"type":"Point","coordinates":[30.501343,50.402576]},"properties":{"line":"28","mode":"bus","color":"#0059a9","colorDark":"#00294f","band":0,"off":[0,1.1]}},{"type":"Feature","geometry":{"type":"Point","coordinates":[30.36137,50.547394]},"properties":{"name":"санаторій Лісова поляна","band":0,"modes":"bus","arr":["30"],"off":[0,-0.8]}},{"type":"Feature","geometry":{"type":"Point","coordinates":[30.36137,50.547394]},"properties":{"line":"30","mode":"bus","color":"#0059a9","colorDark":"#00294f","band":0,"off":[0,1.1]}},{"type":"Feature","geometry":{"type":"Point","coordinates":[30.34705,50.464415]},"properties":{"name":"вул. Єфремова","band":0,"modes":"bus","arr":["30"],"off":[0,-0.8]}},{"type":"Feature","geometry":{"type":"Point","coordinates":[30.34705,50.464415]},"properties":{"line":"30","mode":"bus","color":"#0059a9","colorDark":"#00294f","band":0,"off":[0,1.1]}},{"type":"Feature","geometry":{"type":"Point","coordinates":[30.467177,50.451728]},"properties":{"name":"ст.м. \"Політех інститут\"","band":0,"modes":"bus","arr":["31","118д"],"off":[0,-0.8]}},{"type":"Feature","geometry":{"type":"Point","coordinates":[30.467177,50.451728]},"properties":{"line":"31","mode":"bus","color":"#0059a9","colorDark":"#00294f","band":0,"off":[-1.7,1.1]}},{"type":"Feature","geometry":{"type":"Point","coordinates":[30.467177,50.451728]},"properties":{"line":"118д","mode":"bus","color":"#0059a9","colorDark":"#00294f","band":0,"off":[1.7,1.1]}},{"type":"Feature","geometry":{"type":"Point","coordinates":[30.485071,50.467951]},"properties":{"name":"вул. Татарська","band":0,"modes":"bus","arr":["31"],"off":[0,-0.8]}},{"type":"Feature","geometry":{"type":"Point","coordinates":[30.485071,50.467951]},"properties":{"line":"31","mode":"bus","color":"#0059a9","colorDark":"#00294f","band":0,"off":[0,1.1]}},{"type":"Feature","geometry":{"type":"Point","coordinates":[30.449183,50.521415]},"properties":{"name":"пл.Шевченка","band":0,"modes":"bus,tram","arr":["32","99","Тб18","Тб32","Тм19"],"off":[0,-0.8]}},{"type":"Feature","geometry":{"type":"Point","coordinates":[30.449183,50.521415]},"properties":{"name":"Литовський проспект","band":0,"modes":"bus,tram","arr":["32","99","Тб18","Тб32","Тм19"],"off":[0,-1.9]}},{"type":"Feature","geometry":{"type":"Point","coordinates":[30.449183,50.521415]},"properties":{"name":"вул. Сошенка","band":0,"modes":"bus,tram","arr":["32","99","Тб18","Тб32","Тм19"],"off":[0,-4.1]}},{"type":"Feature","geometry":{"type":"Point","coordinates":[30.449183,50.521415]},"properties":{"line":"32","mode":"bus","color":"#0059a9","colorDark":"#00294f","band":0,"off":[-6.8,1.1]}},{"type":"Feature","geometry":{"type":"Point","coordinates":[30.449183,50.521415]},"properties":{"line":"99","mode":"bus","color":"#0059a9","colorDark":"#00294f","band":0,"off":[-3.4,1.1]}},{"type":"Feature","geometry":{"type":"Point","coordinates":[30.449183,50.521415]},"properties":{"line":"Тб18","mode":"bus","color":"#149a3f","colorDark":"#0a5121","band":0,"off":[0,1.1],"lbl":"18"}},{"type":"Feature","geometry":{"type":"Point","coordinates":[30.449183,50.521415]},"properties":{"line":"Тб32","mode":"bus","color":"#149a3f","colorDark":"#0a5121","band":0,"off":[3.4,1.1],"lbl":"32"}},{"type":"Feature","geometry":{"type":"Point","coordinates":[30.449183,50.521415]},"properties":{"line":"Тм19","mode":"tram","color":"#d6212b","colorDark":"#7c1116","band":0,"off":[6.8,1.1],"lbl":"19"}},{"type":"Feature","geometry":{"type":"Point","coordinates":[30.643384,50.486075]},"properties":{"name":"м-в Лісовий (33)","band":0,"modes":"bus","arr":["33","81"],"off":[0,-0.8]}},{"type":"Feature","geometry":{"type":"Point","coordinates":[30.643384,50.486075]},"properties":{"name":"Лісовий м-в (81)","band":0,"modes":"bus","arr":["33","81"],"off":[0,-1.9]}},{"type":"Feature","geometry":{"type":"Point","coordinates":[30.643384,50.486075]},"properties":{"line":"33","mode":"bus","color":"#0059a9","colorDark":"#00294f","band":0,"off":[-1.7,1.1]}},{"type":"Feature","geometry":{"type":"Point","coordinates":[30.643384,50.486075]},"properties":{"line":"81","mode":"bus","color":"#0059a9","colorDark":"#00294f","band":0,"off":[1.7,1.1]}},{"type":"Feature","geometry":{"type":"Point","coordinates":[30.630723,50.459088]},"properties":{"name":"ст.м. \"Чернигівська\"","band":0,"modes":"bus","arr":["33т"],"off":[0,-0.8]}},{"type":"Feature","geometry":{"type":"Point","coordinates":[30.630723,50.459088]},"properties":{"line":"33т","mode":"bus","color":"#0059a9","colorDark":"#00294f","band":0,"off":[0,1.1]}},{"type":"Feature","geometry":{"type":"Point","coordinates":[30.681362,50.452009]},"properties":{"name":"ДВРЗ","band":0,"modes":"bus","arr":["33т"],"off":[0,-0.8]}},{"type":"Feature","geometry":{"type":"Point","coordinates":[30.681362,50.452009]},"properties":{"line":"33т","mode":"bus","color":"#0059a9","colorDark":"#00294f","band":0,"off":[0,1.1]}},{"type":"Feature","geometry":{"type":"Point","coordinates":[30.606108,50.42153]},"properties":{"name":"ст. Березняки (95)","band":0,"modes":"bus","arr":["35","44","49","95"],"off":[0,-0.8]}},{"type":"Feature","geometry":{"type":"Point","coordinates":[30.606108,50.42153]},"properties":{"name":"ст. Березняки","band":0,"modes":"bus","arr":["35","44","49","95"],"off":[0,-1.9]}},{"type":"Feature","geometry":{"type":"Point","coordinates":[30.606108,50.42153]},"properties":{"name":"вул. Бабіча","band":0,"modes":"bus","arr":["35","44","49","95"],"off":[0,-3]}},{"type":"Feature","geometry":{"type":"Point","coordinates":[30.606108,50.42153]},"properties":{"line":"35","mode":"bus","color":"#0059a9","colorDark":"#00294f","band":0,"off":[-5.1,1.1]}},{"type":"Feature","geometry":{"type":"Point","coordinates":[30.606108,50.42153]},"properties":{"line":"44","mode":"bus","color":"#0059a9","colorDark":"#00294f","band":0,"off":[-1.7,1.1]}},{"type":"Feature","geometry":{"type":"Point","coordinates":[30.606108,50.42153]},"properties":{"line":"49","mode":"bus","color":"#0059a9","colorDark":"#00294f","band":0,"off":[1.7,1.1]}},{"type":"Feature","geometry":{"type":"Point","coordinates":[30.606108,50.42153]},"properties":{"line":"95","mode":"bus","color":"#0059a9","colorDark":"#00294f","band":0,"off":[5.1,1.1]}},{"type":"Feature","geometry":{"type":"Point","coordinates":[30.593617,50.375608]},"properties":{"name":"вул. Підлипка","band":0,"modes":"bus","arr":["35","35к"],"off":[0,-0.8]}},{"type":"Feature","geometry":{"type":"Point","coordinates":[30.593617,50.375608]},"properties":{"line":"35","mode":"bus","color":"#0059a9","colorDark":"#00294f","band":0,"off":[-1.7,1.1]}},{"type":"Feature","geometry":{"type":"Point","coordinates":[30.593617,50.375608]},"properties":{"line":"35к","mode":"bus","color":"#0059a9","colorDark":"#00294f","band":0,"off":[1.7,1.1]}},{"type":"Feature","geometry":{"type":"Point","coordinates":[30.603642,50.393089]},"properties":{"name":"ст.м. \"Славутич\"","band":0,"modes":"bus","arr":["35к","74"],"off":[0,-0.8]}},{"type":"Feature","geometry":{"type":"Point","coordinates":[30.603642,50.393089]},"properties":{"line":"35к","mode":"bus","color":"#0059a9","colorDark":"#00294f","band":0,"off":[-1.7,1.1]}},{"type":"Feature","geometry":{"type":"Point","coordinates":[30.603642,50.393089]},"properties":{"line":"74","mode":"bus","color":"#0059a9","colorDark":"#00294f","band":0,"off":[1.7,1.1]}},{"type":"Feature","geometry":{"type":"Point","coordinates":[30.448528,50.473311]},"properties":{"name":"ст.м. \"Дорогожичі\"","band":0,"modes":"bus","arr":["36","47"],"off":[0,-0.8]}},{"type":"Feature","geometry":{"type":"Point","coordinates":[30.448528,50.473311]},"properties":{"line":"36","mode":"bus","color":"#0059a9","colorDark":"#00294f","band":0,"off":[-1.7,1.1]}},{"type":"Feature","geometry":{"type":"Point","coordinates":[30.448528,50.473311]},"properties":{"line":"47","mode":"bus","color":"#0059a9","colorDark":"#00294f","band":0,"off":[1.7,1.1]}},{"type":"Feature","geometry":{"type":"Point","coordinates":[30.463647,50.491873]},"properties":{"name":"вул. Сирецька","band":0,"modes":"bus","arr":["36"],"off":[0,-0.8]}},{"type":"Feature","geometry":{"type":"Point","coordinates":[30.463647,50.491873]},"properties":{"line":"36","mode":"bus","color":"#0059a9","colorDark":"#00294f","band":0,"off":[0,1.1]}},{"type":"Feature","geometry":{"type":"Point","coordinates":[30.347028,50.459638]},"properties":{"name":"вул. Чорнобильська","band":0,"modes":"bus","arr":["36тр","97к","103","Тб7","Тб39"],"off":[0,-0.8]}},{"type":"Feature","geometry":{"type":"Point","coordinates":[30.347028,50.459638]},"properties":{"name":"вул. Чорноб","band":0,"modes":"bus","arr":["36тр","97к","103","Тб7","Тб39"],"off":[0,-1.9]}},{"type":"Feature","geometry":{"type":"Point","coordinates":[30.347028,50.459638]},"properties":{"line":"36тр","mode":"bus","color":"#0059a9","colorDark":"#00294f","band":0,"off":[-6.8,1.1]}},{"type":"Feature","geometry":{"type":"Point","coordinates":[30.347028,50.459638]},"properties":{"line":"97к","mode":"bus","color":"#0059a9","colorDark":"#00294f","band":0,"off":[-3.4,1.1]}},{"type":"Feature","geometry":{"type":"Point","coordinates":[30.347028,50.459638]},"properties":{"line":"103","mode":"bus","color":"#0059a9","colorDark":"#00294f","band":0,"off":[0,1.1]}},{"type":"Feature","geometry":{"type":"Point","coordinates":[30.347028,50.459638]},"properties":{"line":"Тб7","mode":"bus","color":"#149a3f","colorDark":"#0a5121","band":0,"off":[3.4,1.1],"lbl":"7"}},{"type":"Feature","geometry":{"type":"Point","coordinates":[30.347028,50.459638]},"properties":{"line":"Тб39","mode":"bus","color":"#149a3f","colorDark":"#0a5121","band":0,"off":[6.8,1.1],"lbl":"39"}},{"type":"Feature","geometry":{"type":"Point","coordinates":[30.516489,50.527492]},"properties":{"name":"вул. Північна","band":0,"modes":"bus","arr":["36тр","50","Тб24","Тб32","Тб34","Тб44"],"off":[0,-0.8]}},{"type":"Feature","geometry":{"type":"Point","coordinates":[30.516489,50.527492]},"properties":{"line":"36тр","mode":"bus","color":"#0059a9","colorDark":"#00294f","band":0,"off":[-6.8,1.1]}},{"type":"Feature","geometry":{"type":"Point","coordinates":[30.516489,50.527492]},"properties":{"line":"50","mode":"bus","color":"#0059a9","colorDark":"#00294f","band":0,"off":[-3.4,1.1]}},{"type":"Feature","geometry":{"type":"Point","coordinates":[30.516489,50.527492]},"properties":{"line":"Тб24","mode":"bus","color":"#149a3f","colorDark":"#0a5121","band":0,"off":[0,1.1],"lbl":"24"}},{"type":"Feature","geometry":{"type":"Point","coordinates":[30.516489,50.527492]},"properties":{"line":"Тб32","mode":"bus","color":"#149a3f","colorDark":"#0a5121","band":0,"off":[3.4,1.1],"lbl":"32"}},{"type":"Feature","geometry":{"type":"Point","coordinates":[30.516489,50.527492]},"properties":{"line":"Тб34","mode":"bus","color":"#149a3f","colorDark":"#0a5121","band":0,"off":[6.8,1.1],"lbl":"34"}},{"type":"Feature","geometry":{"type":"Point","coordinates":[30.516489,50.527492]},"properties":{"line":"Тб44","mode":"bus","color":"#149a3f","colorDark":"#0a5121","band":0,"off":[0,3.1],"lbl":"44"}},{"type":"Feature","geometry":{"type":"Point","coordinates":[30.283952,50.43153]},"properties":{"name":"ж/м Західний","band":0,"modes":"bus","arr":["37"],"off":[0,-0.8]}},{"type":"Feature","geometry":{"type":"Point","coordinates":[30.283952,50.43153]},"properties":{"line":"37","mode":"bus","color":"#0059a9","colorDark":"#00294f","band":0,"off":[0,1.1]}},{"type":"Feature","geometry":{"type":"Point","coordinates":[30.388632,50.45738]},"properties":{"name":"ст.м. Святошин","band":0,"modes":"bus","arr":["37","37а","90к","97","Тб41"],"off":[0,-0.8]}},{"type":"Feature","geometry":{"type":"Point","coordinates":[30.388632,50.45738]},"properties":{"name":"ст.м. \"Святошин\" (90)","band":0,"modes":"bus","arr":["37","37а","90к","97","Тб41"],"off":[0,-1.9]}},{"type":"Feature","geometry":{"type":"Point","coordinates":[30.388632,50.45738]},"properties":{"name":"ст.м. \"Святошин\"","band":0,"modes":"bus","arr":["37","37а","90к","97","Тб41"],"off":[0,-4.1]}},{"type":"Feature","geometry":{"type":"Point","coordinates":[30.388632,50.45738]},"properties":{"line":"37","mode":"bus","color":"#0059a9","colorDark":"#00294f","band":0,"off":[-6.8,1.1]}},{"type":"Feature","geometry":{"type":"Point","coordinates":[30.388632,50.45738]},"properties":{"line":"37а","mode":"bus","color":"#0059a9","colorDark":"#00294f","band":0,"off":[-3.4,1.1]}},{"type":"Feature","geometry":{"type":"Point","coordinates":[30.388632,50.45738]},"properties":{"line":"90к","mode":"bus","color":"#0059a9","colorDark":"#00294f","band":0,"off":[0,1.1]}},{"type":"Feature","geometry":{"type":"Point","coordinates":[30.388632,50.45738]},"properties":{"line":"97","mode":"bus","color":"#0059a9","colorDark":"#00294f","band":0,"off":[3.4,1.1]}},{"type":"Feature","geometry":{"type":"Point","coordinates":[30.388632,50.45738]},"properties":{"line":"Тб41","mode":"bus","color":"#149a3f","colorDark":"#0a5121","band":0,"off":[6.8,1.1],"lbl":"41"}},{"type":"Feature","geometry":{"type":"Point","coordinates":[30.306666,50.435753]},"properties":{"name":"с/к Чайка","band":0,"modes":"bus","arr":["37а"],"off":[0,-0.8]}},{"type":"Feature","geometry":{"type":"Point","coordinates":[30.306666,50.435753]},"properties":{"line":"37а","mode":"bus","color":"#0059a9","colorDark":"#00294f","band":0,"off":[0,1.1]}},{"type":"Feature","geometry":{"type":"Point","coordinates":[30.623302,50.52276]},"properties":{"name":"Поліклініка (Закр)","band":0,"modes":"bus","arr":["37Д"],"off":[0,-0.8]}},{"type":"Feature","geometry":{"type":"Point","coordinates":[30.623302,50.52276]},"properties":{"line":"37Д","mode":"bus","color":"#0059a9","colorDark":"#00294f","band":0,"off":[0,1.1]}},{"type":"Feature","geometry":{"type":"Point","coordinates":[30.476646,50.340804]},"properties":{"name":"вул. Метрологічна","band":0,"modes":"bus","arr":["38"],"off":[0,-0.8]}},{"type":"Feature","geometry":{"type":"Point","coordinates":[30.476646,50.340804]},"properties":{"line":"38","mode":"bus","color":"#0059a9","colorDark":"#00294f","band":0,"off":[0,1.1]}},{"type":"Feature","geometry":{"type":"Point","coordinates":[30.511168,50.398496]},"properties":{"name":"ст.м. \"Голосіївська\"","band":0,"modes":"bus","arr":["39","91"],"off":[0,-0.8]}},{"type":"Feature","geometry":{"type":"Point","coordinates":[30.511168,50.398496]},"properties":{"line":"39","mode":"bus","color":"#0059a9","colorDark":"#00294f","band":0,"off":[-1.7,1.1]}},{"type":"Feature","geometry":{"type":"Point","coordinates":[30.511168,50.398496]},"properties":{"line":"91","mode":"bus","color":"#0059a9","colorDark":"#00294f","band":0,"off":[1.7,1.1]}},{"type":"Feature","geometry":{"type":"Point","coordinates":[30.545982,50.390139]},"properties":{"name":"пров. Лисогірський","band":0,"modes":"bus","arr":["39"],"off":[0,-0.8]}},{"type":"Feature","geometry":{"type":"Point","coordinates":[30.545982,50.390139]},"properties":{"line":"39","mode":"bus","color":"#0059a9","colorDark":"#00294f","band":0,"off":[0,1.1]}},{"type":"Feature","geometry":{"type":"Point","coordinates":[30.462876,50.566789]},"properties":{"name":"с. ДВС","band":0,"modes":"bus","arr":["40","41"],"off":[0,-0.8]}},{"type":"Feature","geometry":{"type":"Point","coordinates":[30.462876,50.566789]},"properties":{"line":"40","mode":"bus","color":"#0059a9","colorDark":"#00294f","band":0,"off":[-1.7,1.1]}},{"type":"Feature","geometry":{"type":"Point","coordinates":[30.462876,50.566789]},"properties":{"line":"41","mode":"bus","color":"#0059a9","colorDark":"#00294f","band":0,"off":[1.7,1.1]}},{"type":"Feature","geometry":{"type":"Point","coordinates":[30.497751,50.52245]},"properties":{"name":"ст.м.Героїв Дніпра","band":0,"modes":"bus,tram","arr":["40","41","73","Тм16"],"off":[0,-0.8]}},{"type":"Feature","geometry":{"type":"Point","coordinates":[30.497751,50.52245]},"properties":{"name":"ст.м. \"Героїв Дніпра\"","band":0,"modes":"bus,tram","arr":["40","41","73","Тм16"],"off":[0,-1.9]}},{"type":"Feature","geometry":{"type":"Point","coordinates":[30.497751,50.52245]},"properties":{"line":"40","mode":"bus","color":"#0059a9","colorDark":"#00294f","band":0,"off":[-5.1,1.1]}},{"type":"Feature","geometry":{"type":"Point","coordinates":[30.497751,50.52245]},"properties":{"line":"41","mode":"bus","color":"#0059a9","colorDark":"#00294f","band":0,"off":[-1.7,1.1]}},{"type":"Feature","geometry":{"type":"Point","coordinates":[30.497751,50.52245]},"properties":{"line":"73","mode":"bus","color":"#0059a9","colorDark":"#00294f","band":0,"off":[1.7,1.1]}},{"type":"Feature","geometry":{"type":"Point","coordinates":[30.497751,50.52245]},"properties":{"line":"Тм16","mode":"tram","color":"#d6212b","colorDark":"#7c1116","band":0,"off":[5.1,1.1],"lbl":"16"}},{"type":"Feature","geometry":{"type":"Point","coordinates":[30.626145,50.386486]},"properties":{"name":"вул. Чавдар","band":0,"modes":"bus","arr":["42"],"off":[0,-0.8]}},{"type":"Feature","geometry":{"type":"Point","coordinates":[30.626145,50.386486]},"properties":{"line":"42","mode":"bus","color":"#0059a9","colorDark":"#00294f","band":0,"off":[0,1.1]}},{"type":"Feature","geometry":{"type":"Point","coordinates":[30.590655,50.462721]},"properties":{"name":"Микольська Слободка","band":0,"modes":"bus","arr":["42"],"off":[0,-0.8]}},{"type":"Feature","geometry":{"type":"Point","coordinates":[30.590655,50.462721]},"properties":{"line":"42","mode":"bus","color":"#0059a9","colorDark":"#00294f","band":0,"off":[0,1.1]}},{"type":"Feature","geometry":{"type":"Point","coordinates":[30.643935,50.225918]},"properties":{"name":"селище Козин","band":0,"modes":"bus","arr":["43"],"off":[0,-0.8]}},{"type":"Feature","geometry":{"type":"Point","coordinates":[30.643935,50.225918]},"properties":{"line":"43","mode":"bus","color":"#0059a9","colorDark":"#00294f","band":0,"off":[0,1.1]}},{"type":"Feature","geometry":{"type":"Point","coordinates":[30.559178,50.402162]},"properties":{"name":"ст.м. Видубичі","band":0,"modes":"bus","arr":["43","43к","54","Тб15","Тб38"],"off":[0,-0.8]}},{"type":"Feature","geometry":{"type":"Point","coordinates":[30.559178,50.402162]},"properties":{"name":"ст.м. \"Видубичі\"","band":0,"modes":"bus","arr":["43","43к","54","Тб15","Тб38"],"off":[0,-1.9]}},{"type":"Feature","geometry":{"type":"Point","coordinates":[30.559178,50.402162]},"properties":{"line":"43","mode":"bus","color":"#0059a9","colorDark":"#00294f","band":0,"off":[-6.8,1.1]}},{"type":"Feature","geometry":{"type":"Point","coordinates":[30.559178,50.402162]},"properties":{"line":"43к","mode":"bus","color":"#0059a9","colorDark":"#00294f","band":0,"off":[-3.4,1.1]}},{"type":"Feature","geometry":{"type":"Point","coordinates":[30.559178,50.402162]},"properties":{"line":"54","mode":"bus","color":"#0059a9","colorDark":"#00294f","band":0,"off":[0,1.1]}},{"type":"Feature","geometry":{"type":"Point","coordinates":[30.559178,50.402162]},"properties":{"line":"Тб15","mode":"bus","color":"#149a3f","colorDark":"#0a5121","band":0,"off":[3.4,1.1],"lbl":"15"}},{"type":"Feature","geometry":{"type":"Point","coordinates":[30.559178,50.402162]},"properties":{"line":"Тб38","mode":"bus","color":"#149a3f","colorDark":"#0a5121","band":0,"off":[6.8,1.1],"lbl":"38"}},{"type":"Feature","geometry":{"type":"Point","coordinates":[30.581216,50.296631]},"properties":{"name":"сан. Конча-Заспа","band":0,"modes":"bus","arr":["43к"],"off":[0,-0.8]}},{"type":"Feature","geometry":{"type":"Point","coordinates":[30.581216,50.296631]},"properties":{"line":"43к","mode":"bus","color":"#0059a9","colorDark":"#00294f","band":0,"off":[0,1.1]}},{"type":"Feature","geometry":{"type":"Point","coordinates":[30.613888,50.455606]},"properties":{"name":"ст.м. \"Дарниця\"","band":0,"modes":"bus","arr":["45"],"off":[0,-0.8]}},{"type":"Feature","geometry":{"type":"Point","coordinates":[30.613888,50.455606]},"properties":{"line":"45","mode":"bus","color":"#0059a9","colorDark":"#00294f","band":0,"off":[0,1.1]}},{"type":"Feature","geometry":{"type":"Point","coordinates":[30.636758,50.390557]},"properties":{"name":"просп. Григоренка","band":0,"modes":"bus","arr":["45"],"off":[0,-0.8]}},{"type":"Feature","geometry":{"type":"Point","coordinates":[30.636758,50.390557]},"properties":{"line":"45","mode":"bus","color":"#0059a9","colorDark":"#00294f","band":0,"off":[0,1.1]}},{"type":"Feature","geometry":{"type":"Point","coordinates":[30.598402,50.45164]},"properties":{"name":"ст.м. \"Лівобережна\"","band":0,"modes":"bus","arr":["46","48","49","70Д"],"off":[0,-0.8]}},{"type":"Feature","geometry":{"type":"Point","coordinates":[30.598402,50.45164]},"properties":{"line":"46","mode":"bus","color":"#0059a9","colorDark":"#00294f","band":0,"off":[-5.1,1.1]}},{"type":"Feature","geometry":{"type":"Point","coordinates":[30.598402,50.45164]},"properties":{"line":"48","mode":"bus","color":"#0059a9","colorDark":"#00294f","band":0,"off":[-1.7,1.1]}},{"type":"Feature","geometry":{"type":"Point","coordinates":[30.598402,50.45164]},"properties":{"line":"49","mode":"bus","color":"#0059a9","colorDark":"#00294f","band":0,"off":[1.7,1.1]}},{"type":"Feature","geometry":{"type":"Point","coordinates":[30.598402,50.45164]},"properties":{"line":"70Д","mode":"bus","color":"#0059a9","colorDark":"#00294f","band":0,"off":[5.1,1.1]}},{"type":"Feature","geometry":{"type":"Point","coordinates":[30.608304,50.488048]},"properties":{"name":"вул. Микитенко","band":0,"modes":"bus","arr":["46","112"],"off":[0,-0.8]}},{"type":"Feature","geometry":{"type":"Point","coordinates":[30.608304,50.488048]},"properties":{"line":"46","mode":"bus","color":"#0059a9","colorDark":"#00294f","band":0,"off":[-1.7,1.1]}},{"type":"Feature","geometry":{"type":"Point","coordinates":[30.608304,50.488048]},"properties":{"line":"112","mode":"bus","color":"#0059a9","colorDark":"#00294f","band":0,"off":[1.7,1.1]}},{"type":"Feature","geometry":{"type":"Point","coordinates":[30.594708,50.432938]},"properties":{"name":"готель Славутич","band":0,"modes":"bus","arr":["48"],"off":[0,-0.8]}},{"type":"Feature","geometry":{"type":"Point","coordinates":[30.594708,50.432938]},"properties":{"line":"48","mode":"bus","color":"#0059a9","colorDark":"#00294f","band":0,"off":[0,1.1]}},{"type":"Feature","geometry":{"type":"Point","coordinates":[30.695179,50.40903]},"properties":{"name":"ст.м. \"Червоний хутір\"","band":0,"modes":"bus","arr":["51","63"],"off":[0,-0.8]}},{"type":"Feature","geometry":{"type":"Point","coordinates":[30.695179,50.40903]},"properties":{"line":"51","mode":"bus","color":"#0059a9","colorDark":"#00294f","band":0,"off":[-1.7,1.1]}},{"type":"Feature","geometry":{"type":"Point","coordinates":[30.695179,50.40903]},"properties":{"line":"63","mode":"bus","color":"#0059a9","colorDark":"#00294f","band":0,"off":[1.7,1.1]}},{"type":"Feature","geometry":{"type":"Point","coordinates":[30.517035,50.371074]},"properties":{"name":"вул. Закарпатська","band":0,"modes":"bus","arr":["52"],"off":[0,-0.8]}},{"type":"Feature","geometry":{"type":"Point","coordinates":[30.517035,50.371074]},"properties":{"line":"52","mode":"bus","color":"#0059a9","colorDark":"#00294f","band":0,"off":[0,1.1]}},{"type":"Feature","geometry":{"type":"Point","coordinates":[30.529758,50.475213]},"properties":{"name":"Рибальський п-ов","band":0,"modes":"bus","arr":["53"],"off":[0,-0.8]}},{"type":"Feature","geometry":{"type":"Point","coordinates":[30.529758,50.475213]},"properties":{"line":"53","mode":"bus","color":"#0059a9","colorDark":"#00294f","band":0,"off":[0,1.1]}},{"type":"Feature","geometry":{"type":"Point","coordinates":[30.516523,50.465727]},"properties":{"name":"ст.м. Контрактова пл.","band":0,"modes":"bus,tram","arr":["53","62","72","115","119","Тм11","Тм12","Тм14","Тм16","Тм18","Тм19"],"off":[0,-0.8]}},{"type":"Feature","geometry":{"type":"Point","coordinates":[30.516523,50.465727]},"properties":{"name":"Контрактова пл.","band":0,"modes":"bus,tram","arr":["53","62","72","115","119","Тм11","Тм12","Тм14","Тм16","Тм18","Тм19"],"off":[0,-3]}},{"type":"Feature","geometry":{"type":"Point","coordinates":[30.516523,50.465727]},"properties":{"name":"Контр. пл. (62)","band":0,"modes":"bus,tram","arr":["53","62","72","115","119","Тм11","Тм12","Тм14","Тм16","Тм18","Тм19"],"off":[0,-4.1]}},{"type":"Feature","geometry":{"type":"Point","coordinates":[30.516523,50.465727]},"properties":{"line":"53","mode":"bus","color":"#0059a9","colorDark":"#00294f","band":0,"off":[-6.8,1.1]}},{"type":"Feature","geometry":{"type":"Point","coordinates":[30.516523,50.465727]},"properties":{"line":"62","mode":"bus","color":"#0059a9","colorDark":"#00294f","band":0,"off":[-3.4,1.1]}},{"type":"Feature","geometry":{"type":"Point","coordinates":[30.516523,50.465727]},"properties":{"line":"72","mode":"bus","color":"#0059a9","colorDark":"#00294f","band":0,"off":[0,1.1]}},{"type":"Feature","geometry":{"type":"Point","coordinates":[30.516523,50.465727]},"properties":{"line":"115","mode":"bus","color":"#0059a9","colorDark":"#00294f","band":0,"off":[3.4,1.1]}},{"type":"Feature","geometry":{"type":"Point","coordinates":[30.516523,50.465727]},"properties":{"line":"119","mode":"bus","color":"#0059a9","colorDark":"#00294f","band":0,"off":[6.8,1.1]}},{"type":"Feature","geometry":{"type":"Point","coordinates":[30.516523,50.465727]},"properties":{"line":"Тм11","mode":"tram","color":"#d6212b","colorDark":"#7c1116","band":0,"off":[-6.8,3.1],"lbl":"11"}},{"type":"Feature","geometry":{"type":"Point","coordinates":[30.516523,50.465727]},"properties":{"line":"Тм12","mode":"tram","color":"#d6212b","colorDark":"#7c1116","band":0,"off":[-3.4,3.1],"lbl":"12"}},{"type":"Feature","geometry":{"type":"Point","coordinates":[30.516523,50.465727]},"properties":{"line":"Тм14","mode":"tram","color":"#d6212b","colorDark":"#7c1116","band":0,"off":[0,3.1],"lbl":"14"}},{"type":"Feature","geometry":{"type":"Point","coordinates":[30.516523,50.465727]},"properties":{"line":"Тм16","mode":"tram","color":"#d6212b","colorDark":"#7c1116","band":0,"off":[3.4,3.1],"lbl":"16"}},{"type":"Feature","geometry":{"type":"Point","coordinates":[30.516523,50.465727]},"properties":{"line":"Тм18","mode":"tram","color":"#d6212b","colorDark":"#7c1116","band":0,"off":[6.8,3.1],"lbl":"18"}},{"type":"Feature","geometry":{"type":"Point","coordinates":[30.516523,50.465727]},"properties":{"line":"Тм19","mode":"tram","color":"#d6212b","colorDark":"#7c1116","band":0,"off":[0,5.1],"lbl":"19"}},{"type":"Feature","geometry":{"type":"Point","coordinates":[30.573354,50.388629]},"properties":{"name":"пл. Михайла Співака","band":0,"modes":"bus","arr":["54"],"off":[0,-0.8]}},{"type":"Feature","geometry":{"type":"Point","coordinates":[30.573354,50.388629]},"properties":{"line":"54","mode":"bus","color":"#0059a9","colorDark":"#00294f","band":0,"off":[0,1.1]}},{"type":"Feature","geometry":{"type":"Point","coordinates":[30.365397,50.495892]},"properties":{"name":"Гіпермаркет","band":0,"modes":"bus","arr":["56"],"off":[0,-0.8]}},{"type":"Feature","geometry":{"type":"Point","coordinates":[30.365397,50.495892]},"properties":{"line":"56","mode":"bus","color":"#0059a9","colorDark":"#00294f","band":0,"off":[0,1.1]}},{"type":"Feature","geometry":{"type":"Point","coordinates":[30.477837,50.381726]},"properties":{"name":"ст.м. Виставковий центр","band":0,"modes":"bus","arr":["56","58","75","Тб45"],"off":[0,-0.8]}},{"type":"Feature","geometry":{"type":"Point","coordinates":[30.477837,50.381726]},"properties":{"name":"ст.м. \"Виставковий центр\"","band":0,"modes":"bus","arr":["56","58","75","Тб45"],"off":[0,-3]}},{"type":"Feature","geometry":{"type":"Point","coordinates":[30.477837,50.381726]},"properties":{"line":"56","mode":"bus","color":"#0059a9","colorDark":"#00294f","band":0,"off":[-5.1,1.1]}},{"type":"Feature","geometry":{"type":"Point","coordinates":[30.477837,50.381726]},"properties":{"line":"58","mode":"bus","color":"#0059a9","colorDark":"#00294f","band":0,"off":[-1.7,1.1]}},{"type":"Feature","geometry":{"type":"Point","coordinates":[30.477837,50.381726]},"properties":{"line":"75","mode":"bus","color":"#0059a9","colorDark":"#00294f","band":0,"off":[1.7,1.1]}},{"type":"Feature","geometry":{"type":"Point","coordinates":[30.477837,50.381726]},"properties":{"line":"Тб45","mode":"bus","color":"#149a3f","colorDark":"#0a5121","band":0,"off":[5.1,1.1],"lbl":"45"}},{"type":"Feature","geometry":{"type":"Point","coordinates":[30.355565,50.464006]},"properties":{"name":"ст.м. \"Академмістечко\"","band":0,"modes":"bus","arr":["57"],"off":[0,-0.8]}},{"type":"Feature","geometry":{"type":"Point","coordinates":[30.355565,50.464006]},"properties":{"line":"57","mode":"bus","color":"#0059a9","colorDark":"#00294f","band":0,"off":[0,1.1]}},{"type":"Feature","geometry":{"type":"Point","coordinates":[30.54984,50.338593]},"properties":{"name":"Авторинок","band":0,"modes":"bus","arr":["57"],"off":[0,-0.8]}},{"type":"Feature","geometry":{"type":"Point","coordinates":[30.54984,50.338593]},"properties":{"line":"57","mode":"bus","color":"#0059a9","colorDark":"#00294f","band":0,"off":[0,1.1]}},{"type":"Feature","geometry":{"type":"Point","coordinates":[30.504355,50.353359]},"properties":{"name":"Музей Арх","band":0,"modes":"bus","arr":["58"],"off":[0,-0.8]}},{"type":"Feature","geometry":{"type":"Point","coordinates":[30.504355,50.353359]},"properties":{"line":"58","mode":"bus","color":"#0059a9","colorDark":"#00294f","band":0,"off":[0,1.1]}},{"type":"Feature","geometry":{"type":"Point","coordinates":[30.471412,50.378695]},"properties":{"name":"ст.м. \"Виставковий центр\"","band":0,"modes":"bus","arr":["58"],"off":[0,-0.8]}},{"type":"Feature","geometry":{"type":"Point","coordinates":[30.471412,50.378695]},"properties":{"line":"58","mode":"bus","color":"#0059a9","colorDark":"#00294f","band":0,"off":[0,1.1]}},{"type":"Feature","geometry":{"type":"Point","coordinates":[30.556335,50.415292]},"properties":{"name":"Ботанічний сад","band":0,"modes":"bus","arr":["62","Тб14"],"off":[0,-0.8]}},{"type":"Feature","geometry":{"type":"Point","coordinates":[30.556335,50.415292]},"properties":{"line":"62","mode":"bus","color":"#0059a9","colorDark":"#00294f","band":0,"off":[-1.7,1.1]}},{"type":"Feature","geometry":{"type":"Point","coordinates":[30.556335,50.415292]},"properties":{"line":"Тб14","mode":"bus","color":"#149a3f","colorDark":"#0a5121","band":0,"off":[1.7,1.1],"lbl":"14"}},{"type":"Feature","geometry":{"type":"Point","coordinates":[30.629745,50.488547]},"properties":{"name":"вул. Космонавта Поповича","band":0,"modes":"bus","arr":["63"],"off":[0,-0.8]}},{"type":"Feature","geometry":{"type":"Point","coordinates":[30.629745,50.488547]},"properties":{"line":"63","mode":"bus","color":"#0059a9","colorDark":"#00294f","band":0,"off":[0,1.1]}},{"type":"Feature","geometry":{"type":"Point","coordinates":[30.375977,50.420507]},"properties":{"name":"вул. Л-Вольгемут","band":0,"modes":"bus","arr":["69"],"off":[0,-0.8]}},{"type":"Feature","geometry":{"type":"Point","coordinates":[30.375977,50.420507]},"properties":{"line":"69","mode":"bus","color":"#0059a9","colorDark":"#00294f","band":0,"off":[0,1.1]}},{"type":"Feature","geometry":{"type":"Point","coordinates":[30.408419,50.508064]},"properties":{"name":"М-в Синьозерний","band":0,"modes":"bus","arr":["72"],"off":[0,-0.8]}},{"type":"Feature","geometry":{"type":"Point","coordinates":[30.408419,50.508064]},"properties":{"line":"72","mode":"bus","color":"#0059a9","colorDark":"#00294f","band":0,"off":[0,1.1]}},{"type":"Feature","geometry":{"type":"Point","coordinates":[30.621965,50.342667]},"properties":{"name":"вул. Центральна","band":0,"modes":"bus","arr":["74"],"off":[0,-0.8]}},{"type":"Feature","geometry":{"type":"Point","coordinates":[30.621965,50.342667]},"properties":{"line":"74","mode":"bus","color":"#0059a9","colorDark":"#00294f","band":0,"off":[0,1.1]}},{"type":"Feature","geometry":{"type":"Point","coordinates":[30.45597,50.392244]},"properties":{"name":"вул. Гуляницького","band":0,"modes":"bus","arr":["75"],"off":[0,-0.8]}},{"type":"Feature","geometry":{"type":"Point","coordinates":[30.45597,50.392244]},"properties":{"line":"75","mode":"bus","color":"#0059a9","colorDark":"#00294f","band":0,"off":[0,1.1]}},{"type":"Feature","geometry":{"type":"Point","coordinates":[30.623435,50.502671]},"properties":{"name":"Лісове кладовище","band":0,"modes":"bus","arr":["77"],"off":[0,-0.8]}},{"type":"Feature","geometry":{"type":"Point","coordinates":[30.623435,50.502671]},"properties":{"line":"77","mode":"bus","color":"#0059a9","colorDark":"#00294f","band":0,"off":[0,1.1]}},{"type":"Feature","geometry":{"type":"Point","coordinates":[30.455996,50.421434]},"properties":{"name":"Держав. Адміістрація","band":0,"modes":"bus","arr":["78","Тб8"],"off":[0,-0.8]}},{"type":"Feature","geometry":{"type":"Point","coordinates":[30.455996,50.421434]},"properties":{"name":"вул. Смілянська","band":0,"modes":"bus","arr":["78","Тб8"],"off":[0,-3]}},{"type":"Feature","geometry":{"type":"Point","coordinates":[30.455996,50.421434]},"properties":{"line":"78","mode":"bus","color":"#0059a9","colorDark":"#00294f","band":0,"off":[-1.7,1.1]}},{"type":"Feature","geometry":{"type":"Point","coordinates":[30.455996,50.421434]},"properties":{"line":"Тб8","mode":"bus","color":"#149a3f","colorDark":"#0a5121","band":0,"off":[1.7,1.1],"lbl":"8"}},{"type":"Feature","geometry":{"type":"Point","coordinates":[30.585302,50.506698]},"properties":{"name":"вул. Каштанова","band":0,"modes":"bus","arr":["79"],"off":[0,-0.8]}},{"type":"Feature","geometry":{"type":"Point","coordinates":[30.585302,50.506698]},"properties":{"line":"79","mode":"bus","color":"#0059a9","colorDark":"#00294f","band":0,"off":[0,1.1]}},{"type":"Feature","geometry":{"type":"Point","coordinates":[30.590116,50.459456]},"properties":{"name":"вул. Шептицького","band":0,"modes":"bus","arr":["87","108"],"off":[0,-0.8]}},{"type":"Feature","geometry":{"type":"Point","coordinates":[30.590116,50.459456]},"properties":{"line":"87","mode":"bus","color":"#0059a9","colorDark":"#00294f","band":0,"off":[-1.7,1.1]}},{"type":"Feature","geometry":{"type":"Point","coordinates":[30.590116,50.459456]},"properties":{"line":"108","mode":"bus","color":"#0059a9","colorDark":"#00294f","band":0,"off":[1.7,1.1]}},{"type":"Feature","geometry":{"type":"Point","coordinates":[30.61574,50.395451]},"properties":{"name":"ст.м. \"Осокорки\"","band":0,"modes":"bus","arr":["87"],"off":[0,-0.8]}},{"type":"Feature","geometry":{"type":"Point","coordinates":[30.61574,50.395451]},"properties":{"line":"87","mode":"bus","color":"#0059a9","colorDark":"#00294f","band":0,"off":[0,1.1]}},{"type":"Feature","geometry":{"type":"Point","coordinates":[30.396402,50.411695]},"properties":{"name":"вул. Г-Барського","band":0,"modes":"bus","arr":["90"],"off":[0,-0.8]}},{"type":"Feature","geometry":{"type":"Point","coordinates":[30.396402,50.411695]},"properties":{"line":"90","mode":"bus","color":"#0059a9","colorDark":"#00294f","band":0,"off":[0,1.1]}},{"type":"Feature","geometry":{"type":"Point","coordinates":[30.40432,50.482336]},"properties":{"name":"пл. В.Марченка","band":0,"modes":"bus","arr":["90","90к"],"off":[0,-0.8]}},{"type":"Feature","geometry":{"type":"Point","coordinates":[30.40432,50.482336]},"properties":{"line":"90","mode":"bus","color":"#0059a9","colorDark":"#00294f","band":0,"off":[-1.7,1.1]}},{"type":"Feature","geometry":{"type":"Point","coordinates":[30.40432,50.482336]},"properties":{"line":"90к","mode":"bus","color":"#0059a9","colorDark":"#00294f","band":0,"off":[1.7,1.1]}},{"type":"Feature","geometry":{"type":"Point","coordinates":[30.337112,50.470352]},"properties":{"name":"м-в Новобіличі (ринок)","band":0,"modes":"bus","arr":["97","97к"],"off":[0,-0.8]}},{"type":"Feature","geometry":{"type":"Point","coordinates":[30.337112,50.470352]},"properties":{"line":"97","mode":"bus","color":"#0059a9","colorDark":"#00294f","band":0,"off":[-1.7,1.1]}},{"type":"Feature","geometry":{"type":"Point","coordinates":[30.337112,50.470352]},"properties":{"line":"97к","mode":"bus","color":"#0059a9","colorDark":"#00294f","band":0,"off":[1.7,1.1]}},{"type":"Feature","geometry":{"type":"Point","coordinates":[30.664761,50.529657]},"properties":{"name":"ТЕЦ-6","band":0,"modes":"bus","arr":["98"],"off":[0,-0.8]}},{"type":"Feature","geometry":{"type":"Point","coordinates":[30.664761,50.529657]},"properties":{"line":"98","mode":"bus","color":"#0059a9","colorDark":"#00294f","band":0,"off":[0,1.1]}},{"type":"Feature","geometry":{"type":"Point","coordinates":[30.496891,50.512261]},"properties":{"name":"ст.м. Мінська","band":0,"modes":"bus","arr":["99","Тб47"],"off":[0,-0.8]}},{"type":"Feature","geometry":{"type":"Point","coordinates":[30.496891,50.512261]},"properties":{"name":"ст.м. \"Мінська\"","band":0,"modes":"bus","arr":["99","Тб47"],"off":[0,-1.9]}},{"type":"Feature","geometry":{"type":"Point","coordinates":[30.496891,50.512261]},"properties":{"line":"99","mode":"bus","color":"#0059a9","colorDark":"#00294f","band":0,"off":[-1.7,1.1]}},{"type":"Feature","geometry":{"type":"Point","coordinates":[30.496891,50.512261]},"properties":{"line":"Тб47","mode":"bus","color":"#149a3f","colorDark":"#0a5121","band":0,"off":[1.7,1.1],"lbl":"47"}},{"type":"Feature","geometry":{"type":"Point","coordinates":[30.515556,50.495941]},"properties":{"name":"к-тр Братислава","band":0,"modes":"bus","arr":["102А"],"off":[0,-0.8]}},{"type":"Feature","geometry":{"type":"Point","coordinates":[30.515556,50.495941]},"properties":{"line":"102А","mode":"bus","color":"#0059a9","colorDark":"#00294f","band":0,"off":[0,1.1]}},{"type":"Feature","geometry":{"type":"Point","coordinates":[30.420328,50.504954]},"properties":{"name":"мкр Варш","band":0,"modes":"bus","arr":["102А"],"off":[0,-0.8]}},{"type":"Feature","geometry":{"type":"Point","coordinates":[30.420328,50.504954]},"properties":{"line":"102А","mode":"bus","color":"#0059a9","colorDark":"#00294f","band":0,"off":[0,1.1]}},{"type":"Feature","geometry":{"type":"Point","coordinates":[30.427759,50.510977]},"properties":{"name":"ж/м Виноградар","band":0,"modes":"bus","arr":["103"],"off":[0,-0.8]}},{"type":"Feature","geometry":{"type":"Point","coordinates":[30.427759,50.510977]},"properties":{"line":"103","mode":"bus","color":"#0059a9","colorDark":"#00294f","band":0,"off":[0,1.1]}},{"type":"Feature","geometry":{"type":"Point","coordinates":[30.684635,50.362855]},"properties":{"name":"ФАП","band":0,"modes":"bus","arr":["104"],"off":[0,-0.8]}},{"type":"Feature","geometry":{"type":"Point","coordinates":[30.684635,50.362855]},"properties":{"line":"104","mode":"bus","color":"#0059a9","colorDark":"#00294f","band":0,"off":[0,1.1]}},{"type":"Feature","geometry":{"type":"Point","coordinates":[30.654417,50.404345]},"properties":{"name":"м. Харківська","band":0,"modes":"bus","arr":["104","108","109"],"off":[0,-0.8]}},{"type":"Feature","geometry":{"type":"Point","coordinates":[30.654417,50.404345]},"properties":{"line":"104","mode":"bus","color":"#0059a9","colorDark":"#00294f","band":0,"off":[-3.4,1.1]}},{"type":"Feature","geometry":{"type":"Point","coordinates":[30.654417,50.404345]},"properties":{"line":"108","mode":"bus","color":"#0059a9","colorDark":"#00294f","band":0,"off":[0,1.1]}},{"type":"Feature","geometry":{"type":"Point","coordinates":[30.654417,50.404345]},"properties":{"line":"109","mode":"bus","color":"#0059a9","colorDark":"#00294f","band":0,"off":[3.4,1.1]}},{"type":"Feature","geometry":{"type":"Point","coordinates":[30.772198,50.404229]},"properties":{"name":"Бориспільське шосе","band":0,"modes":"bus","arr":["105"],"off":[0,-0.8]}},{"type":"Feature","geometry":{"type":"Point","coordinates":[30.772198,50.404229]},"properties":{"line":"105","mode":"bus","color":"#0059a9","colorDark":"#00294f","band":0,"off":[0,1.1]}},{"type":"Feature","geometry":{"type":"Point","coordinates":[30.518582,50.445585]},"properties":{"name":"м. Театральна","band":0,"modes":"bus","arr":["109"],"off":[0,-0.8]}},{"type":"Feature","geometry":{"type":"Point","coordinates":[30.518582,50.445585]},"properties":{"line":"109","mode":"bus","color":"#0059a9","colorDark":"#00294f","band":0,"off":[0,1.1]}},{"type":"Feature","geometry":{"type":"Point","coordinates":[30.658151,50.428522]},"properties":{"name":"Будинок культури","band":0,"modes":"bus","arr":["115"],"off":[0,-0.8]}},{"type":"Feature","geometry":{"type":"Point","coordinates":[30.658151,50.428522]},"properties":{"line":"115","mode":"bus","color":"#0059a9","colorDark":"#00294f","band":0,"off":[0,1.1]}},{"type":"Feature","geometry":{"type":"Point","coordinates":[30.457363,50.37884]},"properties":{"name":"вул. Касіяна","band":0,"modes":"bus","arr":["119"],"off":[0,-0.8]}},{"type":"Feature","geometry":{"type":"Point","coordinates":[30.457363,50.37884]},"properties":{"line":"119","mode":"bus","color":"#0059a9","colorDark":"#00294f","band":0,"off":[0,1.1]}},{"type":"Feature","geometry":{"type":"Point","coordinates":[30.444196,50.361506]},"properties":{"name":"Кібцентр","band":0,"modes":"bus","arr":["120","Тб43"],"off":[0,-0.8]}},{"type":"Feature","geometry":{"type":"Point","coordinates":[30.444196,50.361506]},"properties":{"name":"Кібернитичний центр","band":0,"modes":"bus","arr":["120","Тб43"],"off":[0,-1.9]}},{"type":"Feature","geometry":{"type":"Point","coordinates":[30.444196,50.361506]},"properties":{"line":"120","mode":"bus","color":"#0059a9","colorDark":"#00294f","band":0,"off":[-1.7,1.1]}},{"type":"Feature","geometry":{"type":"Point","coordinates":[30.444196,50.361506]},"properties":{"line":"Тб43","mode":"bus","color":"#149a3f","colorDark":"#0a5121","band":0,"off":[1.7,1.1],"lbl":"43"}},{"type":"Feature","geometry":{"type":"Point","coordinates":[30.534363,50.379517]},"properties":{"name":"Багринова гора","band":0,"modes":"bus","arr":["Тб1","Тб11"],"off":[0,-0.8]}},{"type":"Feature","geometry":{"type":"Point","coordinates":[30.534363,50.379517]},"properties":{"line":"Тб1","mode":"bus","color":"#149a3f","colorDark":"#0a5121","band":0,"off":[-1.7,1.1],"lbl":"1"}},{"type":"Feature","geometry":{"type":"Point","coordinates":[30.534363,50.379517]},"properties":{"line":"Тб11","mode":"bus","color":"#149a3f","colorDark":"#0a5121","band":0,"off":[1.7,1.1],"lbl":"11"}},{"type":"Feature","geometry":{"type":"Point","coordinates":[30.51863,50.436944]},"properties":{"name":"ст.м. Пл. Укр. Героїв","band":0,"modes":"bus","arr":["Тб3","Тб4","Тб5","Тб7","Тб8","Тб15","Тб17","Тб40"],"off":[0,-0.8]}},{"type":"Feature","geometry":{"type":"Point","coordinates":[30.51863,50.436944]},"properties":{"name":"ст.м. Палац спорту","band":0,"modes":"bus","arr":["Тб3","Тб4","Тб5","Тб7","Тб8","Тб15","Тб17","Тб40"],"off":[0,-3]}},{"type":"Feature","geometry":{"type":"Point","coordinates":[30.51863,50.436944]},"properties":{"line":"Тб3","mode":"bus","color":"#149a3f","colorDark":"#0a5121","band":0,"off":[-6.8,1.1],"lbl":"3"}},{"type":"Feature","geometry":{"type":"Point","coordinates":[30.51863,50.436944]},"properties":{"line":"Тб4","mode":"bus","color":"#149a3f","colorDark":"#0a5121","band":0,"off":[-3.4,1.1],"lbl":"4"}},{"type":"Feature","geometry":{"type":"Point","coordinates":[30.51863,50.436944]},"properties":{"line":"Тб5","mode":"bus","color":"#149a3f","colorDark":"#0a5121","band":0,"off":[0,1.1],"lbl":"5"}},{"type":"Feature","geometry":{"type":"Point","coordinates":[30.51863,50.436944]},"properties":{"line":"Тб7","mode":"bus","color":"#149a3f","colorDark":"#0a5121","band":0,"off":[3.4,1.1],"lbl":"7"}},{"type":"Feature","geometry":{"type":"Point","coordinates":[30.51863,50.436944]},"properties":{"line":"Тб8","mode":"bus","color":"#149a3f","colorDark":"#0a5121","band":0,"off":[6.8,1.1],"lbl":"8"}},{"type":"Feature","geometry":{"type":"Point","coordinates":[30.51863,50.436944]},"properties":{"line":"Тб15","mode":"bus","color":"#149a3f","colorDark":"#0a5121","band":0,"off":[-3.4,3.1],"lbl":"15"}},{"type":"Feature","geometry":{"type":"Point","coordinates":[30.51863,50.436944]},"properties":{"line":"Тб17","mode":"bus","color":"#149a3f","colorDark":"#0a5121","band":0,"off":[0,3.1],"lbl":"17"}},{"type":"Feature","geometry":{"type":"Point","coordinates":[30.51863,50.436944]},"properties":{"line":"Тб40","mode":"bus","color":"#149a3f","colorDark":"#0a5121","band":0,"off":[3.4,3.1],"lbl":"40"}},{"type":"Feature","geometry":{"type":"Point","coordinates":[30.490888,50.425717]},"properties":{"name":"Залізничний масив","band":0,"modes":"bus","arr":["Тб3"],"off":[0,-0.8]}},{"type":"Feature","geometry":{"type":"Point","coordinates":[30.490888,50.425717]},"properties":{"line":"Тб3","mode":"bus","color":"#149a3f","colorDark":"#0a5121","band":0,"off":[0,1.1],"lbl":"3"}},{"type":"Feature","geometry":{"type":"Point","coordinates":[30.421221,50.515084]},"properties":{"name":"просп. Свободи","band":0,"modes":"bus","arr":["Тб4","Тб24","Тб25","Тб26","Тб28Д","Тб35"],"off":[0,-0.8]}},{"type":"Feature","geometry":{"type":"Point","coordinates":[30.421221,50.515084]},"properties":{"line":"Тб4","mode":"bus","color":"#149a3f","colorDark":"#0a5121","band":0,"off":[-6.8,1.1],"lbl":"4"}},{"type":"Feature","geometry":{"type":"Point","coordinates":[30.421221,50.515084]},"properties":{"line":"Тб24","mode":"bus","color":"#149a3f","colorDark":"#0a5121","band":0,"off":[-3.4,1.1],"lbl":"24"}},{"type":"Feature","geometry":{"type":"Point","coordinates":[30.421221,50.515084]},"properties":{"line":"Тб25","mode":"bus","color":"#149a3f","colorDark":"#0a5121","band":0,"off":[0,1.1],"lbl":"25"}},{"type":"Feature","geometry":{"type":"Point","coordinates":[30.421221,50.515084]},"properties":{"line":"Тб26","mode":"bus","color":"#149a3f","colorDark":"#0a5121","band":0,"off":[3.4,1.1],"lbl":"26"}},{"type":"Feature","geometry":{"type":"Point","coordinates":[30.421221,50.515084]},"properties":{"line":"Тб28Д","mode":"bus","color":"#149a3f","colorDark":"#0a5121","band":0,"off":[6.8,1.1],"lbl":"28Д"}},{"type":"Feature","geometry":{"type":"Point","coordinates":[30.421221,50.515084]},"properties":{"line":"Тб35","mode":"bus","color":"#149a3f","colorDark":"#0a5121","band":0,"off":[0,3.1],"lbl":"35"}},{"type":"Feature","geometry":{"type":"Point","coordinates":[30.424127,50.48864]},"properties":{"name":"вул. Білицька","band":0,"modes":"bus","arr":["Тб5"],"off":[0,-0.8]}},{"type":"Feature","geometry":{"type":"Point","coordinates":[30.424127,50.48864]},"properties":{"line":"Тб5","mode":"bus","color":"#149a3f","colorDark":"#0a5121","band":0,"off":[0,1.1],"lbl":"5"}},{"type":"Feature","geometry":{"type":"Point","coordinates":[30.521913,50.451549]},"properties":{"name":"м-н Незалежності","band":0,"modes":"bus","arr":["Тб6","Тб16","Тб18"],"off":[0,-0.8]}},{"type":"Feature","geometry":{"type":"Point","coordinates":[30.521913,50.451549]},"properties":{"line":"Тб6","mode":"bus","color":"#149a3f","colorDark":"#0a5121","band":0,"off":[-3.4,1.1],"lbl":"6"}},{"type":"Feature","geometry":{"type":"Point","coordinates":[30.521913,50.451549]},"properties":{"line":"Тб16","mode":"bus","color":"#149a3f","colorDark":"#0a5121","band":0,"off":[0,1.1],"lbl":"16"}},{"type":"Feature","geometry":{"type":"Point","coordinates":[30.521913,50.451549]},"properties":{"line":"Тб18","mode":"bus","color":"#149a3f","colorDark":"#0a5121","band":0,"off":[3.4,1.1],"lbl":"18"}},{"type":"Feature","geometry":{"type":"Point","coordinates":[30.462741,50.524878]},"properties":{"name":"Мінський масив","band":0,"modes":"bus","arr":["Тб6","Тб33"],"off":[0,-0.8]}},{"type":"Feature","geometry":{"type":"Point","coordinates":[30.462741,50.524878]},"properties":{"line":"Тб6","mode":"bus","color":"#149a3f","colorDark":"#0a5121","band":0,"off":[-1.7,1.1],"lbl":"6"}},{"type":"Feature","geometry":{"type":"Point","coordinates":[30.462741,50.524878]},"properties":{"line":"Тб33","mode":"bus","color":"#149a3f","colorDark":"#0a5121","band":0,"off":[1.7,1.1],"lbl":"33"}},{"type":"Feature","geometry":{"type":"Point","coordinates":[30.489847,50.354171]},"properties":{"name":"Музей архітектури","band":0,"modes":"bus","arr":["Тб11"],"off":[0,-0.8]}},{"type":"Feature","geometry":{"type":"Point","coordinates":[30.489847,50.354171]},"properties":{"line":"Тб11","mode":"bus","color":"#149a3f","colorDark":"#0a5121","band":0,"off":[0,1.1],"lbl":"11"}},{"type":"Feature","geometry":{"type":"Point","coordinates":[30.395727,50.484856]},"properties":{"name":"вул. Мрії","band":0,"modes":"bus","arr":["Тб16","Тб23Д"],"off":[0,-0.8]}},{"type":"Feature","geometry":{"type":"Point","coordinates":[30.395727,50.484856]},"properties":{"line":"Тб16","mode":"bus","color":"#149a3f","colorDark":"#0a5121","band":0,"off":[-1.7,1.1],"lbl":"16"}},{"type":"Feature","geometry":{"type":"Point","coordinates":[30.395727,50.484856]},"properties":{"line":"Тб23Д","mode":"bus","color":"#149a3f","colorDark":"#0a5121","band":0,"off":[1.7,1.1],"lbl":"23Д"}},{"type":"Feature","geometry":{"type":"Point","coordinates":[30.456698,50.431206]},"properties":{"name":"пл. Космонавтів","band":0,"modes":"bus","arr":["Тб17","Тб19"],"off":[0,-0.8]}},{"type":"Feature","geometry":{"type":"Point","coordinates":[30.456698,50.431206]},"properties":{"line":"Тб17","mode":"bus","color":"#149a3f","colorDark":"#0a5121","band":0,"off":[-1.7,1.1],"lbl":"17"}},{"type":"Feature","geometry":{"type":"Point","coordinates":[30.456698,50.431206]},"properties":{"line":"Тб19","mode":"bus","color":"#149a3f","colorDark":"#0a5121","band":0,"off":[1.7,1.1],"lbl":"19"}},{"type":"Feature","geometry":{"type":"Point","coordinates":[30.444907,50.479839]},"properties":{"name":"вул. Ольжича","band":0,"modes":"bus","arr":["Тб19","Тб22к","Тб42"],"off":[0,-0.8]}},{"type":"Feature","geometry":{"type":"Point","coordinates":[30.444907,50.479839]},"properties":{"line":"Тб19","mode":"bus","color":"#149a3f","colorDark":"#0a5121","band":0,"off":[-3.4,1.1],"lbl":"19"}},{"type":"Feature","geometry":{"type":"Point","coordinates":[30.444907,50.479839]},"properties":{"line":"Тб22к","mode":"bus","color":"#149a3f","colorDark":"#0a5121","band":0,"off":[0,1.1],"lbl":"22к"}},{"type":"Feature","geometry":{"type":"Point","coordinates":[30.444907,50.479839]},"properties":{"line":"Тб42","mode":"bus","color":"#149a3f","colorDark":"#0a5121","band":0,"off":[3.4,1.1],"lbl":"42"}},{"type":"Feature","geometry":{"type":"Point","coordinates":[30.464303,50.414501]},"properties":{"name":"Кадетський гай","band":0,"modes":"bus","arr":["Тб22к","Тб30","Тб35","Тб40","Тб40к"],"off":[0,-0.8]}},{"type":"Feature","geometry":{"type":"Point","coordinates":[30.464303,50.414501]},"properties":{"line":"Тб22к","mode":"bus","color":"#149a3f","colorDark":"#0a5121","band":0,"off":[-6.8,1.1],"lbl":"22к"}},{"type":"Feature","geometry":{"type":"Point","coordinates":[30.464303,50.414501]},"properties":{"line":"Тб30","mode":"bus","color":"#149a3f","colorDark":"#0a5121","band":0,"off":[-3.4,1.1],"lbl":"30"}},{"type":"Feature","geometry":{"type":"Point","coordinates":[30.464303,50.414501]},"properties":{"line":"Тб35","mode":"bus","color":"#149a3f","colorDark":"#0a5121","band":0,"off":[0,1.1],"lbl":"35"}},{"type":"Feature","geometry":{"type":"Point","coordinates":[30.464303,50.414501]},"properties":{"line":"Тб40","mode":"bus","color":"#149a3f","colorDark":"#0a5121","band":0,"off":[3.4,1.1],"lbl":"40"}},{"type":"Feature","geometry":{"type":"Point","coordinates":[30.464303,50.414501]},"properties":{"line":"Тб40к","mode":"bus","color":"#149a3f","colorDark":"#0a5121","band":0,"off":[6.8,1.1],"lbl":"40к"}},{"type":"Feature","geometry":{"type":"Point","coordinates":[30.483195,50.450182]},"properties":{"name":"Повітрофл ш/пр","band":0,"modes":"bus","arr":["Тб23Д","Тб28Д","Тб31Д"],"off":[0,-0.8]}},{"type":"Feature","geometry":{"type":"Point","coordinates":[30.483195,50.450182]},"properties":{"line":"Тб23Д","mode":"bus","color":"#149a3f","colorDark":"#0a5121","band":0,"off":[-3.4,1.1],"lbl":"23Д"}},{"type":"Feature","geometry":{"type":"Point","coordinates":[30.483195,50.450182]},"properties":{"line":"Тб28Д","mode":"bus","color":"#149a3f","colorDark":"#0a5121","band":0,"off":[0,1.1],"lbl":"28Д"}},{"type":"Feature","geometry":{"type":"Point","coordinates":[30.483195,50.450182]},"properties":{"line":"Тб31Д","mode":"bus","color":"#149a3f","colorDark":"#0a5121","band":0,"off":[3.4,1.1],"lbl":"31Д"}},{"type":"Feature","geometry":{"type":"Point","coordinates":[30.484854,50.488734]},"properties":{"name":"ст. Куренівка","band":0,"modes":"bus","arr":["Тб29"],"off":[0,-0.8]}},{"type":"Feature","geometry":{"type":"Point","coordinates":[30.484854,50.488734]},"properties":{"line":"Тб29","mode":"bus","color":"#149a3f","colorDark":"#0a5121","band":0,"off":[0,1.1],"lbl":"29"}},{"type":"Feature","geometry":{"type":"Point","coordinates":[30.620078,50.527497]},"properties":{"name":"вул. Милославська. (30)","band":0,"modes":"bus","arr":["Тб30","Тб47","Тб50","Тб50к"],"off":[0,-0.8]}},{"type":"Feature","geometry":{"type":"Point","coordinates":[30.620078,50.527497]},"properties":{"line":"Тб30","mode":"bus","color":"#149a3f","colorDark":"#0a5121","band":0,"off":[-5.1,1.1],"lbl":"30"}},{"type":"Feature","geometry":{"type":"Point","coordinates":[30.620078,50.527497]},"properties":{"line":"Тб47","mode":"bus","color":"#149a3f","colorDark":"#0a5121","band":0,"off":[-1.7,1.1],"lbl":"47"}},{"type":"Feature","geometry":{"type":"Point","coordinates":[30.620078,50.527497]},"properties":{"line":"Тб50","mode":"bus","color":"#149a3f","colorDark":"#0a5121","band":0,"off":[1.7,1.1],"lbl":"50"}},{"type":"Feature","geometry":{"type":"Point","coordinates":[30.620078,50.527497]},"properties":{"line":"Тб50к","mode":"bus","color":"#149a3f","colorDark":"#0a5121","band":0,"off":[5.1,1.1],"lbl":"50к"}},{"type":"Feature","geometry":{"type":"Point","coordinates":[30.498117,50.489425]},"properties":{"name":"м. Почайна (29)","band":0,"modes":"bus","arr":["Тб34"],"off":[0,-0.8]}},{"type":"Feature","geometry":{"type":"Point","coordinates":[30.498117,50.489425]},"properties":{"line":"Тб34","mode":"bus","color":"#149a3f","colorDark":"#0a5121","band":0,"off":[0,1.1],"lbl":"34"}},{"type":"Feature","geometry":{"type":"Point","coordinates":[30.365373,50.427026]},"properties":{"name":"просп. Курбаса","band":0,"modes":"bus","arr":["Тб39"],"off":[0,-0.8]}},{"type":"Feature","geometry":{"type":"Point","coordinates":[30.365373,50.427026]},"properties":{"line":"Тб39","mode":"bus","color":"#149a3f","colorDark":"#0a5121","band":0,"off":[0,1.1],"lbl":"39"}},{"type":"Feature","geometry":{"type":"Point","coordinates":[30.366568,50.424835]},"properties":{"name":"просп. Курбаса","band":0,"modes":"bus","arr":["Тб39"],"off":[0,-0.8]}},{"type":"Feature","geometry":{"type":"Point","coordinates":[30.366568,50.424835]},"properties":{"line":"Тб39","mode":"bus","color":"#149a3f","colorDark":"#0a5121","band":0,"off":[0,1.1],"lbl":"39"}},{"type":"Feature","geometry":{"type":"Point","coordinates":[30.513608,50.433852]},"properties":{"name":"вул. Жилянська 1","band":0,"modes":"bus","arr":["Тб40к"],"off":[0,-0.8]}},{"type":"Feature","geometry":{"type":"Point","coordinates":[30.513608,50.433852]},"properties":{"line":"Тб40к","mode":"bus","color":"#149a3f","colorDark":"#0a5121","band":0,"off":[0,1.1],"lbl":"40к"}},{"type":"Feature","geometry":{"type":"Point","coordinates":[30.366394,50.430213]},"properties":{"name":"вул. Тулузи","band":0,"modes":"bus","arr":["Тб41"],"off":[0,-0.8]}},{"type":"Feature","geometry":{"type":"Point","coordinates":[30.366394,50.430213]},"properties":{"line":"Тб41","mode":"bus","color":"#149a3f","colorDark":"#0a5121","band":0,"off":[0,1.1],"lbl":"41"}},{"type":"Feature","geometry":{"type":"Point","coordinates":[30.523532,50.491369]},"properties":{"name":"просп. Бандери","band":0,"modes":"bus","arr":["Тб44"],"off":[0,-0.8]}},{"type":"Feature","geometry":{"type":"Point","coordinates":[30.523532,50.491369]},"properties":{"line":"Тб44","mode":"bus","color":"#149a3f","colorDark":"#0a5121","band":0,"off":[0,1.1],"lbl":"44"}},{"type":"Feature","geometry":{"type":"Point","coordinates":[30.489058,50.444057]},"properties":{"name":"ст. Старовокзальна","band":0,"modes":"tram","arr":["Тм1","Тм3","Тм15","Тм18"],"off":[0,-0.8]}},{"type":"Feature","geometry":{"type":"Point","coordinates":[30.489058,50.444057]},"properties":{"name":"вул. Старовокзальна","band":0,"modes":"tram","arr":["Тм1","Тм3","Тм15","Тм18"],"off":[0,-1.9]}},{"type":"Feature","geometry":{"type":"Point","coordinates":[30.489058,50.444057]},"properties":{"line":"Тм1","mode":"tram","color":"#d6212b","colorDark":"#7c1116","band":0,"off":[-5.1,1.1],"lbl":"1"}},{"type":"Feature","geometry":{"type":"Point","coordinates":[30.489058,50.444057]},"properties":{"line":"Тм3","mode":"tram","color":"#d6212b","colorDark":"#7c1116","band":0,"off":[-1.7,1.1],"lbl":"3"}},{"type":"Feature","geometry":{"type":"Point","coordinates":[30.489058,50.444057]},"properties":{"line":"Тм15","mode":"tram","color":"#d6212b","colorDark":"#7c1116","band":0,"off":[1.7,1.1],"lbl":"15"}},{"type":"Feature","geometry":{"type":"Point","coordinates":[30.489058,50.444057]},"properties":{"line":"Тм18","mode":"tram","color":"#d6212b","colorDark":"#7c1116","band":0,"off":[5.1,1.1],"lbl":"18"}},{"type":"Feature","geometry":{"type":"Point","coordinates":[30.374223,50.426503]},"properties":{"name":"ст. Жуля Верна","band":0,"modes":"tram","arr":["Тм2","Тм3"],"off":[0,-0.8]}},{"type":"Feature","geometry":{"type":"Point","coordinates":[30.374223,50.426503]},"properties":{"line":"Тм2","mode":"tram","color":"#d6212b","colorDark":"#7c1116","band":0,"off":[-1.7,1.1],"lbl":"2"}},{"type":"Feature","geometry":{"type":"Point","coordinates":[30.374223,50.426503]},"properties":{"line":"Тм3","mode":"tram","color":"#d6212b","colorDark":"#7c1116","band":0,"off":[1.7,1.1],"lbl":"3"}},{"type":"Feature","geometry":{"type":"Point","coordinates":[30.632847,50.401252]},"properties":{"name":"ст.м. Позняки","band":0,"modes":"tram","arr":["Тм8","Тм25"],"off":[0,-0.8]}},{"type":"Feature","geometry":{"type":"Point","coordinates":[30.632847,50.401252]},"properties":{"line":"Тм8","mode":"tram","color":"#d6212b","colorDark":"#7c1116","band":0,"off":[-1.7,1.1],"lbl":"8"}},{"type":"Feature","geometry":{"type":"Point","coordinates":[30.632847,50.401252]},"properties":{"line":"Тм25","mode":"tram","color":"#d6212b","colorDark":"#7c1116","band":0,"off":[1.7,1.1],"lbl":"25"}},{"type":"Feature","geometry":{"type":"Point","coordinates":[30.504323,50.499029]},"properties":{"name":"вул. Йорданська","band":0,"modes":"tram","arr":["Тм11","Тм17"],"off":[0,-0.8]}},{"type":"Feature","geometry":{"type":"Point","coordinates":[30.504323,50.499029]},"properties":{"line":"Тм11","mode":"tram","color":"#d6212b","colorDark":"#7c1116","band":0,"off":[-1.7,1.1],"lbl":"11"}},{"type":"Feature","geometry":{"type":"Point","coordinates":[30.504323,50.499029]},"properties":{"line":"Тм17","mode":"tram","color":"#d6212b","colorDark":"#7c1116","band":0,"off":[1.7,1.1],"lbl":"17"}},{"type":"Feature","geometry":{"type":"Point","coordinates":[30.335335,50.552519]},"properties":{"name":"Пуща-Водиця","band":0,"modes":"tram","arr":["Тм12","Тм17"],"off":[0,-0.8]}},{"type":"Feature","geometry":{"type":"Point","coordinates":[30.335335,50.552519]},"properties":{"line":"Тм12","mode":"tram","color":"#d6212b","colorDark":"#7c1116","band":0,"off":[-1.7,1.1],"lbl":"12"}},{"type":"Feature","geometry":{"type":"Point","coordinates":[30.335335,50.552519]},"properties":{"line":"Тм17","mode":"tram","color":"#d6212b","colorDark":"#7c1116","band":0,"off":[1.7,1.1],"lbl":"17"}},{"type":"Feature","geometry":{"type":"Point","coordinates":[30.425111,50.420634]},"properties":{"name":"Проспект Відрадний","band":0,"modes":"tram","arr":["Тм14","Тм15"],"off":[0,-0.8]}},{"type":"Feature","geometry":{"type":"Point","coordinates":[30.425111,50.420634]},"properties":{"line":"Тм14","mode":"tram","color":"#d6212b","colorDark":"#7c1116","band":0,"off":[-1.7,1.1],"lbl":"14"}},{"type":"Feature","geometry":{"type":"Point","coordinates":[30.425111,50.420634]},"properties":{"line":"Тм15","mode":"tram","color":"#d6212b","colorDark":"#7c1116","band":0,"off":[1.7,1.1],"lbl":"15"}},{"type":"Feature","geometry":{"type":"Point","coordinates":[30.688661,50.424955]},"properties":{"name":"ЗЗБК","band":0,"modes":"tram","arr":["Тм22к","Тм25"],"off":[0,-0.8]}},{"type":"Feature","geometry":{"type":"Point","coordinates":[30.688661,50.424955]},"properties":{"line":"Тм22к","mode":"tram","color":"#d6212b","colorDark":"#7c1116","band":0,"off":[-1.7,1.1],"lbl":"22к"}},{"type":"Feature","geometry":{"type":"Point","coordinates":[30.688661,50.424955]},"properties":{"line":"Тм25","mode":"tram","color":"#d6212b","colorDark":"#7c1116","band":0,"off":[1.7,1.1],"lbl":"25"}},{"type":"Feature","geometry":{"type":"Point","coordinates":[30.67631,50.448529]},"properties":{"name":"ДВРЗ","band":0,"modes":"tram","arr":["Тм23к","Тм33к"],"off":[0,-0.8]}},{"type":"Feature","geometry":{"type":"Point","coordinates":[30.67631,50.448529]},"properties":{"line":"Тм23к","mode":"tram","color":"#d6212b","colorDark":"#7c1116","band":0,"off":[-1.7,1.1],"lbl":"23к"}},{"type":"Feature","geometry":{"type":"Point","coordinates":[30.67631,50.448529]},"properties":{"line":"Тм33к","mode":"tram","color":"#d6212b","colorDark":"#7c1116","band":0,"off":[1.7,1.1],"lbl":"33к"}},{"type":"Feature","geometry":{"type":"Point","coordinates":[30.68469,50.404222]},"properties":{"name":"ст.м. Бориспільська","band":0,"modes":"tram","arr":["Тм29"],"off":[0,-0.8]}},{"type":"Feature","geometry":{"type":"Point","coordinates":[30.68469,50.404222]},"properties":{"line":"Тм29","mode":"tram","color":"#d6212b","colorDark":"#7c1116","band":0,"off":[0,1.1],"lbl":"29"}},{"type":"Feature","geometry":{"type":"Point","coordinates":[30.474667,50.449522]},"properties":{"name":"вул. Шолуденка","band":1,"modes":"bus","arr":["2"],"off":[0,-0.8]}},{"type":"Feature","geometry":{"type":"Point","coordinates":[30.474667,50.449522]},"properties":{"line":"2","mode":"bus","color":"#0059a9","colorDark":"#00294f","band":1,"off":[0,1.1]}},{"type":"Feature","geometry":{"type":"Point","coordinates":[30.409793,50.412535]},"properties":{"name":"Корольова","band":1,"modes":"bus,tram","arr":["2","9","Тм2"],"off":[0,-0.8]}},{"type":"Feature","geometry":{"type":"Point","coordinates":[30.409793,50.412535]},"properties":{"name":"вул. Кікабідзе","band":1,"modes":"bus,tram","arr":["2","9","Тм2"],"off":[0,-1.9]}},{"type":"Feature","geometry":{"type":"Point","coordinates":[30.409793,50.412535]},"properties":{"line":"2","mode":"bus","color":"#0059a9","colorDark":"#00294f","band":1,"off":[-3.4,1.1]}},{"type":"Feature","geometry":{"type":"Point","coordinates":[30.409793,50.412535]},"properties":{"line":"9","mode":"bus","color":"#0059a9","colorDark":"#00294f","band":1,"off":[0,1.1]}},{"type":"Feature","geometry":{"type":"Point","coordinates":[30.409793,50.412535]},"properties":{"line":"Тм2","mode":"tram","color":"#d6212b","colorDark":"#7c1116","band":1,"off":[3.4,1.1],"lbl":"2"}},{"type":"Feature","geometry":{"type":"Point","coordinates":[30.571547,50.483587]},"properties":{"name":"ст Райдужний","band":1,"modes":"bus","arr":["4т","5т","70Д","95"],"off":[0,-0.8]}},{"type":"Feature","geometry":{"type":"Point","coordinates":[30.571547,50.483587]},"properties":{"name":"Русанівські сади","band":1,"modes":"bus","arr":["4т","5т","70Д","95"],"off":[0,-1.9]}},{"type":"Feature","geometry":{"type":"Point","coordinates":[30.571547,50.483587]},"properties":{"line":"4т","mode":"bus","color":"#0059a9","colorDark":"#00294f","band":1,"off":[-5.1,1.1]}},{"type":"Feature","geometry":{"type":"Point","coordinates":[30.571547,50.483587]},"properties":{"line":"5т","mode":"bus","color":"#0059a9","colorDark":"#00294f","band":1,"off":[-1.7,1.1]}},{"type":"Feature","geometry":{"type":"Point","coordinates":[30.571547,50.483587]},"properties":{"line":"70Д","mode":"bus","color":"#0059a9","colorDark":"#00294f","band":1,"off":[1.7,1.1]}},{"type":"Feature","geometry":{"type":"Point","coordinates":[30.571547,50.483587]},"properties":{"line":"95","mode":"bus","color":"#0059a9","colorDark":"#00294f","band":1,"off":[5.1,1.1]}},{"type":"Feature","geometry":{"type":"Point","coordinates":[30.610545,50.532738]},"properties":{"name":"Милослав.(21)","band":1,"modes":"bus","arr":["4т","21"],"off":[0,-0.8]}},{"type":"Feature","geometry":{"type":"Point","coordinates":[30.610545,50.532738]},"properties":{"line":"4т","mode":"bus","color":"#0059a9","colorDark":"#00294f","band":1,"off":[-1.7,1.1]}},{"type":"Feature","geometry":{"type":"Point","coordinates":[30.610545,50.532738]},"properties":{"line":"21","mode":"bus","color":"#0059a9","colorDark":"#00294f","band":1,"off":[1.7,1.1]}},{"type":"Feature","geometry":{"type":"Point","coordinates":[30.488968,50.440378]},"properties":{"name":"Південний вокзал","band":1,"modes":"bus","arr":["5","7","24","50","114","Тб12","Тб14","Тб33"],"off":[0,-0.8]}},{"type":"Feature","geometry":{"type":"Point","coordinates":[30.488968,50.440378]},"properties":{"name":"Залізничний вокзал","band":1,"modes":"bus","arr":["5","7","24","50","114","Тб12","Тб14","Тб33"],"off":[0,-1.9]}},{"type":"Feature","geometry":{"type":"Point","coordinates":[30.488968,50.440378]},"properties":{"name":"Залізн вокзал","band":1,"modes":"bus","arr":["5","7","24","50","114","Тб12","Тб14","Тб33"],"off":[0,-3]}},{"type":"Feature","geometry":{"type":"Point","coordinates":[30.488968,50.440378]},"properties":{"line":"5","mode":"bus","color":"#0059a9","colorDark":"#00294f","band":1,"off":[-6.8,1.1]}},{"type":"Feature","geometry":{"type":"Point","coordinates":[30.488968,50.440378]},"properties":{"line":"7","mode":"bus","color":"#0059a9","colorDark":"#00294f","band":1,"off":[-3.4,1.1]}},{"type":"Feature","geometry":{"type":"Point","coordinates":[30.488968,50.440378]},"properties":{"line":"24","mode":"bus","color":"#0059a9","colorDark":"#00294f","band":1,"off":[0,1.1]}},{"type":"Feature","geometry":{"type":"Point","coordinates":[30.488968,50.440378]},"properties":{"line":"50","mode":"bus","color":"#0059a9","colorDark":"#00294f","band":1,"off":[3.4,1.1]}},{"type":"Feature","geometry":{"type":"Point","coordinates":[30.488968,50.440378]},"properties":{"line":"114","mode":"bus","color":"#0059a9","colorDark":"#00294f","band":1,"off":[6.8,1.1]}},{"type":"Feature","geometry":{"type":"Point","coordinates":[30.488968,50.440378]},"properties":{"line":"Тб12","mode":"bus","color":"#149a3f","colorDark":"#0a5121","band":1,"off":[-3.4,3.1],"lbl":"12"}},{"type":"Feature","geometry":{"type":"Point","coordinates":[30.488968,50.440378]},"properties":{"line":"Тб14","mode":"bus","color":"#149a3f","colorDark":"#0a5121","band":1,"off":[0,3.1],"lbl":"14"}},{"type":"Feature","geometry":{"type":"Point","coordinates":[30.488968,50.440378]},"properties":{"line":"Тб33","mode":"bus","color":"#149a3f","colorDark":"#0a5121","band":1,"off":[3.4,3.1],"lbl":"33"}},{"type":"Feature","geometry":{"type":"Point","coordinates":[30.519167,50.409045]},"properties":{"name":"вул. Ізюмська","band":1,"modes":"bus","arr":["5","12","19"],"off":[0,-0.8]}},{"type":"Feature","geometry":{"type":"Point","coordinates":[30.519167,50.409045]},"properties":{"line":"5","mode":"bus","color":"#0059a9","colorDark":"#00294f","band":1,"off":[-3.4,1.1]}},{"type":"Feature","geometry":{"type":"Point","coordinates":[30.519167,50.409045]},"properties":{"line":"12","mode":"bus","color":"#0059a9","colorDark":"#00294f","band":1,"off":[0,1.1]}},{"type":"Feature","geometry":{"type":"Point","coordinates":[30.519167,50.409045]},"properties":{"line":"19","mode":"bus","color":"#0059a9","colorDark":"#00294f","band":1,"off":[3.4,1.1]}},{"type":"Feature","geometry":{"type":"Point","coordinates":[30.620821,50.509711]},"properties":{"name":"вул. С. Лифаря","band":1,"modes":"bus","arr":["5т"],"off":[0,-0.8]}},{"type":"Feature","geometry":{"type":"Point","coordinates":[30.620821,50.509711]},"properties":{"line":"5т","mode":"bus","color":"#0059a9","colorDark":"#00294f","band":1,"off":[0,1.1]}},{"type":"Feature","geometry":{"type":"Point","coordinates":[30.599211,50.531626]},"properties":{"name":"вул. Радунська (101к)","band":1,"modes":"bus","arr":["6","28т","44","73","98","101","110","114","Тб31Д","Тб37"],"off":[0,-0.8]}},{"type":"Feature","geometry":{"type":"Point","coordinates":[30.599211,50.531626]},"properties":{"name":"вул. Милославська (73)","band":1,"modes":"bus","arr":["6","28т","44","73","98","101","110","114","Тб31Д","Тб37"],"off":[0,-3]}},{"type":"Feature","geometry":{"type":"Point","coordinates":[30.599211,50.531626]},"properties":{"name":"вул. Милославська (37)","band":1,"modes":"bus","arr":["6","28т","44","73","98","101","110","114","Тб31Д","Тб37"],"off":[0,-5.2]}},{"type":"Feature","geometry":{"type":"Point","coordinates":[30.599211,50.531626]},"properties":{"line":"6","mode":"bus","color":"#0059a9","colorDark":"#00294f","band":1,"off":[-6.8,1.1]}},{"type":"Feature","geometry":{"type":"Point","coordinates":[30.599211,50.531626]},"properties":{"line":"28т","mode":"bus","color":"#0059a9","colorDark":"#00294f","band":1,"off":[-3.4,1.1]}},{"type":"Feature","geometry":{"type":"Point","coordinates":[30.599211,50.531626]},"properties":{"line":"44","mode":"bus","color":"#0059a9","colorDark":"#00294f","band":1,"off":[0,1.1]}},{"type":"Feature","geometry":{"type":"Point","coordinates":[30.599211,50.531626]},"properties":{"line":"73","mode":"bus","color":"#0059a9","colorDark":"#00294f","band":1,"off":[3.4,1.1]}},{"type":"Feature","geometry":{"type":"Point","coordinates":[30.599211,50.531626]},"properties":{"line":"98","mode":"bus","color":"#0059a9","colorDark":"#00294f","band":1,"off":[6.8,1.1]}},{"type":"Feature","geometry":{"type":"Point","coordinates":[30.599211,50.531626]},"properties":{"line":"101","mode":"bus","color":"#0059a9","colorDark":"#00294f","band":1,"off":[-6.8,3.1]}},{"type":"Feature","geometry":{"type":"Point","coordinates":[30.599211,50.531626]},"properties":{"line":"110","mode":"bus","color":"#0059a9","colorDark":"#00294f","band":1,"off":[-3.4,3.1]}},{"type":"Feature","geometry":{"type":"Point","coordinates":[30.599211,50.531626]},"properties":{"line":"114","mode":"bus","color":"#0059a9","colorDark":"#00294f","band":1,"off":[0,3.1]}},{"type":"Feature","geometry":{"type":"Point","coordinates":[30.599211,50.531626]},"properties":{"line":"Тб31Д","mode":"bus","color":"#149a3f","colorDark":"#0a5121","band":1,"off":[3.4,3.1],"lbl":"31Д"}},{"type":"Feature","geometry":{"type":"Point","coordinates":[30.599211,50.531626]},"properties":{"line":"Тб37","mode":"bus","color":"#149a3f","colorDark":"#0a5121","band":1,"off":[6.8,3.1],"lbl":"37"}},{"type":"Feature","geometry":{"type":"Point","coordinates":[30.62644,50.444027]},"properties":{"name":"пл. Дарницька","band":1,"modes":"bus","arr":["6","55","111","Тб29","Тб43","Тб50к"],"off":[0,-0.8]}},{"type":"Feature","geometry":{"type":"Point","coordinates":[30.62644,50.444027]},"properties":{"name":"пл. Дарн","band":1,"modes":"bus","arr":["6","55","111","Тб29","Тб43","Тб50к"],"off":[0,-1.9]}},{"type":"Feature","geometry":{"type":"Point","coordinates":[30.62644,50.444027]},"properties":{"name":"Дарницька пл","band":1,"modes":"bus","arr":["6","55","111","Тб29","Тб43","Тб50к"],"off":[0,-3]}},{"type":"Feature","geometry":{"type":"Point","coordinates":[30.62644,50.444027]},"properties":{"line":"6","mode":"bus","color":"#0059a9","colorDark":"#00294f","band":1,"off":[-6.8,1.1]}},{"type":"Feature","geometry":{"type":"Point","coordinates":[30.62644,50.444027]},"properties":{"line":"55","mode":"bus","color":"#0059a9","colorDark":"#00294f","band":1,"off":[-3.4,1.1]}},{"type":"Feature","geometry":{"type":"Point","coordinates":[30.62644,50.444027]},"properties":{"line":"111","mode":"bus","color":"#0059a9","colorDark":"#00294f","band":1,"off":[0,1.1]}},{"type":"Feature","geometry":{"type":"Point","coordinates":[30.62644,50.444027]},"properties":{"line":"Тб29","mode":"bus","color":"#149a3f","colorDark":"#0a5121","band":1,"off":[3.4,1.1],"lbl":"29"}},{"type":"Feature","geometry":{"type":"Point","coordinates":[30.62644,50.444027]},"properties":{"line":"Тб43","mode":"bus","color":"#149a3f","colorDark":"#0a5121","band":1,"off":[6.8,1.1],"lbl":"43"}},{"type":"Feature","geometry":{"type":"Point","coordinates":[30.62644,50.444027]},"properties":{"line":"Тб50к","mode":"bus","color":"#149a3f","colorDark":"#0a5121","band":1,"off":[0,3.1],"lbl":"50к"}},{"type":"Feature","geometry":{"type":"Point","coordinates":[30.505195,50.454063]},"properties":{"name":"Львівська площа","band":1,"modes":"bus","arr":["7"],"off":[0,-0.8]}},{"type":"Feature","geometry":{"type":"Point","coordinates":[30.505195,50.454063]},"properties":{"line":"7","mode":"bus","color":"#0059a9","colorDark":"#00294f","band":1,"off":[0,1.1]}},{"type":"Feature","geometry":{"type":"Point","coordinates":[30.480948,50.461549]},"properties":{"name":"ст.м. \"Лук’янівська\"","band":1,"modes":"bus","arr":["9","112"],"off":[0,-0.8]}},{"type":"Feature","geometry":{"type":"Point","coordinates":[30.480948,50.461549]},"properties":{"name":"Лук’янівська пл.","band":1,"modes":"bus","arr":["9","112"],"off":[0,-3]}},{"type":"Feature","geometry":{"type":"Point","coordinates":[30.480948,50.461549]},"properties":{"line":"9","mode":"bus","color":"#0059a9","colorDark":"#00294f","band":1,"off":[-1.7,1.1]}},{"type":"Feature","geometry":{"type":"Point","coordinates":[30.480948,50.461549]},"properties":{"line":"112","mode":"bus","color":"#0059a9","colorDark":"#00294f","band":1,"off":[1.7,1.1]}},{"type":"Feature","geometry":{"type":"Point","coordinates":[30.715853,50.46722]},"properties":{"name":"с. Рибне","band":1,"modes":"bus","arr":["10"],"off":[0,-0.8]}},{"type":"Feature","geometry":{"type":"Point","coordinates":[30.715853,50.46722]},"properties":{"line":"10","mode":"bus","color":"#0059a9","colorDark":"#00294f","band":1,"off":[0,1.1]}},{"type":"Feature","geometry":{"type":"Point","coordinates":[30.643028,50.464327]},"properties":{"name":"ст.м. Лісова","band":1,"modes":"bus,tram","arr":["10","11","11д","22тк","28т","33","35т","37Д","79","81","118д","Тб37","Тм8","Тм22к","Тм23к","Тм29","Тм33к"],"off":[0,-0.8],"sc":0.9}},{"type":"Feature","geometry":{"type":"Point","coordinates":[30.643028,50.464327]},"properties":{"name":"ст.м. \"Лісова\"","band":1,"modes":"bus,tram","arr":["10","11","11д","22тк","28т","33","35т","37Д","79","81","118д","Тб37","Тм8","Тм22к","Тм23к","Тм29","Тм33к"],"off":[0,-1.9],"sc":0.9}},{"type":"Feature","geometry":{"type":"Point","coordinates":[30.643028,50.464327]},"properties":{"line":"10","mode":"bus","color":"#0059a9","colorDark":"#00294f","band":1,"sc":0.9,"off":[-6.8,1.1]}},{"type":"Feature","geometry":{"type":"Point","coordinates":[30.643028,50.464327]},"properties":{"line":"11","mode":"bus","color":"#0059a9","colorDark":"#00294f","band":1,"sc":0.9,"off":[-3.4,1.1]}},{"type":"Feature","geometry":{"type":"Point","coordinates":[30.643028,50.464327]},"properties":{"line":"11д","mode":"bus","color":"#0059a9","colorDark":"#00294f","band":1,"sc":0.9,"off":[0,1.1]}},{"type":"Feature","geometry":{"type":"Point","coordinates":[30.643028,50.464327]},"properties":{"line":"22тк","mode":"bus","color":"#0059a9","colorDark":"#00294f","band":1,"sc":0.9,"off":[3.4,1.1]}},{"type":"Feature","geometry":{"type":"Point","coordinates":[30.643028,50.464327]},"properties":{"line":"28т","mode":"bus","color":"#0059a9","colorDark":"#00294f","band":1,"sc":0.9,"off":[6.8,1.1]}},{"type":"Feature","geometry":{"type":"Point","coordinates":[30.643028,50.464327]},"properties":{"line":"33","mode":"bus","color":"#0059a9","colorDark":"#00294f","band":1,"sc":0.9,"off":[-6.8,3.1]}},{"type":"Feature","geometry":{"type":"Point","coordinates":[30.643028,50.464327]},"properties":{"line":"35т","mode":"bus","color":"#0059a9","colorDark":"#00294f","band":1,"sc":0.9,"off":[-3.4,3.1]}},{"type":"Feature","geometry":{"type":"Point","coordinates":[30.643028,50.464327]},"properties":{"line":"37Д","mode":"bus","color":"#0059a9","colorDark":"#00294f","band":1,"sc":0.9,"off":[0,3.1]}},{"type":"Feature","geometry":{"type":"Point","coordinates":[30.643028,50.464327]},"properties":{"line":"79","mode":"bus","color":"#0059a9","colorDark":"#00294f","band":1,"sc":0.9,"off":[3.4,3.1]}},{"type":"Feature","geometry":{"type":"Point","coordinates":[30.643028,50.464327]},"properties":{"line":"81","mode":"bus","color":"#0059a9","colorDark":"#00294f","band":1,"sc":0.9,"off":[6.8,3.1]}},{"type":"Feature","geometry":{"type":"Point","coordinates":[30.643028,50.464327]},"properties":{"line":"118д","mode":"bus","color":"#0059a9","colorDark":"#00294f","band":1,"sc":0.9,"off":[-6.8,5.1]}},{"type":"Feature","geometry":{"type":"Point","coordinates":[30.643028,50.464327]},"properties":{"line":"Тб37","mode":"bus","color":"#149a3f","colorDark":"#0a5121","band":1,"sc":0.9,"off":[-3.4,5.1],"lbl":"37"}},{"type":"Feature","geometry":{"type":"Point","coordinates":[30.643028,50.464327]},"properties":{"line":"Тм8","mode":"tram","color":"#d6212b","colorDark":"#7c1116","band":1,"sc":0.9,"off":[0,5.1],"lbl":"8"}},{"type":"Feature","geometry":{"type":"Point","coordinates":[30.643028,50.464327]},"properties":{"line":"Тм22к","mode":"tram","color":"#d6212b","colorDark":"#7c1116","band":1,"sc":0.9,"off":[3.4,5.1],"lbl":"22к"}},{"type":"Feature","geometry":{"type":"Point","coordinates":[30.643028,50.464327]},"properties":{"line":"Тм23к","mode":"tram","color":"#d6212b","colorDark":"#7c1116","band":1,"sc":0.9,"off":[6.8,5.1],"lbl":"23к"}},{"type":"Feature","geometry":{"type":"Point","coordinates":[30.643028,50.464327]},"properties":{"line":"Тм29","mode":"tram","color":"#d6212b","colorDark":"#7c1116","band":1,"sc":0.9,"off":[-1.7,7.1],"lbl":"29"}},{"type":"Feature","geometry":{"type":"Point","coordinates":[30.643028,50.464327]},"properties":{"line":"Тм33к","mode":"tram","color":"#d6212b","colorDark":"#7c1116","band":1,"sc":0.9,"off":[1.7,7.1],"lbl":"33к"}},{"type":"Feature","geometry":{"type":"Point","coordinates":[30.669276,50.485786]},"properties":{"name":"Радіоцентр","band":1,"modes":"bus","arr":["11"],"off":[0,-0.8]}},{"type":"Feature","geometry":{"type":"Point","coordinates":[30.669276,50.485786]},"properties":{"line":"11","mode":"bus","color":"#0059a9","colorDark":"#00294f","band":1,"off":[0,1.1]}},{"type":"Feature","geometry":{"type":"Point","coordinates":[30.679463,50.487455]},"properties":{"name":"Дачне містечко","band":1,"modes":"bus","arr":["11д"],"off":[0,-0.8]}},{"type":"Feature","geometry":{"type":"Point","coordinates":[30.679463,50.487455]},"properties":{"line":"11д","mode":"bus","color":"#0059a9","colorDark":"#00294f","band":1,"off":[0,1.1]}},{"type":"Feature","geometry":{"type":"Point","coordinates":[30.486576,50.438197]},"properties":{"name":"Півднний вокз","band":1,"modes":"bus","arr":["12"],"off":[0,-0.8]}},{"type":"Feature","geometry":{"type":"Point","coordinates":[30.486576,50.438197]},"properties":{"line":"12","mode":"bus","color":"#0059a9","colorDark":"#00294f","band":1,"off":[0,1.1]}},{"type":"Feature","geometry":{"type":"Point","coordinates":[30.364889,50.499857]},"properties":{"name":"Лісорозсадник","band":1,"modes":"bus","arr":["14"],"off":[0,-0.8]}},{"type":"Feature","geometry":{"type":"Point","coordinates":[30.364889,50.499857]},"properties":{"line":"14","mode":"bus","color":"#0059a9","colorDark":"#00294f","band":1,"off":[0,1.1]}},{"type":"Feature","geometry":{"type":"Point","coordinates":[30.405859,50.459632]},"properties":{"name":"ст.м. Нивки","band":1,"modes":"bus","arr":["14","32","47","Тб26"],"off":[0,-0.8]}},{"type":"Feature","geometry":{"type":"Point","coordinates":[30.405859,50.459632]},"properties":{"name":"ст.м. \"Нивки\"","band":1,"modes":"bus","arr":["14","32","47","Тб26"],"off":[0,-1.9]}},{"type":"Feature","geometry":{"type":"Point","coordinates":[30.405859,50.459632]},"properties":{"line":"14","mode":"bus","color":"#0059a9","colorDark":"#00294f","band":1,"off":[-5.1,1.1]}},{"type":"Feature","geometry":{"type":"Point","coordinates":[30.405859,50.459632]},"properties":{"line":"32","mode":"bus","color":"#0059a9","colorDark":"#00294f","band":1,"off":[-1.7,1.1]}},{"type":"Feature","geometry":{"type":"Point","coordinates":[30.405859,50.459632]},"properties":{"line":"47","mode":"bus","color":"#0059a9","colorDark":"#00294f","band":1,"off":[1.7,1.1]}},{"type":"Feature","geometry":{"type":"Point","coordinates":[30.405859,50.459632]},"properties":{"line":"Тб26","mode":"bus","color":"#149a3f","colorDark":"#0a5121","band":1,"off":[5.1,1.1],"lbl":"26"}},{"type":"Feature","geometry":{"type":"Point","coordinates":[30.634314,50.419607]},"properties":{"name":"вул. Драгоманова","band":1,"modes":"bus","arr":["17"],"off":[0,-0.8]}},{"type":"Feature","geometry":{"type":"Point","coordinates":[30.634314,50.419607]},"properties":{"line":"17","mode":"bus","color":"#0059a9","colorDark":"#00294f","band":1,"off":[0,1.1]}},{"type":"Feature","geometry":{"type":"Point","coordinates":[30.65132,50.400931]},"properties":{"name":"ст.м. \"Харківська\"(18)","band":1,"modes":"bus","arr":["17","18"],"off":[0,-0.8]}},{"type":"Feature","geometry":{"type":"Point","coordinates":[30.65132,50.400931]},"properties":{"line":"17","mode":"bus","color":"#0059a9","colorDark":"#00294f","band":1,"off":[-1.7,1.1]}},{"type":"Feature","geometry":{"type":"Point","coordinates":[30.65132,50.400931]},"properties":{"line":"18","mode":"bus","color":"#0059a9","colorDark":"#00294f","band":1,"off":[1.7,1.1]}},{"type":"Feature","geometry":{"type":"Point","coordinates":[30.643797,50.422905]},"properties":{"name":"Харківське шосе(18)","band":1,"modes":"bus","arr":["18"],"off":[0,-0.8]}},{"type":"Feature","geometry":{"type":"Point","coordinates":[30.643797,50.422905]},"properties":{"line":"18","mode":"bus","color":"#0059a9","colorDark":"#00294f","band":1,"off":[0,1.1]}},{"type":"Feature","geometry":{"type":"Point","coordinates":[30.488165,50.393298]},"properties":{"name":"ст.м. Васильківська","band":1,"modes":"bus","arr":["19","78","120","Тб12","Тб45"],"off":[0,-0.8]}},{"type":"Feature","geometry":{"type":"Point","coordinates":[30.488165,50.393298]},"properties":{"name":"ст.м. \"Васильківська\"","band":1,"modes":"bus","arr":["19","78","120","Тб12","Тб45"],"off":[0,-3]}},{"type":"Feature","geometry":{"type":"Point","coordinates":[30.488165,50.393298]},"properties":{"line":"19","mode":"bus","color":"#0059a9","colorDark":"#00294f","band":1,"off":[-6.8,1.1]}},{"type":"Feature","geometry":{"type":"Point","coordinates":[30.488165,50.393298]},"properties":{"line":"78","mode":"bus","color":"#0059a9","colorDark":"#00294f","band":1,"off":[-3.4,1.1]}},{"type":"Feature","geometry":{"type":"Point","coordinates":[30.488165,50.393298]},"properties":{"line":"120","mode":"bus","color":"#0059a9","colorDark":"#00294f","band":1,"off":[0,1.1]}},{"type":"Feature","geometry":{"type":"Point","coordinates":[30.488165,50.393298]},"properties":{"line":"Тб12","mode":"bus","color":"#149a3f","colorDark":"#0a5121","band":1,"off":[3.4,1.1],"lbl":"12"}},{"type":"Feature","geometry":{"type":"Point","coordinates":[30.488165,50.393298]},"properties":{"line":"Тб45","mode":"bus","color":"#149a3f","colorDark":"#0a5121","band":1,"off":[6.8,1.1],"lbl":"45"}},{"type":"Feature","geometry":{"type":"Point","coordinates":[30.556379,50.362288]},"properties":{"name":"ж/м Корчувате","band":1,"modes":"bus","arr":["20"],"off":[0,-0.8]}},{"type":"Feature","geometry":{"type":"Point","coordinates":[30.556379,50.362288]},"properties":{"line":"20","mode":"bus","color":"#0059a9","colorDark":"#00294f","band":1,"off":[0,1.1]}},{"type":"Feature","geometry":{"type":"Point","coordinates":[30.519243,50.440262]},"properties":{"name":"ст.м. \"Палац спорту\"","band":1,"modes":"bus","arr":["20","55","69","110","111"],"off":[0,-0.8]}},{"type":"Feature","geometry":{"type":"Point","coordinates":[30.519243,50.440262]},"properties":{"name":"ст.м. \"Палац спорту \"(55)","band":1,"modes":"bus","arr":["20","55","69","110","111"],"off":[0,-3]}},{"type":"Feature","geometry":{"type":"Point","coordinates":[30.519243,50.440262]},"properties":{"name":"ст. м. Площа Укр. Героїв","band":1,"modes":"bus","arr":["20","55","69","110","111"],"off":[0,-5.2]}},{"type":"Feature","geometry":{"type":"Point","coordinates":[30.519243,50.440262]},"properties":{"line":"20","mode":"bus","color":"#0059a9","colorDark":"#00294f","band":1,"off":[-6.8,1.1]}},{"type":"Feature","geometry":{"type":"Point","coordinates":[30.519243,50.440262]},"properties":{"line":"55","mode":"bus","color":"#0059a9","colorDark":"#00294f","band":1,"off":[-3.4,1.1]}},{"type":"Feature","geometry":{"type":"Point","coordinates":[30.519243,50.440262]},"properties":{"line":"69","mode":"bus","color":"#0059a9","colorDark":"#00294f","band":1,"off":[0,1.1]}},{"type":"Feature","geometry":{"type":"Point","coordinates":[30.519243,50.440262]},"properties":{"line":"110","mode":"bus","color":"#0059a9","colorDark":"#00294f","band":1,"off":[3.4,1.1]}},{"type":"Feature","geometry":{"type":"Point","coordinates":[30.519243,50.440262]},"properties":{"line":"111","mode":"bus","color":"#0059a9","colorDark":"#00294f","band":1,"off":[6.8,1.1]}},{"type":"Feature","geometry":{"type":"Point","coordinates":[30.497813,50.486001]},"properties":{"name":"ст.м. \"Почайна\"(101)","band":1,"modes":"bus","arr":["21","101","Тб25","Тб27"],"off":[0,-0.8]}},{"type":"Feature","geometry":{"type":"Point","coordinates":[30.497813,50.486001]},"properties":{"name":"ст. м. Почайна","band":1,"modes":"bus","arr":["21","101","Тб25","Тб27"],"off":[0,-3]}},{"type":"Feature","geometry":{"type":"Point","coordinates":[30.497813,50.486001]},"properties":{"name":"м. Почайна (25)","band":1,"modes":"bus","arr":["21","101","Тб25","Тб27"],"off":[0,-4.1]}},{"type":"Feature","geometry":{"type":"Point","coordinates":[30.497813,50.486001]},"properties":{"line":"21","mode":"bus","color":"#0059a9","colorDark":"#00294f","band":1,"off":[-5.1,1.1]}},{"type":"Feature","geometry":{"type":"Point","coordinates":[30.497813,50.486001]},"properties":{"line":"101","mode":"bus","color":"#0059a9","colorDark":"#00294f","band":1,"off":[-1.7,1.1]}},{"type":"Feature","geometry":{"type":"Point","coordinates":[30.497813,50.486001]},"properties":{"line":"Тб25","mode":"bus","color":"#149a3f","colorDark":"#0a5121","band":1,"off":[1.7,1.1],"lbl":"25"}},{"type":"Feature","geometry":{"type":"Point","coordinates":[30.497813,50.486001]},"properties":{"line":"Тб27","mode":"bus","color":"#149a3f","colorDark":"#0a5121","band":1,"off":[5.1,1.1],"lbl":"27"}},{"type":"Feature","geometry":{"type":"Point","coordinates":[30.460648,50.407797]},"properties":{"name":"Музей авіаціі","band":1,"modes":"bus","arr":["22"],"off":[0,-0.8]}},{"type":"Feature","geometry":{"type":"Point","coordinates":[30.460648,50.407797]},"properties":{"line":"22","mode":"bus","color":"#0059a9","colorDark":"#00294f","band":1,"off":[0,1.1]}},{"type":"Feature","geometry":{"type":"Point","coordinates":[30.645994,50.413189]},"properties":{"name":"вул. Тростянец.(18 )","band":1,"modes":"bus","arr":["22","91","105"],"off":[0,-0.8]}},{"type":"Feature","geometry":{"type":"Point","coordinates":[30.645994,50.413189]},"properties":{"name":"вул. Ахматової (Р-к Позн)","band":1,"modes":"bus","arr":["22","91","105"],"off":[0,-3]}},{"type":"Feature","geometry":{"type":"Point","coordinates":[30.645994,50.413189]},"properties":{"line":"22","mode":"bus","color":"#0059a9","colorDark":"#00294f","band":1,"off":[-3.4,1.1]}},{"type":"Feature","geometry":{"type":"Point","coordinates":[30.645994,50.413189]},"properties":{"line":"91","mode":"bus","color":"#0059a9","colorDark":"#00294f","band":1,"off":[0,1.1]}},{"type":"Feature","geometry":{"type":"Point","coordinates":[30.645994,50.413189]},"properties":{"line":"105","mode":"bus","color":"#0059a9","colorDark":"#00294f","band":1,"off":[3.4,1.1]}},{"type":"Feature","geometry":{"type":"Point","coordinates":[30.593434,50.483591]},"properties":{"name":"Пр. Воскресен.","band":1,"modes":"bus","arr":["22тк"],"off":[0,-0.8]}},{"type":"Feature","geometry":{"type":"Point","coordinates":[30.593434,50.483591]},"properties":{"line":"22тк","mode":"bus","color":"#0059a9","colorDark":"#00294f","band":1,"off":[0,1.1]}},{"type":"Feature","geometry":{"type":"Point","coordinates":[30.603527,50.484947]},"properties":{"name":"Пр. Воскресен.","band":1,"modes":"bus","arr":["22тк","77"],"off":[0,-0.8]}},{"type":"Feature","geometry":{"type":"Point","coordinates":[30.603527,50.484947]},"properties":{"name":"вул. О. Дашкевича","band":1,"modes":"bus","arr":["22тк","77"],"off":[0,-1.9]}},{"type":"Feature","geometry":{"type":"Point","coordinates":[30.603527,50.484947]},"properties":{"line":"22тк","mode":"bus","color":"#0059a9","colorDark":"#00294f","band":1,"off":[-1.7,1.1]}},{"type":"Feature","geometry":{"type":"Point","coordinates":[30.603527,50.484947]},"properties":{"line":"77","mode":"bus","color":"#0059a9","colorDark":"#00294f","band":1,"off":[1.7,1.1]}},{"type":"Feature","geometry":{"type":"Point","coordinates":[30.4042,50.471937]},"properties":{"name":"Ринок","band":1,"modes":"bus","arr":["23"],"off":[0,-0.8]}},{"type":"Feature","geometry":{"type":"Point","coordinates":[30.4042,50.471937]},"properties":{"line":"23","mode":"bus","color":"#0059a9","colorDark":"#00294f","band":1,"off":[0,1.1]}},{"type":"Feature","geometry":{"type":"Point","coordinates":[30.408004,50.407471]},"properties":{"name":"Мих Борщагівка","band":1,"modes":"bus,tram","arr":["23","Тм1"],"off":[0,-0.8]}},{"type":"Feature","geometry":{"type":"Point","coordinates":[30.408004,50.407471]},"properties":{"name":"вул. Симиренка","band":1,"modes":"bus,tram","arr":["23","Тм1"],"off":[0,-1.9]}},{"type":"Feature","geometry":{"type":"Point","coordinates":[30.408004,50.407471]},"properties":{"line":"23","mode":"bus","color":"#0059a9","colorDark":"#00294f","band":1,"off":[-1.7,1.1]}},{"type":"Feature","geometry":{"type":"Point","coordinates":[30.408004,50.407471]},"properties":{"line":"Тм1","mode":"tram","color":"#d6212b","colorDark":"#7c1116","band":1,"off":[1.7,1.1],"lbl":"1"}},{"type":"Feature","geometry":{"type":"Point","coordinates":[30.555298,50.433096]},"properties":{"name":"Музей історії України","band":1,"modes":"bus","arr":["24","25","Тб38"],"off":[0,-0.8]}},{"type":"Feature","geometry":{"type":"Point","coordinates":[30.555298,50.433096]},"properties":{"name":"Музей історії ВВв","band":1,"modes":"bus","arr":["24","25","Тб38"],"off":[0,-3]}},{"type":"Feature","geometry":{"type":"Point","coordinates":[30.555298,50.433096]},"properties":{"line":"24","mode":"bus","color":"#0059a9","colorDark":"#00294f","band":1,"off":[-3.4,1.1]}},{"type":"Feature","geometry":{"type":"Point","coordinates":[30.555298,50.433096]},"properties":{"line":"25","mode":"bus","color":"#0059a9","colorDark":"#00294f","band":1,"off":[0,1.1]}},{"type":"Feature","geometry":{"type":"Point","coordinates":[30.555298,50.433096]},"properties":{"line":"Тб38","mode":"bus","color":"#149a3f","colorDark":"#0a5121","band":1,"off":[3.4,1.1],"lbl":"38"}},{"type":"Feature","geometry":{"type":"Point","coordinates":[30.429121,50.413326]},"properties":{"name":"ст. Київ-Волинський","band":1,"modes":"bus","arr":["25","Тб27"],"off":[0,-0.8]}},{"type":"Feature","geometry":{"type":"Point","coordinates":[30.429121,50.413326]},"properties":{"name":"з.ст. Київ-Волинський(2)","band":1,"modes":"bus","arr":["25","Тб27"],"off":[0,-3]}},{"type":"Feature","geometry":{"type":"Point","coordinates":[30.429121,50.413326]},"properties":{"line":"25","mode":"bus","color":"#0059a9","colorDark":"#00294f","band":1,"off":[-1.7,1.1]}},{"type":"Feature","geometry":{"type":"Point","coordinates":[30.429121,50.413326]},"properties":{"line":"Тб27","mode":"bus","color":"#149a3f","colorDark":"#0a5121","band":1,"off":[1.7,1.1],"lbl":"27"}},{"type":"Feature","geometry":{"type":"Point","coordinates":[30.5354,50.346556]},"properties":{"name":"селище Пирогів","band":1,"modes":"bus","arr":["27"],"off":[0,-0.8]}},{"type":"Feature","geometry":{"type":"Point","coordinates":[30.5354,50.346556]},"properties":{"line":"27","mode":"bus","color":"#0059a9","colorDark":"#00294f","band":1,"off":[0,1.1]}},{"type":"Feature","geometry":{"type":"Point","coordinates":[30.524624,50.412885]},"properties":{"name":"ст.м. Либідська","band":1,"modes":"bus","arr":["27","51","52","Тб1","Тб42","Тб50"],"off":[0,-0.8]}},{"type":"Feature","geometry":{"type":"Point","coordinates":[30.524624,50.412885]},"properties":{"name":"ст.м. \"Либідська\"","band":1,"modes":"bus","arr":["27","51","52","Тб1","Тб42","Тб50"],"off":[0,-1.9]}},{"type":"Feature","geometry":{"type":"Point","coordinates":[30.524624,50.412885]},"properties":{"line":"27","mode":"bus","color":"#0059a9","colorDark":"#00294f","band":1,"off":[-6.8,1.1]}},{"type":"Feature","geometry":{"type":"Point","coordinates":[30.524624,50.412885]},"properties":{"line":"51","mode":"bus","color":"#0059a9","colorDark":"#00294f","band":1,"off":[-3.4,1.1]}},{"type":"Feature","geometry":{"type":"Point","coordinates":[30.524624,50.412885]},"properties":{"line":"52","mode":"bus","color":"#0059a9","colorDark":"#00294f","band":1,"off":[0,1.1]}},{"type":"Feature","geometry":{"type":"Point","coordinates":[30.524624,50.412885]},"properties":{"line":"Тб1","mode":"bus","color":"#149a3f","colorDark":"#0a5121","band":1,"off":[3.4,1.1],"lbl":"1"}},{"type":"Feature","geometry":{"type":"Point","coordinates":[30.524624,50.412885]},"properties":{"line":"Тб42","mode":"bus","color":"#149a3f","colorDark":"#0a5121","band":1,"off":[6.8,1.1],"lbl":"42"}},{"type":"Feature","geometry":{"type":"Point","coordinates":[30.524624,50.412885]},"properties":{"line":"Тб50","mode":"bus","color":"#149a3f","colorDark":"#0a5121","band":1,"off":[0,3.1],"lbl":"50"}},{"type":"Feature","geometry":{"type":"Point","coordinates":[30.516879,50.405002]},"properties":{"name":"ст.м. \"Деміївська\"","band":1,"modes":"bus","arr":["28","38"],"off":[0,-0.8]}},{"type":"Feature","geometry":{"type":"Point","coordinates":[30.516879,50.405002]},"properties":{"line":"28","mode":"bus","color":"#0059a9","colorDark":"#00294f","band":1,"off":[-1.7,1.1]}},{"type":"Feature","geometry":{"type":"Point","coordinates":[30.516879,50.405002]},"properties":{"line":"38","mode":"bus","color":"#0059a9","colorDark":"#00294f","band":1,"off":[1.7,1.1]}},{"type":"Feature","geometry":{"type":"Point","coordinates":[30.501343,50.402576]},"properties":{"name":"вул. Альпійська","band":1,"modes":"bus","arr":["28"],"off":[0,-0.8]}},{"type":"Feature","geometry":{"type":"Point","coordinates":[30.501343,50.402576]},"properties":{"line":"28","mode":"bus","color":"#0059a9","colorDark":"#00294f","band":1,"off":[0,1.1]}},{"type":"Feature","geometry":{"type":"Point","coordinates":[30.36137,50.547394]},"properties":{"name":"санаторій Лісова поляна","band":1,"modes":"bus","arr":["30"],"off":[0,-0.8]}},{"type":"Feature","geometry":{"type":"Point","coordinates":[30.36137,50.547394]},"properties":{"line":"30","mode":"bus","color":"#0059a9","colorDark":"#00294f","band":1,"off":[0,1.1]}},{"type":"Feature","geometry":{"type":"Point","coordinates":[30.34705,50.464415]},"properties":{"name":"вул. Єфремова","band":1,"modes":"bus","arr":["30"],"off":[0,-0.8]}},{"type":"Feature","geometry":{"type":"Point","coordinates":[30.34705,50.464415]},"properties":{"line":"30","mode":"bus","color":"#0059a9","colorDark":"#00294f","band":1,"off":[0,1.1]}},{"type":"Feature","geometry":{"type":"Point","coordinates":[30.467177,50.451728]},"properties":{"name":"ст.м. \"Політех інститут\"","band":1,"modes":"bus","arr":["31","118д"],"off":[0,-0.8]}},{"type":"Feature","geometry":{"type":"Point","coordinates":[30.467177,50.451728]},"properties":{"line":"31","mode":"bus","color":"#0059a9","colorDark":"#00294f","band":1,"off":[-1.7,1.1]}},{"type":"Feature","geometry":{"type":"Point","coordinates":[30.467177,50.451728]},"properties":{"line":"118д","mode":"bus","color":"#0059a9","colorDark":"#00294f","band":1,"off":[1.7,1.1]}},{"type":"Feature","geometry":{"type":"Point","coordinates":[30.485071,50.467951]},"properties":{"name":"вул. Татарська","band":1,"modes":"bus","arr":["31"],"off":[0,-0.8]}},{"type":"Feature","geometry":{"type":"Point","coordinates":[30.485071,50.467951]},"properties":{"line":"31","mode":"bus","color":"#0059a9","colorDark":"#00294f","band":1,"off":[0,1.1]}},{"type":"Feature","geometry":{"type":"Point","coordinates":[30.449183,50.521415]},"properties":{"name":"пл.Шевченка","band":1,"modes":"bus,tram","arr":["32","99","Тб18","Тб32","Тм19"],"off":[0,-0.8]}},{"type":"Feature","geometry":{"type":"Point","coordinates":[30.449183,50.521415]},"properties":{"name":"Литовський проспект","band":1,"modes":"bus,tram","arr":["32","99","Тб18","Тб32","Тм19"],"off":[0,-1.9]}},{"type":"Feature","geometry":{"type":"Point","coordinates":[30.449183,50.521415]},"properties":{"name":"вул. Сошенка","band":1,"modes":"bus,tram","arr":["32","99","Тб18","Тб32","Тм19"],"off":[0,-4.1]}},{"type":"Feature","geometry":{"type":"Point","coordinates":[30.449183,50.521415]},"properties":{"line":"32","mode":"bus","color":"#0059a9","colorDark":"#00294f","band":1,"off":[-6.8,1.1]}},{"type":"Feature","geometry":{"type":"Point","coordinates":[30.449183,50.521415]},"properties":{"line":"99","mode":"bus","color":"#0059a9","colorDark":"#00294f","band":1,"off":[-3.4,1.1]}},{"type":"Feature","geometry":{"type":"Point","coordinates":[30.449183,50.521415]},"properties":{"line":"Тб18","mode":"bus","color":"#149a3f","colorDark":"#0a5121","band":1,"off":[0,1.1],"lbl":"18"}},{"type":"Feature","geometry":{"type":"Point","coordinates":[30.449183,50.521415]},"properties":{"line":"Тб32","mode":"bus","color":"#149a3f","colorDark":"#0a5121","band":1,"off":[3.4,1.1],"lbl":"32"}},{"type":"Feature","geometry":{"type":"Point","coordinates":[30.449183,50.521415]},"properties":{"line":"Тм19","mode":"tram","color":"#d6212b","colorDark":"#7c1116","band":1,"off":[6.8,1.1],"lbl":"19"}},{"type":"Feature","geometry":{"type":"Point","coordinates":[30.643341,50.485359]},"properties":{"name":"м-в Лісовий (33)","band":1,"modes":"bus","arr":["33"],"off":[0,-0.8]}},{"type":"Feature","geometry":{"type":"Point","coordinates":[30.643341,50.485359]},"properties":{"line":"33","mode":"bus","color":"#0059a9","colorDark":"#00294f","band":1,"off":[0,1.1]}},{"type":"Feature","geometry":{"type":"Point","coordinates":[30.630723,50.459088]},"properties":{"name":"ст.м. \"Чернигівська\"","band":1,"modes":"bus","arr":["33т"],"off":[0,-0.8]}},{"type":"Feature","geometry":{"type":"Point","coordinates":[30.630723,50.459088]},"properties":{"line":"33т","mode":"bus","color":"#0059a9","colorDark":"#00294f","band":1,"off":[0,1.1]}},{"type":"Feature","geometry":{"type":"Point","coordinates":[30.681362,50.452009]},"properties":{"name":"ДВРЗ","band":1,"modes":"bus","arr":["33т"],"off":[0,-0.8]}},{"type":"Feature","geometry":{"type":"Point","coordinates":[30.681362,50.452009]},"properties":{"line":"33т","mode":"bus","color":"#0059a9","colorDark":"#00294f","band":1,"off":[0,1.1]}},{"type":"Feature","geometry":{"type":"Point","coordinates":[30.61045,50.420388]},"properties":{"name":"вул. Бабіча","band":1,"modes":"bus","arr":["35"],"off":[0,-0.8]}},{"type":"Feature","geometry":{"type":"Point","coordinates":[30.61045,50.420388]},"properties":{"line":"35","mode":"bus","color":"#0059a9","colorDark":"#00294f","band":1,"off":[0,1.1]}},{"type":"Feature","geometry":{"type":"Point","coordinates":[30.593617,50.375608]},"properties":{"name":"вул. Підлипка","band":1,"modes":"bus","arr":["35","35к"],"off":[0,-0.8]}},{"type":"Feature","geometry":{"type":"Point","coordinates":[30.593617,50.375608]},"properties":{"line":"35","mode":"bus","color":"#0059a9","colorDark":"#00294f","band":1,"off":[-1.7,1.1]}},{"type":"Feature","geometry":{"type":"Point","coordinates":[30.593617,50.375608]},"properties":{"line":"35к","mode":"bus","color":"#0059a9","colorDark":"#00294f","band":1,"off":[1.7,1.1]}},{"type":"Feature","geometry":{"type":"Point","coordinates":[30.603642,50.393089]},"properties":{"name":"ст.м. \"Славутич\"","band":1,"modes":"bus","arr":["35к","74"],"off":[0,-0.8]}},{"type":"Feature","geometry":{"type":"Point","coordinates":[30.603642,50.393089]},"properties":{"line":"35к","mode":"bus","color":"#0059a9","colorDark":"#00294f","band":1,"off":[-1.7,1.1]}},{"type":"Feature","geometry":{"type":"Point","coordinates":[30.603642,50.393089]},"properties":{"line":"74","mode":"bus","color":"#0059a9","colorDark":"#00294f","band":1,"off":[1.7,1.1]}},{"type":"Feature","geometry":{"type":"Point","coordinates":[30.616187,50.511767]},"properties":{"name":"вул. С. Лифаря","band":1,"modes":"bus","arr":["35т"],"off":[0,-0.8]}},{"type":"Feature","geometry":{"type":"Point","coordinates":[30.616187,50.511767]},"properties":{"line":"35т","mode":"bus","color":"#0059a9","colorDark":"#00294f","band":1,"off":[0,1.1]}},{"type":"Feature","geometry":{"type":"Point","coordinates":[30.448528,50.473311]},"properties":{"name":"ст.м. \"Дорогожичі\"","band":1,"modes":"bus","arr":["36","47"],"off":[0,-0.8]}},{"type":"Feature","geometry":{"type":"Point","coordinates":[30.448528,50.473311]},"properties":{"line":"36","mode":"bus","color":"#0059a9","colorDark":"#00294f","band":1,"off":[-1.7,1.1]}},{"type":"Feature","geometry":{"type":"Point","coordinates":[30.448528,50.473311]},"properties":{"line":"47","mode":"bus","color":"#0059a9","colorDark":"#00294f","band":1,"off":[1.7,1.1]}},{"type":"Feature","geometry":{"type":"Point","coordinates":[30.463647,50.491873]},"properties":{"name":"вул. Сирецька","band":1,"modes":"bus","arr":["36"],"off":[0,-0.8]}},{"type":"Feature","geometry":{"type":"Point","coordinates":[30.463647,50.491873]},"properties":{"line":"36","mode":"bus","color":"#0059a9","colorDark":"#00294f","band":1,"off":[0,1.1]}},{"type":"Feature","geometry":{"type":"Point","coordinates":[30.347028,50.459638]},"properties":{"name":"вул. Чорнобильська","band":1,"modes":"bus","arr":["36тр","97к","103","Тб7","Тб39"],"off":[0,-0.8]}},{"type":"Feature","geometry":{"type":"Point","coordinates":[30.347028,50.459638]},"properties":{"name":"вул. Чорноб","band":1,"modes":"bus","arr":["36тр","97к","103","Тб7","Тб39"],"off":[0,-1.9]}},{"type":"Feature","geometry":{"type":"Point","coordinates":[30.347028,50.459638]},"properties":{"line":"36тр","mode":"bus","color":"#0059a9","colorDark":"#00294f","band":1,"off":[-6.8,1.1]}},{"type":"Feature","geometry":{"type":"Point","coordinates":[30.347028,50.459638]},"properties":{"line":"97к","mode":"bus","color":"#0059a9","colorDark":"#00294f","band":1,"off":[-3.4,1.1]}},{"type":"Feature","geometry":{"type":"Point","coordinates":[30.347028,50.459638]},"properties":{"line":"103","mode":"bus","color":"#0059a9","colorDark":"#00294f","band":1,"off":[0,1.1]}},{"type":"Feature","geometry":{"type":"Point","coordinates":[30.347028,50.459638]},"properties":{"line":"Тб7","mode":"bus","color":"#149a3f","colorDark":"#0a5121","band":1,"off":[3.4,1.1],"lbl":"7"}},{"type":"Feature","geometry":{"type":"Point","coordinates":[30.347028,50.459638]},"properties":{"line":"Тб39","mode":"bus","color":"#149a3f","colorDark":"#0a5121","band":1,"off":[6.8,1.1],"lbl":"39"}},{"type":"Feature","geometry":{"type":"Point","coordinates":[30.516489,50.527492]},"properties":{"name":"вул. Північна","band":1,"modes":"bus","arr":["36тр","50","Тб24","Тб32","Тб34","Тб44"],"off":[0,-0.8]}},{"type":"Feature","geometry":{"type":"Point","coordinates":[30.516489,50.527492]},"properties":{"line":"36тр","mode":"bus","color":"#0059a9","colorDark":"#00294f","band":1,"off":[-6.8,1.1]}},{"type":"Feature","geometry":{"type":"Point","coordinates":[30.516489,50.527492]},"properties":{"line":"50","mode":"bus","color":"#0059a9","colorDark":"#00294f","band":1,"off":[-3.4,1.1]}},{"type":"Feature","geometry":{"type":"Point","coordinates":[30.516489,50.527492]},"properties":{"line":"Тб24","mode":"bus","color":"#149a3f","colorDark":"#0a5121","band":1,"off":[0,1.1],"lbl":"24"}},{"type":"Feature","geometry":{"type":"Point","coordinates":[30.516489,50.527492]},"properties":{"line":"Тб32","mode":"bus","color":"#149a3f","colorDark":"#0a5121","band":1,"off":[3.4,1.1],"lbl":"32"}},{"type":"Feature","geometry":{"type":"Point","coordinates":[30.516489,50.527492]},"properties":{"line":"Тб34","mode":"bus","color":"#149a3f","colorDark":"#0a5121","band":1,"off":[6.8,1.1],"lbl":"34"}},{"type":"Feature","geometry":{"type":"Point","coordinates":[30.516489,50.527492]},"properties":{"line":"Тб44","mode":"bus","color":"#149a3f","colorDark":"#0a5121","band":1,"off":[0,3.1],"lbl":"44"}},{"type":"Feature","geometry":{"type":"Point","coordinates":[30.283952,50.43153]},"properties":{"name":"ж/м Західний","band":1,"modes":"bus","arr":["37"],"off":[0,-0.8]}},{"type":"Feature","geometry":{"type":"Point","coordinates":[30.283952,50.43153]},"properties":{"line":"37","mode":"bus","color":"#0059a9","colorDark":"#00294f","band":1,"off":[0,1.1]}},{"type":"Feature","geometry":{"type":"Point","coordinates":[30.388632,50.45738]},"properties":{"name":"ст.м. Святошин","band":1,"modes":"bus","arr":["37","37а","90к","97","Тб41"],"off":[0,-0.8]}},{"type":"Feature","geometry":{"type":"Point","coordinates":[30.388632,50.45738]},"properties":{"name":"ст.м. \"Святошин\" (90)","band":1,"modes":"bus","arr":["37","37а","90к","97","Тб41"],"off":[0,-1.9]}},{"type":"Feature","geometry":{"type":"Point","coordinates":[30.388632,50.45738]},"properties":{"name":"ст.м. \"Святошин\"","band":1,"modes":"bus","arr":["37","37а","90к","97","Тб41"],"off":[0,-4.1]}},{"type":"Feature","geometry":{"type":"Point","coordinates":[30.388632,50.45738]},"properties":{"line":"37","mode":"bus","color":"#0059a9","colorDark":"#00294f","band":1,"off":[-6.8,1.1]}},{"type":"Feature","geometry":{"type":"Point","coordinates":[30.388632,50.45738]},"properties":{"line":"37а","mode":"bus","color":"#0059a9","colorDark":"#00294f","band":1,"off":[-3.4,1.1]}},{"type":"Feature","geometry":{"type":"Point","coordinates":[30.388632,50.45738]},"properties":{"line":"90к","mode":"bus","color":"#0059a9","colorDark":"#00294f","band":1,"off":[0,1.1]}},{"type":"Feature","geometry":{"type":"Point","coordinates":[30.388632,50.45738]},"properties":{"line":"97","mode":"bus","color":"#0059a9","colorDark":"#00294f","band":1,"off":[3.4,1.1]}},{"type":"Feature","geometry":{"type":"Point","coordinates":[30.388632,50.45738]},"properties":{"line":"Тб41","mode":"bus","color":"#149a3f","colorDark":"#0a5121","band":1,"off":[6.8,1.1],"lbl":"41"}},{"type":"Feature","geometry":{"type":"Point","coordinates":[30.306666,50.435753]},"properties":{"name":"с/к Чайка","band":1,"modes":"bus","arr":["37а"],"off":[0,-0.8]}},{"type":"Feature","geometry":{"type":"Point","coordinates":[30.306666,50.435753]},"properties":{"line":"37а","mode":"bus","color":"#0059a9","colorDark":"#00294f","band":1,"off":[0,1.1]}},{"type":"Feature","geometry":{"type":"Point","coordinates":[30.626437,50.522653]},"properties":{"name":"Поліклініка (Закр)","band":1,"modes":"bus","arr":["37Д"],"off":[0,-0.8]}},{"type":"Feature","geometry":{"type":"Point","coordinates":[30.626437,50.522653]},"properties":{"line":"37Д","mode":"bus","color":"#0059a9","colorDark":"#00294f","band":1,"off":[0,1.1]}},{"type":"Feature","geometry":{"type":"Point","coordinates":[30.620167,50.522867]},"properties":{"name":"Поліклініка (Закр)","band":1,"modes":"bus","arr":["37Д"],"off":[0,-0.8]}},{"type":"Feature","geometry":{"type":"Point","coordinates":[30.620167,50.522867]},"properties":{"line":"37Д","mode":"bus","color":"#0059a9","colorDark":"#00294f","band":1,"off":[0,1.1]}},{"type":"Feature","geometry":{"type":"Point","coordinates":[30.476646,50.340804]},"properties":{"name":"вул. Метрологічна","band":1,"modes":"bus","arr":["38"],"off":[0,-0.8]}},{"type":"Feature","geometry":{"type":"Point","coordinates":[30.476646,50.340804]},"properties":{"line":"38","mode":"bus","color":"#0059a9","colorDark":"#00294f","band":1,"off":[0,1.1]}},{"type":"Feature","geometry":{"type":"Point","coordinates":[30.511168,50.398496]},"properties":{"name":"ст.м. \"Голосіївська\"","band":1,"modes":"bus","arr":["39","91"],"off":[0,-0.8]}},{"type":"Feature","geometry":{"type":"Point","coordinates":[30.511168,50.398496]},"properties":{"line":"39","mode":"bus","color":"#0059a9","colorDark":"#00294f","band":1,"off":[-1.7,1.1]}},{"type":"Feature","geometry":{"type":"Point","coordinates":[30.511168,50.398496]},"properties":{"line":"91","mode":"bus","color":"#0059a9","colorDark":"#00294f","band":1,"off":[1.7,1.1]}},{"type":"Feature","geometry":{"type":"Point","coordinates":[30.545982,50.390139]},"properties":{"name":"пров. Лисогірський","band":1,"modes":"bus","arr":["39"],"off":[0,-0.8]}},{"type":"Feature","geometry":{"type":"Point","coordinates":[30.545982,50.390139]},"properties":{"line":"39","mode":"bus","color":"#0059a9","colorDark":"#00294f","band":1,"off":[0,1.1]}},{"type":"Feature","geometry":{"type":"Point","coordinates":[30.462876,50.566789]},"properties":{"name":"с. ДВС","band":1,"modes":"bus","arr":["40","41"],"off":[0,-0.8]}},{"type":"Feature","geometry":{"type":"Point","coordinates":[30.462876,50.566789]},"properties":{"line":"40","mode":"bus","color":"#0059a9","colorDark":"#00294f","band":1,"off":[-1.7,1.1]}},{"type":"Feature","geometry":{"type":"Point","coordinates":[30.462876,50.566789]},"properties":{"line":"41","mode":"bus","color":"#0059a9","colorDark":"#00294f","band":1,"off":[1.7,1.1]}},{"type":"Feature","geometry":{"type":"Point","coordinates":[30.497751,50.52245]},"properties":{"name":"ст.м.Героїв Дніпра","band":1,"modes":"bus,tram","arr":["40","41","73","Тм16"],"off":[0,-0.8]}},{"type":"Feature","geometry":{"type":"Point","coordinates":[30.497751,50.52245]},"properties":{"name":"ст.м. \"Героїв Дніпра\"","band":1,"modes":"bus,tram","arr":["40","41","73","Тм16"],"off":[0,-1.9]}},{"type":"Feature","geometry":{"type":"Point","coordinates":[30.497751,50.52245]},"properties":{"line":"40","mode":"bus","color":"#0059a9","colorDark":"#00294f","band":1,"off":[-5.1,1.1]}},{"type":"Feature","geometry":{"type":"Point","coordinates":[30.497751,50.52245]},"properties":{"line":"41","mode":"bus","color":"#0059a9","colorDark":"#00294f","band":1,"off":[-1.7,1.1]}},{"type":"Feature","geometry":{"type":"Point","coordinates":[30.497751,50.52245]},"properties":{"line":"73","mode":"bus","color":"#0059a9","colorDark":"#00294f","band":1,"off":[1.7,1.1]}},{"type":"Feature","geometry":{"type":"Point","coordinates":[30.497751,50.52245]},"properties":{"line":"Тм16","mode":"tram","color":"#d6212b","colorDark":"#7c1116","band":1,"off":[5.1,1.1],"lbl":"16"}},{"type":"Feature","geometry":{"type":"Point","coordinates":[30.626145,50.386486]},"properties":{"name":"вул. Чавдар","band":1,"modes":"bus","arr":["42"],"off":[0,-0.8]}},{"type":"Feature","geometry":{"type":"Point","coordinates":[30.626145,50.386486]},"properties":{"line":"42","mode":"bus","color":"#0059a9","colorDark":"#00294f","band":1,"off":[0,1.1]}},{"type":"Feature","geometry":{"type":"Point","coordinates":[30.590655,50.462721]},"properties":{"name":"Микольська Слободка","band":1,"modes":"bus","arr":["42"],"off":[0,-0.8]}},{"type":"Feature","geometry":{"type":"Point","coordinates":[30.590655,50.462721]},"properties":{"line":"42","mode":"bus","color":"#0059a9","colorDark":"#00294f","band":1,"off":[0,1.1]}},{"type":"Feature","geometry":{"type":"Point","coordinates":[30.643935,50.225918]},"properties":{"name":"селище Козин","band":1,"modes":"bus","arr":["43"],"off":[0,-0.8]}},{"type":"Feature","geometry":{"type":"Point","coordinates":[30.643935,50.225918]},"properties":{"line":"43","mode":"bus","color":"#0059a9","colorDark":"#00294f","band":1,"off":[0,1.1]}},{"type":"Feature","geometry":{"type":"Point","coordinates":[30.558298,50.402734]},"properties":{"name":"ст.м. Видубичі","band":1,"modes":"bus","arr":["43","43к","54","Тб15","Тб38"],"off":[0,-0.8]}},{"type":"Feature","geometry":{"type":"Point","coordinates":[30.558298,50.402734]},"properties":{"name":"ст.м. \"Видубичі\"","band":1,"modes":"bus","arr":["43","43к","54","Тб15","Тб38"],"off":[0,-1.9]}},{"type":"Feature","geometry":{"type":"Point","coordinates":[30.558298,50.402734]},"properties":{"line":"43","mode":"bus","color":"#0059a9","colorDark":"#00294f","band":1,"off":[-6.8,1.1]}},{"type":"Feature","geometry":{"type":"Point","coordinates":[30.558298,50.402734]},"properties":{"line":"43к","mode":"bus","color":"#0059a9","colorDark":"#00294f","band":1,"off":[-3.4,1.1]}},{"type":"Feature","geometry":{"type":"Point","coordinates":[30.558298,50.402734]},"properties":{"line":"54","mode":"bus","color":"#0059a9","colorDark":"#00294f","band":1,"off":[0,1.1]}},{"type":"Feature","geometry":{"type":"Point","coordinates":[30.558298,50.402734]},"properties":{"line":"Тб15","mode":"bus","color":"#149a3f","colorDark":"#0a5121","band":1,"off":[3.4,1.1],"lbl":"15"}},{"type":"Feature","geometry":{"type":"Point","coordinates":[30.558298,50.402734]},"properties":{"line":"Тб38","mode":"bus","color":"#149a3f","colorDark":"#0a5121","band":1,"off":[6.8,1.1],"lbl":"38"}},{"type":"Feature","geometry":{"type":"Point","coordinates":[30.581216,50.296631]},"properties":{"name":"сан. Конча-Заспа","band":1,"modes":"bus","arr":["43к"],"off":[0,-0.8]}},{"type":"Feature","geometry":{"type":"Point","coordinates":[30.581216,50.296631]},"properties":{"line":"43к","mode":"bus","color":"#0059a9","colorDark":"#00294f","band":1,"off":[0,1.1]}},{"type":"Feature","geometry":{"type":"Point","coordinates":[30.603937,50.422102]},"properties":{"name":"ст. Березняки (95)","band":1,"modes":"bus","arr":["44","49","95"],"off":[0,-0.8]}},{"type":"Feature","geometry":{"type":"Point","coordinates":[30.603937,50.422102]},"properties":{"name":"ст. Березняки","band":1,"modes":"bus","arr":["44","49","95"],"off":[0,-1.9]}},{"type":"Feature","geometry":{"type":"Point","coordinates":[30.603937,50.422102]},"properties":{"line":"44","mode":"bus","color":"#0059a9","colorDark":"#00294f","band":1,"off":[-3.4,1.1]}},{"type":"Feature","geometry":{"type":"Point","coordinates":[30.603937,50.422102]},"properties":{"line":"49","mode":"bus","color":"#0059a9","colorDark":"#00294f","band":1,"off":[0,1.1]}},{"type":"Feature","geometry":{"type":"Point","coordinates":[30.603937,50.422102]},"properties":{"line":"95","mode":"bus","color":"#0059a9","colorDark":"#00294f","band":1,"off":[3.4,1.1]}},{"type":"Feature","geometry":{"type":"Point","coordinates":[30.613888,50.455606]},"properties":{"name":"ст.м. \"Дарниця\"","band":1,"modes":"bus","arr":["45"],"off":[0,-0.8]}},{"type":"Feature","geometry":{"type":"Point","coordinates":[30.613888,50.455606]},"properties":{"line":"45","mode":"bus","color":"#0059a9","colorDark":"#00294f","band":1,"off":[0,1.1]}},{"type":"Feature","geometry":{"type":"Point","coordinates":[30.636758,50.390557]},"properties":{"name":"просп. Григоренка","band":1,"modes":"bus","arr":["45"],"off":[0,-0.8]}},{"type":"Feature","geometry":{"type":"Point","coordinates":[30.636758,50.390557]},"properties":{"line":"45","mode":"bus","color":"#0059a9","colorDark":"#00294f","band":1,"off":[0,1.1]}},{"type":"Feature","geometry":{"type":"Point","coordinates":[30.598402,50.45164]},"properties":{"name":"ст.м. \"Лівобережна\"","band":1,"modes":"bus","arr":["46","48","49","70Д"],"off":[0,-0.8]}},{"type":"Feature","geometry":{"type":"Point","coordinates":[30.598402,50.45164]},"properties":{"line":"46","mode":"bus","color":"#0059a9","colorDark":"#00294f","band":1,"off":[-5.1,1.1]}},{"type":"Feature","geometry":{"type":"Point","coordinates":[30.598402,50.45164]},"properties":{"line":"48","mode":"bus","color":"#0059a9","colorDark":"#00294f","band":1,"off":[-1.7,1.1]}},{"type":"Feature","geometry":{"type":"Point","coordinates":[30.598402,50.45164]},"properties":{"line":"49","mode":"bus","color":"#0059a9","colorDark":"#00294f","band":1,"off":[1.7,1.1]}},{"type":"Feature","geometry":{"type":"Point","coordinates":[30.598402,50.45164]},"properties":{"line":"70Д","mode":"bus","color":"#0059a9","colorDark":"#00294f","band":1,"off":[5.1,1.1]}},{"type":"Feature","geometry":{"type":"Point","coordinates":[30.608304,50.488048]},"properties":{"name":"вул. Микитенко","band":1,"modes":"bus","arr":["46","112"],"off":[0,-0.8]}},{"type":"Feature","geometry":{"type":"Point","coordinates":[30.608304,50.488048]},"properties":{"line":"46","mode":"bus","color":"#0059a9","colorDark":"#00294f","band":1,"off":[-1.7,1.1]}},{"type":"Feature","geometry":{"type":"Point","coordinates":[30.608304,50.488048]},"properties":{"line":"112","mode":"bus","color":"#0059a9","colorDark":"#00294f","band":1,"off":[1.7,1.1]}},{"type":"Feature","geometry":{"type":"Point","coordinates":[30.594708,50.432938]},"properties":{"name":"готель Славутич","band":1,"modes":"bus","arr":["48"],"off":[0,-0.8]}},{"type":"Feature","geometry":{"type":"Point","coordinates":[30.594708,50.432938]},"properties":{"line":"48","mode":"bus","color":"#0059a9","colorDark":"#00294f","band":1,"off":[0,1.1]}},{"type":"Feature","geometry":{"type":"Point","coordinates":[30.695179,50.40903]},"properties":{"name":"ст.м. \"Червоний хутір\"","band":1,"modes":"bus","arr":["51","63"],"off":[0,-0.8]}},{"type":"Feature","geometry":{"type":"Point","coordinates":[30.695179,50.40903]},"properties":{"line":"51","mode":"bus","color":"#0059a9","colorDark":"#00294f","band":1,"off":[-1.7,1.1]}},{"type":"Feature","geometry":{"type":"Point","coordinates":[30.695179,50.40903]},"properties":{"line":"63","mode":"bus","color":"#0059a9","colorDark":"#00294f","band":1,"off":[1.7,1.1]}},{"type":"Feature","geometry":{"type":"Point","coordinates":[30.517035,50.371074]},"properties":{"name":"вул. Закарпатська","band":1,"modes":"bus","arr":["52"],"off":[0,-0.8]}},{"type":"Feature","geometry":{"type":"Point","coordinates":[30.517035,50.371074]},"properties":{"line":"52","mode":"bus","color":"#0059a9","colorDark":"#00294f","band":1,"off":[0,1.1]}},{"type":"Feature","geometry":{"type":"Point","coordinates":[30.529758,50.475213]},"properties":{"name":"Рибальський п-ов","band":1,"modes":"bus","arr":["53"],"off":[0,-0.8]}},{"type":"Feature","geometry":{"type":"Point","coordinates":[30.529758,50.475213]},"properties":{"line":"53","mode":"bus","color":"#0059a9","colorDark":"#00294f","band":1,"off":[0,1.1]}},{"type":"Feature","geometry":{"type":"Point","coordinates":[30.516523,50.465727]},"properties":{"name":"ст.м. Контрактова пл.","band":1,"modes":"bus,tram","arr":["53","62","72","115","119","Тм11","Тм12","Тм14","Тм16","Тм18","Тм19"],"off":[0,-0.8]}},{"type":"Feature","geometry":{"type":"Point","coordinates":[30.516523,50.465727]},"properties":{"name":"Контрактова пл.","band":1,"modes":"bus,tram","arr":["53","62","72","115","119","Тм11","Тм12","Тм14","Тм16","Тм18","Тм19"],"off":[0,-3]}},{"type":"Feature","geometry":{"type":"Point","coordinates":[30.516523,50.465727]},"properties":{"name":"Контр. пл. (62)","band":1,"modes":"bus,tram","arr":["53","62","72","115","119","Тм11","Тм12","Тм14","Тм16","Тм18","Тм19"],"off":[0,-4.1]}},{"type":"Feature","geometry":{"type":"Point","coordinates":[30.516523,50.465727]},"properties":{"line":"53","mode":"bus","color":"#0059a9","colorDark":"#00294f","band":1,"off":[-6.8,1.1]}},{"type":"Feature","geometry":{"type":"Point","coordinates":[30.516523,50.465727]},"properties":{"line":"62","mode":"bus","color":"#0059a9","colorDark":"#00294f","band":1,"off":[-3.4,1.1]}},{"type":"Feature","geometry":{"type":"Point","coordinates":[30.516523,50.465727]},"properties":{"line":"72","mode":"bus","color":"#0059a9","colorDark":"#00294f","band":1,"off":[0,1.1]}},{"type":"Feature","geometry":{"type":"Point","coordinates":[30.516523,50.465727]},"properties":{"line":"115","mode":"bus","color":"#0059a9","colorDark":"#00294f","band":1,"off":[3.4,1.1]}},{"type":"Feature","geometry":{"type":"Point","coordinates":[30.516523,50.465727]},"properties":{"line":"119","mode":"bus","color":"#0059a9","colorDark":"#00294f","band":1,"off":[6.8,1.1]}},{"type":"Feature","geometry":{"type":"Point","coordinates":[30.516523,50.465727]},"properties":{"line":"Тм11","mode":"tram","color":"#d6212b","colorDark":"#7c1116","band":1,"off":[-6.8,3.1],"lbl":"11"}},{"type":"Feature","geometry":{"type":"Point","coordinates":[30.516523,50.465727]},"properties":{"line":"Тм12","mode":"tram","color":"#d6212b","colorDark":"#7c1116","band":1,"off":[-3.4,3.1],"lbl":"12"}},{"type":"Feature","geometry":{"type":"Point","coordinates":[30.516523,50.465727]},"properties":{"line":"Тм14","mode":"tram","color":"#d6212b","colorDark":"#7c1116","band":1,"off":[0,3.1],"lbl":"14"}},{"type":"Feature","geometry":{"type":"Point","coordinates":[30.516523,50.465727]},"properties":{"line":"Тм16","mode":"tram","color":"#d6212b","colorDark":"#7c1116","band":1,"off":[3.4,3.1],"lbl":"16"}},{"type":"Feature","geometry":{"type":"Point","coordinates":[30.516523,50.465727]},"properties":{"line":"Тм18","mode":"tram","color":"#d6212b","colorDark":"#7c1116","band":1,"off":[6.8,3.1],"lbl":"18"}},{"type":"Feature","geometry":{"type":"Point","coordinates":[30.516523,50.465727]},"properties":{"line":"Тм19","mode":"tram","color":"#d6212b","colorDark":"#7c1116","band":1,"off":[0,5.1],"lbl":"19"}},{"type":"Feature","geometry":{"type":"Point","coordinates":[30.573354,50.388629]},"properties":{"name":"пл. Михайла Співака","band":1,"modes":"bus","arr":["54"],"off":[0,-0.8]}},{"type":"Feature","geometry":{"type":"Point","coordinates":[30.573354,50.388629]},"properties":{"line":"54","mode":"bus","color":"#0059a9","colorDark":"#00294f","band":1,"off":[0,1.1]}},{"type":"Feature","geometry":{"type":"Point","coordinates":[30.561818,50.400446]},"properties":{"name":"ст.м. \"Видубичі\"","band":1,"modes":"bus","arr":["54"],"off":[0,-0.8]}},{"type":"Feature","geometry":{"type":"Point","coordinates":[30.561818,50.400446]},"properties":{"line":"54","mode":"bus","color":"#0059a9","colorDark":"#00294f","band":1,"off":[0,1.1]}},{"type":"Feature","geometry":{"type":"Point","coordinates":[30.365397,50.495892]},"properties":{"name":"Гіпермаркет","band":1,"modes":"bus","arr":["56"],"off":[0,-0.8]}},{"type":"Feature","geometry":{"type":"Point","coordinates":[30.365397,50.495892]},"properties":{"line":"56","mode":"bus","color":"#0059a9","colorDark":"#00294f","band":1,"off":[0,1.1]}},{"type":"Feature","geometry":{"type":"Point","coordinates":[30.477837,50.381726]},"properties":{"name":"ст.м. Виставковий центр","band":1,"modes":"bus","arr":["56","58","75","Тб45"],"off":[0,-0.8]}},{"type":"Feature","geometry":{"type":"Point","coordinates":[30.477837,50.381726]},"properties":{"name":"ст.м. \"Виставковий центр\"","band":1,"modes":"bus","arr":["56","58","75","Тб45"],"off":[0,-3]}},{"type":"Feature","geometry":{"type":"Point","coordinates":[30.477837,50.381726]},"properties":{"line":"56","mode":"bus","color":"#0059a9","colorDark":"#00294f","band":1,"off":[-5.1,1.1]}},{"type":"Feature","geometry":{"type":"Point","coordinates":[30.477837,50.381726]},"properties":{"line":"58","mode":"bus","color":"#0059a9","colorDark":"#00294f","band":1,"off":[-1.7,1.1]}},{"type":"Feature","geometry":{"type":"Point","coordinates":[30.477837,50.381726]},"properties":{"line":"75","mode":"bus","color":"#0059a9","colorDark":"#00294f","band":1,"off":[1.7,1.1]}},{"type":"Feature","geometry":{"type":"Point","coordinates":[30.477837,50.381726]},"properties":{"line":"Тб45","mode":"bus","color":"#149a3f","colorDark":"#0a5121","band":1,"off":[5.1,1.1],"lbl":"45"}},{"type":"Feature","geometry":{"type":"Point","coordinates":[30.355565,50.464006]},"properties":{"name":"ст.м. \"Академмістечко\"","band":1,"modes":"bus","arr":["57"],"off":[0,-0.8]}},{"type":"Feature","geometry":{"type":"Point","coordinates":[30.355565,50.464006]},"properties":{"line":"57","mode":"bus","color":"#0059a9","colorDark":"#00294f","band":1,"off":[0,1.1]}},{"type":"Feature","geometry":{"type":"Point","coordinates":[30.54984,50.338593]},"properties":{"name":"Авторинок","band":1,"modes":"bus","arr":["57"],"off":[0,-0.8]}},{"type":"Feature","geometry":{"type":"Point","coordinates":[30.54984,50.338593]},"properties":{"line":"57","mode":"bus","color":"#0059a9","colorDark":"#00294f","band":1,"off":[0,1.1]}},{"type":"Feature","geometry":{"type":"Point","coordinates":[30.504355,50.353359]},"properties":{"name":"Музей Арх","band":1,"modes":"bus","arr":["58"],"off":[0,-0.8]}},{"type":"Feature","geometry":{"type":"Point","coordinates":[30.504355,50.353359]},"properties":{"line":"58","mode":"bus","color":"#0059a9","colorDark":"#00294f","band":1,"off":[0,1.1]}},{"type":"Feature","geometry":{"type":"Point","coordinates":[30.471412,50.378695]},"properties":{"name":"ст.м. \"Виставковий центр\"","band":1,"modes":"bus","arr":["58"],"off":[0,-0.8]}},{"type":"Feature","geometry":{"type":"Point","coordinates":[30.471412,50.378695]},"properties":{"line":"58","mode":"bus","color":"#0059a9","colorDark":"#00294f","band":1,"off":[0,1.1]}},{"type":"Feature","geometry":{"type":"Point","coordinates":[30.556335,50.415292]},"properties":{"name":"Ботанічний сад","band":1,"modes":"bus","arr":["62","Тб14"],"off":[0,-0.8]}},{"type":"Feature","geometry":{"type":"Point","coordinates":[30.556335,50.415292]},"properties":{"line":"62","mode":"bus","color":"#0059a9","colorDark":"#00294f","band":1,"off":[-1.7,1.1]}},{"type":"Feature","geometry":{"type":"Point","coordinates":[30.556335,50.415292]},"properties":{"line":"Тб14","mode":"bus","color":"#149a3f","colorDark":"#0a5121","band":1,"off":[1.7,1.1],"lbl":"14"}},{"type":"Feature","geometry":{"type":"Point","coordinates":[30.629745,50.488547]},"properties":{"name":"вул. Космонавта Поповича","band":1,"modes":"bus","arr":["63"],"off":[0,-0.8]}},{"type":"Feature","geometry":{"type":"Point","coordinates":[30.629745,50.488547]},"properties":{"line":"63","mode":"bus","color":"#0059a9","colorDark":"#00294f","band":1,"off":[0,1.1]}},{"type":"Feature","geometry":{"type":"Point","coordinates":[30.375977,50.420507]},"properties":{"name":"вул. Л-Вольгемут","band":1,"modes":"bus","arr":["69"],"off":[0,-0.8]}},{"type":"Feature","geometry":{"type":"Point","coordinates":[30.375977,50.420507]},"properties":{"line":"69","mode":"bus","color":"#0059a9","colorDark":"#00294f","band":1,"off":[0,1.1]}},{"type":"Feature","geometry":{"type":"Point","coordinates":[30.408419,50.508064]},"properties":{"name":"М-в Синьозерний","band":1,"modes":"bus","arr":["72"],"off":[0,-0.8]}},{"type":"Feature","geometry":{"type":"Point","coordinates":[30.408419,50.508064]},"properties":{"line":"72","mode":"bus","color":"#0059a9","colorDark":"#00294f","band":1,"off":[0,1.1]}},{"type":"Feature","geometry":{"type":"Point","coordinates":[30.621965,50.342667]},"properties":{"name":"вул. Центральна","band":1,"modes":"bus","arr":["74"],"off":[0,-0.8]}},{"type":"Feature","geometry":{"type":"Point","coordinates":[30.621965,50.342667]},"properties":{"line":"74","mode":"bus","color":"#0059a9","colorDark":"#00294f","band":1,"off":[0,1.1]}},{"type":"Feature","geometry":{"type":"Point","coordinates":[30.45597,50.392244]},"properties":{"name":"вул. Гуляницького","band":1,"modes":"bus","arr":["75"],"off":[0,-0.8]}},{"type":"Feature","geometry":{"type":"Point","coordinates":[30.45597,50.392244]},"properties":{"line":"75","mode":"bus","color":"#0059a9","colorDark":"#00294f","band":1,"off":[0,1.1]}},{"type":"Feature","geometry":{"type":"Point","coordinates":[30.623435,50.502671]},"properties":{"name":"Лісове кладовище","band":1,"modes":"bus","arr":["77"],"off":[0,-0.8]}},{"type":"Feature","geometry":{"type":"Point","coordinates":[30.623435,50.502671]},"properties":{"line":"77","mode":"bus","color":"#0059a9","colorDark":"#00294f","band":1,"off":[0,1.1]}},{"type":"Feature","geometry":{"type":"Point","coordinates":[30.455996,50.421434]},"properties":{"name":"Держав. Адміістрація","band":1,"modes":"bus","arr":["78","Тб8"],"off":[0,-0.8]}},{"type":"Feature","geometry":{"type":"Point","coordinates":[30.455996,50.421434]},"properties":{"name":"вул. Смілянська","band":1,"modes":"bus","arr":["78","Тб8"],"off":[0,-3]}},{"type":"Feature","geometry":{"type":"Point","coordinates":[30.455996,50.421434]},"properties":{"line":"78","mode":"bus","color":"#0059a9","colorDark":"#00294f","band":1,"off":[-1.7,1.1]}},{"type":"Feature","geometry":{"type":"Point","coordinates":[30.455996,50.421434]},"properties":{"line":"Тб8","mode":"bus","color":"#149a3f","colorDark":"#0a5121","band":1,"off":[1.7,1.1],"lbl":"8"}},{"type":"Feature","geometry":{"type":"Point","coordinates":[30.585302,50.506698]},"properties":{"name":"вул. Каштанова","band":1,"modes":"bus","arr":["79"],"off":[0,-0.8]}},{"type":"Feature","geometry":{"type":"Point","coordinates":[30.585302,50.506698]},"properties":{"line":"79","mode":"bus","color":"#0059a9","colorDark":"#00294f","band":1,"off":[0,1.1]}},{"type":"Feature","geometry":{"type":"Point","coordinates":[30.643426,50.486791]},"properties":{"name":"Лісовий м-в (81)","band":1,"modes":"bus","arr":["81"],"off":[0,-0.8]}},{"type":"Feature","geometry":{"type":"Point","coordinates":[30.643426,50.486791]},"properties":{"line":"81","mode":"bus","color":"#0059a9","colorDark":"#00294f","band":1,"off":[0,1.1]}},{"type":"Feature","geometry":{"type":"Point","coordinates":[30.590116,50.459456]},"properties":{"name":"вул. Шептицького","band":1,"modes":"bus","arr":["87","108"],"off":[0,-0.8]}},{"type":"Feature","geometry":{"type":"Point","coordinates":[30.590116,50.459456]},"properties":{"line":"87","mode":"bus","color":"#0059a9","colorDark":"#00294f","band":1,"off":[-1.7,1.1]}},{"type":"Feature","geometry":{"type":"Point","coordinates":[30.590116,50.459456]},"properties":{"line":"108","mode":"bus","color":"#0059a9","colorDark":"#00294f","band":1,"off":[1.7,1.1]}},{"type":"Feature","geometry":{"type":"Point","coordinates":[30.61574,50.395451]},"properties":{"name":"ст.м. \"Осокорки\"","band":1,"modes":"bus","arr":["87"],"off":[0,-0.8]}},{"type":"Feature","geometry":{"type":"Point","coordinates":[30.61574,50.395451]},"properties":{"line":"87","mode":"bus","color":"#0059a9","colorDark":"#00294f","band":1,"off":[0,1.1]}},{"type":"Feature","geometry":{"type":"Point","coordinates":[30.396402,50.411695]},"properties":{"name":"вул. Г-Барського","band":1,"modes":"bus","arr":["90"],"off":[0,-0.8]}},{"type":"Feature","geometry":{"type":"Point","coordinates":[30.396402,50.411695]},"properties":{"line":"90","mode":"bus","color":"#0059a9","colorDark":"#00294f","band":1,"off":[0,1.1]}},{"type":"Feature","geometry":{"type":"Point","coordinates":[30.40432,50.482336]},"properties":{"name":"пл. В.Марченка","band":1,"modes":"bus","arr":["90","90к"],"off":[0,-0.8]}},{"type":"Feature","geometry":{"type":"Point","coordinates":[30.40432,50.482336]},"properties":{"line":"90","mode":"bus","color":"#0059a9","colorDark":"#00294f","band":1,"off":[-1.7,1.1]}},{"type":"Feature","geometry":{"type":"Point","coordinates":[30.40432,50.482336]},"properties":{"line":"90к","mode":"bus","color":"#0059a9","colorDark":"#00294f","band":1,"off":[1.7,1.1]}},{"type":"Feature","geometry":{"type":"Point","coordinates":[30.640495,50.411697]},"properties":{"name":"вул. Ахматової (Р-к Позн)","band":1,"modes":"bus","arr":["91"],"off":[0,-0.8]}},{"type":"Feature","geometry":{"type":"Point","coordinates":[30.640495,50.411697]},"properties":{"line":"91","mode":"bus","color":"#0059a9","colorDark":"#00294f","band":1,"off":[0,1.1]}},{"type":"Feature","geometry":{"type":"Point","coordinates":[30.337112,50.470352]},"properties":{"name":"м-в Новобіличі (ринок)","band":1,"modes":"bus","arr":["97","97к"],"off":[0,-0.8]}},{"type":"Feature","geometry":{"type":"Point","coordinates":[30.337112,50.470352]},"properties":{"line":"97","mode":"bus","color":"#0059a9","colorDark":"#00294f","band":1,"off":[-1.7,1.1]}},{"type":"Feature","geometry":{"type":"Point","coordinates":[30.337112,50.470352]},"properties":{"line":"97к","mode":"bus","color":"#0059a9","colorDark":"#00294f","band":1,"off":[1.7,1.1]}},{"type":"Feature","geometry":{"type":"Point","coordinates":[30.664761,50.529657]},"properties":{"name":"ТЕЦ-6","band":1,"modes":"bus","arr":["98"],"off":[0,-0.8]}},{"type":"Feature","geometry":{"type":"Point","coordinates":[30.664761,50.529657]},"properties":{"line":"98","mode":"bus","color":"#0059a9","colorDark":"#00294f","band":1,"off":[0,1.1]}},{"type":"Feature","geometry":{"type":"Point","coordinates":[30.496891,50.512261]},"properties":{"name":"ст.м. Мінська","band":1,"modes":"bus","arr":["99","Тб47"],"off":[0,-0.8]}},{"type":"Feature","geometry":{"type":"Point","coordinates":[30.496891,50.512261]},"properties":{"name":"ст.м. \"Мінська\"","band":1,"modes":"bus","arr":["99","Тб47"],"off":[0,-1.9]}},{"type":"Feature","geometry":{"type":"Point","coordinates":[30.496891,50.512261]},"properties":{"line":"99","mode":"bus","color":"#0059a9","colorDark":"#00294f","band":1,"off":[-1.7,1.1]}},{"type":"Feature","geometry":{"type":"Point","coordinates":[30.496891,50.512261]},"properties":{"line":"Тб47","mode":"bus","color":"#149a3f","colorDark":"#0a5121","band":1,"off":[1.7,1.1],"lbl":"47"}},{"type":"Feature","geometry":{"type":"Point","coordinates":[30.515556,50.495941]},"properties":{"name":"к-тр Братислава","band":1,"modes":"bus","arr":["102А"],"off":[0,-0.8]}},{"type":"Feature","geometry":{"type":"Point","coordinates":[30.515556,50.495941]},"properties":{"line":"102А","mode":"bus","color":"#0059a9","colorDark":"#00294f","band":1,"off":[0,1.1]}},{"type":"Feature","geometry":{"type":"Point","coordinates":[30.420328,50.504954]},"properties":{"name":"мкр Варш","band":1,"modes":"bus","arr":["102А"],"off":[0,-0.8]}},{"type":"Feature","geometry":{"type":"Point","coordinates":[30.420328,50.504954]},"properties":{"line":"102А","mode":"bus","color":"#0059a9","colorDark":"#00294f","band":1,"off":[0,1.1]}},{"type":"Feature","geometry":{"type":"Point","coordinates":[30.427759,50.510977]},"properties":{"name":"ж/м Виноградар","band":1,"modes":"bus","arr":["103"],"off":[0,-0.8]}},{"type":"Feature","geometry":{"type":"Point","coordinates":[30.427759,50.510977]},"properties":{"line":"103","mode":"bus","color":"#0059a9","colorDark":"#00294f","band":1,"off":[0,1.1]}},{"type":"Feature","geometry":{"type":"Point","coordinates":[30.684635,50.362855]},"properties":{"name":"ФАП","band":1,"modes":"bus","arr":["104"],"off":[0,-0.8]}},{"type":"Feature","geometry":{"type":"Point","coordinates":[30.684635,50.362855]},"properties":{"line":"104","mode":"bus","color":"#0059a9","colorDark":"#00294f","band":1,"off":[0,1.1]}},{"type":"Feature","geometry":{"type":"Point","coordinates":[30.654417,50.404345]},"properties":{"name":"м. Харківська","band":1,"modes":"bus","arr":["104","108","109"],"off":[0,-0.8]}},{"type":"Feature","geometry":{"type":"Point","coordinates":[30.654417,50.404345]},"properties":{"line":"104","mode":"bus","color":"#0059a9","colorDark":"#00294f","band":1,"off":[-3.4,1.1]}},{"type":"Feature","geometry":{"type":"Point","coordinates":[30.654417,50.404345]},"properties":{"line":"108","mode":"bus","color":"#0059a9","colorDark":"#00294f","band":1,"off":[0,1.1]}},{"type":"Feature","geometry":{"type":"Point","coordinates":[30.654417,50.404345]},"properties":{"line":"109","mode":"bus","color":"#0059a9","colorDark":"#00294f","band":1,"off":[3.4,1.1]}},{"type":"Feature","geometry":{"type":"Point","coordinates":[30.772198,50.404229]},"properties":{"name":"Бориспільське шосе","band":1,"modes":"bus","arr":["105"],"off":[0,-0.8]}},{"type":"Feature","geometry":{"type":"Point","coordinates":[30.772198,50.404229]},"properties":{"line":"105","mode":"bus","color":"#0059a9","colorDark":"#00294f","band":1,"off":[0,1.1]}},{"type":"Feature","geometry":{"type":"Point","coordinates":[30.518582,50.445197]},"properties":{"name":"м. Театральна","band":1,"modes":"bus","arr":["109"],"off":[0,-0.8]}},{"type":"Feature","geometry":{"type":"Point","coordinates":[30.518582,50.445197]},"properties":{"line":"109","mode":"bus","color":"#0059a9","colorDark":"#00294f","band":1,"off":[0,1.1]}},{"type":"Feature","geometry":{"type":"Point","coordinates":[30.658151,50.428522]},"properties":{"name":"Будинок культури","band":1,"modes":"bus","arr":["115"],"off":[0,-0.8]}},{"type":"Feature","geometry":{"type":"Point","coordinates":[30.658151,50.428522]},"properties":{"line":"115","mode":"bus","color":"#0059a9","colorDark":"#00294f","band":1,"off":[0,1.1]}},{"type":"Feature","geometry":{"type":"Point","coordinates":[30.457363,50.37884]},"properties":{"name":"вул. Касіяна","band":1,"modes":"bus","arr":["119"],"off":[0,-0.8]}},{"type":"Feature","geometry":{"type":"Point","coordinates":[30.457363,50.37884]},"properties":{"line":"119","mode":"bus","color":"#0059a9","colorDark":"#00294f","band":1,"off":[0,1.1]}},{"type":"Feature","geometry":{"type":"Point","coordinates":[30.444196,50.361506]},"properties":{"name":"Кібцентр","band":1,"modes":"bus","arr":["120","Тб43"],"off":[0,-0.8]}},{"type":"Feature","geometry":{"type":"Point","coordinates":[30.444196,50.361506]},"properties":{"name":"Кібернитичний центр","band":1,"modes":"bus","arr":["120","Тб43"],"off":[0,-1.9]}},{"type":"Feature","geometry":{"type":"Point","coordinates":[30.444196,50.361506]},"properties":{"line":"120","mode":"bus","color":"#0059a9","colorDark":"#00294f","band":1,"off":[-1.7,1.1]}},{"type":"Feature","geometry":{"type":"Point","coordinates":[30.444196,50.361506]},"properties":{"line":"Тб43","mode":"bus","color":"#149a3f","colorDark":"#0a5121","band":1,"off":[1.7,1.1],"lbl":"43"}},{"type":"Feature","geometry":{"type":"Point","coordinates":[30.534363,50.379517]},"properties":{"name":"Багринова гора","band":1,"modes":"bus","arr":["Тб1","Тб11"],"off":[0,-0.8]}},{"type":"Feature","geometry":{"type":"Point","coordinates":[30.534363,50.379517]},"properties":{"line":"Тб1","mode":"bus","color":"#149a3f","colorDark":"#0a5121","band":1,"off":[-1.7,1.1],"lbl":"1"}},{"type":"Feature","geometry":{"type":"Point","coordinates":[30.534363,50.379517]},"properties":{"line":"Тб11","mode":"bus","color":"#149a3f","colorDark":"#0a5121","band":1,"off":[1.7,1.1],"lbl":"11"}},{"type":"Feature","geometry":{"type":"Point","coordinates":[30.520569,50.436886]},"properties":{"name":"ст.м. Палац спорту","band":1,"modes":"bus","arr":["Тб3","Тб15","Тб40"],"off":[0,-0.8]}},{"type":"Feature","geometry":{"type":"Point","coordinates":[30.520569,50.436886]},"properties":{"line":"Тб3","mode":"bus","color":"#149a3f","colorDark":"#0a5121","band":1,"off":[-3.4,1.1],"lbl":"3"}},{"type":"Feature","geometry":{"type":"Point","coordinates":[30.520569,50.436886]},"properties":{"line":"Тб15","mode":"bus","color":"#149a3f","colorDark":"#0a5121","band":1,"off":[0,1.1],"lbl":"15"}},{"type":"Feature","geometry":{"type":"Point","coordinates":[30.520569,50.436886]},"properties":{"line":"Тб40","mode":"bus","color":"#149a3f","colorDark":"#0a5121","band":1,"off":[3.4,1.1],"lbl":"40"}},{"type":"Feature","geometry":{"type":"Point","coordinates":[30.490888,50.425717]},"properties":{"name":"Залізничний масив","band":1,"modes":"bus","arr":["Тб3"],"off":[0,-0.8]}},{"type":"Feature","geometry":{"type":"Point","coordinates":[30.490888,50.425717]},"properties":{"line":"Тб3","mode":"bus","color":"#149a3f","colorDark":"#0a5121","band":1,"off":[0,1.1],"lbl":"3"}},{"type":"Feature","geometry":{"type":"Point","coordinates":[30.516691,50.438417]},"properties":{"name":"ст.м. Пл. Укр. Героїв","band":1,"modes":"bus","arr":["Тб4","Тб5","Тб7","Тб8","Тб17"],"off":[0,-0.8]}},{"type":"Feature","geometry":{"type":"Point","coordinates":[30.516691,50.438417]},"properties":{"line":"Тб4","mode":"bus","color":"#149a3f","colorDark":"#0a5121","band":1,"off":[-6.8,1.1],"lbl":"4"}},{"type":"Feature","geometry":{"type":"Point","coordinates":[30.516691,50.438417]},"properties":{"line":"Тб5","mode":"bus","color":"#149a3f","colorDark":"#0a5121","band":1,"off":[-3.4,1.1],"lbl":"5"}},{"type":"Feature","geometry":{"type":"Point","coordinates":[30.516691,50.438417]},"properties":{"line":"Тб7","mode":"bus","color":"#149a3f","colorDark":"#0a5121","band":1,"off":[0,1.1],"lbl":"7"}},{"type":"Feature","geometry":{"type":"Point","coordinates":[30.516691,50.438417]},"properties":{"line":"Тб8","mode":"bus","color":"#149a3f","colorDark":"#0a5121","band":1,"off":[3.4,1.1],"lbl":"8"}},{"type":"Feature","geometry":{"type":"Point","coordinates":[30.516691,50.438417]},"properties":{"line":"Тб17","mode":"bus","color":"#149a3f","colorDark":"#0a5121","band":1,"off":[6.8,1.1],"lbl":"17"}},{"type":"Feature","geometry":{"type":"Point","coordinates":[30.421221,50.515084]},"properties":{"name":"просп. Свободи","band":1,"modes":"bus","arr":["Тб4","Тб24","Тб25","Тб26","Тб28Д","Тб35"],"off":[0,-0.8]}},{"type":"Feature","geometry":{"type":"Point","coordinates":[30.421221,50.515084]},"properties":{"line":"Тб4","mode":"bus","color":"#149a3f","colorDark":"#0a5121","band":1,"off":[-6.8,1.1],"lbl":"4"}},{"type":"Feature","geometry":{"type":"Point","coordinates":[30.421221,50.515084]},"properties":{"line":"Тб24","mode":"bus","color":"#149a3f","colorDark":"#0a5121","band":1,"off":[-3.4,1.1],"lbl":"24"}},{"type":"Feature","geometry":{"type":"Point","coordinates":[30.421221,50.515084]},"properties":{"line":"Тб25","mode":"bus","color":"#149a3f","colorDark":"#0a5121","band":1,"off":[0,1.1],"lbl":"25"}},{"type":"Feature","geometry":{"type":"Point","coordinates":[30.421221,50.515084]},"properties":{"line":"Тб26","mode":"bus","color":"#149a3f","colorDark":"#0a5121","band":1,"off":[3.4,1.1],"lbl":"26"}},{"type":"Feature","geometry":{"type":"Point","coordinates":[30.421221,50.515084]},"properties":{"line":"Тб28Д","mode":"bus","color":"#149a3f","colorDark":"#0a5121","band":1,"off":[6.8,1.1],"lbl":"28Д"}},{"type":"Feature","geometry":{"type":"Point","coordinates":[30.421221,50.515084]},"properties":{"line":"Тб35","mode":"bus","color":"#149a3f","colorDark":"#0a5121","band":1,"off":[0,3.1],"lbl":"35"}},{"type":"Feature","geometry":{"type":"Point","coordinates":[30.424127,50.48864]},"properties":{"name":"вул. Білицька","band":1,"modes":"bus","arr":["Тб5"],"off":[0,-0.8]}},{"type":"Feature","geometry":{"type":"Point","coordinates":[30.424127,50.48864]},"properties":{"line":"Тб5","mode":"bus","color":"#149a3f","colorDark":"#0a5121","band":1,"off":[0,1.1],"lbl":"5"}},{"type":"Feature","geometry":{"type":"Point","coordinates":[30.521913,50.451549]},"properties":{"name":"м-н Незалежності","band":1,"modes":"bus","arr":["Тб6","Тб16","Тб18"],"off":[0,-0.8]}},{"type":"Feature","geometry":{"type":"Point","coordinates":[30.521913,50.451549]},"properties":{"line":"Тб6","mode":"bus","color":"#149a3f","colorDark":"#0a5121","band":1,"off":[-3.4,1.1],"lbl":"6"}},{"type":"Feature","geometry":{"type":"Point","coordinates":[30.521913,50.451549]},"properties":{"line":"Тб16","mode":"bus","color":"#149a3f","colorDark":"#0a5121","band":1,"off":[0,1.1],"lbl":"16"}},{"type":"Feature","geometry":{"type":"Point","coordinates":[30.521913,50.451549]},"properties":{"line":"Тб18","mode":"bus","color":"#149a3f","colorDark":"#0a5121","band":1,"off":[3.4,1.1],"lbl":"18"}},{"type":"Feature","geometry":{"type":"Point","coordinates":[30.462741,50.524878]},"properties":{"name":"Мінський масив","band":1,"modes":"bus","arr":["Тб6","Тб33"],"off":[0,-0.8]}},{"type":"Feature","geometry":{"type":"Point","coordinates":[30.462741,50.524878]},"properties":{"line":"Тб6","mode":"bus","color":"#149a3f","colorDark":"#0a5121","band":1,"off":[-1.7,1.1],"lbl":"6"}},{"type":"Feature","geometry":{"type":"Point","coordinates":[30.462741,50.524878]},"properties":{"line":"Тб33","mode":"bus","color":"#149a3f","colorDark":"#0a5121","band":1,"off":[1.7,1.1],"lbl":"33"}},{"type":"Feature","geometry":{"type":"Point","coordinates":[30.489847,50.354171]},"properties":{"name":"Музей архітектури","band":1,"modes":"bus","arr":["Тб11"],"off":[0,-0.8]}},{"type":"Feature","geometry":{"type":"Point","coordinates":[30.489847,50.354171]},"properties":{"line":"Тб11","mode":"bus","color":"#149a3f","colorDark":"#0a5121","band":1,"off":[0,1.1],"lbl":"11"}},{"type":"Feature","geometry":{"type":"Point","coordinates":[30.395727,50.484856]},"properties":{"name":"вул. Мрії","band":1,"modes":"bus","arr":["Тб16","Тб23Д"],"off":[0,-0.8]}},{"type":"Feature","geometry":{"type":"Point","coordinates":[30.395727,50.484856]},"properties":{"line":"Тб16","mode":"bus","color":"#149a3f","colorDark":"#0a5121","band":1,"off":[-1.7,1.1],"lbl":"16"}},{"type":"Feature","geometry":{"type":"Point","coordinates":[30.395727,50.484856]},"properties":{"line":"Тб23Д","mode":"bus","color":"#149a3f","colorDark":"#0a5121","band":1,"off":[1.7,1.1],"lbl":"23Д"}},{"type":"Feature","geometry":{"type":"Point","coordinates":[30.456698,50.431206]},"properties":{"name":"пл. Космонавтів","band":1,"modes":"bus","arr":["Тб17","Тб19"],"off":[0,-0.8]}},{"type":"Feature","geometry":{"type":"Point","coordinates":[30.456698,50.431206]},"properties":{"line":"Тб17","mode":"bus","color":"#149a3f","colorDark":"#0a5121","band":1,"off":[-1.7,1.1],"lbl":"17"}},{"type":"Feature","geometry":{"type":"Point","coordinates":[30.456698,50.431206]},"properties":{"line":"Тб19","mode":"bus","color":"#149a3f","colorDark":"#0a5121","band":1,"off":[1.7,1.1],"lbl":"19"}},{"type":"Feature","geometry":{"type":"Point","coordinates":[30.444907,50.479839]},"properties":{"name":"вул. Ольжича","band":1,"modes":"bus","arr":["Тб19","Тб22к","Тб42"],"off":[0,-0.8]}},{"type":"Feature","geometry":{"type":"Point","coordinates":[30.444907,50.479839]},"properties":{"line":"Тб19","mode":"bus","color":"#149a3f","colorDark":"#0a5121","band":1,"off":[-3.4,1.1],"lbl":"19"}},{"type":"Feature","geometry":{"type":"Point","coordinates":[30.444907,50.479839]},"properties":{"line":"Тб22к","mode":"bus","color":"#149a3f","colorDark":"#0a5121","band":1,"off":[0,1.1],"lbl":"22к"}},{"type":"Feature","geometry":{"type":"Point","coordinates":[30.444907,50.479839]},"properties":{"line":"Тб42","mode":"bus","color":"#149a3f","colorDark":"#0a5121","band":1,"off":[3.4,1.1],"lbl":"42"}},{"type":"Feature","geometry":{"type":"Point","coordinates":[30.464303,50.414501]},"properties":{"name":"Кадетський гай","band":1,"modes":"bus","arr":["Тб22к","Тб30","Тб35","Тб40","Тб40к"],"off":[0,-0.8]}},{"type":"Feature","geometry":{"type":"Point","coordinates":[30.464303,50.414501]},"properties":{"line":"Тб22к","mode":"bus","color":"#149a3f","colorDark":"#0a5121","band":1,"off":[-6.8,1.1],"lbl":"22к"}},{"type":"Feature","geometry":{"type":"Point","coordinates":[30.464303,50.414501]},"properties":{"line":"Тб30","mode":"bus","color":"#149a3f","colorDark":"#0a5121","band":1,"off":[-3.4,1.1],"lbl":"30"}},{"type":"Feature","geometry":{"type":"Point","coordinates":[30.464303,50.414501]},"properties":{"line":"Тб35","mode":"bus","color":"#149a3f","colorDark":"#0a5121","band":1,"off":[0,1.1],"lbl":"35"}},{"type":"Feature","geometry":{"type":"Point","coordinates":[30.464303,50.414501]},"properties":{"line":"Тб40","mode":"bus","color":"#149a3f","colorDark":"#0a5121","band":1,"off":[3.4,1.1],"lbl":"40"}},{"type":"Feature","geometry":{"type":"Point","coordinates":[30.464303,50.414501]},"properties":{"line":"Тб40к","mode":"bus","color":"#149a3f","colorDark":"#0a5121","band":1,"off":[6.8,1.1],"lbl":"40к"}},{"type":"Feature","geometry":{"type":"Point","coordinates":[30.483195,50.450182]},"properties":{"name":"Повітрофл ш/пр","band":1,"modes":"bus","arr":["Тб23Д","Тб28Д","Тб31Д"],"off":[0,-0.8]}},{"type":"Feature","geometry":{"type":"Point","coordinates":[30.483195,50.450182]},"properties":{"line":"Тб23Д","mode":"bus","color":"#149a3f","colorDark":"#0a5121","band":1,"off":[-3.4,1.1],"lbl":"23Д"}},{"type":"Feature","geometry":{"type":"Point","coordinates":[30.483195,50.450182]},"properties":{"line":"Тб28Д","mode":"bus","color":"#149a3f","colorDark":"#0a5121","band":1,"off":[0,1.1],"lbl":"28Д"}},{"type":"Feature","geometry":{"type":"Point","coordinates":[30.483195,50.450182]},"properties":{"line":"Тб31Д","mode":"bus","color":"#149a3f","colorDark":"#0a5121","band":1,"off":[3.4,1.1],"lbl":"31Д"}},{"type":"Feature","geometry":{"type":"Point","coordinates":[30.484854,50.488734]},"properties":{"name":"ст. Куренівка","band":1,"modes":"bus","arr":["Тб29"],"off":[0,-0.8]}},{"type":"Feature","geometry":{"type":"Point","coordinates":[30.484854,50.488734]},"properties":{"line":"Тб29","mode":"bus","color":"#149a3f","colorDark":"#0a5121","band":1,"off":[0,1.1],"lbl":"29"}},{"type":"Feature","geometry":{"type":"Point","coordinates":[30.620078,50.527497]},"properties":{"name":"вул. Милославська. (30)","band":1,"modes":"bus","arr":["Тб30","Тб47","Тб50","Тб50к"],"off":[0,-0.8]}},{"type":"Feature","geometry":{"type":"Point","coordinates":[30.620078,50.527497]},"properties":{"line":"Тб30","mode":"bus","color":"#149a3f","colorDark":"#0a5121","band":1,"off":[-5.1,1.1],"lbl":"30"}},{"type":"Feature","geometry":{"type":"Point","coordinates":[30.620078,50.527497]},"properties":{"line":"Тб47","mode":"bus","color":"#149a3f","colorDark":"#0a5121","band":1,"off":[-1.7,1.1],"lbl":"47"}},{"type":"Feature","geometry":{"type":"Point","coordinates":[30.620078,50.527497]},"properties":{"line":"Тб50","mode":"bus","color":"#149a3f","colorDark":"#0a5121","band":1,"off":[1.7,1.1],"lbl":"50"}},{"type":"Feature","geometry":{"type":"Point","coordinates":[30.620078,50.527497]},"properties":{"line":"Тб50к","mode":"bus","color":"#149a3f","colorDark":"#0a5121","band":1,"off":[5.1,1.1],"lbl":"50к"}},{"type":"Feature","geometry":{"type":"Point","coordinates":[30.498117,50.488724]},"properties":{"name":"м. Почайна (29)","band":1,"modes":"bus","arr":["Тб34"],"off":[0,-0.8]}},{"type":"Feature","geometry":{"type":"Point","coordinates":[30.498117,50.488724]},"properties":{"line":"Тб34","mode":"bus","color":"#149a3f","colorDark":"#0a5121","band":1,"off":[0,1.1],"lbl":"34"}},{"type":"Feature","geometry":{"type":"Point","coordinates":[30.365373,50.427026]},"properties":{"name":"просп. Курбаса","band":1,"modes":"bus","arr":["Тб39"],"off":[0,-0.8]}},{"type":"Feature","geometry":{"type":"Point","coordinates":[30.365373,50.427026]},"properties":{"line":"Тб39","mode":"bus","color":"#149a3f","colorDark":"#0a5121","band":1,"off":[0,1.1],"lbl":"39"}},{"type":"Feature","geometry":{"type":"Point","coordinates":[30.366568,50.424835]},"properties":{"name":"просп. Курбаса","band":1,"modes":"bus","arr":["Тб39"],"off":[0,-0.8]}},{"type":"Feature","geometry":{"type":"Point","coordinates":[30.366568,50.424835]},"properties":{"line":"Тб39","mode":"bus","color":"#149a3f","colorDark":"#0a5121","band":1,"off":[0,1.1],"lbl":"39"}},{"type":"Feature","geometry":{"type":"Point","coordinates":[30.513608,50.434738]},"properties":{"name":"вул. Жилянська 1","band":1,"modes":"bus","arr":["Тб40к"],"off":[0,-0.8]}},{"type":"Feature","geometry":{"type":"Point","coordinates":[30.513608,50.434738]},"properties":{"line":"Тб40к","mode":"bus","color":"#149a3f","colorDark":"#0a5121","band":1,"off":[0,1.1],"lbl":"40к"}},{"type":"Feature","geometry":{"type":"Point","coordinates":[30.364206,50.429638]},"properties":{"name":"вул. Тулузи","band":1,"modes":"bus","arr":["Тб41"],"off":[0,-0.8]}},{"type":"Feature","geometry":{"type":"Point","coordinates":[30.364206,50.429638]},"properties":{"line":"Тб41","mode":"bus","color":"#149a3f","colorDark":"#0a5121","band":1,"off":[0,1.1],"lbl":"41"}},{"type":"Feature","geometry":{"type":"Point","coordinates":[30.368582,50.430789]},"properties":{"name":"вул. Тулузи","band":1,"modes":"bus","arr":["Тб41"],"off":[0,-0.8]}},{"type":"Feature","geometry":{"type":"Point","coordinates":[30.368582,50.430789]},"properties":{"line":"Тб41","mode":"bus","color":"#149a3f","colorDark":"#0a5121","band":1,"off":[0,1.1],"lbl":"41"}},{"type":"Feature","geometry":{"type":"Point","coordinates":[30.523532,50.491369]},"properties":{"name":"просп. Бандери","band":1,"modes":"bus","arr":["Тб44"],"off":[0,-0.8]}},{"type":"Feature","geometry":{"type":"Point","coordinates":[30.523532,50.491369]},"properties":{"line":"Тб44","mode":"bus","color":"#149a3f","colorDark":"#0a5121","band":1,"off":[0,1.1],"lbl":"44"}},{"type":"Feature","geometry":{"type":"Point","coordinates":[30.489058,50.443651]},"properties":{"name":"ст. Старовокзальна","band":1,"modes":"tram","arr":["Тм1","Тм3","Тм15","Тм18"],"off":[0,-0.8]}},{"type":"Feature","geometry":{"type":"Point","coordinates":[30.489058,50.443651]},"properties":{"name":"вул. Старовокзальна","band":1,"modes":"tram","arr":["Тм1","Тм3","Тм15","Тм18"],"off":[0,-1.9]}},{"type":"Feature","geometry":{"type":"Point","coordinates":[30.489058,50.443651]},"properties":{"line":"Тм1","mode":"tram","color":"#d6212b","colorDark":"#7c1116","band":1,"off":[-5.1,1.1],"lbl":"1"}},{"type":"Feature","geometry":{"type":"Point","coordinates":[30.489058,50.443651]},"properties":{"line":"Тм3","mode":"tram","color":"#d6212b","colorDark":"#7c1116","band":1,"off":[-1.7,1.1],"lbl":"3"}},{"type":"Feature","geometry":{"type":"Point","coordinates":[30.489058,50.443651]},"properties":{"line":"Тм15","mode":"tram","color":"#d6212b","colorDark":"#7c1116","band":1,"off":[1.7,1.1],"lbl":"15"}},{"type":"Feature","geometry":{"type":"Point","coordinates":[30.489058,50.443651]},"properties":{"line":"Тм18","mode":"tram","color":"#d6212b","colorDark":"#7c1116","band":1,"off":[5.1,1.1],"lbl":"18"}},{"type":"Feature","geometry":{"type":"Point","coordinates":[30.374223,50.426503]},"properties":{"name":"ст. Жуля Верна","band":1,"modes":"tram","arr":["Тм2","Тм3"],"off":[0,-0.8]}},{"type":"Feature","geometry":{"type":"Point","coordinates":[30.374223,50.426503]},"properties":{"line":"Тм2","mode":"tram","color":"#d6212b","colorDark":"#7c1116","band":1,"off":[-1.7,1.1],"lbl":"2"}},{"type":"Feature","geometry":{"type":"Point","coordinates":[30.374223,50.426503]},"properties":{"line":"Тм3","mode":"tram","color":"#d6212b","colorDark":"#7c1116","band":1,"off":[1.7,1.1],"lbl":"3"}},{"type":"Feature","geometry":{"type":"Point","coordinates":[30.632847,50.401252]},"properties":{"name":"ст.м. Позняки","band":1,"modes":"tram","arr":["Тм8","Тм25"],"off":[0,-0.8]}},{"type":"Feature","geometry":{"type":"Point","coordinates":[30.632847,50.401252]},"properties":{"line":"Тм8","mode":"tram","color":"#d6212b","colorDark":"#7c1116","band":1,"off":[-1.7,1.1],"lbl":"8"}},{"type":"Feature","geometry":{"type":"Point","coordinates":[30.632847,50.401252]},"properties":{"line":"Тм25","mode":"tram","color":"#d6212b","colorDark":"#7c1116","band":1,"off":[1.7,1.1],"lbl":"25"}},{"type":"Feature","geometry":{"type":"Point","coordinates":[30.504323,50.499029]},"properties":{"name":"вул. Йорданська","band":1,"modes":"tram","arr":["Тм11","Тм17"],"off":[0,-0.8]}},{"type":"Feature","geometry":{"type":"Point","coordinates":[30.504323,50.499029]},"properties":{"line":"Тм11","mode":"tram","color":"#d6212b","colorDark":"#7c1116","band":1,"off":[-1.7,1.1],"lbl":"11"}},{"type":"Feature","geometry":{"type":"Point","coordinates":[30.504323,50.499029]},"properties":{"line":"Тм17","mode":"tram","color":"#d6212b","colorDark":"#7c1116","band":1,"off":[1.7,1.1],"lbl":"17"}},{"type":"Feature","geometry":{"type":"Point","coordinates":[30.335335,50.552519]},"properties":{"name":"Пуща-Водиця","band":1,"modes":"tram","arr":["Тм12","Тм17"],"off":[0,-0.8]}},{"type":"Feature","geometry":{"type":"Point","coordinates":[30.335335,50.552519]},"properties":{"line":"Тм12","mode":"tram","color":"#d6212b","colorDark":"#7c1116","band":1,"off":[-1.7,1.1],"lbl":"12"}},{"type":"Feature","geometry":{"type":"Point","coordinates":[30.335335,50.552519]},"properties":{"line":"Тм17","mode":"tram","color":"#d6212b","colorDark":"#7c1116","band":1,"off":[1.7,1.1],"lbl":"17"}},{"type":"Feature","geometry":{"type":"Point","coordinates":[30.425111,50.420634]},"properties":{"name":"Проспект Відрадний","band":1,"modes":"tram","arr":["Тм14","Тм15"],"off":[0,-0.8]}},{"type":"Feature","geometry":{"type":"Point","coordinates":[30.425111,50.420634]},"properties":{"line":"Тм14","mode":"tram","color":"#d6212b","colorDark":"#7c1116","band":1,"off":[-1.7,1.1],"lbl":"14"}},{"type":"Feature","geometry":{"type":"Point","coordinates":[30.425111,50.420634]},"properties":{"line":"Тм15","mode":"tram","color":"#d6212b","colorDark":"#7c1116","band":1,"off":[1.7,1.1],"lbl":"15"}},{"type":"Feature","geometry":{"type":"Point","coordinates":[30.688661,50.424955]},"properties":{"name":"ЗЗБК","band":1,"modes":"tram","arr":["Тм22к","Тм25"],"off":[0,-0.8]}},{"type":"Feature","geometry":{"type":"Point","coordinates":[30.688661,50.424955]},"properties":{"line":"Тм22к","mode":"tram","color":"#d6212b","colorDark":"#7c1116","band":1,"off":[-1.7,1.1],"lbl":"22к"}},{"type":"Feature","geometry":{"type":"Point","coordinates":[30.688661,50.424955]},"properties":{"line":"Тм25","mode":"tram","color":"#d6212b","colorDark":"#7c1116","band":1,"off":[1.7,1.1],"lbl":"25"}},{"type":"Feature","geometry":{"type":"Point","coordinates":[30.67631,50.448529]},"properties":{"name":"ДВРЗ","band":1,"modes":"tram","arr":["Тм23к","Тм33к"],"off":[0,-0.8]}},{"type":"Feature","geometry":{"type":"Point","coordinates":[30.67631,50.448529]},"properties":{"line":"Тм23к","mode":"tram","color":"#d6212b","colorDark":"#7c1116","band":1,"off":[-1.7,1.1],"lbl":"23к"}},{"type":"Feature","geometry":{"type":"Point","coordinates":[30.67631,50.448529]},"properties":{"line":"Тм33к","mode":"tram","color":"#d6212b","colorDark":"#7c1116","band":1,"off":[1.7,1.1],"lbl":"33к"}},{"type":"Feature","geometry":{"type":"Point","coordinates":[30.68469,50.404222]},"properties":{"name":"ст.м. Бориспільська","band":1,"modes":"tram","arr":["Тм29"],"off":[0,-0.8]}},{"type":"Feature","geometry":{"type":"Point","coordinates":[30.68469,50.404222]},"properties":{"line":"Тм29","mode":"tram","color":"#d6212b","colorDark":"#7c1116","band":1,"off":[0,1.1],"lbl":"29"}},{"type":"Feature","geometry":{"type":"Point","coordinates":[30.474667,50.449522]},"properties":{"name":"вул. Шолуденка","band":2,"modes":"bus","arr":["2"],"off":[0,-0.8]}},{"type":"Feature","geometry":{"type":"Point","coordinates":[30.474667,50.449522]},"properties":{"line":"2","mode":"bus","color":"#0059a9","colorDark":"#00294f","band":2,"off":[0,1.1]}},{"type":"Feature","geometry":{"type":"Point","coordinates":[30.409793,50.412535]},"properties":{"name":"Корольова","band":2,"modes":"bus,tram","arr":["2","9","Тм2"],"off":[0,-0.8]}},{"type":"Feature","geometry":{"type":"Point","coordinates":[30.409793,50.412535]},"properties":{"name":"вул. Кікабідзе","band":2,"modes":"bus,tram","arr":["2","9","Тм2"],"off":[0,-1.9]}},{"type":"Feature","geometry":{"type":"Point","coordinates":[30.409793,50.412535]},"properties":{"line":"2","mode":"bus","color":"#0059a9","colorDark":"#00294f","band":2,"off":[-3.4,1.1]}},{"type":"Feature","geometry":{"type":"Point","coordinates":[30.409793,50.412535]},"properties":{"line":"9","mode":"bus","color":"#0059a9","colorDark":"#00294f","band":2,"off":[0,1.1]}},{"type":"Feature","geometry":{"type":"Point","coordinates":[30.409793,50.412535]},"properties":{"line":"Тм2","mode":"tram","color":"#d6212b","colorDark":"#7c1116","band":2,"off":[3.4,1.1],"lbl":"2"}},{"type":"Feature","geometry":{"type":"Point","coordinates":[30.573846,50.483864]},"properties":{"name":"ст Райдужний","band":2,"modes":"bus","arr":["4т","5т","70Д"],"off":[0,-0.8]}},{"type":"Feature","geometry":{"type":"Point","coordinates":[30.573846,50.483864]},"properties":{"line":"4т","mode":"bus","color":"#0059a9","colorDark":"#00294f","band":2,"off":[-3.4,1.1]}},{"type":"Feature","geometry":{"type":"Point","coordinates":[30.573846,50.483864]},"properties":{"line":"5т","mode":"bus","color":"#0059a9","colorDark":"#00294f","band":2,"off":[0,1.1]}},{"type":"Feature","geometry":{"type":"Point","coordinates":[30.573846,50.483864]},"properties":{"line":"70Д","mode":"bus","color":"#0059a9","colorDark":"#00294f","band":2,"off":[3.4,1.1]}},{"type":"Feature","geometry":{"type":"Point","coordinates":[30.610545,50.532738]},"properties":{"name":"Милослав.(21)","band":2,"modes":"bus","arr":["4т","21"],"off":[0,-0.8]}},{"type":"Feature","geometry":{"type":"Point","coordinates":[30.610545,50.532738]},"properties":{"line":"4т","mode":"bus","color":"#0059a9","colorDark":"#00294f","band":2,"off":[-1.7,1.1]}},{"type":"Feature","geometry":{"type":"Point","coordinates":[30.610545,50.532738]},"properties":{"line":"21","mode":"bus","color":"#0059a9","colorDark":"#00294f","band":2,"off":[1.7,1.1]}},{"type":"Feature","geometry":{"type":"Point","coordinates":[30.490619,50.440729]},"properties":{"name":"Залізничний вокзал","band":2,"modes":"bus","arr":["5","7","24","50","114","Тб12","Тб14"],"off":[0,-0.8]}},{"type":"Feature","geometry":{"type":"Point","coordinates":[30.490619,50.440729]},"properties":{"name":"Залізн вокзал","band":2,"modes":"bus","arr":["5","7","24","50","114","Тб12","Тб14"],"off":[0,-1.9]}},{"type":"Feature","geometry":{"type":"Point","coordinates":[30.490619,50.440729]},"properties":{"line":"5","mode":"bus","color":"#0059a9","colorDark":"#00294f","band":2,"off":[-6.8,1.1]}},{"type":"Feature","geometry":{"type":"Point","coordinates":[30.490619,50.440729]},"properties":{"line":"7","mode":"bus","color":"#0059a9","colorDark":"#00294f","band":2,"off":[-3.4,1.1]}},{"type":"Feature","geometry":{"type":"Point","coordinates":[30.490619,50.440729]},"properties":{"line":"24","mode":"bus","color":"#0059a9","colorDark":"#00294f","band":2,"off":[0,1.1]}},{"type":"Feature","geometry":{"type":"Point","coordinates":[30.490619,50.440729]},"properties":{"line":"50","mode":"bus","color":"#0059a9","colorDark":"#00294f","band":2,"off":[3.4,1.1]}},{"type":"Feature","geometry":{"type":"Point","coordinates":[30.490619,50.440729]},"properties":{"line":"114","mode":"bus","color":"#0059a9","colorDark":"#00294f","band":2,"off":[6.8,1.1]}},{"type":"Feature","geometry":{"type":"Point","coordinates":[30.490619,50.440729]},"properties":{"line":"Тб12","mode":"bus","color":"#149a3f","colorDark":"#0a5121","band":2,"off":[-1.7,3.1],"lbl":"12"}},{"type":"Feature","geometry":{"type":"Point","coordinates":[30.490619,50.440729]},"properties":{"line":"Тб14","mode":"bus","color":"#149a3f","colorDark":"#0a5121","band":2,"off":[1.7,3.1],"lbl":"14"}},{"type":"Feature","geometry":{"type":"Point","coordinates":[30.519167,50.409045]},"properties":{"name":"вул. Ізюмська","band":2,"modes":"bus","arr":["5","12","19"],"off":[0,-0.8]}},{"type":"Feature","geometry":{"type":"Point","coordinates":[30.519167,50.409045]},"properties":{"line":"5","mode":"bus","color":"#0059a9","colorDark":"#00294f","band":2,"off":[-3.4,1.1]}},{"type":"Feature","geometry":{"type":"Point","coordinates":[30.519167,50.409045]},"properties":{"line":"12","mode":"bus","color":"#0059a9","colorDark":"#00294f","band":2,"off":[0,1.1]}},{"type":"Feature","geometry":{"type":"Point","coordinates":[30.519167,50.409045]},"properties":{"line":"19","mode":"bus","color":"#0059a9","colorDark":"#00294f","band":2,"off":[3.4,1.1]}},{"type":"Feature","geometry":{"type":"Point","coordinates":[30.620821,50.509711]},"properties":{"name":"вул. С. Лифаря","band":2,"modes":"bus","arr":["5т"],"off":[0,-0.8]}},{"type":"Feature","geometry":{"type":"Point","coordinates":[30.620821,50.509711]},"properties":{"line":"5т","mode":"bus","color":"#0059a9","colorDark":"#00294f","band":2,"off":[0,1.1]}},{"type":"Feature","geometry":{"type":"Point","coordinates":[30.599174,50.531113]},"properties":{"name":"вул. Милославська (73)","band":2,"modes":"bus","arr":["6","28т","44","73","98","110","Тб31Д","Тб37"],"off":[0,-0.8]}},{"type":"Feature","geometry":{"type":"Point","coordinates":[30.599174,50.531113]},"properties":{"name":"вул. Милославська (37)","band":2,"modes":"bus","arr":["6","28т","44","73","98","110","Тб31Д","Тб37"],"off":[0,-3]}},{"type":"Feature","geometry":{"type":"Point","coordinates":[30.599174,50.531113]},"properties":{"line":"6","mode":"bus","color":"#0059a9","colorDark":"#00294f","band":2,"off":[-6.8,1.1]}},{"type":"Feature","geometry":{"type":"Point","coordinates":[30.599174,50.531113]},"properties":{"line":"28т","mode":"bus","color":"#0059a9","colorDark":"#00294f","band":2,"off":[-3.4,1.1]}},{"type":"Feature","geometry":{"type":"Point","coordinates":[30.599174,50.531113]},"properties":{"line":"44","mode":"bus","color":"#0059a9","colorDark":"#00294f","band":2,"off":[0,1.1]}},{"type":"Feature","geometry":{"type":"Point","coordinates":[30.599174,50.531113]},"properties":{"line":"73","mode":"bus","color":"#0059a9","colorDark":"#00294f","band":2,"off":[3.4,1.1]}},{"type":"Feature","geometry":{"type":"Point","coordinates":[30.599174,50.531113]},"properties":{"line":"98","mode":"bus","color":"#0059a9","colorDark":"#00294f","band":2,"off":[6.8,1.1]}},{"type":"Feature","geometry":{"type":"Point","coordinates":[30.599174,50.531113]},"properties":{"line":"110","mode":"bus","color":"#0059a9","colorDark":"#00294f","band":2,"off":[-3.4,3.1]}},{"type":"Feature","geometry":{"type":"Point","coordinates":[30.599174,50.531113]},"properties":{"line":"Тб31Д","mode":"bus","color":"#149a3f","colorDark":"#0a5121","band":2,"off":[0,3.1],"lbl":"31Д"}},{"type":"Feature","geometry":{"type":"Point","coordinates":[30.599174,50.531113]},"properties":{"line":"Тб37","mode":"bus","color":"#149a3f","colorDark":"#0a5121","band":2,"off":[3.4,3.1],"lbl":"37"}},{"type":"Feature","geometry":{"type":"Point","coordinates":[30.62644,50.444027]},"properties":{"name":"пл. Дарницька","band":2,"modes":"bus","arr":["6","55","111","Тб29","Тб43","Тб50к"],"off":[0,-0.8]}},{"type":"Feature","geometry":{"type":"Point","coordinates":[30.62644,50.444027]},"properties":{"name":"пл. Дарн","band":2,"modes":"bus","arr":["6","55","111","Тб29","Тб43","Тб50к"],"off":[0,-1.9]}},{"type":"Feature","geometry":{"type":"Point","coordinates":[30.62644,50.444027]},"properties":{"name":"Дарницька пл","band":2,"modes":"bus","arr":["6","55","111","Тб29","Тб43","Тб50к"],"off":[0,-3]}},{"type":"Feature","geometry":{"type":"Point","coordinates":[30.62644,50.444027]},"properties":{"line":"6","mode":"bus","color":"#0059a9","colorDark":"#00294f","band":2,"off":[-6.8,1.1]}},{"type":"Feature","geometry":{"type":"Point","coordinates":[30.62644,50.444027]},"properties":{"line":"55","mode":"bus","color":"#0059a9","colorDark":"#00294f","band":2,"off":[-3.4,1.1]}},{"type":"Feature","geometry":{"type":"Point","coordinates":[30.62644,50.444027]},"properties":{"line":"111","mode":"bus","color":"#0059a9","colorDark":"#00294f","band":2,"off":[0,1.1]}},{"type":"Feature","geometry":{"type":"Point","coordinates":[30.62644,50.444027]},"properties":{"line":"Тб29","mode":"bus","color":"#149a3f","colorDark":"#0a5121","band":2,"off":[3.4,1.1],"lbl":"29"}},{"type":"Feature","geometry":{"type":"Point","coordinates":[30.62644,50.444027]},"properties":{"line":"Тб43","mode":"bus","color":"#149a3f","colorDark":"#0a5121","band":2,"off":[6.8,1.1],"lbl":"43"}},{"type":"Feature","geometry":{"type":"Point","coordinates":[30.62644,50.444027]},"properties":{"line":"Тб50к","mode":"bus","color":"#149a3f","colorDark":"#0a5121","band":2,"off":[0,3.1],"lbl":"50к"}},{"type":"Feature","geometry":{"type":"Point","coordinates":[30.505195,50.454063]},"properties":{"name":"Львівська площа","band":2,"modes":"bus","arr":["7"],"off":[0,-0.8]}},{"type":"Feature","geometry":{"type":"Point","coordinates":[30.505195,50.454063]},"properties":{"line":"7","mode":"bus","color":"#0059a9","colorDark":"#00294f","band":2,"off":[0,1.1]}},{"type":"Feature","geometry":{"type":"Point","coordinates":[30.480948,50.461549]},"properties":{"name":"ст.м. \"Лук’янівська\"","band":2,"modes":"bus","arr":["9","112"],"off":[0,-0.8]}},{"type":"Feature","geometry":{"type":"Point","coordinates":[30.480948,50.461549]},"properties":{"name":"Лук’янівська пл.","band":2,"modes":"bus","arr":["9","112"],"off":[0,-3]}},{"type":"Feature","geometry":{"type":"Point","coordinates":[30.480948,50.461549]},"properties":{"line":"9","mode":"bus","color":"#0059a9","colorDark":"#00294f","band":2,"off":[-1.7,1.1]}},{"type":"Feature","geometry":{"type":"Point","coordinates":[30.480948,50.461549]},"properties":{"line":"112","mode":"bus","color":"#0059a9","colorDark":"#00294f","band":2,"off":[1.7,1.1]}},{"type":"Feature","geometry":{"type":"Point","coordinates":[30.715853,50.46722]},"properties":{"name":"с. Рибне","band":2,"modes":"bus","arr":["10"],"off":[0,-0.8]}},{"type":"Feature","geometry":{"type":"Point","coordinates":[30.715853,50.46722]},"properties":{"line":"10","mode":"bus","color":"#0059a9","colorDark":"#00294f","band":2,"off":[0,1.1]}},{"type":"Feature","geometry":{"type":"Point","coordinates":[30.648226,50.466157]},"properties":{"name":"ст.м. \"Лісова\"","band":2,"modes":"bus","arr":["10","11","11д","28т","35т","79","81"],"off":[0,-0.8]}},{"type":"Feature","geometry":{"type":"Point","coordinates":[30.648226,50.466157]},"properties":{"line":"10","mode":"bus","color":"#0059a9","colorDark":"#00294f","band":2,"off":[-6.8,1.1]}},{"type":"Feature","geometry":{"type":"Point","coordinates":[30.648226,50.466157]},"properties":{"line":"11","mode":"bus","color":"#0059a9","colorDark":"#00294f","band":2,"off":[-3.4,1.1]}},{"type":"Feature","geometry":{"type":"Point","coordinates":[30.648226,50.466157]},"properties":{"line":"11д","mode":"bus","color":"#0059a9","colorDark":"#00294f","band":2,"off":[0,1.1]}},{"type":"Feature","geometry":{"type":"Point","coordinates":[30.648226,50.466157]},"properties":{"line":"28т","mode":"bus","color":"#0059a9","colorDark":"#00294f","band":2,"off":[3.4,1.1]}},{"type":"Feature","geometry":{"type":"Point","coordinates":[30.648226,50.466157]},"properties":{"line":"35т","mode":"bus","color":"#0059a9","colorDark":"#00294f","band":2,"off":[6.8,1.1]}},{"type":"Feature","geometry":{"type":"Point","coordinates":[30.648226,50.466157]},"properties":{"line":"79","mode":"bus","color":"#0059a9","colorDark":"#00294f","band":2,"off":[-1.7,3.1]}},{"type":"Feature","geometry":{"type":"Point","coordinates":[30.648226,50.466157]},"properties":{"line":"81","mode":"bus","color":"#0059a9","colorDark":"#00294f","band":2,"off":[1.7,3.1]}},{"type":"Feature","geometry":{"type":"Point","coordinates":[30.669276,50.485786]},"properties":{"name":"Радіоцентр","band":2,"modes":"bus","arr":["11"],"off":[0,-0.8]}},{"type":"Feature","geometry":{"type":"Point","coordinates":[30.669276,50.485786]},"properties":{"line":"11","mode":"bus","color":"#0059a9","colorDark":"#00294f","band":2,"off":[0,1.1]}},{"type":"Feature","geometry":{"type":"Point","coordinates":[30.679463,50.487455]},"properties":{"name":"Дачне містечко","band":2,"modes":"bus","arr":["11д"],"off":[0,-0.8]}},{"type":"Feature","geometry":{"type":"Point","coordinates":[30.679463,50.487455]},"properties":{"line":"11д","mode":"bus","color":"#0059a9","colorDark":"#00294f","band":2,"off":[0,1.1]}},{"type":"Feature","geometry":{"type":"Point","coordinates":[30.486122,50.438736]},"properties":{"name":"Півднний вокз","band":2,"modes":"bus","arr":["12","Тб33"],"off":[0,-0.8]}},{"type":"Feature","geometry":{"type":"Point","coordinates":[30.486122,50.438736]},"properties":{"name":"Південний вокзал","band":2,"modes":"bus","arr":["12","Тб33"],"off":[0,-1.9]}},{"type":"Feature","geometry":{"type":"Point","coordinates":[30.486122,50.438736]},"properties":{"line":"12","mode":"bus","color":"#0059a9","colorDark":"#00294f","band":2,"off":[-1.7,1.1]}},{"type":"Feature","geometry":{"type":"Point","coordinates":[30.486122,50.438736]},"properties":{"line":"Тб33","mode":"bus","color":"#149a3f","colorDark":"#0a5121","band":2,"off":[1.7,1.1],"lbl":"33"}},{"type":"Feature","geometry":{"type":"Point","coordinates":[30.364889,50.499857]},"properties":{"name":"Лісорозсадник","band":2,"modes":"bus","arr":["14"],"off":[0,-0.8]}},{"type":"Feature","geometry":{"type":"Point","coordinates":[30.364889,50.499857]},"properties":{"line":"14","mode":"bus","color":"#0059a9","colorDark":"#00294f","band":2,"off":[0,1.1]}},{"type":"Feature","geometry":{"type":"Point","coordinates":[30.405859,50.459632]},"properties":{"name":"ст.м. Нивки","band":2,"modes":"bus","arr":["14","32","47","Тб26"],"off":[0,-0.8]}},{"type":"Feature","geometry":{"type":"Point","coordinates":[30.405859,50.459632]},"properties":{"name":"ст.м. \"Нивки\"","band":2,"modes":"bus","arr":["14","32","47","Тб26"],"off":[0,-1.9]}},{"type":"Feature","geometry":{"type":"Point","coordinates":[30.405859,50.459632]},"properties":{"line":"14","mode":"bus","color":"#0059a9","colorDark":"#00294f","band":2,"off":[-5.1,1.1]}},{"type":"Feature","geometry":{"type":"Point","coordinates":[30.405859,50.459632]},"properties":{"line":"32","mode":"bus","color":"#0059a9","colorDark":"#00294f","band":2,"off":[-1.7,1.1]}},{"type":"Feature","geometry":{"type":"Point","coordinates":[30.405859,50.459632]},"properties":{"line":"47","mode":"bus","color":"#0059a9","colorDark":"#00294f","band":2,"off":[1.7,1.1]}},{"type":"Feature","geometry":{"type":"Point","coordinates":[30.405859,50.459632]},"properties":{"line":"Тб26","mode":"bus","color":"#149a3f","colorDark":"#0a5121","band":2,"off":[5.1,1.1],"lbl":"26"}},{"type":"Feature","geometry":{"type":"Point","coordinates":[30.634314,50.419607]},"properties":{"name":"вул. Драгоманова","band":2,"modes":"bus","arr":["17"],"off":[0,-0.8]}},{"type":"Feature","geometry":{"type":"Point","coordinates":[30.634314,50.419607]},"properties":{"line":"17","mode":"bus","color":"#0059a9","colorDark":"#00294f","band":2,"off":[0,1.1]}},{"type":"Feature","geometry":{"type":"Point","coordinates":[30.65132,50.400931]},"properties":{"name":"ст.м. \"Харківська\"(18)","band":2,"modes":"bus","arr":["17","18"],"off":[0,-0.8]}},{"type":"Feature","geometry":{"type":"Point","coordinates":[30.65132,50.400931]},"properties":{"line":"17","mode":"bus","color":"#0059a9","colorDark":"#00294f","band":2,"off":[-1.7,1.1]}},{"type":"Feature","geometry":{"type":"Point","coordinates":[30.65132,50.400931]},"properties":{"line":"18","mode":"bus","color":"#0059a9","colorDark":"#00294f","band":2,"off":[1.7,1.1]}},{"type":"Feature","geometry":{"type":"Point","coordinates":[30.643797,50.422905]},"properties":{"name":"Харківське шосе(18)","band":2,"modes":"bus","arr":["18"],"off":[0,-0.8]}},{"type":"Feature","geometry":{"type":"Point","coordinates":[30.643797,50.422905]},"properties":{"line":"18","mode":"bus","color":"#0059a9","colorDark":"#00294f","band":2,"off":[0,1.1]}},{"type":"Feature","geometry":{"type":"Point","coordinates":[30.488165,50.393298]},"properties":{"name":"ст.м. Васильківська","band":2,"modes":"bus","arr":["19","78","120","Тб12","Тб45"],"off":[0,-0.8]}},{"type":"Feature","geometry":{"type":"Point","coordinates":[30.488165,50.393298]},"properties":{"name":"ст.м. \"Васильківська\"","band":2,"modes":"bus","arr":["19","78","120","Тб12","Тб45"],"off":[0,-3]}},{"type":"Feature","geometry":{"type":"Point","coordinates":[30.488165,50.393298]},"properties":{"line":"19","mode":"bus","color":"#0059a9","colorDark":"#00294f","band":2,"off":[-6.8,1.1]}},{"type":"Feature","geometry":{"type":"Point","coordinates":[30.488165,50.393298]},"properties":{"line":"78","mode":"bus","color":"#0059a9","colorDark":"#00294f","band":2,"off":[-3.4,1.1]}},{"type":"Feature","geometry":{"type":"Point","coordinates":[30.488165,50.393298]},"properties":{"line":"120","mode":"bus","color":"#0059a9","colorDark":"#00294f","band":2,"off":[0,1.1]}},{"type":"Feature","geometry":{"type":"Point","coordinates":[30.488165,50.393298]},"properties":{"line":"Тб12","mode":"bus","color":"#149a3f","colorDark":"#0a5121","band":2,"off":[3.4,1.1],"lbl":"12"}},{"type":"Feature","geometry":{"type":"Point","coordinates":[30.488165,50.393298]},"properties":{"line":"Тб45","mode":"bus","color":"#149a3f","colorDark":"#0a5121","band":2,"off":[6.8,1.1],"lbl":"45"}},{"type":"Feature","geometry":{"type":"Point","coordinates":[30.556379,50.362288]},"properties":{"name":"ж/м Корчувате","band":2,"modes":"bus","arr":["20"],"off":[0,-0.8]}},{"type":"Feature","geometry":{"type":"Point","coordinates":[30.556379,50.362288]},"properties":{"line":"20","mode":"bus","color":"#0059a9","colorDark":"#00294f","band":2,"off":[0,1.1]}},{"type":"Feature","geometry":{"type":"Point","coordinates":[30.515831,50.439288]},"properties":{"name":"ст.м. Пл. Укр. Героїв","band":2,"modes":"bus","arr":["20","110","111","Тб4","Тб5","Тб7","Тб8","Тб17"],"off":[0,-0.8]}},{"type":"Feature","geometry":{"type":"Point","coordinates":[30.515831,50.439288]},"properties":{"name":"ст. м. Площа Укр. Героїв","band":2,"modes":"bus","arr":["20","110","111","Тб4","Тб5","Тб7","Тб8","Тб17"],"off":[0,-3]}},{"type":"Feature","geometry":{"type":"Point","coordinates":[30.515831,50.439288]},"properties":{"line":"20","mode":"bus","color":"#0059a9","colorDark":"#00294f","band":2,"off":[-6.8,1.1]}},{"type":"Feature","geometry":{"type":"Point","coordinates":[30.515831,50.439288]},"properties":{"line":"110","mode":"bus","color":"#0059a9","colorDark":"#00294f","band":2,"off":[-3.4,1.1]}},{"type":"Feature","geometry":{"type":"Point","coordinates":[30.515831,50.439288]},"properties":{"line":"111","mode":"bus","color":"#0059a9","colorDark":"#00294f","band":2,"off":[0,1.1]}},{"type":"Feature","geometry":{"type":"Point","coordinates":[30.515831,50.439288]},"properties":{"line":"Тб4","mode":"bus","color":"#149a3f","colorDark":"#0a5121","band":2,"off":[3.4,1.1],"lbl":"4"}},{"type":"Feature","geometry":{"type":"Point","coordinates":[30.515831,50.439288]},"properties":{"line":"Тб5","mode":"bus","color":"#149a3f","colorDark":"#0a5121","band":2,"off":[6.8,1.1],"lbl":"5"}},{"type":"Feature","geometry":{"type":"Point","coordinates":[30.515831,50.439288]},"properties":{"line":"Тб7","mode":"bus","color":"#149a3f","colorDark":"#0a5121","band":2,"off":[-3.4,3.1],"lbl":"7"}},{"type":"Feature","geometry":{"type":"Point","coordinates":[30.515831,50.439288]},"properties":{"line":"Тб8","mode":"bus","color":"#149a3f","colorDark":"#0a5121","band":2,"off":[0,3.1],"lbl":"8"}},{"type":"Feature","geometry":{"type":"Point","coordinates":[30.515831,50.439288]},"properties":{"line":"Тб17","mode":"bus","color":"#149a3f","colorDark":"#0a5121","band":2,"off":[3.4,3.1],"lbl":"17"}},{"type":"Feature","geometry":{"type":"Point","coordinates":[30.497813,50.486581]},"properties":{"name":"ст.м. \"Почайна\"(101)","band":2,"modes":"bus","arr":["21","101","Тб25","Тб27"],"off":[0,-0.8]}},{"type":"Feature","geometry":{"type":"Point","coordinates":[30.497813,50.486581]},"properties":{"name":"ст. м. Почайна","band":2,"modes":"bus","arr":["21","101","Тб25","Тб27"],"off":[0,-3]}},{"type":"Feature","geometry":{"type":"Point","coordinates":[30.497813,50.486581]},"properties":{"name":"м. Почайна (25)","band":2,"modes":"bus","arr":["21","101","Тб25","Тб27"],"off":[0,-4.1]}},{"type":"Feature","geometry":{"type":"Point","coordinates":[30.497813,50.486581]},"properties":{"line":"21","mode":"bus","color":"#0059a9","colorDark":"#00294f","band":2,"off":[-5.1,1.1]}},{"type":"Feature","geometry":{"type":"Point","coordinates":[30.497813,50.486581]},"properties":{"line":"101","mode":"bus","color":"#0059a9","colorDark":"#00294f","band":2,"off":[-1.7,1.1]}},{"type":"Feature","geometry":{"type":"Point","coordinates":[30.497813,50.486581]},"properties":{"line":"Тб25","mode":"bus","color":"#149a3f","colorDark":"#0a5121","band":2,"off":[1.7,1.1],"lbl":"25"}},{"type":"Feature","geometry":{"type":"Point","coordinates":[30.497813,50.486581]},"properties":{"line":"Тб27","mode":"bus","color":"#149a3f","colorDark":"#0a5121","band":2,"off":[5.1,1.1],"lbl":"27"}},{"type":"Feature","geometry":{"type":"Point","coordinates":[30.460648,50.407797]},"properties":{"name":"Музей авіаціі","band":2,"modes":"bus","arr":["22"],"off":[0,-0.8]}},{"type":"Feature","geometry":{"type":"Point","coordinates":[30.460648,50.407797]},"properties":{"line":"22","mode":"bus","color":"#0059a9","colorDark":"#00294f","band":2,"off":[0,1.1]}},{"type":"Feature","geometry":{"type":"Point","coordinates":[30.645127,50.412651]},"properties":{"name":"вул. Тростянец.(18 )","band":2,"modes":"bus","arr":["22","91","105"],"off":[0,-0.8]}},{"type":"Feature","geometry":{"type":"Point","coordinates":[30.645127,50.412651]},"properties":{"name":"вул. Ахматової (Р-к Позн)","band":2,"modes":"bus","arr":["22","91","105"],"off":[0,-3]}},{"type":"Feature","geometry":{"type":"Point","coordinates":[30.645127,50.412651]},"properties":{"line":"22","mode":"bus","color":"#0059a9","colorDark":"#00294f","band":2,"off":[-3.4,1.1]}},{"type":"Feature","geometry":{"type":"Point","coordinates":[30.645127,50.412651]},"properties":{"line":"91","mode":"bus","color":"#0059a9","colorDark":"#00294f","band":2,"off":[0,1.1]}},{"type":"Feature","geometry":{"type":"Point","coordinates":[30.645127,50.412651]},"properties":{"line":"105","mode":"bus","color":"#0059a9","colorDark":"#00294f","band":2,"off":[3.4,1.1]}},{"type":"Feature","geometry":{"type":"Point","coordinates":[30.647727,50.414266]},"properties":{"name":"вул. Тростянец.(18 )","band":2,"modes":"bus","arr":["22"],"off":[0,-0.8]}},{"type":"Feature","geometry":{"type":"Point","coordinates":[30.647727,50.414266]},"properties":{"line":"22","mode":"bus","color":"#0059a9","colorDark":"#00294f","band":2,"off":[0,1.1]}},{"type":"Feature","geometry":{"type":"Point","coordinates":[30.644581,50.464845]},"properties":{"name":"ст.м. \"Лісова\"","band":2,"modes":"bus","arr":["22тк","33","37Д","79","118д"],"off":[0,-0.8]}},{"type":"Feature","geometry":{"type":"Point","coordinates":[30.644581,50.464845]},"properties":{"line":"22тк","mode":"bus","color":"#0059a9","colorDark":"#00294f","band":2,"off":[-6.8,1.1]}},{"type":"Feature","geometry":{"type":"Point","coordinates":[30.644581,50.464845]},"properties":{"line":"33","mode":"bus","color":"#0059a9","colorDark":"#00294f","band":2,"off":[-3.4,1.1]}},{"type":"Feature","geometry":{"type":"Point","coordinates":[30.644581,50.464845]},"properties":{"line":"37Д","mode":"bus","color":"#0059a9","colorDark":"#00294f","band":2,"off":[0,1.1]}},{"type":"Feature","geometry":{"type":"Point","coordinates":[30.644581,50.464845]},"properties":{"line":"79","mode":"bus","color":"#0059a9","colorDark":"#00294f","band":2,"off":[3.4,1.1]}},{"type":"Feature","geometry":{"type":"Point","coordinates":[30.644581,50.464845]},"properties":{"line":"118д","mode":"bus","color":"#0059a9","colorDark":"#00294f","band":2,"off":[6.8,1.1]}},{"type":"Feature","geometry":{"type":"Point","coordinates":[30.593434,50.483591]},"properties":{"name":"Пр. Воскресен.","band":2,"modes":"bus","arr":["22тк"],"off":[0,-0.8]}},{"type":"Feature","geometry":{"type":"Point","coordinates":[30.593434,50.483591]},"properties":{"line":"22тк","mode":"bus","color":"#0059a9","colorDark":"#00294f","band":2,"off":[0,1.1]}},{"type":"Feature","geometry":{"type":"Point","coordinates":[30.603527,50.484947]},"properties":{"name":"Пр. Воскресен.","band":2,"modes":"bus","arr":["22тк","77"],"off":[0,-0.8]}},{"type":"Feature","geometry":{"type":"Point","coordinates":[30.603527,50.484947]},"properties":{"name":"вул. О. Дашкевича","band":2,"modes":"bus","arr":["22тк","77"],"off":[0,-1.9]}},{"type":"Feature","geometry":{"type":"Point","coordinates":[30.603527,50.484947]},"properties":{"line":"22тк","mode":"bus","color":"#0059a9","colorDark":"#00294f","band":2,"off":[-1.7,1.1]}},{"type":"Feature","geometry":{"type":"Point","coordinates":[30.603527,50.484947]},"properties":{"line":"77","mode":"bus","color":"#0059a9","colorDark":"#00294f","band":2,"off":[1.7,1.1]}},{"type":"Feature","geometry":{"type":"Point","coordinates":[30.4042,50.471937]},"properties":{"name":"Ринок","band":2,"modes":"bus","arr":["23"],"off":[0,-0.8]}},{"type":"Feature","geometry":{"type":"Point","coordinates":[30.4042,50.471937]},"properties":{"line":"23","mode":"bus","color":"#0059a9","colorDark":"#00294f","band":2,"off":[0,1.1]}},{"type":"Feature","geometry":{"type":"Point","coordinates":[30.408004,50.407471]},"properties":{"name":"Мих Борщагівка","band":2,"modes":"bus,tram","arr":["23","Тм1"],"off":[0,-0.8]}},{"type":"Feature","geometry":{"type":"Point","coordinates":[30.408004,50.407471]},"properties":{"name":"вул. Симиренка","band":2,"modes":"bus,tram","arr":["23","Тм1"],"off":[0,-1.9]}},{"type":"Feature","geometry":{"type":"Point","coordinates":[30.408004,50.407471]},"properties":{"line":"23","mode":"bus","color":"#0059a9","colorDark":"#00294f","band":2,"off":[-1.7,1.1]}},{"type":"Feature","geometry":{"type":"Point","coordinates":[30.408004,50.407471]},"properties":{"line":"Тм1","mode":"tram","color":"#d6212b","colorDark":"#7c1116","band":2,"off":[1.7,1.1],"lbl":"1"}},{"type":"Feature","geometry":{"type":"Point","coordinates":[30.555298,50.433096]},"properties":{"name":"Музей історії України","band":2,"modes":"bus","arr":["24","25","Тб38"],"off":[0,-0.8]}},{"type":"Feature","geometry":{"type":"Point","coordinates":[30.555298,50.433096]},"properties":{"name":"Музей історії ВВв","band":2,"modes":"bus","arr":["24","25","Тб38"],"off":[0,-3]}},{"type":"Feature","geometry":{"type":"Point","coordinates":[30.555298,50.433096]},"properties":{"line":"24","mode":"bus","color":"#0059a9","colorDark":"#00294f","band":2,"off":[-3.4,1.1]}},{"type":"Feature","geometry":{"type":"Point","coordinates":[30.555298,50.433096]},"properties":{"line":"25","mode":"bus","color":"#0059a9","colorDark":"#00294f","band":2,"off":[0,1.1]}},{"type":"Feature","geometry":{"type":"Point","coordinates":[30.555298,50.433096]},"properties":{"line":"Тб38","mode":"bus","color":"#149a3f","colorDark":"#0a5121","band":2,"off":[3.4,1.1],"lbl":"38"}},{"type":"Feature","geometry":{"type":"Point","coordinates":[30.429121,50.413326]},"properties":{"name":"ст. Київ-Волинський","band":2,"modes":"bus","arr":["25","Тб27"],"off":[0,-0.8]}},{"type":"Feature","geometry":{"type":"Point","coordinates":[30.429121,50.413326]},"properties":{"name":"з.ст. Київ-Волинський(2)","band":2,"modes":"bus","arr":["25","Тб27"],"off":[0,-3]}},{"type":"Feature","geometry":{"type":"Point","coordinates":[30.429121,50.413326]},"properties":{"line":"25","mode":"bus","color":"#0059a9","colorDark":"#00294f","band":2,"off":[-1.7,1.1]}},{"type":"Feature","geometry":{"type":"Point","coordinates":[30.429121,50.413326]},"properties":{"line":"Тб27","mode":"bus","color":"#149a3f","colorDark":"#0a5121","band":2,"off":[1.7,1.1],"lbl":"27"}},{"type":"Feature","geometry":{"type":"Point","coordinates":[30.5354,50.346556]},"properties":{"name":"селище Пирогів","band":2,"modes":"bus","arr":["27"],"off":[0,-0.8]}},{"type":"Feature","geometry":{"type":"Point","coordinates":[30.5354,50.346556]},"properties":{"line":"27","mode":"bus","color":"#0059a9","colorDark":"#00294f","band":2,"off":[0,1.1]}},{"type":"Feature","geometry":{"type":"Point","coordinates":[30.524624,50.412885]},"properties":{"name":"ст.м. Либідська","band":2,"modes":"bus","arr":["27","51","52","Тб1","Тб42","Тб50"],"off":[0,-0.8]}},{"type":"Feature","geometry":{"type":"Point","coordinates":[30.524624,50.412885]},"properties":{"name":"ст.м. \"Либідська\"","band":2,"modes":"bus","arr":["27","51","52","Тб1","Тб42","Тб50"],"off":[0,-1.9]}},{"type":"Feature","geometry":{"type":"Point","coordinates":[30.524624,50.412885]},"properties":{"line":"27","mode":"bus","color":"#0059a9","colorDark":"#00294f","band":2,"off":[-6.8,1.1]}},{"type":"Feature","geometry":{"type":"Point","coordinates":[30.524624,50.412885]},"properties":{"line":"51","mode":"bus","color":"#0059a9","colorDark":"#00294f","band":2,"off":[-3.4,1.1]}},{"type":"Feature","geometry":{"type":"Point","coordinates":[30.524624,50.412885]},"properties":{"line":"52","mode":"bus","color":"#0059a9","colorDark":"#00294f","band":2,"off":[0,1.1]}},{"type":"Feature","geometry":{"type":"Point","coordinates":[30.524624,50.412885]},"properties":{"line":"Тб1","mode":"bus","color":"#149a3f","colorDark":"#0a5121","band":2,"off":[3.4,1.1],"lbl":"1"}},{"type":"Feature","geometry":{"type":"Point","coordinates":[30.524624,50.412885]},"properties":{"line":"Тб42","mode":"bus","color":"#149a3f","colorDark":"#0a5121","band":2,"off":[6.8,1.1],"lbl":"42"}},{"type":"Feature","geometry":{"type":"Point","coordinates":[30.524624,50.412885]},"properties":{"line":"Тб50","mode":"bus","color":"#149a3f","colorDark":"#0a5121","band":2,"off":[0,3.1],"lbl":"50"}},{"type":"Feature","geometry":{"type":"Point","coordinates":[30.516879,50.405002]},"properties":{"name":"ст.м. \"Деміївська\"","band":2,"modes":"bus","arr":["28","38"],"off":[0,-0.8]}},{"type":"Feature","geometry":{"type":"Point","coordinates":[30.516879,50.405002]},"properties":{"line":"28","mode":"bus","color":"#0059a9","colorDark":"#00294f","band":2,"off":[-1.7,1.1]}},{"type":"Feature","geometry":{"type":"Point","coordinates":[30.516879,50.405002]},"properties":{"line":"38","mode":"bus","color":"#0059a9","colorDark":"#00294f","band":2,"off":[1.7,1.1]}},{"type":"Feature","geometry":{"type":"Point","coordinates":[30.501343,50.402576]},"properties":{"name":"вул. Альпійська","band":2,"modes":"bus","arr":["28"],"off":[0,-0.8]}},{"type":"Feature","geometry":{"type":"Point","coordinates":[30.501343,50.402576]},"properties":{"line":"28","mode":"bus","color":"#0059a9","colorDark":"#00294f","band":2,"off":[0,1.1]}},{"type":"Feature","geometry":{"type":"Point","coordinates":[30.36137,50.547394]},"properties":{"name":"санаторій Лісова поляна","band":2,"modes":"bus","arr":["30"],"off":[0,-0.8]}},{"type":"Feature","geometry":{"type":"Point","coordinates":[30.36137,50.547394]},"properties":{"line":"30","mode":"bus","color":"#0059a9","colorDark":"#00294f","band":2,"off":[0,1.1]}},{"type":"Feature","geometry":{"type":"Point","coordinates":[30.34705,50.464415]},"properties":{"name":"вул. Єфремова","band":2,"modes":"bus","arr":["30"],"off":[0,-0.8]}},{"type":"Feature","geometry":{"type":"Point","coordinates":[30.34705,50.464415]},"properties":{"line":"30","mode":"bus","color":"#0059a9","colorDark":"#00294f","band":2,"off":[0,1.1]}},{"type":"Feature","geometry":{"type":"Point","coordinates":[30.467177,50.451728]},"properties":{"name":"ст.м. \"Політех інститут\"","band":2,"modes":"bus","arr":["31","118д"],"off":[0,-0.8]}},{"type":"Feature","geometry":{"type":"Point","coordinates":[30.467177,50.451728]},"properties":{"line":"31","mode":"bus","color":"#0059a9","colorDark":"#00294f","band":2,"off":[-1.7,1.1]}},{"type":"Feature","geometry":{"type":"Point","coordinates":[30.467177,50.451728]},"properties":{"line":"118д","mode":"bus","color":"#0059a9","colorDark":"#00294f","band":2,"off":[1.7,1.1]}},{"type":"Feature","geometry":{"type":"Point","coordinates":[30.485071,50.467951]},"properties":{"name":"вул. Татарська","band":2,"modes":"bus","arr":["31"],"off":[0,-0.8]}},{"type":"Feature","geometry":{"type":"Point","coordinates":[30.485071,50.467951]},"properties":{"line":"31","mode":"bus","color":"#0059a9","colorDark":"#00294f","band":2,"off":[0,1.1]}},{"type":"Feature","geometry":{"type":"Point","coordinates":[30.450839,50.522584]},"properties":{"name":"Литовський проспект","band":2,"modes":"bus","arr":["32","99"],"off":[0,-0.8]}},{"type":"Feature","geometry":{"type":"Point","coordinates":[30.450839,50.522584]},"properties":{"line":"32","mode":"bus","color":"#0059a9","colorDark":"#00294f","band":2,"off":[-1.7,1.1]}},{"type":"Feature","geometry":{"type":"Point","coordinates":[30.450839,50.522584]},"properties":{"line":"99","mode":"bus","color":"#0059a9","colorDark":"#00294f","band":2,"off":[1.7,1.1]}},{"type":"Feature","geometry":{"type":"Point","coordinates":[30.643341,50.485359]},"properties":{"name":"м-в Лісовий (33)","band":2,"modes":"bus","arr":["33"],"off":[0,-0.8]}},{"type":"Feature","geometry":{"type":"Point","coordinates":[30.643341,50.485359]},"properties":{"line":"33","mode":"bus","color":"#0059a9","colorDark":"#00294f","band":2,"off":[0,1.1]}},{"type":"Feature","geometry":{"type":"Point","coordinates":[30.630723,50.459088]},"properties":{"name":"ст.м. \"Чернигівська\"","band":2,"modes":"bus","arr":["33т"],"off":[0,-0.8]}},{"type":"Feature","geometry":{"type":"Point","coordinates":[30.630723,50.459088]},"properties":{"line":"33т","mode":"bus","color":"#0059a9","colorDark":"#00294f","band":2,"off":[0,1.1]}},{"type":"Feature","geometry":{"type":"Point","coordinates":[30.681362,50.452009]},"properties":{"name":"ДВРЗ","band":2,"modes":"bus","arr":["33т"],"off":[0,-0.8]}},{"type":"Feature","geometry":{"type":"Point","coordinates":[30.681362,50.452009]},"properties":{"line":"33т","mode":"bus","color":"#0059a9","colorDark":"#00294f","band":2,"off":[0,1.1]}},{"type":"Feature","geometry":{"type":"Point","coordinates":[30.61045,50.420388]},"properties":{"name":"вул. Бабіча","band":2,"modes":"bus","arr":["35"],"off":[0,-0.8]}},{"type":"Feature","geometry":{"type":"Point","coordinates":[30.61045,50.420388]},"properties":{"line":"35","mode":"bus","color":"#0059a9","colorDark":"#00294f","band":2,"off":[0,1.1]}},{"type":"Feature","geometry":{"type":"Point","coordinates":[30.593617,50.375608]},"properties":{"name":"вул. Підлипка","band":2,"modes":"bus","arr":["35","35к"],"off":[0,-0.8]}},{"type":"Feature","geometry":{"type":"Point","coordinates":[30.593617,50.375608]},"properties":{"line":"35","mode":"bus","color":"#0059a9","colorDark":"#00294f","band":2,"off":[-1.7,1.1]}},{"type":"Feature","geometry":{"type":"Point","coordinates":[30.593617,50.375608]},"properties":{"line":"35к","mode":"bus","color":"#0059a9","colorDark":"#00294f","band":2,"off":[1.7,1.1]}},{"type":"Feature","geometry":{"type":"Point","coordinates":[30.603642,50.393089]},"properties":{"name":"ст.м. \"Славутич\"","band":2,"modes":"bus","arr":["35к","74"],"off":[0,-0.8]}},{"type":"Feature","geometry":{"type":"Point","coordinates":[30.603642,50.393089]},"properties":{"line":"35к","mode":"bus","color":"#0059a9","colorDark":"#00294f","band":2,"off":[-1.7,1.1]}},{"type":"Feature","geometry":{"type":"Point","coordinates":[30.603642,50.393089]},"properties":{"line":"74","mode":"bus","color":"#0059a9","colorDark":"#00294f","band":2,"off":[1.7,1.1]}},{"type":"Feature","geometry":{"type":"Point","coordinates":[30.616187,50.511767]},"properties":{"name":"вул. С. Лифаря","band":2,"modes":"bus","arr":["35т"],"off":[0,-0.8]}},{"type":"Feature","geometry":{"type":"Point","coordinates":[30.616187,50.511767]},"properties":{"line":"35т","mode":"bus","color":"#0059a9","colorDark":"#00294f","band":2,"off":[0,1.1]}},{"type":"Feature","geometry":{"type":"Point","coordinates":[30.450336,50.473005]},"properties":{"name":"ст.м. \"Дорогожичі\"","band":2,"modes":"bus","arr":["36"],"off":[0,-0.8]}},{"type":"Feature","geometry":{"type":"Point","coordinates":[30.450336,50.473005]},"properties":{"line":"36","mode":"bus","color":"#0059a9","colorDark":"#00294f","band":2,"off":[0,1.1]}},{"type":"Feature","geometry":{"type":"Point","coordinates":[30.463647,50.491873]},"properties":{"name":"вул. Сирецька","band":2,"modes":"bus","arr":["36"],"off":[0,-0.8]}},{"type":"Feature","geometry":{"type":"Point","coordinates":[30.463647,50.491873]},"properties":{"line":"36","mode":"bus","color":"#0059a9","colorDark":"#00294f","band":2,"off":[0,1.1]}},{"type":"Feature","geometry":{"type":"Point","coordinates":[30.347028,50.459638]},"properties":{"name":"вул. Чорнобильська","band":2,"modes":"bus","arr":["36тр","97к","103","Тб7","Тб39"],"off":[0,-0.8]}},{"type":"Feature","geometry":{"type":"Point","coordinates":[30.347028,50.459638]},"properties":{"name":"вул. Чорноб","band":2,"modes":"bus","arr":["36тр","97к","103","Тб7","Тб39"],"off":[0,-1.9]}},{"type":"Feature","geometry":{"type":"Point","coordinates":[30.347028,50.459638]},"properties":{"line":"36тр","mode":"bus","color":"#0059a9","colorDark":"#00294f","band":2,"off":[-6.8,1.1]}},{"type":"Feature","geometry":{"type":"Point","coordinates":[30.347028,50.459638]},"properties":{"line":"97к","mode":"bus","color":"#0059a9","colorDark":"#00294f","band":2,"off":[-3.4,1.1]}},{"type":"Feature","geometry":{"type":"Point","coordinates":[30.347028,50.459638]},"properties":{"line":"103","mode":"bus","color":"#0059a9","colorDark":"#00294f","band":2,"off":[0,1.1]}},{"type":"Feature","geometry":{"type":"Point","coordinates":[30.347028,50.459638]},"properties":{"line":"Тб7","mode":"bus","color":"#149a3f","colorDark":"#0a5121","band":2,"off":[3.4,1.1],"lbl":"7"}},{"type":"Feature","geometry":{"type":"Point","coordinates":[30.347028,50.459638]},"properties":{"line":"Тб39","mode":"bus","color":"#149a3f","colorDark":"#0a5121","band":2,"off":[6.8,1.1],"lbl":"39"}},{"type":"Feature","geometry":{"type":"Point","coordinates":[30.516489,50.527492]},"properties":{"name":"вул. Північна","band":2,"modes":"bus","arr":["36тр","50","Тб24","Тб32","Тб34","Тб44"],"off":[0,-0.8]}},{"type":"Feature","geometry":{"type":"Point","coordinates":[30.516489,50.527492]},"properties":{"line":"36тр","mode":"bus","color":"#0059a9","colorDark":"#00294f","band":2,"off":[-6.8,1.1]}},{"type":"Feature","geometry":{"type":"Point","coordinates":[30.516489,50.527492]},"properties":{"line":"50","mode":"bus","color":"#0059a9","colorDark":"#00294f","band":2,"off":[-3.4,1.1]}},{"type":"Feature","geometry":{"type":"Point","coordinates":[30.516489,50.527492]},"properties":{"line":"Тб24","mode":"bus","color":"#149a3f","colorDark":"#0a5121","band":2,"off":[0,1.1],"lbl":"24"}},{"type":"Feature","geometry":{"type":"Point","coordinates":[30.516489,50.527492]},"properties":{"line":"Тб32","mode":"bus","color":"#149a3f","colorDark":"#0a5121","band":2,"off":[3.4,1.1],"lbl":"32"}},{"type":"Feature","geometry":{"type":"Point","coordinates":[30.516489,50.527492]},"properties":{"line":"Тб34","mode":"bus","color":"#149a3f","colorDark":"#0a5121","band":2,"off":[6.8,1.1],"lbl":"34"}},{"type":"Feature","geometry":{"type":"Point","coordinates":[30.516489,50.527492]},"properties":{"line":"Тб44","mode":"bus","color":"#149a3f","colorDark":"#0a5121","band":2,"off":[0,3.1],"lbl":"44"}},{"type":"Feature","geometry":{"type":"Point","coordinates":[30.283952,50.43153]},"properties":{"name":"ж/м Західний","band":2,"modes":"bus","arr":["37"],"off":[0,-0.8]}},{"type":"Feature","geometry":{"type":"Point","coordinates":[30.283952,50.43153]},"properties":{"line":"37","mode":"bus","color":"#0059a9","colorDark":"#00294f","band":2,"off":[0,1.1]}},{"type":"Feature","geometry":{"type":"Point","coordinates":[30.387677,50.456553]},"properties":{"name":"ст.м. \"Святошин\"","band":2,"modes":"bus","arr":["37","37а","97"],"off":[0,-0.8]}},{"type":"Feature","geometry":{"type":"Point","coordinates":[30.387677,50.456553]},"properties":{"line":"37","mode":"bus","color":"#0059a9","colorDark":"#00294f","band":2,"off":[-3.4,1.1]}},{"type":"Feature","geometry":{"type":"Point","coordinates":[30.387677,50.456553]},"properties":{"line":"37а","mode":"bus","color":"#0059a9","colorDark":"#00294f","band":2,"off":[0,1.1]}},{"type":"Feature","geometry":{"type":"Point","coordinates":[30.387677,50.456553]},"properties":{"line":"97","mode":"bus","color":"#0059a9","colorDark":"#00294f","band":2,"off":[3.4,1.1]}},{"type":"Feature","geometry":{"type":"Point","coordinates":[30.306666,50.435753]},"properties":{"name":"с/к Чайка","band":2,"modes":"bus","arr":["37а"],"off":[0,-0.8]}},{"type":"Feature","geometry":{"type":"Point","coordinates":[30.306666,50.435753]},"properties":{"line":"37а","mode":"bus","color":"#0059a9","colorDark":"#00294f","band":2,"off":[0,1.1]}},{"type":"Feature","geometry":{"type":"Point","coordinates":[30.626437,50.522653]},"properties":{"name":"Поліклініка (Закр)","band":2,"modes":"bus","arr":["37Д"],"off":[0,-0.8]}},{"type":"Feature","geometry":{"type":"Point","coordinates":[30.626437,50.522653]},"properties":{"line":"37Д","mode":"bus","color":"#0059a9","colorDark":"#00294f","band":2,"off":[0,1.1]}},{"type":"Feature","geometry":{"type":"Point","coordinates":[30.620167,50.522867]},"properties":{"name":"Поліклініка (Закр)","band":2,"modes":"bus","arr":["37Д"],"off":[0,-0.8]}},{"type":"Feature","geometry":{"type":"Point","coordinates":[30.620167,50.522867]},"properties":{"line":"37Д","mode":"bus","color":"#0059a9","colorDark":"#00294f","band":2,"off":[0,1.1]}},{"type":"Feature","geometry":{"type":"Point","coordinates":[30.476646,50.340804]},"properties":{"name":"вул. Метрологічна","band":2,"modes":"bus","arr":["38"],"off":[0,-0.8]}},{"type":"Feature","geometry":{"type":"Point","coordinates":[30.476646,50.340804]},"properties":{"line":"38","mode":"bus","color":"#0059a9","colorDark":"#00294f","band":2,"off":[0,1.1]}},{"type":"Feature","geometry":{"type":"Point","coordinates":[30.511168,50.398496]},"properties":{"name":"ст.м. \"Голосіївська\"","band":2,"modes":"bus","arr":["39","91"],"off":[0,-0.8]}},{"type":"Feature","geometry":{"type":"Point","coordinates":[30.511168,50.398496]},"properties":{"line":"39","mode":"bus","color":"#0059a9","colorDark":"#00294f","band":2,"off":[-1.7,1.1]}},{"type":"Feature","geometry":{"type":"Point","coordinates":[30.511168,50.398496]},"properties":{"line":"91","mode":"bus","color":"#0059a9","colorDark":"#00294f","band":2,"off":[1.7,1.1]}},{"type":"Feature","geometry":{"type":"Point","coordinates":[30.545982,50.390139]},"properties":{"name":"пров. Лисогірський","band":2,"modes":"bus","arr":["39"],"off":[0,-0.8]}},{"type":"Feature","geometry":{"type":"Point","coordinates":[30.545982,50.390139]},"properties":{"line":"39","mode":"bus","color":"#0059a9","colorDark":"#00294f","band":2,"off":[0,1.1]}},{"type":"Feature","geometry":{"type":"Point","coordinates":[30.462876,50.566789]},"properties":{"name":"с. ДВС","band":2,"modes":"bus","arr":["40","41"],"off":[0,-0.8]}},{"type":"Feature","geometry":{"type":"Point","coordinates":[30.462876,50.566789]},"properties":{"line":"40","mode":"bus","color":"#0059a9","colorDark":"#00294f","band":2,"off":[-1.7,1.1]}},{"type":"Feature","geometry":{"type":"Point","coordinates":[30.462876,50.566789]},"properties":{"line":"41","mode":"bus","color":"#0059a9","colorDark":"#00294f","band":2,"off":[1.7,1.1]}},{"type":"Feature","geometry":{"type":"Point","coordinates":[30.499334,50.523256]},"properties":{"name":"ст.м. \"Героїв Дніпра\"","band":2,"modes":"bus","arr":["40","41","73"],"off":[0,-0.8]}},{"type":"Feature","geometry":{"type":"Point","coordinates":[30.499334,50.523256]},"properties":{"line":"40","mode":"bus","color":"#0059a9","colorDark":"#00294f","band":2,"off":[-3.4,1.1]}},{"type":"Feature","geometry":{"type":"Point","coordinates":[30.499334,50.523256]},"properties":{"line":"41","mode":"bus","color":"#0059a9","colorDark":"#00294f","band":2,"off":[0,1.1]}},{"type":"Feature","geometry":{"type":"Point","coordinates":[30.499334,50.523256]},"properties":{"line":"73","mode":"bus","color":"#0059a9","colorDark":"#00294f","band":2,"off":[3.4,1.1]}},{"type":"Feature","geometry":{"type":"Point","coordinates":[30.626145,50.386486]},"properties":{"name":"вул. Чавдар","band":2,"modes":"bus","arr":["42"],"off":[0,-0.8]}},{"type":"Feature","geometry":{"type":"Point","coordinates":[30.626145,50.386486]},"properties":{"line":"42","mode":"bus","color":"#0059a9","colorDark":"#00294f","band":2,"off":[0,1.1]}},{"type":"Feature","geometry":{"type":"Point","coordinates":[30.590655,50.462721]},"properties":{"name":"Микольська Слободка","band":2,"modes":"bus","arr":["42"],"off":[0,-0.8]}},{"type":"Feature","geometry":{"type":"Point","coordinates":[30.590655,50.462721]},"properties":{"line":"42","mode":"bus","color":"#0059a9","colorDark":"#00294f","band":2,"off":[0,1.1]}},{"type":"Feature","geometry":{"type":"Point","coordinates":[30.643935,50.225918]},"properties":{"name":"селище Козин","band":2,"modes":"bus","arr":["43"],"off":[0,-0.8]}},{"type":"Feature","geometry":{"type":"Point","coordinates":[30.643935,50.225918]},"properties":{"line":"43","mode":"bus","color":"#0059a9","colorDark":"#00294f","band":2,"off":[0,1.1]}},{"type":"Feature","geometry":{"type":"Point","coordinates":[30.562672,50.402379]},"properties":{"name":"ст.м. \"Видубичі\"","band":2,"modes":"bus","arr":["43","43к","54"],"off":[0,-0.8]}},{"type":"Feature","geometry":{"type":"Point","coordinates":[30.562672,50.402379]},"properties":{"line":"43","mode":"bus","color":"#0059a9","colorDark":"#00294f","band":2,"off":[-3.4,1.1]}},{"type":"Feature","geometry":{"type":"Point","coordinates":[30.562672,50.402379]},"properties":{"line":"43к","mode":"bus","color":"#0059a9","colorDark":"#00294f","band":2,"off":[0,1.1]}},{"type":"Feature","geometry":{"type":"Point","coordinates":[30.562672,50.402379]},"properties":{"line":"54","mode":"bus","color":"#0059a9","colorDark":"#00294f","band":2,"off":[3.4,1.1]}},{"type":"Feature","geometry":{"type":"Point","coordinates":[30.581216,50.296631]},"properties":{"name":"сан. Конча-Заспа","band":2,"modes":"bus","arr":["43к"],"off":[0,-0.8]}},{"type":"Feature","geometry":{"type":"Point","coordinates":[30.581216,50.296631]},"properties":{"line":"43к","mode":"bus","color":"#0059a9","colorDark":"#00294f","band":2,"off":[0,1.1]}},{"type":"Feature","geometry":{"type":"Point","coordinates":[30.603937,50.422102]},"properties":{"name":"ст. Березняки (95)","band":2,"modes":"bus","arr":["44","49","95"],"off":[0,-0.8]}},{"type":"Feature","geometry":{"type":"Point","coordinates":[30.603937,50.422102]},"properties":{"name":"ст. Березняки","band":2,"modes":"bus","arr":["44","49","95"],"off":[0,-1.9]}},{"type":"Feature","geometry":{"type":"Point","coordinates":[30.603937,50.422102]},"properties":{"line":"44","mode":"bus","color":"#0059a9","colorDark":"#00294f","band":2,"off":[-3.4,1.1]}},{"type":"Feature","geometry":{"type":"Point","coordinates":[30.603937,50.422102]},"properties":{"line":"49","mode":"bus","color":"#0059a9","colorDark":"#00294f","band":2,"off":[0,1.1]}},{"type":"Feature","geometry":{"type":"Point","coordinates":[30.603937,50.422102]},"properties":{"line":"95","mode":"bus","color":"#0059a9","colorDark":"#00294f","band":2,"off":[3.4,1.1]}},{"type":"Feature","geometry":{"type":"Point","coordinates":[30.613888,50.455606]},"properties":{"name":"ст.м. \"Дарниця\"","band":2,"modes":"bus","arr":["45"],"off":[0,-0.8]}},{"type":"Feature","geometry":{"type":"Point","coordinates":[30.613888,50.455606]},"properties":{"line":"45","mode":"bus","color":"#0059a9","colorDark":"#00294f","band":2,"off":[0,1.1]}},{"type":"Feature","geometry":{"type":"Point","coordinates":[30.636758,50.390557]},"properties":{"name":"просп. Григоренка","band":2,"modes":"bus","arr":["45"],"off":[0,-0.8]}},{"type":"Feature","geometry":{"type":"Point","coordinates":[30.636758,50.390557]},"properties":{"line":"45","mode":"bus","color":"#0059a9","colorDark":"#00294f","band":2,"off":[0,1.1]}},{"type":"Feature","geometry":{"type":"Point","coordinates":[30.598402,50.45164]},"properties":{"name":"ст.м. \"Лівобережна\"","band":2,"modes":"bus","arr":["46","48","49","70Д"],"off":[0,-0.8]}},{"type":"Feature","geometry":{"type":"Point","coordinates":[30.598402,50.45164]},"properties":{"line":"46","mode":"bus","color":"#0059a9","colorDark":"#00294f","band":2,"off":[-5.1,1.1]}},{"type":"Feature","geometry":{"type":"Point","coordinates":[30.598402,50.45164]},"properties":{"line":"48","mode":"bus","color":"#0059a9","colorDark":"#00294f","band":2,"off":[-1.7,1.1]}},{"type":"Feature","geometry":{"type":"Point","coordinates":[30.598402,50.45164]},"properties":{"line":"49","mode":"bus","color":"#0059a9","colorDark":"#00294f","band":2,"off":[1.7,1.1]}},{"type":"Feature","geometry":{"type":"Point","coordinates":[30.598402,50.45164]},"properties":{"line":"70Д","mode":"bus","color":"#0059a9","colorDark":"#00294f","band":2,"off":[5.1,1.1]}},{"type":"Feature","geometry":{"type":"Point","coordinates":[30.608304,50.488048]},"properties":{"name":"вул. Микитенко","band":2,"modes":"bus","arr":["46","112"],"off":[0,-0.8]}},{"type":"Feature","geometry":{"type":"Point","coordinates":[30.608304,50.488048]},"properties":{"line":"46","mode":"bus","color":"#0059a9","colorDark":"#00294f","band":2,"off":[-1.7,1.1]}},{"type":"Feature","geometry":{"type":"Point","coordinates":[30.608304,50.488048]},"properties":{"line":"112","mode":"bus","color":"#0059a9","colorDark":"#00294f","band":2,"off":[1.7,1.1]}},{"type":"Feature","geometry":{"type":"Point","coordinates":[30.446719,50.473617]},"properties":{"name":"ст.м. \"Дорогожичі\"","band":2,"modes":"bus","arr":["47"],"off":[0,-0.8]}},{"type":"Feature","geometry":{"type":"Point","coordinates":[30.446719,50.473617]},"properties":{"line":"47","mode":"bus","color":"#0059a9","colorDark":"#00294f","band":2,"off":[0,1.1]}},{"type":"Feature","geometry":{"type":"Point","coordinates":[30.594708,50.432938]},"properties":{"name":"готель Славутич","band":2,"modes":"bus","arr":["48"],"off":[0,-0.8]}},{"type":"Feature","geometry":{"type":"Point","coordinates":[30.594708,50.432938]},"properties":{"line":"48","mode":"bus","color":"#0059a9","colorDark":"#00294f","band":2,"off":[0,1.1]}},{"type":"Feature","geometry":{"type":"Point","coordinates":[30.695179,50.40903]},"properties":{"name":"ст.м. \"Червоний хутір\"","band":2,"modes":"bus","arr":["51","63"],"off":[0,-0.8]}},{"type":"Feature","geometry":{"type":"Point","coordinates":[30.695179,50.40903]},"properties":{"line":"51","mode":"bus","color":"#0059a9","colorDark":"#00294f","band":2,"off":[-1.7,1.1]}},{"type":"Feature","geometry":{"type":"Point","coordinates":[30.695179,50.40903]},"properties":{"line":"63","mode":"bus","color":"#0059a9","colorDark":"#00294f","band":2,"off":[1.7,1.1]}},{"type":"Feature","geometry":{"type":"Point","coordinates":[30.517035,50.371074]},"properties":{"name":"вул. Закарпатська","band":2,"modes":"bus","arr":["52"],"off":[0,-0.8]}},{"type":"Feature","geometry":{"type":"Point","coordinates":[30.517035,50.371074]},"properties":{"line":"52","mode":"bus","color":"#0059a9","colorDark":"#00294f","band":2,"off":[0,1.1]}},{"type":"Feature","geometry":{"type":"Point","coordinates":[30.529758,50.475213]},"properties":{"name":"Рибальський п-ов","band":2,"modes":"bus","arr":["53"],"off":[0,-0.8]}},{"type":"Feature","geometry":{"type":"Point","coordinates":[30.529758,50.475213]},"properties":{"line":"53","mode":"bus","color":"#0059a9","colorDark":"#00294f","band":2,"off":[0,1.1]}},{"type":"Feature","geometry":{"type":"Point","coordinates":[30.512963,50.466805]},"properties":{"name":"ст.м. Контрактова пл.","band":2,"modes":"bus","arr":["53","72"],"off":[0,-0.8]}},{"type":"Feature","geometry":{"type":"Point","coordinates":[30.512963,50.466805]},"properties":{"line":"53","mode":"bus","color":"#0059a9","colorDark":"#00294f","band":2,"off":[-1.7,1.1]}},{"type":"Feature","geometry":{"type":"Point","coordinates":[30.512963,50.466805]},"properties":{"line":"72","mode":"bus","color":"#0059a9","colorDark":"#00294f","band":2,"off":[1.7,1.1]}},{"type":"Feature","geometry":{"type":"Point","coordinates":[30.573354,50.388629]},"properties":{"name":"пл. Михайла Співака","band":2,"modes":"bus","arr":["54"],"off":[0,-0.8]}},{"type":"Feature","geometry":{"type":"Point","coordinates":[30.573354,50.388629]},"properties":{"line":"54","mode":"bus","color":"#0059a9","colorDark":"#00294f","band":2,"off":[0,1.1]}},{"type":"Feature","geometry":{"type":"Point","coordinates":[30.561818,50.400446]},"properties":{"name":"ст.м. \"Видубичі\"","band":2,"modes":"bus","arr":["54"],"off":[0,-0.8]}},{"type":"Feature","geometry":{"type":"Point","coordinates":[30.561818,50.400446]},"properties":{"line":"54","mode":"bus","color":"#0059a9","colorDark":"#00294f","band":2,"off":[0,1.1]}},{"type":"Feature","geometry":{"type":"Point","coordinates":[30.521268,50.437839]},"properties":{"name":"ст.м. Палац спорту","band":2,"modes":"bus","arr":["55","69","Тб3","Тб15","Тб40"],"off":[0,-0.8]}},{"type":"Feature","geometry":{"type":"Point","coordinates":[30.521268,50.437839]},"properties":{"name":"ст.м. \"Палац спорту\"","band":2,"modes":"bus","arr":["55","69","Тб3","Тб15","Тб40"],"off":[0,-1.9]}},{"type":"Feature","geometry":{"type":"Point","coordinates":[30.521268,50.437839]},"properties":{"name":"ст.м. \"Палац спорту \"(55)","band":2,"modes":"bus","arr":["55","69","Тб3","Тб15","Тб40"],"off":[0,-4.1]}},{"type":"Feature","geometry":{"type":"Point","coordinates":[30.521268,50.437839]},"properties":{"line":"55","mode":"bus","color":"#0059a9","colorDark":"#00294f","band":2,"off":[-6.8,1.1]}},{"type":"Feature","geometry":{"type":"Point","coordinates":[30.521268,50.437839]},"properties":{"line":"69","mode":"bus","color":"#0059a9","colorDark":"#00294f","band":2,"off":[-3.4,1.1]}},{"type":"Feature","geometry":{"type":"Point","coordinates":[30.521268,50.437839]},"properties":{"line":"Тб3","mode":"bus","color":"#149a3f","colorDark":"#0a5121","band":2,"off":[0,1.1],"lbl":"3"}},{"type":"Feature","geometry":{"type":"Point","coordinates":[30.521268,50.437839]},"properties":{"line":"Тб15","mode":"bus","color":"#149a3f","colorDark":"#0a5121","band":2,"off":[3.4,1.1],"lbl":"15"}},{"type":"Feature","geometry":{"type":"Point","coordinates":[30.521268,50.437839]},"properties":{"line":"Тб40","mode":"bus","color":"#149a3f","colorDark":"#0a5121","band":2,"off":[6.8,1.1],"lbl":"40"}},{"type":"Feature","geometry":{"type":"Point","coordinates":[30.365397,50.495892]},"properties":{"name":"Гіпермаркет","band":2,"modes":"bus","arr":["56"],"off":[0,-0.8]}},{"type":"Feature","geometry":{"type":"Point","coordinates":[30.365397,50.495892]},"properties":{"line":"56","mode":"bus","color":"#0059a9","colorDark":"#00294f","band":2,"off":[0,1.1]}},{"type":"Feature","geometry":{"type":"Point","coordinates":[30.477837,50.381726]},"properties":{"name":"ст.м. Виставковий центр","band":2,"modes":"bus","arr":["56","58","75","Тб45"],"off":[0,-0.8]}},{"type":"Feature","geometry":{"type":"Point","coordinates":[30.477837,50.381726]},"properties":{"name":"ст.м. \"Виставковий центр\"","band":2,"modes":"bus","arr":["56","58","75","Тб45"],"off":[0,-3]}},{"type":"Feature","geometry":{"type":"Point","coordinates":[30.477837,50.381726]},"properties":{"line":"56","mode":"bus","color":"#0059a9","colorDark":"#00294f","band":2,"off":[-5.1,1.1]}},{"type":"Feature","geometry":{"type":"Point","coordinates":[30.477837,50.381726]},"properties":{"line":"58","mode":"bus","color":"#0059a9","colorDark":"#00294f","band":2,"off":[-1.7,1.1]}},{"type":"Feature","geometry":{"type":"Point","coordinates":[30.477837,50.381726]},"properties":{"line":"75","mode":"bus","color":"#0059a9","colorDark":"#00294f","band":2,"off":[1.7,1.1]}},{"type":"Feature","geometry":{"type":"Point","coordinates":[30.477837,50.381726]},"properties":{"line":"Тб45","mode":"bus","color":"#149a3f","colorDark":"#0a5121","band":2,"off":[5.1,1.1],"lbl":"45"}},{"type":"Feature","geometry":{"type":"Point","coordinates":[30.355565,50.464006]},"properties":{"name":"ст.м. \"Академмістечко\"","band":2,"modes":"bus","arr":["57"],"off":[0,-0.8]}},{"type":"Feature","geometry":{"type":"Point","coordinates":[30.355565,50.464006]},"properties":{"line":"57","mode":"bus","color":"#0059a9","colorDark":"#00294f","band":2,"off":[0,1.1]}},{"type":"Feature","geometry":{"type":"Point","coordinates":[30.54984,50.338593]},"properties":{"name":"Авторинок","band":2,"modes":"bus","arr":["57"],"off":[0,-0.8]}},{"type":"Feature","geometry":{"type":"Point","coordinates":[30.54984,50.338593]},"properties":{"line":"57","mode":"bus","color":"#0059a9","colorDark":"#00294f","band":2,"off":[0,1.1]}},{"type":"Feature","geometry":{"type":"Point","coordinates":[30.504355,50.353359]},"properties":{"name":"Музей Арх","band":2,"modes":"bus","arr":["58"],"off":[0,-0.8]}},{"type":"Feature","geometry":{"type":"Point","coordinates":[30.504355,50.353359]},"properties":{"line":"58","mode":"bus","color":"#0059a9","colorDark":"#00294f","band":2,"off":[0,1.1]}},{"type":"Feature","geometry":{"type":"Point","coordinates":[30.471412,50.378695]},"properties":{"name":"ст.м. \"Виставковий центр\"","band":2,"modes":"bus","arr":["58"],"off":[0,-0.8]}},{"type":"Feature","geometry":{"type":"Point","coordinates":[30.471412,50.378695]},"properties":{"line":"58","mode":"bus","color":"#0059a9","colorDark":"#00294f","band":2,"off":[0,1.1]}},{"type":"Feature","geometry":{"type":"Point","coordinates":[30.51771,50.465368]},"properties":{"name":"Контрактова пл.","band":2,"modes":"bus,tram","arr":["62","115","119","Тм11","Тм12","Тм14","Тм16","Тм18","Тм19"],"off":[0,-0.8]}},{"type":"Feature","geometry":{"type":"Point","coordinates":[30.51771,50.465368]},"properties":{"name":"Контр. пл. (62)","band":2,"modes":"bus,tram","arr":["62","115","119","Тм11","Тм12","Тм14","Тм16","Тм18","Тм19"],"off":[0,-1.9]}},{"type":"Feature","geometry":{"type":"Point","coordinates":[30.51771,50.465368]},"properties":{"line":"62","mode":"bus","color":"#0059a9","colorDark":"#00294f","band":2,"off":[-6.8,1.1]}},{"type":"Feature","geometry":{"type":"Point","coordinates":[30.51771,50.465368]},"properties":{"line":"115","mode":"bus","color":"#0059a9","colorDark":"#00294f","band":2,"off":[-3.4,1.1]}},{"type":"Feature","geometry":{"type":"Point","coordinates":[30.51771,50.465368]},"properties":{"line":"119","mode":"bus","color":"#0059a9","colorDark":"#00294f","band":2,"off":[0,1.1]}},{"type":"Feature","geometry":{"type":"Point","coordinates":[30.51771,50.465368]},"properties":{"line":"Тм11","mode":"tram","color":"#d6212b","colorDark":"#7c1116","band":2,"off":[3.4,1.1],"lbl":"11"}},{"type":"Feature","geometry":{"type":"Point","coordinates":[30.51771,50.465368]},"properties":{"line":"Тм12","mode":"tram","color":"#d6212b","colorDark":"#7c1116","band":2,"off":[6.8,1.1],"lbl":"12"}},{"type":"Feature","geometry":{"type":"Point","coordinates":[30.51771,50.465368]},"properties":{"line":"Тм14","mode":"tram","color":"#d6212b","colorDark":"#7c1116","band":2,"off":[-5.1,3.1],"lbl":"14"}},{"type":"Feature","geometry":{"type":"Point","coordinates":[30.51771,50.465368]},"properties":{"line":"Тм16","mode":"tram","color":"#d6212b","colorDark":"#7c1116","band":2,"off":[-1.7,3.1],"lbl":"16"}},{"type":"Feature","geometry":{"type":"Point","coordinates":[30.51771,50.465368]},"properties":{"line":"Тм18","mode":"tram","color":"#d6212b","colorDark":"#7c1116","band":2,"off":[1.7,3.1],"lbl":"18"}},{"type":"Feature","geometry":{"type":"Point","coordinates":[30.51771,50.465368]},"properties":{"line":"Тм19","mode":"tram","color":"#d6212b","colorDark":"#7c1116","band":2,"off":[5.1,3.1],"lbl":"19"}},{"type":"Feature","geometry":{"type":"Point","coordinates":[30.556335,50.415292]},"properties":{"name":"Ботанічний сад","band":2,"modes":"bus","arr":["62","Тб14"],"off":[0,-0.8]}},{"type":"Feature","geometry":{"type":"Point","coordinates":[30.556335,50.415292]},"properties":{"line":"62","mode":"bus","color":"#0059a9","colorDark":"#00294f","band":2,"off":[-1.7,1.1]}},{"type":"Feature","geometry":{"type":"Point","coordinates":[30.556335,50.415292]},"properties":{"line":"Тб14","mode":"bus","color":"#149a3f","colorDark":"#0a5121","band":2,"off":[1.7,1.1],"lbl":"14"}},{"type":"Feature","geometry":{"type":"Point","coordinates":[30.629745,50.488547]},"properties":{"name":"вул. Космонавта Поповича","band":2,"modes":"bus","arr":["63"],"off":[0,-0.8]}},{"type":"Feature","geometry":{"type":"Point","coordinates":[30.629745,50.488547]},"properties":{"line":"63","mode":"bus","color":"#0059a9","colorDark":"#00294f","band":2,"off":[0,1.1]}},{"type":"Feature","geometry":{"type":"Point","coordinates":[30.375977,50.420507]},"properties":{"name":"вул. Л-Вольгемут","band":2,"modes":"bus","arr":["69"],"off":[0,-0.8]}},{"type":"Feature","geometry":{"type":"Point","coordinates":[30.375977,50.420507]},"properties":{"line":"69","mode":"bus","color":"#0059a9","colorDark":"#00294f","band":2,"off":[0,1.1]}},{"type":"Feature","geometry":{"type":"Point","coordinates":[30.408419,50.508064]},"properties":{"name":"М-в Синьозерний","band":2,"modes":"bus","arr":["72"],"off":[0,-0.8]}},{"type":"Feature","geometry":{"type":"Point","coordinates":[30.408419,50.508064]},"properties":{"line":"72","mode":"bus","color":"#0059a9","colorDark":"#00294f","band":2,"off":[0,1.1]}},{"type":"Feature","geometry":{"type":"Point","coordinates":[30.498379,50.521271]},"properties":{"name":"ст.м. \"Героїв Дніпра\"","band":2,"modes":"bus","arr":["73"],"off":[0,-0.8]}},{"type":"Feature","geometry":{"type":"Point","coordinates":[30.498379,50.521271]},"properties":{"line":"73","mode":"bus","color":"#0059a9","colorDark":"#00294f","band":2,"off":[0,1.1]}},{"type":"Feature","geometry":{"type":"Point","coordinates":[30.621965,50.342667]},"properties":{"name":"вул. Центральна","band":2,"modes":"bus","arr":["74"],"off":[0,-0.8]}},{"type":"Feature","geometry":{"type":"Point","coordinates":[30.621965,50.342667]},"properties":{"line":"74","mode":"bus","color":"#0059a9","colorDark":"#00294f","band":2,"off":[0,1.1]}},{"type":"Feature","geometry":{"type":"Point","coordinates":[30.45597,50.392244]},"properties":{"name":"вул. Гуляницького","band":2,"modes":"bus","arr":["75"],"off":[0,-0.8]}},{"type":"Feature","geometry":{"type":"Point","coordinates":[30.45597,50.392244]},"properties":{"line":"75","mode":"bus","color":"#0059a9","colorDark":"#00294f","band":2,"off":[0,1.1]}},{"type":"Feature","geometry":{"type":"Point","coordinates":[30.623435,50.502671]},"properties":{"name":"Лісове кладовище","band":2,"modes":"bus","arr":["77"],"off":[0,-0.8]}},{"type":"Feature","geometry":{"type":"Point","coordinates":[30.623435,50.502671]},"properties":{"line":"77","mode":"bus","color":"#0059a9","colorDark":"#00294f","band":2,"off":[0,1.1]}},{"type":"Feature","geometry":{"type":"Point","coordinates":[30.455996,50.421434]},"properties":{"name":"Держав. Адміістрація","band":2,"modes":"bus","arr":["78","Тб8"],"off":[0,-0.8]}},{"type":"Feature","geometry":{"type":"Point","coordinates":[30.455996,50.421434]},"properties":{"name":"вул. Смілянська","band":2,"modes":"bus","arr":["78","Тб8"],"off":[0,-3]}},{"type":"Feature","geometry":{"type":"Point","coordinates":[30.455996,50.421434]},"properties":{"line":"78","mode":"bus","color":"#0059a9","colorDark":"#00294f","band":2,"off":[-1.7,1.1]}},{"type":"Feature","geometry":{"type":"Point","coordinates":[30.455996,50.421434]},"properties":{"line":"Тб8","mode":"bus","color":"#149a3f","colorDark":"#0a5121","band":2,"off":[1.7,1.1],"lbl":"8"}},{"type":"Feature","geometry":{"type":"Point","coordinates":[30.585302,50.506698]},"properties":{"name":"вул. Каштанова","band":2,"modes":"bus","arr":["79"],"off":[0,-0.8]}},{"type":"Feature","geometry":{"type":"Point","coordinates":[30.585302,50.506698]},"properties":{"line":"79","mode":"bus","color":"#0059a9","colorDark":"#00294f","band":2,"off":[0,1.1]}},{"type":"Feature","geometry":{"type":"Point","coordinates":[30.643426,50.486791]},"properties":{"name":"Лісовий м-в (81)","band":2,"modes":"bus","arr":["81"],"off":[0,-0.8]}},{"type":"Feature","geometry":{"type":"Point","coordinates":[30.643426,50.486791]},"properties":{"line":"81","mode":"bus","color":"#0059a9","colorDark":"#00294f","band":2,"off":[0,1.1]}},{"type":"Feature","geometry":{"type":"Point","coordinates":[30.590116,50.459456]},"properties":{"name":"вул. Шептицького","band":2,"modes":"bus","arr":["87","108"],"off":[0,-0.8]}},{"type":"Feature","geometry":{"type":"Point","coordinates":[30.590116,50.459456]},"properties":{"line":"87","mode":"bus","color":"#0059a9","colorDark":"#00294f","band":2,"off":[-1.7,1.1]}},{"type":"Feature","geometry":{"type":"Point","coordinates":[30.590116,50.459456]},"properties":{"line":"108","mode":"bus","color":"#0059a9","colorDark":"#00294f","band":2,"off":[1.7,1.1]}},{"type":"Feature","geometry":{"type":"Point","coordinates":[30.61574,50.395451]},"properties":{"name":"ст.м. \"Осокорки\"","band":2,"modes":"bus","arr":["87"],"off":[0,-0.8]}},{"type":"Feature","geometry":{"type":"Point","coordinates":[30.61574,50.395451]},"properties":{"line":"87","mode":"bus","color":"#0059a9","colorDark":"#00294f","band":2,"off":[0,1.1]}},{"type":"Feature","geometry":{"type":"Point","coordinates":[30.396402,50.411695]},"properties":{"name":"вул. Г-Барського","band":2,"modes":"bus","arr":["90"],"off":[0,-0.8]}},{"type":"Feature","geometry":{"type":"Point","coordinates":[30.396402,50.411695]},"properties":{"line":"90","mode":"bus","color":"#0059a9","colorDark":"#00294f","band":2,"off":[0,1.1]}},{"type":"Feature","geometry":{"type":"Point","coordinates":[30.40432,50.482336]},"properties":{"name":"пл. В.Марченка","band":2,"modes":"bus","arr":["90","90к"],"off":[0,-0.8]}},{"type":"Feature","geometry":{"type":"Point","coordinates":[30.40432,50.482336]},"properties":{"line":"90","mode":"bus","color":"#0059a9","colorDark":"#00294f","band":2,"off":[-1.7,1.1]}},{"type":"Feature","geometry":{"type":"Point","coordinates":[30.40432,50.482336]},"properties":{"line":"90к","mode":"bus","color":"#0059a9","colorDark":"#00294f","band":2,"off":[1.7,1.1]}},{"type":"Feature","geometry":{"type":"Point","coordinates":[30.38911,50.457793]},"properties":{"name":"ст.м. Святошин","band":2,"modes":"bus","arr":["90к","Тб41"],"off":[0,-0.8]}},{"type":"Feature","geometry":{"type":"Point","coordinates":[30.38911,50.457793]},"properties":{"name":"ст.м. \"Святошин\" (90)","band":2,"modes":"bus","arr":["90к","Тб41"],"off":[0,-1.9]}},{"type":"Feature","geometry":{"type":"Point","coordinates":[30.38911,50.457793]},"properties":{"line":"90к","mode":"bus","color":"#0059a9","colorDark":"#00294f","band":2,"off":[-1.7,1.1]}},{"type":"Feature","geometry":{"type":"Point","coordinates":[30.38911,50.457793]},"properties":{"line":"Тб41","mode":"bus","color":"#149a3f","colorDark":"#0a5121","band":2,"off":[1.7,1.1],"lbl":"41"}},{"type":"Feature","geometry":{"type":"Point","coordinates":[30.640495,50.411697]},"properties":{"name":"вул. Ахматової (Р-к Позн)","band":2,"modes":"bus","arr":["91"],"off":[0,-0.8]}},{"type":"Feature","geometry":{"type":"Point","coordinates":[30.640495,50.411697]},"properties":{"line":"91","mode":"bus","color":"#0059a9","colorDark":"#00294f","band":2,"off":[0,1.1]}},{"type":"Feature","geometry":{"type":"Point","coordinates":[30.569248,50.483309]},"properties":{"name":"Русанівські сади","band":2,"modes":"bus","arr":["95"],"off":[0,-0.8]}},{"type":"Feature","geometry":{"type":"Point","coordinates":[30.569248,50.483309]},"properties":{"line":"95","mode":"bus","color":"#0059a9","colorDark":"#00294f","band":2,"off":[0,1.1]}},{"type":"Feature","geometry":{"type":"Point","coordinates":[30.337112,50.470352]},"properties":{"name":"м-в Новобіличі (ринок)","band":2,"modes":"bus","arr":["97","97к"],"off":[0,-0.8]}},{"type":"Feature","geometry":{"type":"Point","coordinates":[30.337112,50.470352]},"properties":{"line":"97","mode":"bus","color":"#0059a9","colorDark":"#00294f","band":2,"off":[-1.7,1.1]}},{"type":"Feature","geometry":{"type":"Point","coordinates":[30.337112,50.470352]},"properties":{"line":"97к","mode":"bus","color":"#0059a9","colorDark":"#00294f","band":2,"off":[1.7,1.1]}},{"type":"Feature","geometry":{"type":"Point","coordinates":[30.664761,50.529657]},"properties":{"name":"ТЕЦ-6","band":2,"modes":"bus","arr":["98"],"off":[0,-0.8]}},{"type":"Feature","geometry":{"type":"Point","coordinates":[30.664761,50.529657]},"properties":{"line":"98","mode":"bus","color":"#0059a9","colorDark":"#00294f","band":2,"off":[0,1.1]}},{"type":"Feature","geometry":{"type":"Point","coordinates":[30.496891,50.512261]},"properties":{"name":"ст.м. Мінська","band":2,"modes":"bus","arr":["99","Тб47"],"off":[0,-0.8]}},{"type":"Feature","geometry":{"type":"Point","coordinates":[30.496891,50.512261]},"properties":{"name":"ст.м. \"Мінська\"","band":2,"modes":"bus","arr":["99","Тб47"],"off":[0,-1.9]}},{"type":"Feature","geometry":{"type":"Point","coordinates":[30.496891,50.512261]},"properties":{"line":"99","mode":"bus","color":"#0059a9","colorDark":"#00294f","band":2,"off":[-1.7,1.1]}},{"type":"Feature","geometry":{"type":"Point","coordinates":[30.496891,50.512261]},"properties":{"line":"Тб47","mode":"bus","color":"#149a3f","colorDark":"#0a5121","band":2,"off":[1.7,1.1],"lbl":"47"}},{"type":"Feature","geometry":{"type":"Point","coordinates":[30.599286,50.532651]},"properties":{"name":"вул. Радунська (101к)","band":2,"modes":"bus","arr":["101","114"],"off":[0,-0.8]}},{"type":"Feature","geometry":{"type":"Point","coordinates":[30.599286,50.532651]},"properties":{"line":"101","mode":"bus","color":"#0059a9","colorDark":"#00294f","band":2,"off":[-1.7,1.1]}},{"type":"Feature","geometry":{"type":"Point","coordinates":[30.599286,50.532651]},"properties":{"line":"114","mode":"bus","color":"#0059a9","colorDark":"#00294f","band":2,"off":[1.7,1.1]}},{"type":"Feature","geometry":{"type":"Point","coordinates":[30.515556,50.495941]},"properties":{"name":"к-тр Братислава","band":2,"modes":"bus","arr":["102А"],"off":[0,-0.8]}},{"type":"Feature","geometry":{"type":"Point","coordinates":[30.515556,50.495941]},"properties":{"line":"102А","mode":"bus","color":"#0059a9","colorDark":"#00294f","band":2,"off":[0,1.1]}},{"type":"Feature","geometry":{"type":"Point","coordinates":[30.420328,50.504954]},"properties":{"name":"мкр Варш","band":2,"modes":"bus","arr":["102А"],"off":[0,-0.8]}},{"type":"Feature","geometry":{"type":"Point","coordinates":[30.420328,50.504954]},"properties":{"line":"102А","mode":"bus","color":"#0059a9","colorDark":"#00294f","band":2,"off":[0,1.1]}},{"type":"Feature","geometry":{"type":"Point","coordinates":[30.427759,50.510977]},"properties":{"name":"ж/м Виноградар","band":2,"modes":"bus","arr":["103"],"off":[0,-0.8]}},{"type":"Feature","geometry":{"type":"Point","coordinates":[30.427759,50.510977]},"properties":{"line":"103","mode":"bus","color":"#0059a9","colorDark":"#00294f","band":2,"off":[0,1.1]}},{"type":"Feature","geometry":{"type":"Point","coordinates":[30.684635,50.362855]},"properties":{"name":"ФАП","band":2,"modes":"bus","arr":["104"],"off":[0,-0.8]}},{"type":"Feature","geometry":{"type":"Point","coordinates":[30.684635,50.362855]},"properties":{"line":"104","mode":"bus","color":"#0059a9","colorDark":"#00294f","band":2,"off":[0,1.1]}},{"type":"Feature","geometry":{"type":"Point","coordinates":[30.654417,50.404345]},"properties":{"name":"м. Харківська","band":2,"modes":"bus","arr":["104","108","109"],"off":[0,-0.8]}},{"type":"Feature","geometry":{"type":"Point","coordinates":[30.654417,50.404345]},"properties":{"line":"104","mode":"bus","color":"#0059a9","colorDark":"#00294f","band":2,"off":[-3.4,1.1]}},{"type":"Feature","geometry":{"type":"Point","coordinates":[30.654417,50.404345]},"properties":{"line":"108","mode":"bus","color":"#0059a9","colorDark":"#00294f","band":2,"off":[0,1.1]}},{"type":"Feature","geometry":{"type":"Point","coordinates":[30.654417,50.404345]},"properties":{"line":"109","mode":"bus","color":"#0059a9","colorDark":"#00294f","band":2,"off":[3.4,1.1]}},{"type":"Feature","geometry":{"type":"Point","coordinates":[30.772198,50.404229]},"properties":{"name":"Бориспільське шосе","band":2,"modes":"bus","arr":["105"],"off":[0,-0.8]}},{"type":"Feature","geometry":{"type":"Point","coordinates":[30.772198,50.404229]},"properties":{"line":"105","mode":"bus","color":"#0059a9","colorDark":"#00294f","band":2,"off":[0,1.1]}},{"type":"Feature","geometry":{"type":"Point","coordinates":[30.518582,50.445197]},"properties":{"name":"м. Театральна","band":2,"modes":"bus","arr":["109"],"off":[0,-0.8]}},{"type":"Feature","geometry":{"type":"Point","coordinates":[30.518582,50.445197]},"properties":{"line":"109","mode":"bus","color":"#0059a9","colorDark":"#00294f","band":2,"off":[0,1.1]}},{"type":"Feature","geometry":{"type":"Point","coordinates":[30.658151,50.428522]},"properties":{"name":"Будинок культури","band":2,"modes":"bus","arr":["115"],"off":[0,-0.8]}},{"type":"Feature","geometry":{"type":"Point","coordinates":[30.658151,50.428522]},"properties":{"line":"115","mode":"bus","color":"#0059a9","colorDark":"#00294f","band":2,"off":[0,1.1]}},{"type":"Feature","geometry":{"type":"Point","coordinates":[30.642207,50.463688]},"properties":{"name":"ст.м. Лісова","band":2,"modes":"bus,tram","arr":["118д","Тм8","Тм22к","Тм23к","Тм29","Тм33к"],"off":[0,-0.8]}},{"type":"Feature","geometry":{"type":"Point","coordinates":[30.642207,50.463688]},"properties":{"name":"ст.м. \"Лісова\"","band":2,"modes":"bus,tram","arr":["118д","Тм8","Тм22к","Тм23к","Тм29","Тм33к"],"off":[0,-1.9]}},{"type":"Feature","geometry":{"type":"Point","coordinates":[30.642207,50.463688]},"properties":{"line":"118д","mode":"bus","color":"#0059a9","colorDark":"#00294f","band":2,"off":[-6.8,1.1]}},{"type":"Feature","geometry":{"type":"Point","coordinates":[30.642207,50.463688]},"properties":{"line":"Тм8","mode":"tram","color":"#d6212b","colorDark":"#7c1116","band":2,"off":[-3.4,1.1],"lbl":"8"}},{"type":"Feature","geometry":{"type":"Point","coordinates":[30.642207,50.463688]},"properties":{"line":"Тм22к","mode":"tram","color":"#d6212b","colorDark":"#7c1116","band":2,"off":[0,1.1],"lbl":"22к"}},{"type":"Feature","geometry":{"type":"Point","coordinates":[30.642207,50.463688]},"properties":{"line":"Тм23к","mode":"tram","color":"#d6212b","colorDark":"#7c1116","band":2,"off":[3.4,1.1],"lbl":"23к"}},{"type":"Feature","geometry":{"type":"Point","coordinates":[30.642207,50.463688]},"properties":{"line":"Тм29","mode":"tram","color":"#d6212b","colorDark":"#7c1116","band":2,"off":[6.8,1.1],"lbl":"29"}},{"type":"Feature","geometry":{"type":"Point","coordinates":[30.642207,50.463688]},"properties":{"line":"Тм33к","mode":"tram","color":"#d6212b","colorDark":"#7c1116","band":2,"off":[0,3.1],"lbl":"33к"}},{"type":"Feature","geometry":{"type":"Point","coordinates":[30.457363,50.37884]},"properties":{"name":"вул. Касіяна","band":2,"modes":"bus","arr":["119"],"off":[0,-0.8]}},{"type":"Feature","geometry":{"type":"Point","coordinates":[30.457363,50.37884]},"properties":{"line":"119","mode":"bus","color":"#0059a9","colorDark":"#00294f","band":2,"off":[0,1.1]}},{"type":"Feature","geometry":{"type":"Point","coordinates":[30.444196,50.361506]},"properties":{"name":"Кібцентр","band":2,"modes":"bus","arr":["120","Тб43"],"off":[0,-0.8]}},{"type":"Feature","geometry":{"type":"Point","coordinates":[30.444196,50.361506]},"properties":{"name":"Кібернитичний центр","band":2,"modes":"bus","arr":["120","Тб43"],"off":[0,-1.9]}},{"type":"Feature","geometry":{"type":"Point","coordinates":[30.444196,50.361506]},"properties":{"line":"120","mode":"bus","color":"#0059a9","colorDark":"#00294f","band":2,"off":[-1.7,1.1]}},{"type":"Feature","geometry":{"type":"Point","coordinates":[30.444196,50.361506]},"properties":{"line":"Тб43","mode":"bus","color":"#149a3f","colorDark":"#0a5121","band":2,"off":[1.7,1.1],"lbl":"43"}},{"type":"Feature","geometry":{"type":"Point","coordinates":[30.534363,50.379517]},"properties":{"name":"Багринова гора","band":2,"modes":"bus","arr":["Тб1","Тб11"],"off":[0,-0.8]}},{"type":"Feature","geometry":{"type":"Point","coordinates":[30.534363,50.379517]},"properties":{"line":"Тб1","mode":"bus","color":"#149a3f","colorDark":"#0a5121","band":2,"off":[-1.7,1.1],"lbl":"1"}},{"type":"Feature","geometry":{"type":"Point","coordinates":[30.534363,50.379517]},"properties":{"line":"Тб11","mode":"bus","color":"#149a3f","colorDark":"#0a5121","band":2,"off":[1.7,1.1],"lbl":"11"}},{"type":"Feature","geometry":{"type":"Point","coordinates":[30.490888,50.425717]},"properties":{"name":"Залізничний масив","band":2,"modes":"bus","arr":["Тб3"],"off":[0,-0.8]}},{"type":"Feature","geometry":{"type":"Point","coordinates":[30.490888,50.425717]},"properties":{"line":"Тб3","mode":"bus","color":"#149a3f","colorDark":"#0a5121","band":2,"off":[0,1.1],"lbl":"3"}},{"type":"Feature","geometry":{"type":"Point","coordinates":[30.421221,50.515084]},"properties":{"name":"просп. Свободи","band":2,"modes":"bus","arr":["Тб4","Тб24","Тб25","Тб26","Тб28Д","Тб35"],"off":[0,-0.8]}},{"type":"Feature","geometry":{"type":"Point","coordinates":[30.421221,50.515084]},"properties":{"line":"Тб4","mode":"bus","color":"#149a3f","colorDark":"#0a5121","band":2,"off":[-6.8,1.1],"lbl":"4"}},{"type":"Feature","geometry":{"type":"Point","coordinates":[30.421221,50.515084]},"properties":{"line":"Тб24","mode":"bus","color":"#149a3f","colorDark":"#0a5121","band":2,"off":[-3.4,1.1],"lbl":"24"}},{"type":"Feature","geometry":{"type":"Point","coordinates":[30.421221,50.515084]},"properties":{"line":"Тб25","mode":"bus","color":"#149a3f","colorDark":"#0a5121","band":2,"off":[0,1.1],"lbl":"25"}},{"type":"Feature","geometry":{"type":"Point","coordinates":[30.421221,50.515084]},"properties":{"line":"Тб26","mode":"bus","color":"#149a3f","colorDark":"#0a5121","band":2,"off":[3.4,1.1],"lbl":"26"}},{"type":"Feature","geometry":{"type":"Point","coordinates":[30.421221,50.515084]},"properties":{"line":"Тб28Д","mode":"bus","color":"#149a3f","colorDark":"#0a5121","band":2,"off":[6.8,1.1],"lbl":"28Д"}},{"type":"Feature","geometry":{"type":"Point","coordinates":[30.421221,50.515084]},"properties":{"line":"Тб35","mode":"bus","color":"#149a3f","colorDark":"#0a5121","band":2,"off":[0,3.1],"lbl":"35"}},{"type":"Feature","geometry":{"type":"Point","coordinates":[30.424127,50.48864]},"properties":{"name":"вул. Білицька","band":2,"modes":"bus","arr":["Тб5"],"off":[0,-0.8]}},{"type":"Feature","geometry":{"type":"Point","coordinates":[30.424127,50.48864]},"properties":{"line":"Тб5","mode":"bus","color":"#149a3f","colorDark":"#0a5121","band":2,"off":[0,1.1],"lbl":"5"}},{"type":"Feature","geometry":{"type":"Point","coordinates":[30.521913,50.451549]},"properties":{"name":"м-н Незалежності","band":2,"modes":"bus","arr":["Тб6","Тб16","Тб18"],"off":[0,-0.8]}},{"type":"Feature","geometry":{"type":"Point","coordinates":[30.521913,50.451549]},"properties":{"line":"Тб6","mode":"bus","color":"#149a3f","colorDark":"#0a5121","band":2,"off":[-3.4,1.1],"lbl":"6"}},{"type":"Feature","geometry":{"type":"Point","coordinates":[30.521913,50.451549]},"properties":{"line":"Тб16","mode":"bus","color":"#149a3f","colorDark":"#0a5121","band":2,"off":[0,1.1],"lbl":"16"}},{"type":"Feature","geometry":{"type":"Point","coordinates":[30.521913,50.451549]},"properties":{"line":"Тб18","mode":"bus","color":"#149a3f","colorDark":"#0a5121","band":2,"off":[3.4,1.1],"lbl":"18"}},{"type":"Feature","geometry":{"type":"Point","coordinates":[30.462741,50.524878]},"properties":{"name":"Мінський масив","band":2,"modes":"bus","arr":["Тб6","Тб33"],"off":[0,-0.8]}},{"type":"Feature","geometry":{"type":"Point","coordinates":[30.462741,50.524878]},"properties":{"line":"Тб6","mode":"bus","color":"#149a3f","colorDark":"#0a5121","band":2,"off":[-1.7,1.1],"lbl":"6"}},{"type":"Feature","geometry":{"type":"Point","coordinates":[30.462741,50.524878]},"properties":{"line":"Тб33","mode":"bus","color":"#149a3f","colorDark":"#0a5121","band":2,"off":[1.7,1.1],"lbl":"33"}},{"type":"Feature","geometry":{"type":"Point","coordinates":[30.491232,50.353628]},"properties":{"name":"Музей архітектури","band":2,"modes":"bus","arr":["Тб11"],"off":[0,-0.8]}},{"type":"Feature","geometry":{"type":"Point","coordinates":[30.491232,50.353628]},"properties":{"line":"Тб11","mode":"bus","color":"#149a3f","colorDark":"#0a5121","band":2,"off":[0,1.1],"lbl":"11"}},{"type":"Feature","geometry":{"type":"Point","coordinates":[30.488462,50.354714]},"properties":{"name":"Музей архітектури","band":2,"modes":"bus","arr":["Тб11"],"off":[0,-0.8]}},{"type":"Feature","geometry":{"type":"Point","coordinates":[30.488462,50.354714]},"properties":{"line":"Тб11","mode":"bus","color":"#149a3f","colorDark":"#0a5121","band":2,"off":[0,1.1],"lbl":"11"}},{"type":"Feature","geometry":{"type":"Point","coordinates":[30.557923,50.402762]},"properties":{"name":"ст.м. Видубичі","band":2,"modes":"bus","arr":["Тб15","Тб38"],"off":[0,-0.8]}},{"type":"Feature","geometry":{"type":"Point","coordinates":[30.557923,50.402762]},"properties":{"line":"Тб15","mode":"bus","color":"#149a3f","colorDark":"#0a5121","band":2,"off":[-1.7,1.1],"lbl":"15"}},{"type":"Feature","geometry":{"type":"Point","coordinates":[30.557923,50.402762]},"properties":{"line":"Тб38","mode":"bus","color":"#149a3f","colorDark":"#0a5121","band":2,"off":[1.7,1.1],"lbl":"38"}},{"type":"Feature","geometry":{"type":"Point","coordinates":[30.5543,50.403061]},"properties":{"name":"ст.м. Видубичі","band":2,"modes":"bus","arr":["Тб15"],"off":[0,-0.8]}},{"type":"Feature","geometry":{"type":"Point","coordinates":[30.5543,50.403061]},"properties":{"line":"Тб15","mode":"bus","color":"#149a3f","colorDark":"#0a5121","band":2,"off":[0,1.1],"lbl":"15"}},{"type":"Feature","geometry":{"type":"Point","coordinates":[30.395727,50.484856]},"properties":{"name":"вул. Мрії","band":2,"modes":"bus","arr":["Тб16","Тб23Д"],"off":[0,-0.8]}},{"type":"Feature","geometry":{"type":"Point","coordinates":[30.395727,50.484856]},"properties":{"line":"Тб16","mode":"bus","color":"#149a3f","colorDark":"#0a5121","band":2,"off":[-1.7,1.1],"lbl":"16"}},{"type":"Feature","geometry":{"type":"Point","coordinates":[30.395727,50.484856]},"properties":{"line":"Тб23Д","mode":"bus","color":"#149a3f","colorDark":"#0a5121","band":2,"off":[1.7,1.1],"lbl":"23Д"}},{"type":"Feature","geometry":{"type":"Point","coordinates":[30.456698,50.431206]},"properties":{"name":"пл. Космонавтів","band":2,"modes":"bus","arr":["Тб17","Тб19"],"off":[0,-0.8]}},{"type":"Feature","geometry":{"type":"Point","coordinates":[30.456698,50.431206]},"properties":{"line":"Тб17","mode":"bus","color":"#149a3f","colorDark":"#0a5121","band":2,"off":[-1.7,1.1],"lbl":"17"}},{"type":"Feature","geometry":{"type":"Point","coordinates":[30.456698,50.431206]},"properties":{"line":"Тб19","mode":"bus","color":"#149a3f","colorDark":"#0a5121","band":2,"off":[1.7,1.1],"lbl":"19"}},{"type":"Feature","geometry":{"type":"Point","coordinates":[30.447456,50.521229]},"properties":{"name":"вул. Сошенка","band":2,"modes":"bus","arr":["Тб18","Тб32"],"off":[0,-0.8]}},{"type":"Feature","geometry":{"type":"Point","coordinates":[30.447456,50.521229]},"properties":{"line":"Тб18","mode":"bus","color":"#149a3f","colorDark":"#0a5121","band":2,"off":[-1.7,1.1],"lbl":"18"}},{"type":"Feature","geometry":{"type":"Point","coordinates":[30.447456,50.521229]},"properties":{"line":"Тб32","mode":"bus","color":"#149a3f","colorDark":"#0a5121","band":2,"off":[1.7,1.1],"lbl":"32"}},{"type":"Feature","geometry":{"type":"Point","coordinates":[30.444907,50.479839]},"properties":{"name":"вул. Ольжича","band":2,"modes":"bus","arr":["Тб19","Тб22к","Тб42"],"off":[0,-0.8]}},{"type":"Feature","geometry":{"type":"Point","coordinates":[30.444907,50.479839]},"properties":{"line":"Тб19","mode":"bus","color":"#149a3f","colorDark":"#0a5121","band":2,"off":[-3.4,1.1],"lbl":"19"}},{"type":"Feature","geometry":{"type":"Point","coordinates":[30.444907,50.479839]},"properties":{"line":"Тб22к","mode":"bus","color":"#149a3f","colorDark":"#0a5121","band":2,"off":[0,1.1],"lbl":"22к"}},{"type":"Feature","geometry":{"type":"Point","coordinates":[30.444907,50.479839]},"properties":{"line":"Тб42","mode":"bus","color":"#149a3f","colorDark":"#0a5121","band":2,"off":[3.4,1.1],"lbl":"42"}},{"type":"Feature","geometry":{"type":"Point","coordinates":[30.464303,50.414501]},"properties":{"name":"Кадетський гай","band":2,"modes":"bus","arr":["Тб22к","Тб30","Тб35","Тб40","Тб40к"],"off":[0,-0.8]}},{"type":"Feature","geometry":{"type":"Point","coordinates":[30.464303,50.414501]},"properties":{"line":"Тб22к","mode":"bus","color":"#149a3f","colorDark":"#0a5121","band":2,"off":[-6.8,1.1],"lbl":"22к"}},{"type":"Feature","geometry":{"type":"Point","coordinates":[30.464303,50.414501]},"properties":{"line":"Тб30","mode":"bus","color":"#149a3f","colorDark":"#0a5121","band":2,"off":[-3.4,1.1],"lbl":"30"}},{"type":"Feature","geometry":{"type":"Point","coordinates":[30.464303,50.414501]},"properties":{"line":"Тб35","mode":"bus","color":"#149a3f","colorDark":"#0a5121","band":2,"off":[0,1.1],"lbl":"35"}},{"type":"Feature","geometry":{"type":"Point","coordinates":[30.464303,50.414501]},"properties":{"line":"Тб40","mode":"bus","color":"#149a3f","colorDark":"#0a5121","band":2,"off":[3.4,1.1],"lbl":"40"}},{"type":"Feature","geometry":{"type":"Point","coordinates":[30.464303,50.414501]},"properties":{"line":"Тб40к","mode":"bus","color":"#149a3f","colorDark":"#0a5121","band":2,"off":[6.8,1.1],"lbl":"40к"}},{"type":"Feature","geometry":{"type":"Point","coordinates":[30.482951,50.449625]},"properties":{"name":"Повітрофл ш/пр","band":2,"modes":"bus","arr":["Тб23Д","Тб28Д","Тб31Д"],"off":[0,-0.8]}},{"type":"Feature","geometry":{"type":"Point","coordinates":[30.482951,50.449625]},"properties":{"line":"Тб23Д","mode":"bus","color":"#149a3f","colorDark":"#0a5121","band":2,"off":[-3.4,1.1],"lbl":"23Д"}},{"type":"Feature","geometry":{"type":"Point","coordinates":[30.482951,50.449625]},"properties":{"line":"Тб28Д","mode":"bus","color":"#149a3f","colorDark":"#0a5121","band":2,"off":[0,1.1],"lbl":"28Д"}},{"type":"Feature","geometry":{"type":"Point","coordinates":[30.482951,50.449625]},"properties":{"line":"Тб31Д","mode":"bus","color":"#149a3f","colorDark":"#0a5121","band":2,"off":[3.4,1.1],"lbl":"31Д"}},{"type":"Feature","geometry":{"type":"Point","coordinates":[30.483439,50.450739]},"properties":{"name":"Повітрофл ш/пр","band":2,"modes":"bus","arr":["Тб28Д"],"off":[0,-0.8]}},{"type":"Feature","geometry":{"type":"Point","coordinates":[30.483439,50.450739]},"properties":{"line":"Тб28Д","mode":"bus","color":"#149a3f","colorDark":"#0a5121","band":2,"off":[0,1.1],"lbl":"28Д"}},{"type":"Feature","geometry":{"type":"Point","coordinates":[30.484854,50.488734]},"properties":{"name":"ст. Куренівка","band":2,"modes":"bus","arr":["Тб29"],"off":[0,-0.8]}},{"type":"Feature","geometry":{"type":"Point","coordinates":[30.484854,50.488734]},"properties":{"line":"Тб29","mode":"bus","color":"#149a3f","colorDark":"#0a5121","band":2,"off":[0,1.1],"lbl":"29"}},{"type":"Feature","geometry":{"type":"Point","coordinates":[30.620078,50.527497]},"properties":{"name":"вул. Милославська. (30)","band":2,"modes":"bus","arr":["Тб30","Тб47","Тб50","Тб50к"],"off":[0,-0.8]}},{"type":"Feature","geometry":{"type":"Point","coordinates":[30.620078,50.527497]},"properties":{"line":"Тб30","mode":"bus","color":"#149a3f","colorDark":"#0a5121","band":2,"off":[-5.1,1.1],"lbl":"30"}},{"type":"Feature","geometry":{"type":"Point","coordinates":[30.620078,50.527497]},"properties":{"line":"Тб47","mode":"bus","color":"#149a3f","colorDark":"#0a5121","band":2,"off":[-1.7,1.1],"lbl":"47"}},{"type":"Feature","geometry":{"type":"Point","coordinates":[30.620078,50.527497]},"properties":{"line":"Тб50","mode":"bus","color":"#149a3f","colorDark":"#0a5121","band":2,"off":[1.7,1.1],"lbl":"50"}},{"type":"Feature","geometry":{"type":"Point","coordinates":[30.620078,50.527497]},"properties":{"line":"Тб50к","mode":"bus","color":"#149a3f","colorDark":"#0a5121","band":2,"off":[5.1,1.1],"lbl":"50к"}},{"type":"Feature","geometry":{"type":"Point","coordinates":[30.498117,50.488144]},"properties":{"name":"м. Почайна (29)","band":2,"modes":"bus","arr":["Тб34"],"off":[0,-0.8]}},{"type":"Feature","geometry":{"type":"Point","coordinates":[30.498117,50.488144]},"properties":{"line":"Тб34","mode":"bus","color":"#149a3f","colorDark":"#0a5121","band":2,"off":[0,1.1],"lbl":"34"}},{"type":"Feature","geometry":{"type":"Point","coordinates":[30.641844,50.465726]},"properties":{"name":"ст.м. Лісова","band":2,"modes":"bus","arr":["Тб37"],"off":[0,-0.8]}},{"type":"Feature","geometry":{"type":"Point","coordinates":[30.641844,50.465726]},"properties":{"line":"Тб37","mode":"bus","color":"#149a3f","colorDark":"#0a5121","band":2,"off":[0,1.1],"lbl":"37"}},{"type":"Feature","geometry":{"type":"Point","coordinates":[30.365373,50.427026]},"properties":{"name":"просп. Курбаса","band":2,"modes":"bus","arr":["Тб39"],"off":[0,-0.8]}},{"type":"Feature","geometry":{"type":"Point","coordinates":[30.365373,50.427026]},"properties":{"line":"Тб39","mode":"bus","color":"#149a3f","colorDark":"#0a5121","band":2,"off":[0,1.1],"lbl":"39"}},{"type":"Feature","geometry":{"type":"Point","coordinates":[30.366568,50.424835]},"properties":{"name":"просп. Курбаса","band":2,"modes":"bus","arr":["Тб39"],"off":[0,-0.8]}},{"type":"Feature","geometry":{"type":"Point","coordinates":[30.366568,50.424835]},"properties":{"line":"Тб39","mode":"bus","color":"#149a3f","colorDark":"#0a5121","band":2,"off":[0,1.1],"lbl":"39"}},{"type":"Feature","geometry":{"type":"Point","coordinates":[30.513608,50.434738]},"properties":{"name":"вул. Жилянська 1","band":2,"modes":"bus","arr":["Тб40к"],"off":[0,-0.8]}},{"type":"Feature","geometry":{"type":"Point","coordinates":[30.513608,50.434738]},"properties":{"line":"Тб40к","mode":"bus","color":"#149a3f","colorDark":"#0a5121","band":2,"off":[0,1.1],"lbl":"40к"}},{"type":"Feature","geometry":{"type":"Point","coordinates":[30.364206,50.429638]},"properties":{"name":"вул. Тулузи","band":2,"modes":"bus","arr":["Тб41"],"off":[0,-0.8]}},{"type":"Feature","geometry":{"type":"Point","coordinates":[30.364206,50.429638]},"properties":{"line":"Тб41","mode":"bus","color":"#149a3f","colorDark":"#0a5121","band":2,"off":[0,1.1],"lbl":"41"}},{"type":"Feature","geometry":{"type":"Point","coordinates":[30.368582,50.430789]},"properties":{"name":"вул. Тулузи","band":2,"modes":"bus","arr":["Тб41"],"off":[0,-0.8]}},{"type":"Feature","geometry":{"type":"Point","coordinates":[30.368582,50.430789]},"properties":{"line":"Тб41","mode":"bus","color":"#149a3f","colorDark":"#0a5121","band":2,"off":[0,1.1],"lbl":"41"}},{"type":"Feature","geometry":{"type":"Point","coordinates":[30.523532,50.491369]},"properties":{"name":"просп. Бандери","band":2,"modes":"bus","arr":["Тб44"],"off":[0,-0.8]}},{"type":"Feature","geometry":{"type":"Point","coordinates":[30.523532,50.491369]},"properties":{"line":"Тб44","mode":"bus","color":"#149a3f","colorDark":"#0a5121","band":2,"off":[0,1.1],"lbl":"44"}},{"type":"Feature","geometry":{"type":"Point","coordinates":[30.489058,50.443651]},"properties":{"name":"ст. Старовокзальна","band":2,"modes":"tram","arr":["Тм1","Тм3","Тм15","Тм18"],"off":[0,-0.8]}},{"type":"Feature","geometry":{"type":"Point","coordinates":[30.489058,50.443651]},"properties":{"name":"вул. Старовокзальна","band":2,"modes":"tram","arr":["Тм1","Тм3","Тм15","Тм18"],"off":[0,-1.9]}},{"type":"Feature","geometry":{"type":"Point","coordinates":[30.489058,50.443651]},"properties":{"line":"Тм1","mode":"tram","color":"#d6212b","colorDark":"#7c1116","band":2,"off":[-5.1,1.1],"lbl":"1"}},{"type":"Feature","geometry":{"type":"Point","coordinates":[30.489058,50.443651]},"properties":{"line":"Тм3","mode":"tram","color":"#d6212b","colorDark":"#7c1116","band":2,"off":[-1.7,1.1],"lbl":"3"}},{"type":"Feature","geometry":{"type":"Point","coordinates":[30.489058,50.443651]},"properties":{"line":"Тм15","mode":"tram","color":"#d6212b","colorDark":"#7c1116","band":2,"off":[1.7,1.1],"lbl":"15"}},{"type":"Feature","geometry":{"type":"Point","coordinates":[30.489058,50.443651]},"properties":{"line":"Тм18","mode":"tram","color":"#d6212b","colorDark":"#7c1116","band":2,"off":[5.1,1.1],"lbl":"18"}},{"type":"Feature","geometry":{"type":"Point","coordinates":[30.374223,50.426503]},"properties":{"name":"ст. Жуля Верна","band":2,"modes":"tram","arr":["Тм2","Тм3"],"off":[0,-0.8]}},{"type":"Feature","geometry":{"type":"Point","coordinates":[30.374223,50.426503]},"properties":{"line":"Тм2","mode":"tram","color":"#d6212b","colorDark":"#7c1116","band":2,"off":[-1.7,1.1],"lbl":"2"}},{"type":"Feature","geometry":{"type":"Point","coordinates":[30.374223,50.426503]},"properties":{"line":"Тм3","mode":"tram","color":"#d6212b","colorDark":"#7c1116","band":2,"off":[1.7,1.1],"lbl":"3"}},{"type":"Feature","geometry":{"type":"Point","coordinates":[30.632847,50.401252]},"properties":{"name":"ст.м. Позняки","band":2,"modes":"tram","arr":["Тм8","Тм25"],"off":[0,-0.8]}},{"type":"Feature","geometry":{"type":"Point","coordinates":[30.632847,50.401252]},"properties":{"line":"Тм8","mode":"tram","color":"#d6212b","colorDark":"#7c1116","band":2,"off":[-1.7,1.1],"lbl":"8"}},{"type":"Feature","geometry":{"type":"Point","coordinates":[30.632847,50.401252]},"properties":{"line":"Тм25","mode":"tram","color":"#d6212b","colorDark":"#7c1116","band":2,"off":[1.7,1.1],"lbl":"25"}},{"type":"Feature","geometry":{"type":"Point","coordinates":[30.504323,50.499029]},"properties":{"name":"вул. Йорданська","band":2,"modes":"tram","arr":["Тм11","Тм17"],"off":[0,-0.8]}},{"type":"Feature","geometry":{"type":"Point","coordinates":[30.504323,50.499029]},"properties":{"line":"Тм11","mode":"tram","color":"#d6212b","colorDark":"#7c1116","band":2,"off":[-1.7,1.1],"lbl":"11"}},{"type":"Feature","geometry":{"type":"Point","coordinates":[30.504323,50.499029]},"properties":{"line":"Тм17","mode":"tram","color":"#d6212b","colorDark":"#7c1116","band":2,"off":[1.7,1.1],"lbl":"17"}},{"type":"Feature","geometry":{"type":"Point","coordinates":[30.335335,50.552519]},"properties":{"name":"Пуща-Водиця","band":2,"modes":"tram","arr":["Тм12","Тм17"],"off":[0,-0.8]}},{"type":"Feature","geometry":{"type":"Point","coordinates":[30.335335,50.552519]},"properties":{"line":"Тм12","mode":"tram","color":"#d6212b","colorDark":"#7c1116","band":2,"off":[-1.7,1.1],"lbl":"12"}},{"type":"Feature","geometry":{"type":"Point","coordinates":[30.335335,50.552519]},"properties":{"line":"Тм17","mode":"tram","color":"#d6212b","colorDark":"#7c1116","band":2,"off":[1.7,1.1],"lbl":"17"}},{"type":"Feature","geometry":{"type":"Point","coordinates":[30.425111,50.420634]},"properties":{"name":"Проспект Відрадний","band":2,"modes":"tram","arr":["Тм14","Тм15"],"off":[0,-0.8]}},{"type":"Feature","geometry":{"type":"Point","coordinates":[30.425111,50.420634]},"properties":{"line":"Тм14","mode":"tram","color":"#d6212b","colorDark":"#7c1116","band":2,"off":[-1.7,1.1],"lbl":"14"}},{"type":"Feature","geometry":{"type":"Point","coordinates":[30.425111,50.420634]},"properties":{"line":"Тм15","mode":"tram","color":"#d6212b","colorDark":"#7c1116","band":2,"off":[1.7,1.1],"lbl":"15"}},{"type":"Feature","geometry":{"type":"Point","coordinates":[30.495539,50.522823]},"properties":{"name":"ст.м.Героїв Дніпра","band":2,"modes":"tram","arr":["Тм16"],"off":[0,-0.8]}},{"type":"Feature","geometry":{"type":"Point","coordinates":[30.495539,50.522823]},"properties":{"line":"Тм16","mode":"tram","color":"#d6212b","colorDark":"#7c1116","band":2,"off":[0,1.1],"lbl":"16"}},{"type":"Feature","geometry":{"type":"Point","coordinates":[30.45098,50.520618]},"properties":{"name":"пл.Шевченка","band":2,"modes":"tram","arr":["Тм19"],"off":[0,-0.8]}},{"type":"Feature","geometry":{"type":"Point","coordinates":[30.45098,50.520618]},"properties":{"line":"Тм19","mode":"tram","color":"#d6212b","colorDark":"#7c1116","band":2,"off":[0,1.1],"lbl":"19"}},{"type":"Feature","geometry":{"type":"Point","coordinates":[30.688661,50.424955]},"properties":{"name":"ЗЗБК","band":2,"modes":"tram","arr":["Тм22к","Тм25"],"off":[0,-0.8]}},{"type":"Feature","geometry":{"type":"Point","coordinates":[30.688661,50.424955]},"properties":{"line":"Тм22к","mode":"tram","color":"#d6212b","colorDark":"#7c1116","band":2,"off":[-1.7,1.1],"lbl":"22к"}},{"type":"Feature","geometry":{"type":"Point","coordinates":[30.688661,50.424955]},"properties":{"line":"Тм25","mode":"tram","color":"#d6212b","colorDark":"#7c1116","band":2,"off":[1.7,1.1],"lbl":"25"}},{"type":"Feature","geometry":{"type":"Point","coordinates":[30.67631,50.448529]},"properties":{"name":"ДВРЗ","band":2,"modes":"tram","arr":["Тм23к","Тм33к"],"off":[0,-0.8]}},{"type":"Feature","geometry":{"type":"Point","coordinates":[30.67631,50.448529]},"properties":{"line":"Тм23к","mode":"tram","color":"#d6212b","colorDark":"#7c1116","band":2,"off":[-1.7,1.1],"lbl":"23к"}},{"type":"Feature","geometry":{"type":"Point","coordinates":[30.67631,50.448529]},"properties":{"line":"Тм33к","mode":"tram","color":"#d6212b","colorDark":"#7c1116","band":2,"off":[1.7,1.1],"lbl":"33к"}},{"type":"Feature","geometry":{"type":"Point","coordinates":[30.68469,50.404222]},"properties":{"name":"ст.м. Бориспільська","band":2,"modes":"tram","arr":["Тм29"],"off":[0,-0.8]}},{"type":"Feature","geometry":{"type":"Point","coordinates":[30.68469,50.404222]},"properties":{"line":"Тм29","mode":"tram","color":"#d6212b","colorDark":"#7c1116","band":2,"off":[0,1.1],"lbl":"29"}},{"type":"Feature","geometry":{"type":"Point","coordinates":[30.639101,50.461856]},"properties":{"name":"ст.м. Лісова","band":2,"modes":"tram","arr":["Тм33к"],"off":[0,-0.8]}},{"type":"Feature","geometry":{"type":"Point","coordinates":[30.639101,50.461856]},"properties":{"line":"Тм33к","mode":"tram","color":"#d6212b","colorDark":"#7c1116","band":2,"off":[0,1.1],"lbl":"33к"}},{"type":"Feature","geometry":{"type":"Point","coordinates":[30.474667,50.449522]},"properties":{"name":"вул. Шолуденка","band":3,"modes":"bus","arr":["2"],"off":[0,-0.8]}},{"type":"Feature","geometry":{"type":"Point","coordinates":[30.474667,50.449522]},"properties":{"line":"2","mode":"bus","color":"#0059a9","colorDark":"#00294f","band":3,"off":[0,1.1]}},{"type":"Feature","geometry":{"type":"Point","coordinates":[30.408817,50.412916]},"properties":{"name":"вул. Кікабідзе","band":3,"modes":"bus","arr":["2","9"],"off":[0,-0.8]}},{"type":"Feature","geometry":{"type":"Point","coordinates":[30.408817,50.412916]},"properties":{"line":"2","mode":"bus","color":"#0059a9","colorDark":"#00294f","band":3,"off":[-1.7,1.1]}},{"type":"Feature","geometry":{"type":"Point","coordinates":[30.408817,50.412916]},"properties":{"line":"9","mode":"bus","color":"#0059a9","colorDark":"#00294f","band":3,"off":[1.7,1.1]}},{"type":"Feature","geometry":{"type":"Point","coordinates":[30.573846,50.483864]},"properties":{"name":"ст Райдужний","band":3,"modes":"bus","arr":["4т","5т","70Д"],"off":[0,-0.8]}},{"type":"Feature","geometry":{"type":"Point","coordinates":[30.573846,50.483864]},"properties":{"line":"4т","mode":"bus","color":"#0059a9","colorDark":"#00294f","band":3,"off":[-3.4,1.1]}},{"type":"Feature","geometry":{"type":"Point","coordinates":[30.573846,50.483864]},"properties":{"line":"5т","mode":"bus","color":"#0059a9","colorDark":"#00294f","band":3,"off":[0,1.1]}},{"type":"Feature","geometry":{"type":"Point","coordinates":[30.573846,50.483864]},"properties":{"line":"70Д","mode":"bus","color":"#0059a9","colorDark":"#00294f","band":3,"off":[3.4,1.1]}},{"type":"Feature","geometry":{"type":"Point","coordinates":[30.610545,50.532738]},"properties":{"name":"Милослав.(21)","band":3,"modes":"bus","arr":["4т","21"],"off":[0,-0.8]}},{"type":"Feature","geometry":{"type":"Point","coordinates":[30.610545,50.532738]},"properties":{"line":"4т","mode":"bus","color":"#0059a9","colorDark":"#00294f","band":3,"off":[-1.7,1.1]}},{"type":"Feature","geometry":{"type":"Point","coordinates":[30.610545,50.532738]},"properties":{"line":"21","mode":"bus","color":"#0059a9","colorDark":"#00294f","band":3,"off":[1.7,1.1]}},{"type":"Feature","geometry":{"type":"Point","coordinates":[30.490619,50.440729]},"properties":{"name":"Залізничний вокзал","band":3,"modes":"bus","arr":["5","7","24","50","114","Тб12","Тб14"],"off":[0,-0.8]}},{"type":"Feature","geometry":{"type":"Point","coordinates":[30.490619,50.440729]},"properties":{"name":"Залізн вокзал","band":3,"modes":"bus","arr":["5","7","24","50","114","Тб12","Тб14"],"off":[0,-1.9]}},{"type":"Feature","geometry":{"type":"Point","coordinates":[30.490619,50.440729]},"properties":{"line":"5","mode":"bus","color":"#0059a9","colorDark":"#00294f","band":3,"off":[-6.8,1.1]}},{"type":"Feature","geometry":{"type":"Point","coordinates":[30.490619,50.440729]},"properties":{"line":"7","mode":"bus","color":"#0059a9","colorDark":"#00294f","band":3,"off":[-3.4,1.1]}},{"type":"Feature","geometry":{"type":"Point","coordinates":[30.490619,50.440729]},"properties":{"line":"24","mode":"bus","color":"#0059a9","colorDark":"#00294f","band":3,"off":[0,1.1]}},{"type":"Feature","geometry":{"type":"Point","coordinates":[30.490619,50.440729]},"properties":{"line":"50","mode":"bus","color":"#0059a9","colorDark":"#00294f","band":3,"off":[3.4,1.1]}},{"type":"Feature","geometry":{"type":"Point","coordinates":[30.490619,50.440729]},"properties":{"line":"114","mode":"bus","color":"#0059a9","colorDark":"#00294f","band":3,"off":[6.8,1.1]}},{"type":"Feature","geometry":{"type":"Point","coordinates":[30.490619,50.440729]},"properties":{"line":"Тб12","mode":"bus","color":"#149a3f","colorDark":"#0a5121","band":3,"off":[-1.7,3.1],"lbl":"12"}},{"type":"Feature","geometry":{"type":"Point","coordinates":[30.490619,50.440729]},"properties":{"line":"Тб14","mode":"bus","color":"#149a3f","colorDark":"#0a5121","band":3,"off":[1.7,3.1],"lbl":"14"}},{"type":"Feature","geometry":{"type":"Point","coordinates":[30.519167,50.409045]},"properties":{"name":"вул. Ізюмська","band":3,"modes":"bus","arr":["5","12","19"],"off":[0,-0.8]}},{"type":"Feature","geometry":{"type":"Point","coordinates":[30.519167,50.409045]},"properties":{"line":"5","mode":"bus","color":"#0059a9","colorDark":"#00294f","band":3,"off":[-3.4,1.1]}},{"type":"Feature","geometry":{"type":"Point","coordinates":[30.519167,50.409045]},"properties":{"line":"12","mode":"bus","color":"#0059a9","colorDark":"#00294f","band":3,"off":[0,1.1]}},{"type":"Feature","geometry":{"type":"Point","coordinates":[30.519167,50.409045]},"properties":{"line":"19","mode":"bus","color":"#0059a9","colorDark":"#00294f","band":3,"off":[3.4,1.1]}},{"type":"Feature","geometry":{"type":"Point","coordinates":[30.620821,50.509711]},"properties":{"name":"вул. С. Лифаря","band":3,"modes":"bus","arr":["5т"],"off":[0,-0.8]}},{"type":"Feature","geometry":{"type":"Point","coordinates":[30.620821,50.509711]},"properties":{"line":"5т","mode":"bus","color":"#0059a9","colorDark":"#00294f","band":3,"off":[0,1.1]}},{"type":"Feature","geometry":{"type":"Point","coordinates":[30.599174,50.531113]},"properties":{"name":"вул. Милославська (73)","band":3,"modes":"bus","arr":["6","28т","44","73","98","110","Тб31Д","Тб37"],"off":[0,-0.8]}},{"type":"Feature","geometry":{"type":"Point","coordinates":[30.599174,50.531113]},"properties":{"name":"вул. Милославська (37)","band":3,"modes":"bus","arr":["6","28т","44","73","98","110","Тб31Д","Тб37"],"off":[0,-3]}},{"type":"Feature","geometry":{"type":"Point","coordinates":[30.599174,50.531113]},"properties":{"line":"6","mode":"bus","color":"#0059a9","colorDark":"#00294f","band":3,"off":[-6.8,1.1]}},{"type":"Feature","geometry":{"type":"Point","coordinates":[30.599174,50.531113]},"properties":{"line":"28т","mode":"bus","color":"#0059a9","colorDark":"#00294f","band":3,"off":[-3.4,1.1]}},{"type":"Feature","geometry":{"type":"Point","coordinates":[30.599174,50.531113]},"properties":{"line":"44","mode":"bus","color":"#0059a9","colorDark":"#00294f","band":3,"off":[0,1.1]}},{"type":"Feature","geometry":{"type":"Point","coordinates":[30.599174,50.531113]},"properties":{"line":"73","mode":"bus","color":"#0059a9","colorDark":"#00294f","band":3,"off":[3.4,1.1]}},{"type":"Feature","geometry":{"type":"Point","coordinates":[30.599174,50.531113]},"properties":{"line":"98","mode":"bus","color":"#0059a9","colorDark":"#00294f","band":3,"off":[6.8,1.1]}},{"type":"Feature","geometry":{"type":"Point","coordinates":[30.599174,50.531113]},"properties":{"line":"110","mode":"bus","color":"#0059a9","colorDark":"#00294f","band":3,"off":[-3.4,3.1]}},{"type":"Feature","geometry":{"type":"Point","coordinates":[30.599174,50.531113]},"properties":{"line":"Тб31Д","mode":"bus","color":"#149a3f","colorDark":"#0a5121","band":3,"off":[0,3.1],"lbl":"31Д"}},{"type":"Feature","geometry":{"type":"Point","coordinates":[30.599174,50.531113]},"properties":{"line":"Тб37","mode":"bus","color":"#149a3f","colorDark":"#0a5121","band":3,"off":[3.4,3.1],"lbl":"37"}},{"type":"Feature","geometry":{"type":"Point","coordinates":[30.625864,50.444159]},"properties":{"name":"пл. Дарницька","band":3,"modes":"bus","arr":["6","111","Тб29","Тб43","Тб50к"],"off":[0,-0.8]}},{"type":"Feature","geometry":{"type":"Point","coordinates":[30.625864,50.444159]},"properties":{"name":"Дарницька пл","band":3,"modes":"bus","arr":["6","111","Тб29","Тб43","Тб50к"],"off":[0,-1.9]}},{"type":"Feature","geometry":{"type":"Point","coordinates":[30.625864,50.444159]},"properties":{"line":"6","mode":"bus","color":"#0059a9","colorDark":"#00294f","band":3,"off":[-6.8,1.1]}},{"type":"Feature","geometry":{"type":"Point","coordinates":[30.625864,50.444159]},"properties":{"line":"111","mode":"bus","color":"#0059a9","colorDark":"#00294f","band":3,"off":[-3.4,1.1]}},{"type":"Feature","geometry":{"type":"Point","coordinates":[30.625864,50.444159]},"properties":{"line":"Тб29","mode":"bus","color":"#149a3f","colorDark":"#0a5121","band":3,"off":[0,1.1],"lbl":"29"}},{"type":"Feature","geometry":{"type":"Point","coordinates":[30.625864,50.444159]},"properties":{"line":"Тб43","mode":"bus","color":"#149a3f","colorDark":"#0a5121","band":3,"off":[3.4,1.1],"lbl":"43"}},{"type":"Feature","geometry":{"type":"Point","coordinates":[30.625864,50.444159]},"properties":{"line":"Тб50к","mode":"bus","color":"#149a3f","colorDark":"#0a5121","band":3,"off":[6.8,1.1],"lbl":"50к"}},{"type":"Feature","geometry":{"type":"Point","coordinates":[30.505195,50.454063]},"properties":{"name":"Львівська площа","band":3,"modes":"bus","arr":["7"],"off":[0,-0.8]}},{"type":"Feature","geometry":{"type":"Point","coordinates":[30.505195,50.454063]},"properties":{"line":"7","mode":"bus","color":"#0059a9","colorDark":"#00294f","band":3,"off":[0,1.1]}},{"type":"Feature","geometry":{"type":"Point","coordinates":[30.480231,50.461674]},"properties":{"name":"ст.м. \"Лук’янівська\"","band":3,"modes":"bus","arr":["9"],"off":[0,-0.8]}},{"type":"Feature","geometry":{"type":"Point","coordinates":[30.480231,50.461674]},"properties":{"line":"9","mode":"bus","color":"#0059a9","colorDark":"#00294f","band":3,"off":[0,1.1]}},{"type":"Feature","geometry":{"type":"Point","coordinates":[30.715853,50.46722]},"properties":{"name":"с. Рибне","band":3,"modes":"bus","arr":["10"],"off":[0,-0.8]}},{"type":"Feature","geometry":{"type":"Point","coordinates":[30.715853,50.46722]},"properties":{"line":"10","mode":"bus","color":"#0059a9","colorDark":"#00294f","band":3,"off":[0,1.1]}},{"type":"Feature","geometry":{"type":"Point","coordinates":[30.648226,50.466157]},"properties":{"name":"ст.м. \"Лісова\"","band":3,"modes":"bus","arr":["10","11","11д","28т","35т","79","81"],"off":[0,-0.8]}},{"type":"Feature","geometry":{"type":"Point","coordinates":[30.648226,50.466157]},"properties":{"line":"10","mode":"bus","color":"#0059a9","colorDark":"#00294f","band":3,"off":[-6.8,1.1]}},{"type":"Feature","geometry":{"type":"Point","coordinates":[30.648226,50.466157]},"properties":{"line":"11","mode":"bus","color":"#0059a9","colorDark":"#00294f","band":3,"off":[-3.4,1.1]}},{"type":"Feature","geometry":{"type":"Point","coordinates":[30.648226,50.466157]},"properties":{"line":"11д","mode":"bus","color":"#0059a9","colorDark":"#00294f","band":3,"off":[0,1.1]}},{"type":"Feature","geometry":{"type":"Point","coordinates":[30.648226,50.466157]},"properties":{"line":"28т","mode":"bus","color":"#0059a9","colorDark":"#00294f","band":3,"off":[3.4,1.1]}},{"type":"Feature","geometry":{"type":"Point","coordinates":[30.648226,50.466157]},"properties":{"line":"35т","mode":"bus","color":"#0059a9","colorDark":"#00294f","band":3,"off":[6.8,1.1]}},{"type":"Feature","geometry":{"type":"Point","coordinates":[30.648226,50.466157]},"properties":{"line":"79","mode":"bus","color":"#0059a9","colorDark":"#00294f","band":3,"off":[-1.7,3.1]}},{"type":"Feature","geometry":{"type":"Point","coordinates":[30.648226,50.466157]},"properties":{"line":"81","mode":"bus","color":"#0059a9","colorDark":"#00294f","band":3,"off":[1.7,3.1]}},{"type":"Feature","geometry":{"type":"Point","coordinates":[30.669276,50.485786]},"properties":{"name":"Радіоцентр","band":3,"modes":"bus","arr":["11"],"off":[0,-0.8]}},{"type":"Feature","geometry":{"type":"Point","coordinates":[30.669276,50.485786]},"properties":{"line":"11","mode":"bus","color":"#0059a9","colorDark":"#00294f","band":3,"off":[0,1.1]}},{"type":"Feature","geometry":{"type":"Point","coordinates":[30.679463,50.487455]},"properties":{"name":"Дачне містечко","band":3,"modes":"bus","arr":["11д"],"off":[0,-0.8]}},{"type":"Feature","geometry":{"type":"Point","coordinates":[30.679463,50.487455]},"properties":{"line":"11д","mode":"bus","color":"#0059a9","colorDark":"#00294f","band":3,"off":[0,1.1]}},{"type":"Feature","geometry":{"type":"Point","coordinates":[30.486576,50.438397]},"properties":{"name":"Півднний вокз","band":3,"modes":"bus","arr":["12"],"off":[0,-0.8]}},{"type":"Feature","geometry":{"type":"Point","coordinates":[30.486576,50.438397]},"properties":{"line":"12","mode":"bus","color":"#0059a9","colorDark":"#00294f","band":3,"off":[0,1.1]}},{"type":"Feature","geometry":{"type":"Point","coordinates":[30.364889,50.499857]},"properties":{"name":"Лісорозсадник","band":3,"modes":"bus","arr":["14"],"off":[0,-0.8]}},{"type":"Feature","geometry":{"type":"Point","coordinates":[30.364889,50.499857]},"properties":{"line":"14","mode":"bus","color":"#0059a9","colorDark":"#00294f","band":3,"off":[0,1.1]}},{"type":"Feature","geometry":{"type":"Point","coordinates":[30.405859,50.459632]},"properties":{"name":"ст.м. Нивки","band":3,"modes":"bus","arr":["14","32","47","Тб26"],"off":[0,-0.8]}},{"type":"Feature","geometry":{"type":"Point","coordinates":[30.405859,50.459632]},"properties":{"name":"ст.м. \"Нивки\"","band":3,"modes":"bus","arr":["14","32","47","Тб26"],"off":[0,-1.9]}},{"type":"Feature","geometry":{"type":"Point","coordinates":[30.405859,50.459632]},"properties":{"line":"14","mode":"bus","color":"#0059a9","colorDark":"#00294f","band":3,"off":[-5.1,1.1]}},{"type":"Feature","geometry":{"type":"Point","coordinates":[30.405859,50.459632]},"properties":{"line":"32","mode":"bus","color":"#0059a9","colorDark":"#00294f","band":3,"off":[-1.7,1.1]}},{"type":"Feature","geometry":{"type":"Point","coordinates":[30.405859,50.459632]},"properties":{"line":"47","mode":"bus","color":"#0059a9","colorDark":"#00294f","band":3,"off":[1.7,1.1]}},{"type":"Feature","geometry":{"type":"Point","coordinates":[30.405859,50.459632]},"properties":{"line":"Тб26","mode":"bus","color":"#149a3f","colorDark":"#0a5121","band":3,"off":[5.1,1.1],"lbl":"26"}},{"type":"Feature","geometry":{"type":"Point","coordinates":[30.634314,50.419607]},"properties":{"name":"вул. Драгоманова","band":3,"modes":"bus","arr":["17"],"off":[0,-0.8]}},{"type":"Feature","geometry":{"type":"Point","coordinates":[30.634314,50.419607]},"properties":{"line":"17","mode":"bus","color":"#0059a9","colorDark":"#00294f","band":3,"off":[0,1.1]}},{"type":"Feature","geometry":{"type":"Point","coordinates":[30.65132,50.400931]},"properties":{"name":"ст.м. \"Харківська\"(18)","band":3,"modes":"bus","arr":["17","18"],"off":[0,-0.8]}},{"type":"Feature","geometry":{"type":"Point","coordinates":[30.65132,50.400931]},"properties":{"line":"17","mode":"bus","color":"#0059a9","colorDark":"#00294f","band":3,"off":[-1.7,1.1]}},{"type":"Feature","geometry":{"type":"Point","coordinates":[30.65132,50.400931]},"properties":{"line":"18","mode":"bus","color":"#0059a9","colorDark":"#00294f","band":3,"off":[1.7,1.1]}},{"type":"Feature","geometry":{"type":"Point","coordinates":[30.643797,50.422905]},"properties":{"name":"Харківське шосе(18)","band":3,"modes":"bus","arr":["18"],"off":[0,-0.8]}},{"type":"Feature","geometry":{"type":"Point","coordinates":[30.643797,50.422905]},"properties":{"line":"18","mode":"bus","color":"#0059a9","colorDark":"#00294f","band":3,"off":[0,1.1]}},{"type":"Feature","geometry":{"type":"Point","coordinates":[30.488165,50.393298]},"properties":{"name":"ст.м. Васильківська","band":3,"modes":"bus","arr":["19","78","120","Тб12","Тб45"],"off":[0,-0.8]}},{"type":"Feature","geometry":{"type":"Point","coordinates":[30.488165,50.393298]},"properties":{"name":"ст.м. \"Васильківська\"","band":3,"modes":"bus","arr":["19","78","120","Тб12","Тб45"],"off":[0,-3]}},{"type":"Feature","geometry":{"type":"Point","coordinates":[30.488165,50.393298]},"properties":{"line":"19","mode":"bus","color":"#0059a9","colorDark":"#00294f","band":3,"off":[-6.8,1.1]}},{"type":"Feature","geometry":{"type":"Point","coordinates":[30.488165,50.393298]},"properties":{"line":"78","mode":"bus","color":"#0059a9","colorDark":"#00294f","band":3,"off":[-3.4,1.1]}},{"type":"Feature","geometry":{"type":"Point","coordinates":[30.488165,50.393298]},"properties":{"line":"120","mode":"bus","color":"#0059a9","colorDark":"#00294f","band":3,"off":[0,1.1]}},{"type":"Feature","geometry":{"type":"Point","coordinates":[30.488165,50.393298]},"properties":{"line":"Тб12","mode":"bus","color":"#149a3f","colorDark":"#0a5121","band":3,"off":[3.4,1.1],"lbl":"12"}},{"type":"Feature","geometry":{"type":"Point","coordinates":[30.488165,50.393298]},"properties":{"line":"Тб45","mode":"bus","color":"#149a3f","colorDark":"#0a5121","band":3,"off":[6.8,1.1],"lbl":"45"}},{"type":"Feature","geometry":{"type":"Point","coordinates":[30.556379,50.362288]},"properties":{"name":"ж/м Корчувате","band":3,"modes":"bus","arr":["20"],"off":[0,-0.8]}},{"type":"Feature","geometry":{"type":"Point","coordinates":[30.556379,50.362288]},"properties":{"line":"20","mode":"bus","color":"#0059a9","colorDark":"#00294f","band":3,"off":[0,1.1]}},{"type":"Feature","geometry":{"type":"Point","coordinates":[30.516309,50.439288]},"properties":{"name":"ст.м. Пл. Укр. Героїв","band":3,"modes":"bus","arr":["20","110","111","Тб4","Тб5","Тб7","Тб8","Тб17"],"off":[0,-0.8]}},{"type":"Feature","geometry":{"type":"Point","coordinates":[30.516309,50.439288]},"properties":{"name":"ст. м. Площа Укр. Героїв","band":3,"modes":"bus","arr":["20","110","111","Тб4","Тб5","Тб7","Тб8","Тб17"],"off":[0,-3]}},{"type":"Feature","geometry":{"type":"Point","coordinates":[30.516309,50.439288]},"properties":{"line":"20","mode":"bus","color":"#0059a9","colorDark":"#00294f","band":3,"off":[-6.8,1.1]}},{"type":"Feature","geometry":{"type":"Point","coordinates":[30.516309,50.439288]},"properties":{"line":"110","mode":"bus","color":"#0059a9","colorDark":"#00294f","band":3,"off":[-3.4,1.1]}},{"type":"Feature","geometry":{"type":"Point","coordinates":[30.516309,50.439288]},"properties":{"line":"111","mode":"bus","color":"#0059a9","colorDark":"#00294f","band":3,"off":[0,1.1]}},{"type":"Feature","geometry":{"type":"Point","coordinates":[30.516309,50.439288]},"properties":{"line":"Тб4","mode":"bus","color":"#149a3f","colorDark":"#0a5121","band":3,"off":[3.4,1.1],"lbl":"4"}},{"type":"Feature","geometry":{"type":"Point","coordinates":[30.516309,50.439288]},"properties":{"line":"Тб5","mode":"bus","color":"#149a3f","colorDark":"#0a5121","band":3,"off":[6.8,1.1],"lbl":"5"}},{"type":"Feature","geometry":{"type":"Point","coordinates":[30.516309,50.439288]},"properties":{"line":"Тб7","mode":"bus","color":"#149a3f","colorDark":"#0a5121","band":3,"off":[-3.4,3.1],"lbl":"7"}},{"type":"Feature","geometry":{"type":"Point","coordinates":[30.516309,50.439288]},"properties":{"line":"Тб8","mode":"bus","color":"#149a3f","colorDark":"#0a5121","band":3,"off":[0,3.1],"lbl":"8"}},{"type":"Feature","geometry":{"type":"Point","coordinates":[30.516309,50.439288]},"properties":{"line":"Тб17","mode":"bus","color":"#149a3f","colorDark":"#0a5121","band":3,"off":[3.4,3.1],"lbl":"17"}},{"type":"Feature","geometry":{"type":"Point","coordinates":[30.497813,50.486776]},"properties":{"name":"ст.м. \"Почайна\"(101)","band":3,"modes":"bus","arr":["21","101","Тб25","Тб27"],"off":[0,-0.8]}},{"type":"Feature","geometry":{"type":"Point","coordinates":[30.497813,50.486776]},"properties":{"name":"ст. м. Почайна","band":3,"modes":"bus","arr":["21","101","Тб25","Тб27"],"off":[0,-3]}},{"type":"Feature","geometry":{"type":"Point","coordinates":[30.497813,50.486776]},"properties":{"name":"м. Почайна (25)","band":3,"modes":"bus","arr":["21","101","Тб25","Тб27"],"off":[0,-4.1]}},{"type":"Feature","geometry":{"type":"Point","coordinates":[30.497813,50.486776]},"properties":{"line":"21","mode":"bus","color":"#0059a9","colorDark":"#00294f","band":3,"off":[-5.1,1.1]}},{"type":"Feature","geometry":{"type":"Point","coordinates":[30.497813,50.486776]},"properties":{"line":"101","mode":"bus","color":"#0059a9","colorDark":"#00294f","band":3,"off":[-1.7,1.1]}},{"type":"Feature","geometry":{"type":"Point","coordinates":[30.497813,50.486776]},"properties":{"line":"Тб25","mode":"bus","color":"#149a3f","colorDark":"#0a5121","band":3,"off":[1.7,1.1],"lbl":"25"}},{"type":"Feature","geometry":{"type":"Point","coordinates":[30.497813,50.486776]},"properties":{"line":"Тб27","mode":"bus","color":"#149a3f","colorDark":"#0a5121","band":3,"off":[5.1,1.1],"lbl":"27"}},{"type":"Feature","geometry":{"type":"Point","coordinates":[30.460648,50.407797]},"properties":{"name":"Музей авіаціі","band":3,"modes":"bus","arr":["22"],"off":[0,-0.8]}},{"type":"Feature","geometry":{"type":"Point","coordinates":[30.460648,50.407797]},"properties":{"line":"22","mode":"bus","color":"#0059a9","colorDark":"#00294f","band":3,"off":[0,1.1]}},{"type":"Feature","geometry":{"type":"Point","coordinates":[30.646121,50.412688]},"properties":{"name":"вул. Тростянец.(18 )","band":3,"modes":"bus","arr":["22","105"],"off":[0,-0.8]}},{"type":"Feature","geometry":{"type":"Point","coordinates":[30.646121,50.412688]},"properties":{"line":"22","mode":"bus","color":"#0059a9","colorDark":"#00294f","band":3,"off":[-1.7,1.1]}},{"type":"Feature","geometry":{"type":"Point","coordinates":[30.646121,50.412688]},"properties":{"line":"105","mode":"bus","color":"#0059a9","colorDark":"#00294f","band":3,"off":[1.7,1.1]}},{"type":"Feature","geometry":{"type":"Point","coordinates":[30.647727,50.414266]},"properties":{"name":"вул. Тростянец.(18 )","band":3,"modes":"bus","arr":["22"],"off":[0,-0.8]}},{"type":"Feature","geometry":{"type":"Point","coordinates":[30.647727,50.414266]},"properties":{"line":"22","mode":"bus","color":"#0059a9","colorDark":"#00294f","band":3,"off":[0,1.1]}},{"type":"Feature","geometry":{"type":"Point","coordinates":[30.644581,50.464845]},"properties":{"name":"ст.м. \"Лісова\"","band":3,"modes":"bus","arr":["22тк","33","37Д","79","118д"],"off":[0,-0.8]}},{"type":"Feature","geometry":{"type":"Point","coordinates":[30.644581,50.464845]},"properties":{"line":"22тк","mode":"bus","color":"#0059a9","colorDark":"#00294f","band":3,"off":[-6.8,1.1]}},{"type":"Feature","geometry":{"type":"Point","coordinates":[30.644581,50.464845]},"properties":{"line":"33","mode":"bus","color":"#0059a9","colorDark":"#00294f","band":3,"off":[-3.4,1.1]}},{"type":"Feature","geometry":{"type":"Point","coordinates":[30.644581,50.464845]},"properties":{"line":"37Д","mode":"bus","color":"#0059a9","colorDark":"#00294f","band":3,"off":[0,1.1]}},{"type":"Feature","geometry":{"type":"Point","coordinates":[30.644581,50.464845]},"properties":{"line":"79","mode":"bus","color":"#0059a9","colorDark":"#00294f","band":3,"off":[3.4,1.1]}},{"type":"Feature","geometry":{"type":"Point","coordinates":[30.644581,50.464845]},"properties":{"line":"118д","mode":"bus","color":"#0059a9","colorDark":"#00294f","band":3,"off":[6.8,1.1]}},{"type":"Feature","geometry":{"type":"Point","coordinates":[30.593434,50.483591]},"properties":{"name":"Пр. Воскресен.","band":3,"modes":"bus","arr":["22тк"],"off":[0,-0.8]}},{"type":"Feature","geometry":{"type":"Point","coordinates":[30.593434,50.483591]},"properties":{"line":"22тк","mode":"bus","color":"#0059a9","colorDark":"#00294f","band":3,"off":[0,1.1]}},{"type":"Feature","geometry":{"type":"Point","coordinates":[30.603527,50.484947]},"properties":{"name":"Пр. Воскресен.","band":3,"modes":"bus","arr":["22тк","77"],"off":[0,-0.8]}},{"type":"Feature","geometry":{"type":"Point","coordinates":[30.603527,50.484947]},"properties":{"name":"вул. О. Дашкевича","band":3,"modes":"bus","arr":["22тк","77"],"off":[0,-1.9]}},{"type":"Feature","geometry":{"type":"Point","coordinates":[30.603527,50.484947]},"properties":{"line":"22тк","mode":"bus","color":"#0059a9","colorDark":"#00294f","band":3,"off":[-1.7,1.1]}},{"type":"Feature","geometry":{"type":"Point","coordinates":[30.603527,50.484947]},"properties":{"line":"77","mode":"bus","color":"#0059a9","colorDark":"#00294f","band":3,"off":[1.7,1.1]}},{"type":"Feature","geometry":{"type":"Point","coordinates":[30.4042,50.471937]},"properties":{"name":"Ринок","band":3,"modes":"bus","arr":["23"],"off":[0,-0.8]}},{"type":"Feature","geometry":{"type":"Point","coordinates":[30.4042,50.471937]},"properties":{"line":"23","mode":"bus","color":"#0059a9","colorDark":"#00294f","band":3,"off":[0,1.1]}},{"type":"Feature","geometry":{"type":"Point","coordinates":[30.408074,50.407148]},"properties":{"name":"вул. Симиренка","band":3,"modes":"bus","arr":["23"],"off":[0,-0.8]}},{"type":"Feature","geometry":{"type":"Point","coordinates":[30.408074,50.407148]},"properties":{"line":"23","mode":"bus","color":"#0059a9","colorDark":"#00294f","band":3,"off":[0,1.1]}},{"type":"Feature","geometry":{"type":"Point","coordinates":[30.555298,50.433096]},"properties":{"name":"Музей історії України","band":3,"modes":"bus","arr":["24","25","Тб38"],"off":[0,-0.8]}},{"type":"Feature","geometry":{"type":"Point","coordinates":[30.555298,50.433096]},"properties":{"name":"Музей історії ВВв","band":3,"modes":"bus","arr":["24","25","Тб38"],"off":[0,-3]}},{"type":"Feature","geometry":{"type":"Point","coordinates":[30.555298,50.433096]},"properties":{"line":"24","mode":"bus","color":"#0059a9","colorDark":"#00294f","band":3,"off":[-3.4,1.1]}},{"type":"Feature","geometry":{"type":"Point","coordinates":[30.555298,50.433096]},"properties":{"line":"25","mode":"bus","color":"#0059a9","colorDark":"#00294f","band":3,"off":[0,1.1]}},{"type":"Feature","geometry":{"type":"Point","coordinates":[30.555298,50.433096]},"properties":{"line":"Тб38","mode":"bus","color":"#149a3f","colorDark":"#0a5121","band":3,"off":[3.4,1.1],"lbl":"38"}},{"type":"Feature","geometry":{"type":"Point","coordinates":[30.429703,50.413606]},"properties":{"name":"з.ст. Київ-Волинський(2)","band":3,"modes":"bus","arr":["25"],"off":[0,-0.8]}},{"type":"Feature","geometry":{"type":"Point","coordinates":[30.429703,50.413606]},"properties":{"line":"25","mode":"bus","color":"#0059a9","colorDark":"#00294f","band":3,"off":[0,1.1]}},{"type":"Feature","geometry":{"type":"Point","coordinates":[30.5354,50.346556]},"properties":{"name":"селище Пирогів","band":3,"modes":"bus","arr":["27"],"off":[0,-0.8]}},{"type":"Feature","geometry":{"type":"Point","coordinates":[30.5354,50.346556]},"properties":{"line":"27","mode":"bus","color":"#0059a9","colorDark":"#00294f","band":3,"off":[0,1.1]}},{"type":"Feature","geometry":{"type":"Point","coordinates":[30.524624,50.412885]},"properties":{"name":"ст.м. Либідська","band":3,"modes":"bus","arr":["27","51","52","Тб1","Тб42","Тб50"],"off":[0,-0.8]}},{"type":"Feature","geometry":{"type":"Point","coordinates":[30.524624,50.412885]},"properties":{"name":"ст.м. \"Либідська\"","band":3,"modes":"bus","arr":["27","51","52","Тб1","Тб42","Тб50"],"off":[0,-1.9]}},{"type":"Feature","geometry":{"type":"Point","coordinates":[30.524624,50.412885]},"properties":{"line":"27","mode":"bus","color":"#0059a9","colorDark":"#00294f","band":3,"off":[-6.8,1.1]}},{"type":"Feature","geometry":{"type":"Point","coordinates":[30.524624,50.412885]},"properties":{"line":"51","mode":"bus","color":"#0059a9","colorDark":"#00294f","band":3,"off":[-3.4,1.1]}},{"type":"Feature","geometry":{"type":"Point","coordinates":[30.524624,50.412885]},"properties":{"line":"52","mode":"bus","color":"#0059a9","colorDark":"#00294f","band":3,"off":[0,1.1]}},{"type":"Feature","geometry":{"type":"Point","coordinates":[30.524624,50.412885]},"properties":{"line":"Тб1","mode":"bus","color":"#149a3f","colorDark":"#0a5121","band":3,"off":[3.4,1.1],"lbl":"1"}},{"type":"Feature","geometry":{"type":"Point","coordinates":[30.524624,50.412885]},"properties":{"line":"Тб42","mode":"bus","color":"#149a3f","colorDark":"#0a5121","band":3,"off":[6.8,1.1],"lbl":"42"}},{"type":"Feature","geometry":{"type":"Point","coordinates":[30.524624,50.412885]},"properties":{"line":"Тб50","mode":"bus","color":"#149a3f","colorDark":"#0a5121","band":3,"off":[0,3.1],"lbl":"50"}},{"type":"Feature","geometry":{"type":"Point","coordinates":[30.516879,50.405002]},"properties":{"name":"ст.м. \"Деміївська\"","band":3,"modes":"bus","arr":["28","38"],"off":[0,-0.8]}},{"type":"Feature","geometry":{"type":"Point","coordinates":[30.516879,50.405002]},"properties":{"line":"28","mode":"bus","color":"#0059a9","colorDark":"#00294f","band":3,"off":[-1.7,1.1]}},{"type":"Feature","geometry":{"type":"Point","coordinates":[30.516879,50.405002]},"properties":{"line":"38","mode":"bus","color":"#0059a9","colorDark":"#00294f","band":3,"off":[1.7,1.1]}},{"type":"Feature","geometry":{"type":"Point","coordinates":[30.501343,50.402576]},"properties":{"name":"вул. Альпійська","band":3,"modes":"bus","arr":["28"],"off":[0,-0.8]}},{"type":"Feature","geometry":{"type":"Point","coordinates":[30.501343,50.402576]},"properties":{"line":"28","mode":"bus","color":"#0059a9","colorDark":"#00294f","band":3,"off":[0,1.1]}},{"type":"Feature","geometry":{"type":"Point","coordinates":[30.36137,50.547394]},"properties":{"name":"санаторій Лісова поляна","band":3,"modes":"bus","arr":["30"],"off":[0,-0.8]}},{"type":"Feature","geometry":{"type":"Point","coordinates":[30.36137,50.547394]},"properties":{"line":"30","mode":"bus","color":"#0059a9","colorDark":"#00294f","band":3,"off":[0,1.1]}},{"type":"Feature","geometry":{"type":"Point","coordinates":[30.34705,50.464415]},"properties":{"name":"вул. Єфремова","band":3,"modes":"bus","arr":["30"],"off":[0,-0.8]}},{"type":"Feature","geometry":{"type":"Point","coordinates":[30.34705,50.464415]},"properties":{"line":"30","mode":"bus","color":"#0059a9","colorDark":"#00294f","band":3,"off":[0,1.1]}},{"type":"Feature","geometry":{"type":"Point","coordinates":[30.467177,50.451728]},"properties":{"name":"ст.м. \"Політех інститут\"","band":3,"modes":"bus","arr":["31","118д"],"off":[0,-0.8]}},{"type":"Feature","geometry":{"type":"Point","coordinates":[30.467177,50.451728]},"properties":{"line":"31","mode":"bus","color":"#0059a9","colorDark":"#00294f","band":3,"off":[-1.7,1.1]}},{"type":"Feature","geometry":{"type":"Point","coordinates":[30.467177,50.451728]},"properties":{"line":"118д","mode":"bus","color":"#0059a9","colorDark":"#00294f","band":3,"off":[1.7,1.1]}},{"type":"Feature","geometry":{"type":"Point","coordinates":[30.485071,50.467951]},"properties":{"name":"вул. Татарська","band":3,"modes":"bus","arr":["31"],"off":[0,-0.8]}},{"type":"Feature","geometry":{"type":"Point","coordinates":[30.485071,50.467951]},"properties":{"line":"31","mode":"bus","color":"#0059a9","colorDark":"#00294f","band":3,"off":[0,1.1]}},{"type":"Feature","geometry":{"type":"Point","coordinates":[30.450839,50.522584]},"properties":{"name":"Литовський проспект","band":3,"modes":"bus","arr":["32","99"],"off":[0,-0.8]}},{"type":"Feature","geometry":{"type":"Point","coordinates":[30.450839,50.522584]},"properties":{"line":"32","mode":"bus","color":"#0059a9","colorDark":"#00294f","band":3,"off":[-1.7,1.1]}},{"type":"Feature","geometry":{"type":"Point","coordinates":[30.450839,50.522584]},"properties":{"line":"99","mode":"bus","color":"#0059a9","colorDark":"#00294f","band":3,"off":[1.7,1.1]}},{"type":"Feature","geometry":{"type":"Point","coordinates":[30.643341,50.485359]},"properties":{"name":"м-в Лісовий (33)","band":3,"modes":"bus","arr":["33"],"off":[0,-0.8]}},{"type":"Feature","geometry":{"type":"Point","coordinates":[30.643341,50.485359]},"properties":{"line":"33","mode":"bus","color":"#0059a9","colorDark":"#00294f","band":3,"off":[0,1.1]}},{"type":"Feature","geometry":{"type":"Point","coordinates":[30.630723,50.459088]},"properties":{"name":"ст.м. \"Чернигівська\"","band":3,"modes":"bus","arr":["33т"],"off":[0,-0.8]}},{"type":"Feature","geometry":{"type":"Point","coordinates":[30.630723,50.459088]},"properties":{"line":"33т","mode":"bus","color":"#0059a9","colorDark":"#00294f","band":3,"off":[0,1.1]}},{"type":"Feature","geometry":{"type":"Point","coordinates":[30.681362,50.452009]},"properties":{"name":"ДВРЗ","band":3,"modes":"bus","arr":["33т"],"off":[0,-0.8]}},{"type":"Feature","geometry":{"type":"Point","coordinates":[30.681362,50.452009]},"properties":{"line":"33т","mode":"bus","color":"#0059a9","colorDark":"#00294f","band":3,"off":[0,1.1]}},{"type":"Feature","geometry":{"type":"Point","coordinates":[30.61045,50.420388]},"properties":{"name":"вул. Бабіча","band":3,"modes":"bus","arr":["35"],"off":[0,-0.8]}},{"type":"Feature","geometry":{"type":"Point","coordinates":[30.61045,50.420388]},"properties":{"line":"35","mode":"bus","color":"#0059a9","colorDark":"#00294f","band":3,"off":[0,1.1]}},{"type":"Feature","geometry":{"type":"Point","coordinates":[30.593617,50.375608]},"properties":{"name":"вул. Підлипка","band":3,"modes":"bus","arr":["35","35к"],"off":[0,-0.8]}},{"type":"Feature","geometry":{"type":"Point","coordinates":[30.593617,50.375608]},"properties":{"line":"35","mode":"bus","color":"#0059a9","colorDark":"#00294f","band":3,"off":[-1.7,1.1]}},{"type":"Feature","geometry":{"type":"Point","coordinates":[30.593617,50.375608]},"properties":{"line":"35к","mode":"bus","color":"#0059a9","colorDark":"#00294f","band":3,"off":[1.7,1.1]}},{"type":"Feature","geometry":{"type":"Point","coordinates":[30.603642,50.393089]},"properties":{"name":"ст.м. \"Славутич\"","band":3,"modes":"bus","arr":["35к","74"],"off":[0,-0.8]}},{"type":"Feature","geometry":{"type":"Point","coordinates":[30.603642,50.393089]},"properties":{"line":"35к","mode":"bus","color":"#0059a9","colorDark":"#00294f","band":3,"off":[-1.7,1.1]}},{"type":"Feature","geometry":{"type":"Point","coordinates":[30.603642,50.393089]},"properties":{"line":"74","mode":"bus","color":"#0059a9","colorDark":"#00294f","band":3,"off":[1.7,1.1]}},{"type":"Feature","geometry":{"type":"Point","coordinates":[30.616187,50.511767]},"properties":{"name":"вул. С. Лифаря","band":3,"modes":"bus","arr":["35т"],"off":[0,-0.8]}},{"type":"Feature","geometry":{"type":"Point","coordinates":[30.616187,50.511767]},"properties":{"line":"35т","mode":"bus","color":"#0059a9","colorDark":"#00294f","band":3,"off":[0,1.1]}},{"type":"Feature","geometry":{"type":"Point","coordinates":[30.450336,50.473005]},"properties":{"name":"ст.м. \"Дорогожичі\"","band":3,"modes":"bus","arr":["36"],"off":[0,-0.8]}},{"type":"Feature","geometry":{"type":"Point","coordinates":[30.450336,50.473005]},"properties":{"line":"36","mode":"bus","color":"#0059a9","colorDark":"#00294f","band":3,"off":[0,1.1]}},{"type":"Feature","geometry":{"type":"Point","coordinates":[30.463647,50.491873]},"properties":{"name":"вул. Сирецька","band":3,"modes":"bus","arr":["36"],"off":[0,-0.8]}},{"type":"Feature","geometry":{"type":"Point","coordinates":[30.463647,50.491873]},"properties":{"line":"36","mode":"bus","color":"#0059a9","colorDark":"#00294f","band":3,"off":[0,1.1]}},{"type":"Feature","geometry":{"type":"Point","coordinates":[30.347028,50.459638]},"properties":{"name":"вул. Чорнобильська","band":3,"modes":"bus","arr":["36тр","97к","103","Тб7","Тб39"],"off":[0,-0.8]}},{"type":"Feature","geometry":{"type":"Point","coordinates":[30.347028,50.459638]},"properties":{"name":"вул. Чорноб","band":3,"modes":"bus","arr":["36тр","97к","103","Тб7","Тб39"],"off":[0,-1.9]}},{"type":"Feature","geometry":{"type":"Point","coordinates":[30.347028,50.459638]},"properties":{"line":"36тр","mode":"bus","color":"#0059a9","colorDark":"#00294f","band":3,"off":[-6.8,1.1]}},{"type":"Feature","geometry":{"type":"Point","coordinates":[30.347028,50.459638]},"properties":{"line":"97к","mode":"bus","color":"#0059a9","colorDark":"#00294f","band":3,"off":[-3.4,1.1]}},{"type":"Feature","geometry":{"type":"Point","coordinates":[30.347028,50.459638]},"properties":{"line":"103","mode":"bus","color":"#0059a9","colorDark":"#00294f","band":3,"off":[0,1.1]}},{"type":"Feature","geometry":{"type":"Point","coordinates":[30.347028,50.459638]},"properties":{"line":"Тб7","mode":"bus","color":"#149a3f","colorDark":"#0a5121","band":3,"off":[3.4,1.1],"lbl":"7"}},{"type":"Feature","geometry":{"type":"Point","coordinates":[30.347028,50.459638]},"properties":{"line":"Тб39","mode":"bus","color":"#149a3f","colorDark":"#0a5121","band":3,"off":[6.8,1.1],"lbl":"39"}},{"type":"Feature","geometry":{"type":"Point","coordinates":[30.516489,50.527492]},"properties":{"name":"вул. Північна","band":3,"modes":"bus","arr":["36тр","50","Тб24","Тб32","Тб34","Тб44"],"off":[0,-0.8]}},{"type":"Feature","geometry":{"type":"Point","coordinates":[30.516489,50.527492]},"properties":{"line":"36тр","mode":"bus","color":"#0059a9","colorDark":"#00294f","band":3,"off":[-6.8,1.1]}},{"type":"Feature","geometry":{"type":"Point","coordinates":[30.516489,50.527492]},"properties":{"line":"50","mode":"bus","color":"#0059a9","colorDark":"#00294f","band":3,"off":[-3.4,1.1]}},{"type":"Feature","geometry":{"type":"Point","coordinates":[30.516489,50.527492]},"properties":{"line":"Тб24","mode":"bus","color":"#149a3f","colorDark":"#0a5121","band":3,"off":[0,1.1],"lbl":"24"}},{"type":"Feature","geometry":{"type":"Point","coordinates":[30.516489,50.527492]},"properties":{"line":"Тб32","mode":"bus","color":"#149a3f","colorDark":"#0a5121","band":3,"off":[3.4,1.1],"lbl":"32"}},{"type":"Feature","geometry":{"type":"Point","coordinates":[30.516489,50.527492]},"properties":{"line":"Тб34","mode":"bus","color":"#149a3f","colorDark":"#0a5121","band":3,"off":[6.8,1.1],"lbl":"34"}},{"type":"Feature","geometry":{"type":"Point","coordinates":[30.516489,50.527492]},"properties":{"line":"Тб44","mode":"bus","color":"#149a3f","colorDark":"#0a5121","band":3,"off":[0,3.1],"lbl":"44"}},{"type":"Feature","geometry":{"type":"Point","coordinates":[30.283952,50.43153]},"properties":{"name":"ж/м Західний","band":3,"modes":"bus","arr":["37"],"off":[0,-0.8]}},{"type":"Feature","geometry":{"type":"Point","coordinates":[30.283952,50.43153]},"properties":{"line":"37","mode":"bus","color":"#0059a9","colorDark":"#00294f","band":3,"off":[0,1.1]}},{"type":"Feature","geometry":{"type":"Point","coordinates":[30.387677,50.456553]},"properties":{"name":"ст.м. \"Святошин\"","band":3,"modes":"bus","arr":["37","37а","97"],"off":[0,-0.8]}},{"type":"Feature","geometry":{"type":"Point","coordinates":[30.387677,50.456553]},"properties":{"line":"37","mode":"bus","color":"#0059a9","colorDark":"#00294f","band":3,"off":[-3.4,1.1]}},{"type":"Feature","geometry":{"type":"Point","coordinates":[30.387677,50.456553]},"properties":{"line":"37а","mode":"bus","color":"#0059a9","colorDark":"#00294f","band":3,"off":[0,1.1]}},{"type":"Feature","geometry":{"type":"Point","coordinates":[30.387677,50.456553]},"properties":{"line":"97","mode":"bus","color":"#0059a9","colorDark":"#00294f","band":3,"off":[3.4,1.1]}},{"type":"Feature","geometry":{"type":"Point","coordinates":[30.306666,50.435753]},"properties":{"name":"с/к Чайка","band":3,"modes":"bus","arr":["37а"],"off":[0,-0.8]}},{"type":"Feature","geometry":{"type":"Point","coordinates":[30.306666,50.435753]},"properties":{"line":"37а","mode":"bus","color":"#0059a9","colorDark":"#00294f","band":3,"off":[0,1.1]}},{"type":"Feature","geometry":{"type":"Point","coordinates":[30.626437,50.522653]},"properties":{"name":"Поліклініка (Закр)","band":3,"modes":"bus","arr":["37Д"],"off":[0,-0.8]}},{"type":"Feature","geometry":{"type":"Point","coordinates":[30.626437,50.522653]},"properties":{"line":"37Д","mode":"bus","color":"#0059a9","colorDark":"#00294f","band":3,"off":[0,1.1]}},{"type":"Feature","geometry":{"type":"Point","coordinates":[30.620167,50.522867]},"properties":{"name":"Поліклініка (Закр)","band":3,"modes":"bus","arr":["37Д"],"off":[0,-0.8]}},{"type":"Feature","geometry":{"type":"Point","coordinates":[30.620167,50.522867]},"properties":{"line":"37Д","mode":"bus","color":"#0059a9","colorDark":"#00294f","band":3,"off":[0,1.1]}},{"type":"Feature","geometry":{"type":"Point","coordinates":[30.476646,50.340804]},"properties":{"name":"вул. Метрологічна","band":3,"modes":"bus","arr":["38"],"off":[0,-0.8]}},{"type":"Feature","geometry":{"type":"Point","coordinates":[30.476646,50.340804]},"properties":{"line":"38","mode":"bus","color":"#0059a9","colorDark":"#00294f","band":3,"off":[0,1.1]}},{"type":"Feature","geometry":{"type":"Point","coordinates":[30.511168,50.398496]},"properties":{"name":"ст.м. \"Голосіївська\"","band":3,"modes":"bus","arr":["39","91"],"off":[0,-0.8]}},{"type":"Feature","geometry":{"type":"Point","coordinates":[30.511168,50.398496]},"properties":{"line":"39","mode":"bus","color":"#0059a9","colorDark":"#00294f","band":3,"off":[-1.7,1.1]}},{"type":"Feature","geometry":{"type":"Point","coordinates":[30.511168,50.398496]},"properties":{"line":"91","mode":"bus","color":"#0059a9","colorDark":"#00294f","band":3,"off":[1.7,1.1]}},{"type":"Feature","geometry":{"type":"Point","coordinates":[30.545982,50.390139]},"properties":{"name":"пров. Лисогірський","band":3,"modes":"bus","arr":["39"],"off":[0,-0.8]}},{"type":"Feature","geometry":{"type":"Point","coordinates":[30.545982,50.390139]},"properties":{"line":"39","mode":"bus","color":"#0059a9","colorDark":"#00294f","band":3,"off":[0,1.1]}},{"type":"Feature","geometry":{"type":"Point","coordinates":[30.462876,50.566789]},"properties":{"name":"с. ДВС","band":3,"modes":"bus","arr":["40","41"],"off":[0,-0.8]}},{"type":"Feature","geometry":{"type":"Point","coordinates":[30.462876,50.566789]},"properties":{"line":"40","mode":"bus","color":"#0059a9","colorDark":"#00294f","band":3,"off":[-1.7,1.1]}},{"type":"Feature","geometry":{"type":"Point","coordinates":[30.462876,50.566789]},"properties":{"line":"41","mode":"bus","color":"#0059a9","colorDark":"#00294f","band":3,"off":[1.7,1.1]}},{"type":"Feature","geometry":{"type":"Point","coordinates":[30.499334,50.523256]},"properties":{"name":"ст.м. \"Героїв Дніпра\"","band":3,"modes":"bus","arr":["40","41","73"],"off":[0,-0.8]}},{"type":"Feature","geometry":{"type":"Point","coordinates":[30.499334,50.523256]},"properties":{"line":"40","mode":"bus","color":"#0059a9","colorDark":"#00294f","band":3,"off":[-3.4,1.1]}},{"type":"Feature","geometry":{"type":"Point","coordinates":[30.499334,50.523256]},"properties":{"line":"41","mode":"bus","color":"#0059a9","colorDark":"#00294f","band":3,"off":[0,1.1]}},{"type":"Feature","geometry":{"type":"Point","coordinates":[30.499334,50.523256]},"properties":{"line":"73","mode":"bus","color":"#0059a9","colorDark":"#00294f","band":3,"off":[3.4,1.1]}},{"type":"Feature","geometry":{"type":"Point","coordinates":[30.626145,50.386486]},"properties":{"name":"вул. Чавдар","band":3,"modes":"bus","arr":["42"],"off":[0,-0.8]}},{"type":"Feature","geometry":{"type":"Point","coordinates":[30.626145,50.386486]},"properties":{"line":"42","mode":"bus","color":"#0059a9","colorDark":"#00294f","band":3,"off":[0,1.1]}},{"type":"Feature","geometry":{"type":"Point","coordinates":[30.590655,50.462721]},"properties":{"name":"Микольська Слободка","band":3,"modes":"bus","arr":["42"],"off":[0,-0.8]}},{"type":"Feature","geometry":{"type":"Point","coordinates":[30.590655,50.462721]},"properties":{"line":"42","mode":"bus","color":"#0059a9","colorDark":"#00294f","band":3,"off":[0,1.1]}},{"type":"Feature","geometry":{"type":"Point","coordinates":[30.643935,50.225918]},"properties":{"name":"селище Козин","band":3,"modes":"bus","arr":["43"],"off":[0,-0.8]}},{"type":"Feature","geometry":{"type":"Point","coordinates":[30.643935,50.225918]},"properties":{"line":"43","mode":"bus","color":"#0059a9","colorDark":"#00294f","band":3,"off":[0,1.1]}},{"type":"Feature","geometry":{"type":"Point","coordinates":[30.562672,50.402379]},"properties":{"name":"ст.м. \"Видубичі\"","band":3,"modes":"bus","arr":["43","43к","54"],"off":[0,-0.8]}},{"type":"Feature","geometry":{"type":"Point","coordinates":[30.562672,50.402379]},"properties":{"line":"43","mode":"bus","color":"#0059a9","colorDark":"#00294f","band":3,"off":[-3.4,1.1]}},{"type":"Feature","geometry":{"type":"Point","coordinates":[30.562672,50.402379]},"properties":{"line":"43к","mode":"bus","color":"#0059a9","colorDark":"#00294f","band":3,"off":[0,1.1]}},{"type":"Feature","geometry":{"type":"Point","coordinates":[30.562672,50.402379]},"properties":{"line":"54","mode":"bus","color":"#0059a9","colorDark":"#00294f","band":3,"off":[3.4,1.1]}},{"type":"Feature","geometry":{"type":"Point","coordinates":[30.581216,50.296631]},"properties":{"name":"сан. Конча-Заспа","band":3,"modes":"bus","arr":["43к"],"off":[0,-0.8]}},{"type":"Feature","geometry":{"type":"Point","coordinates":[30.581216,50.296631]},"properties":{"line":"43к","mode":"bus","color":"#0059a9","colorDark":"#00294f","band":3,"off":[0,1.1]}},{"type":"Feature","geometry":{"type":"Point","coordinates":[30.605164,50.422353]},"properties":{"name":"ст. Березняки","band":3,"modes":"bus","arr":["44","49"],"off":[0,-0.8]}},{"type":"Feature","geometry":{"type":"Point","coordinates":[30.605164,50.422353]},"properties":{"line":"44","mode":"bus","color":"#0059a9","colorDark":"#00294f","band":3,"off":[-1.7,1.1]}},{"type":"Feature","geometry":{"type":"Point","coordinates":[30.605164,50.422353]},"properties":{"line":"49","mode":"bus","color":"#0059a9","colorDark":"#00294f","band":3,"off":[1.7,1.1]}},{"type":"Feature","geometry":{"type":"Point","coordinates":[30.613888,50.455606]},"properties":{"name":"ст.м. \"Дарниця\"","band":3,"modes":"bus","arr":["45"],"off":[0,-0.8]}},{"type":"Feature","geometry":{"type":"Point","coordinates":[30.613888,50.455606]},"properties":{"line":"45","mode":"bus","color":"#0059a9","colorDark":"#00294f","band":3,"off":[0,1.1]}},{"type":"Feature","geometry":{"type":"Point","coordinates":[30.636758,50.390557]},"properties":{"name":"просп. Григоренка","band":3,"modes":"bus","arr":["45"],"off":[0,-0.8]}},{"type":"Feature","geometry":{"type":"Point","coordinates":[30.636758,50.390557]},"properties":{"line":"45","mode":"bus","color":"#0059a9","colorDark":"#00294f","band":3,"off":[0,1.1]}},{"type":"Feature","geometry":{"type":"Point","coordinates":[30.598402,50.45164]},"properties":{"name":"ст.м. \"Лівобережна\"","band":3,"modes":"bus","arr":["46","48","49","70Д"],"off":[0,-0.8]}},{"type":"Feature","geometry":{"type":"Point","coordinates":[30.598402,50.45164]},"properties":{"line":"46","mode":"bus","color":"#0059a9","colorDark":"#00294f","band":3,"off":[-5.1,1.1]}},{"type":"Feature","geometry":{"type":"Point","coordinates":[30.598402,50.45164]},"properties":{"line":"48","mode":"bus","color":"#0059a9","colorDark":"#00294f","band":3,"off":[-1.7,1.1]}},{"type":"Feature","geometry":{"type":"Point","coordinates":[30.598402,50.45164]},"properties":{"line":"49","mode":"bus","color":"#0059a9","colorDark":"#00294f","band":3,"off":[1.7,1.1]}},{"type":"Feature","geometry":{"type":"Point","coordinates":[30.598402,50.45164]},"properties":{"line":"70Д","mode":"bus","color":"#0059a9","colorDark":"#00294f","band":3,"off":[5.1,1.1]}},{"type":"Feature","geometry":{"type":"Point","coordinates":[30.608304,50.488048]},"properties":{"name":"вул. Микитенко","band":3,"modes":"bus","arr":["46","112"],"off":[0,-0.8]}},{"type":"Feature","geometry":{"type":"Point","coordinates":[30.608304,50.488048]},"properties":{"line":"46","mode":"bus","color":"#0059a9","colorDark":"#00294f","band":3,"off":[-1.7,1.1]}},{"type":"Feature","geometry":{"type":"Point","coordinates":[30.608304,50.488048]},"properties":{"line":"112","mode":"bus","color":"#0059a9","colorDark":"#00294f","band":3,"off":[1.7,1.1]}},{"type":"Feature","geometry":{"type":"Point","coordinates":[30.446719,50.473617]},"properties":{"name":"ст.м. \"Дорогожичі\"","band":3,"modes":"bus","arr":["47"],"off":[0,-0.8]}},{"type":"Feature","geometry":{"type":"Point","coordinates":[30.446719,50.473617]},"properties":{"line":"47","mode":"bus","color":"#0059a9","colorDark":"#00294f","band":3,"off":[0,1.1]}},{"type":"Feature","geometry":{"type":"Point","coordinates":[30.594708,50.432938]},"properties":{"name":"готель Славутич","band":3,"modes":"bus","arr":["48"],"off":[0,-0.8]}},{"type":"Feature","geometry":{"type":"Point","coordinates":[30.594708,50.432938]},"properties":{"line":"48","mode":"bus","color":"#0059a9","colorDark":"#00294f","band":3,"off":[0,1.1]}},{"type":"Feature","geometry":{"type":"Point","coordinates":[30.695179,50.40903]},"properties":{"name":"ст.м. \"Червоний хутір\"","band":3,"modes":"bus","arr":["51","63"],"off":[0,-0.8]}},{"type":"Feature","geometry":{"type":"Point","coordinates":[30.695179,50.40903]},"properties":{"line":"51","mode":"bus","color":"#0059a9","colorDark":"#00294f","band":3,"off":[-1.7,1.1]}},{"type":"Feature","geometry":{"type":"Point","coordinates":[30.695179,50.40903]},"properties":{"line":"63","mode":"bus","color":"#0059a9","colorDark":"#00294f","band":3,"off":[1.7,1.1]}},{"type":"Feature","geometry":{"type":"Point","coordinates":[30.517035,50.371074]},"properties":{"name":"вул. Закарпатська","band":3,"modes":"bus","arr":["52"],"off":[0,-0.8]}},{"type":"Feature","geometry":{"type":"Point","coordinates":[30.517035,50.371074]},"properties":{"line":"52","mode":"bus","color":"#0059a9","colorDark":"#00294f","band":3,"off":[0,1.1]}},{"type":"Feature","geometry":{"type":"Point","coordinates":[30.529758,50.475213]},"properties":{"name":"Рибальський п-ов","band":3,"modes":"bus","arr":["53"],"off":[0,-0.8]}},{"type":"Feature","geometry":{"type":"Point","coordinates":[30.529758,50.475213]},"properties":{"line":"53","mode":"bus","color":"#0059a9","colorDark":"#00294f","band":3,"off":[0,1.1]}},{"type":"Feature","geometry":{"type":"Point","coordinates":[30.512963,50.466805]},"properties":{"name":"ст.м. Контрактова пл.","band":3,"modes":"bus","arr":["53","72"],"off":[0,-0.8]}},{"type":"Feature","geometry":{"type":"Point","coordinates":[30.512963,50.466805]},"properties":{"line":"53","mode":"bus","color":"#0059a9","colorDark":"#00294f","band":3,"off":[-1.7,1.1]}},{"type":"Feature","geometry":{"type":"Point","coordinates":[30.512963,50.466805]},"properties":{"line":"72","mode":"bus","color":"#0059a9","colorDark":"#00294f","band":3,"off":[1.7,1.1]}},{"type":"Feature","geometry":{"type":"Point","coordinates":[30.573354,50.388629]},"properties":{"name":"пл. Михайла Співака","band":3,"modes":"bus","arr":["54"],"off":[0,-0.8]}},{"type":"Feature","geometry":{"type":"Point","coordinates":[30.573354,50.388629]},"properties":{"line":"54","mode":"bus","color":"#0059a9","colorDark":"#00294f","band":3,"off":[0,1.1]}},{"type":"Feature","geometry":{"type":"Point","coordinates":[30.561818,50.400446]},"properties":{"name":"ст.м. \"Видубичі\"","band":3,"modes":"bus","arr":["54"],"off":[0,-0.8]}},{"type":"Feature","geometry":{"type":"Point","coordinates":[30.561818,50.400446]},"properties":{"line":"54","mode":"bus","color":"#0059a9","colorDark":"#00294f","band":3,"off":[0,1.1]}},{"type":"Feature","geometry":{"type":"Point","coordinates":[30.521081,50.438497]},"properties":{"name":"ст.м. \"Палац спорту \"(55)","band":3,"modes":"bus","arr":["55"],"off":[0,-0.8]}},{"type":"Feature","geometry":{"type":"Point","coordinates":[30.521081,50.438497]},"properties":{"line":"55","mode":"bus","color":"#0059a9","colorDark":"#00294f","band":3,"off":[0,1.1]}},{"type":"Feature","geometry":{"type":"Point","coordinates":[30.627591,50.443765]},"properties":{"name":"пл. Дарн","band":3,"modes":"bus","arr":["55"],"off":[0,-0.8]}},{"type":"Feature","geometry":{"type":"Point","coordinates":[30.627591,50.443765]},"properties":{"line":"55","mode":"bus","color":"#0059a9","colorDark":"#00294f","band":3,"off":[0,1.1]}},{"type":"Feature","geometry":{"type":"Point","coordinates":[30.365397,50.495892]},"properties":{"name":"Гіпермаркет","band":3,"modes":"bus","arr":["56"],"off":[0,-0.8]}},{"type":"Feature","geometry":{"type":"Point","coordinates":[30.365397,50.495892]},"properties":{"line":"56","mode":"bus","color":"#0059a9","colorDark":"#00294f","band":3,"off":[0,1.1]}},{"type":"Feature","geometry":{"type":"Point","coordinates":[30.477837,50.381726]},"properties":{"name":"ст.м. Виставковий центр","band":3,"modes":"bus","arr":["56","58","75","Тб45"],"off":[0,-0.8]}},{"type":"Feature","geometry":{"type":"Point","coordinates":[30.477837,50.381726]},"properties":{"name":"ст.м. \"Виставковий центр\"","band":3,"modes":"bus","arr":["56","58","75","Тб45"],"off":[0,-3]}},{"type":"Feature","geometry":{"type":"Point","coordinates":[30.477837,50.381726]},"properties":{"line":"56","mode":"bus","color":"#0059a9","colorDark":"#00294f","band":3,"off":[-5.1,1.1]}},{"type":"Feature","geometry":{"type":"Point","coordinates":[30.477837,50.381726]},"properties":{"line":"58","mode":"bus","color":"#0059a9","colorDark":"#00294f","band":3,"off":[-1.7,1.1]}},{"type":"Feature","geometry":{"type":"Point","coordinates":[30.477837,50.381726]},"properties":{"line":"75","mode":"bus","color":"#0059a9","colorDark":"#00294f","band":3,"off":[1.7,1.1]}},{"type":"Feature","geometry":{"type":"Point","coordinates":[30.477837,50.381726]},"properties":{"line":"Тб45","mode":"bus","color":"#149a3f","colorDark":"#0a5121","band":3,"off":[5.1,1.1],"lbl":"45"}},{"type":"Feature","geometry":{"type":"Point","coordinates":[30.355565,50.464006]},"properties":{"name":"ст.м. \"Академмістечко\"","band":3,"modes":"bus","arr":["57"],"off":[0,-0.8]}},{"type":"Feature","geometry":{"type":"Point","coordinates":[30.355565,50.464006]},"properties":{"line":"57","mode":"bus","color":"#0059a9","colorDark":"#00294f","band":3,"off":[0,1.1]}},{"type":"Feature","geometry":{"type":"Point","coordinates":[30.54984,50.338593]},"properties":{"name":"Авторинок","band":3,"modes":"bus","arr":["57"],"off":[0,-0.8]}},{"type":"Feature","geometry":{"type":"Point","coordinates":[30.54984,50.338593]},"properties":{"line":"57","mode":"bus","color":"#0059a9","colorDark":"#00294f","band":3,"off":[0,1.1]}},{"type":"Feature","geometry":{"type":"Point","coordinates":[30.504355,50.353359]},"properties":{"name":"Музей Арх","band":3,"modes":"bus","arr":["58"],"off":[0,-0.8]}},{"type":"Feature","geometry":{"type":"Point","coordinates":[30.504355,50.353359]},"properties":{"line":"58","mode":"bus","color":"#0059a9","colorDark":"#00294f","band":3,"off":[0,1.1]}},{"type":"Feature","geometry":{"type":"Point","coordinates":[30.471412,50.378695]},"properties":{"name":"ст.м. \"Виставковий центр\"","band":3,"modes":"bus","arr":["58"],"off":[0,-0.8]}},{"type":"Feature","geometry":{"type":"Point","coordinates":[30.471412,50.378695]},"properties":{"line":"58","mode":"bus","color":"#0059a9","colorDark":"#00294f","band":3,"off":[0,1.1]}},{"type":"Feature","geometry":{"type":"Point","coordinates":[30.51771,50.465368]},"properties":{"name":"Контрактова пл.","band":3,"modes":"bus,tram","arr":["62","115","119","Тм11","Тм12","Тм14","Тм16","Тм18","Тм19"],"off":[0,-0.8]}},{"type":"Feature","geometry":{"type":"Point","coordinates":[30.51771,50.465368]},"properties":{"name":"Контр. пл. (62)","band":3,"modes":"bus,tram","arr":["62","115","119","Тм11","Тм12","Тм14","Тм16","Тм18","Тм19"],"off":[0,-1.9]}},{"type":"Feature","geometry":{"type":"Point","coordinates":[30.51771,50.465368]},"properties":{"line":"62","mode":"bus","color":"#0059a9","colorDark":"#00294f","band":3,"off":[-6.8,1.1]}},{"type":"Feature","geometry":{"type":"Point","coordinates":[30.51771,50.465368]},"properties":{"line":"115","mode":"bus","color":"#0059a9","colorDark":"#00294f","band":3,"off":[-3.4,1.1]}},{"type":"Feature","geometry":{"type":"Point","coordinates":[30.51771,50.465368]},"properties":{"line":"119","mode":"bus","color":"#0059a9","colorDark":"#00294f","band":3,"off":[0,1.1]}},{"type":"Feature","geometry":{"type":"Point","coordinates":[30.51771,50.465368]},"properties":{"line":"Тм11","mode":"tram","color":"#d6212b","colorDark":"#7c1116","band":3,"off":[3.4,1.1],"lbl":"11"}},{"type":"Feature","geometry":{"type":"Point","coordinates":[30.51771,50.465368]},"properties":{"line":"Тм12","mode":"tram","color":"#d6212b","colorDark":"#7c1116","band":3,"off":[6.8,1.1],"lbl":"12"}},{"type":"Feature","geometry":{"type":"Point","coordinates":[30.51771,50.465368]},"properties":{"line":"Тм14","mode":"tram","color":"#d6212b","colorDark":"#7c1116","band":3,"off":[-5.1,3.1],"lbl":"14"}},{"type":"Feature","geometry":{"type":"Point","coordinates":[30.51771,50.465368]},"properties":{"line":"Тм16","mode":"tram","color":"#d6212b","colorDark":"#7c1116","band":3,"off":[-1.7,3.1],"lbl":"16"}},{"type":"Feature","geometry":{"type":"Point","coordinates":[30.51771,50.465368]},"properties":{"line":"Тм18","mode":"tram","color":"#d6212b","colorDark":"#7c1116","band":3,"off":[1.7,3.1],"lbl":"18"}},{"type":"Feature","geometry":{"type":"Point","coordinates":[30.51771,50.465368]},"properties":{"line":"Тм19","mode":"tram","color":"#d6212b","colorDark":"#7c1116","band":3,"off":[5.1,3.1],"lbl":"19"}},{"type":"Feature","geometry":{"type":"Point","coordinates":[30.556335,50.415292]},"properties":{"name":"Ботанічний сад","band":3,"modes":"bus","arr":["62","Тб14"],"off":[0,-0.8]}},{"type":"Feature","geometry":{"type":"Point","coordinates":[30.556335,50.415292]},"properties":{"line":"62","mode":"bus","color":"#0059a9","colorDark":"#00294f","band":3,"off":[-1.7,1.1]}},{"type":"Feature","geometry":{"type":"Point","coordinates":[30.556335,50.415292]},"properties":{"line":"Тб14","mode":"bus","color":"#149a3f","colorDark":"#0a5121","band":3,"off":[1.7,1.1],"lbl":"14"}},{"type":"Feature","geometry":{"type":"Point","coordinates":[30.629745,50.488547]},"properties":{"name":"вул. Космонавта Поповича","band":3,"modes":"bus","arr":["63"],"off":[0,-0.8]}},{"type":"Feature","geometry":{"type":"Point","coordinates":[30.629745,50.488547]},"properties":{"line":"63","mode":"bus","color":"#0059a9","colorDark":"#00294f","band":3,"off":[0,1.1]}},{"type":"Feature","geometry":{"type":"Point","coordinates":[30.520721,50.437161]},"properties":{"name":"ст.м. \"Палац спорту\"","band":3,"modes":"bus","arr":["69"],"off":[0,-0.8]}},{"type":"Feature","geometry":{"type":"Point","coordinates":[30.520721,50.437161]},"properties":{"line":"69","mode":"bus","color":"#0059a9","colorDark":"#00294f","band":3,"off":[0,1.1]}},{"type":"Feature","geometry":{"type":"Point","coordinates":[30.375977,50.420507]},"properties":{"name":"вул. Л-Вольгемут","band":3,"modes":"bus","arr":["69"],"off":[0,-0.8]}},{"type":"Feature","geometry":{"type":"Point","coordinates":[30.375977,50.420507]},"properties":{"line":"69","mode":"bus","color":"#0059a9","colorDark":"#00294f","band":3,"off":[0,1.1]}},{"type":"Feature","geometry":{"type":"Point","coordinates":[30.408419,50.508064]},"properties":{"name":"М-в Синьозерний","band":3,"modes":"bus","arr":["72"],"off":[0,-0.8]}},{"type":"Feature","geometry":{"type":"Point","coordinates":[30.408419,50.508064]},"properties":{"line":"72","mode":"bus","color":"#0059a9","colorDark":"#00294f","band":3,"off":[0,1.1]}},{"type":"Feature","geometry":{"type":"Point","coordinates":[30.498379,50.521271]},"properties":{"name":"ст.м. \"Героїв Дніпра\"","band":3,"modes":"bus","arr":["73"],"off":[0,-0.8]}},{"type":"Feature","geometry":{"type":"Point","coordinates":[30.498379,50.521271]},"properties":{"line":"73","mode":"bus","color":"#0059a9","colorDark":"#00294f","band":3,"off":[0,1.1]}},{"type":"Feature","geometry":{"type":"Point","coordinates":[30.621965,50.342667]},"properties":{"name":"вул. Центральна","band":3,"modes":"bus","arr":["74"],"off":[0,-0.8]}},{"type":"Feature","geometry":{"type":"Point","coordinates":[30.621965,50.342667]},"properties":{"line":"74","mode":"bus","color":"#0059a9","colorDark":"#00294f","band":3,"off":[0,1.1]}},{"type":"Feature","geometry":{"type":"Point","coordinates":[30.45597,50.392244]},"properties":{"name":"вул. Гуляницького","band":3,"modes":"bus","arr":["75"],"off":[0,-0.8]}},{"type":"Feature","geometry":{"type":"Point","coordinates":[30.45597,50.392244]},"properties":{"line":"75","mode":"bus","color":"#0059a9","colorDark":"#00294f","band":3,"off":[0,1.1]}},{"type":"Feature","geometry":{"type":"Point","coordinates":[30.623435,50.502671]},"properties":{"name":"Лісове кладовище","band":3,"modes":"bus","arr":["77"],"off":[0,-0.8]}},{"type":"Feature","geometry":{"type":"Point","coordinates":[30.623435,50.502671]},"properties":{"line":"77","mode":"bus","color":"#0059a9","colorDark":"#00294f","band":3,"off":[0,1.1]}},{"type":"Feature","geometry":{"type":"Point","coordinates":[30.45675,50.42121]},"properties":{"name":"Держав. Адміістрація","band":3,"modes":"bus","arr":["78"],"off":[0,-0.8]}},{"type":"Feature","geometry":{"type":"Point","coordinates":[30.45675,50.42121]},"properties":{"line":"78","mode":"bus","color":"#0059a9","colorDark":"#00294f","band":3,"off":[0,1.1]}},{"type":"Feature","geometry":{"type":"Point","coordinates":[30.585302,50.506698]},"properties":{"name":"вул. Каштанова","band":3,"modes":"bus","arr":["79"],"off":[0,-0.8]}},{"type":"Feature","geometry":{"type":"Point","coordinates":[30.585302,50.506698]},"properties":{"line":"79","mode":"bus","color":"#0059a9","colorDark":"#00294f","band":3,"off":[0,1.1]}},{"type":"Feature","geometry":{"type":"Point","coordinates":[30.643426,50.486791]},"properties":{"name":"Лісовий м-в (81)","band":3,"modes":"bus","arr":["81"],"off":[0,-0.8]}},{"type":"Feature","geometry":{"type":"Point","coordinates":[30.643426,50.486791]},"properties":{"line":"81","mode":"bus","color":"#0059a9","colorDark":"#00294f","band":3,"off":[0,1.1]}},{"type":"Feature","geometry":{"type":"Point","coordinates":[30.590116,50.459456]},"properties":{"name":"вул. Шептицького","band":3,"modes":"bus","arr":["87","108"],"off":[0,-0.8]}},{"type":"Feature","geometry":{"type":"Point","coordinates":[30.590116,50.459456]},"properties":{"line":"87","mode":"bus","color":"#0059a9","colorDark":"#00294f","band":3,"off":[-1.7,1.1]}},{"type":"Feature","geometry":{"type":"Point","coordinates":[30.590116,50.459456]},"properties":{"line":"108","mode":"bus","color":"#0059a9","colorDark":"#00294f","band":3,"off":[1.7,1.1]}},{"type":"Feature","geometry":{"type":"Point","coordinates":[30.61574,50.395451]},"properties":{"name":"ст.м. \"Осокорки\"","band":3,"modes":"bus","arr":["87"],"off":[0,-0.8]}},{"type":"Feature","geometry":{"type":"Point","coordinates":[30.61574,50.395451]},"properties":{"line":"87","mode":"bus","color":"#0059a9","colorDark":"#00294f","band":3,"off":[0,1.1]}},{"type":"Feature","geometry":{"type":"Point","coordinates":[30.396402,50.411695]},"properties":{"name":"вул. Г-Барського","band":3,"modes":"bus","arr":["90"],"off":[0,-0.8]}},{"type":"Feature","geometry":{"type":"Point","coordinates":[30.396402,50.411695]},"properties":{"line":"90","mode":"bus","color":"#0059a9","colorDark":"#00294f","band":3,"off":[0,1.1]}},{"type":"Feature","geometry":{"type":"Point","coordinates":[30.40432,50.482336]},"properties":{"name":"пл. В.Марченка","band":3,"modes":"bus","arr":["90","90к"],"off":[0,-0.8]}},{"type":"Feature","geometry":{"type":"Point","coordinates":[30.40432,50.482336]},"properties":{"line":"90","mode":"bus","color":"#0059a9","colorDark":"#00294f","band":3,"off":[-1.7,1.1]}},{"type":"Feature","geometry":{"type":"Point","coordinates":[30.40432,50.482336]},"properties":{"line":"90к","mode":"bus","color":"#0059a9","colorDark":"#00294f","band":3,"off":[1.7,1.1]}},{"type":"Feature","geometry":{"type":"Point","coordinates":[30.390144,50.457543]},"properties":{"name":"ст.м. \"Святошин\" (90)","band":3,"modes":"bus","arr":["90к"],"off":[0,-0.8]}},{"type":"Feature","geometry":{"type":"Point","coordinates":[30.390144,50.457543]},"properties":{"line":"90к","mode":"bus","color":"#0059a9","colorDark":"#00294f","band":3,"off":[0,1.1]}},{"type":"Feature","geometry":{"type":"Point","coordinates":[30.644133,50.412614]},"properties":{"name":"вул. Ахматової (Р-к Позн)","band":3,"modes":"bus","arr":["91"],"off":[0,-0.8]}},{"type":"Feature","geometry":{"type":"Point","coordinates":[30.644133,50.412614]},"properties":{"line":"91","mode":"bus","color":"#0059a9","colorDark":"#00294f","band":3,"off":[0,1.1]}},{"type":"Feature","geometry":{"type":"Point","coordinates":[30.640495,50.411697]},"properties":{"name":"вул. Ахматової (Р-к Позн)","band":3,"modes":"bus","arr":["91"],"off":[0,-0.8]}},{"type":"Feature","geometry":{"type":"Point","coordinates":[30.640495,50.411697]},"properties":{"line":"91","mode":"bus","color":"#0059a9","colorDark":"#00294f","band":3,"off":[0,1.1]}},{"type":"Feature","geometry":{"type":"Point","coordinates":[30.60271,50.42185]},"properties":{"name":"ст. Березняки (95)","band":3,"modes":"bus","arr":["95"],"off":[0,-0.8]}},{"type":"Feature","geometry":{"type":"Point","coordinates":[30.60271,50.42185]},"properties":{"line":"95","mode":"bus","color":"#0059a9","colorDark":"#00294f","band":3,"off":[0,1.1]}},{"type":"Feature","geometry":{"type":"Point","coordinates":[30.569248,50.483309]},"properties":{"name":"Русанівські сади","band":3,"modes":"bus","arr":["95"],"off":[0,-0.8]}},{"type":"Feature","geometry":{"type":"Point","coordinates":[30.569248,50.483309]},"properties":{"line":"95","mode":"bus","color":"#0059a9","colorDark":"#00294f","band":3,"off":[0,1.1]}},{"type":"Feature","geometry":{"type":"Point","coordinates":[30.337112,50.470352]},"properties":{"name":"м-в Новобіличі (ринок)","band":3,"modes":"bus","arr":["97","97к"],"off":[0,-0.8]}},{"type":"Feature","geometry":{"type":"Point","coordinates":[30.337112,50.470352]},"properties":{"line":"97","mode":"bus","color":"#0059a9","colorDark":"#00294f","band":3,"off":[-1.7,1.1]}},{"type":"Feature","geometry":{"type":"Point","coordinates":[30.337112,50.470352]},"properties":{"line":"97к","mode":"bus","color":"#0059a9","colorDark":"#00294f","band":3,"off":[1.7,1.1]}},{"type":"Feature","geometry":{"type":"Point","coordinates":[30.664761,50.529657]},"properties":{"name":"ТЕЦ-6","band":3,"modes":"bus","arr":["98"],"off":[0,-0.8]}},{"type":"Feature","geometry":{"type":"Point","coordinates":[30.664761,50.529657]},"properties":{"line":"98","mode":"bus","color":"#0059a9","colorDark":"#00294f","band":3,"off":[0,1.1]}},{"type":"Feature","geometry":{"type":"Point","coordinates":[30.49628,50.512479]},"properties":{"name":"ст.м. \"Мінська\"","band":3,"modes":"bus","arr":["99"],"off":[0,-0.8]}},{"type":"Feature","geometry":{"type":"Point","coordinates":[30.49628,50.512479]},"properties":{"line":"99","mode":"bus","color":"#0059a9","colorDark":"#00294f","band":3,"off":[0,1.1]}},{"type":"Feature","geometry":{"type":"Point","coordinates":[30.599286,50.532651]},"properties":{"name":"вул. Радунська (101к)","band":3,"modes":"bus","arr":["101","114"],"off":[0,-0.8]}},{"type":"Feature","geometry":{"type":"Point","coordinates":[30.599286,50.532651]},"properties":{"line":"101","mode":"bus","color":"#0059a9","colorDark":"#00294f","band":3,"off":[-1.7,1.1]}},{"type":"Feature","geometry":{"type":"Point","coordinates":[30.599286,50.532651]},"properties":{"line":"114","mode":"bus","color":"#0059a9","colorDark":"#00294f","band":3,"off":[1.7,1.1]}},{"type":"Feature","geometry":{"type":"Point","coordinates":[30.515556,50.495941]},"properties":{"name":"к-тр Братислава","band":3,"modes":"bus","arr":["102А"],"off":[0,-0.8]}},{"type":"Feature","geometry":{"type":"Point","coordinates":[30.515556,50.495941]},"properties":{"line":"102А","mode":"bus","color":"#0059a9","colorDark":"#00294f","band":3,"off":[0,1.1]}},{"type":"Feature","geometry":{"type":"Point","coordinates":[30.420328,50.504954]},"properties":{"name":"мкр Варш","band":3,"modes":"bus","arr":["102А"],"off":[0,-0.8]}},{"type":"Feature","geometry":{"type":"Point","coordinates":[30.420328,50.504954]},"properties":{"line":"102А","mode":"bus","color":"#0059a9","colorDark":"#00294f","band":3,"off":[0,1.1]}},{"type":"Feature","geometry":{"type":"Point","coordinates":[30.427759,50.510977]},"properties":{"name":"ж/м Виноградар","band":3,"modes":"bus","arr":["103"],"off":[0,-0.8]}},{"type":"Feature","geometry":{"type":"Point","coordinates":[30.427759,50.510977]},"properties":{"line":"103","mode":"bus","color":"#0059a9","colorDark":"#00294f","band":3,"off":[0,1.1]}},{"type":"Feature","geometry":{"type":"Point","coordinates":[30.684635,50.362855]},"properties":{"name":"ФАП","band":3,"modes":"bus","arr":["104"],"off":[0,-0.8]}},{"type":"Feature","geometry":{"type":"Point","coordinates":[30.684635,50.362855]},"properties":{"line":"104","mode":"bus","color":"#0059a9","colorDark":"#00294f","band":3,"off":[0,1.1]}},{"type":"Feature","geometry":{"type":"Point","coordinates":[30.654417,50.404345]},"properties":{"name":"м. Харківська","band":3,"modes":"bus","arr":["104","108","109"],"off":[0,-0.8]}},{"type":"Feature","geometry":{"type":"Point","coordinates":[30.654417,50.404345]},"properties":{"line":"104","mode":"bus","color":"#0059a9","colorDark":"#00294f","band":3,"off":[-3.4,1.1]}},{"type":"Feature","geometry":{"type":"Point","coordinates":[30.654417,50.404345]},"properties":{"line":"108","mode":"bus","color":"#0059a9","colorDark":"#00294f","band":3,"off":[0,1.1]}},{"type":"Feature","geometry":{"type":"Point","coordinates":[30.654417,50.404345]},"properties":{"line":"109","mode":"bus","color":"#0059a9","colorDark":"#00294f","band":3,"off":[3.4,1.1]}},{"type":"Feature","geometry":{"type":"Point","coordinates":[30.772198,50.404229]},"properties":{"name":"Бориспільське шосе","band":3,"modes":"bus","arr":["105"],"off":[0,-0.8]}},{"type":"Feature","geometry":{"type":"Point","coordinates":[30.772198,50.404229]},"properties":{"line":"105","mode":"bus","color":"#0059a9","colorDark":"#00294f","band":3,"off":[0,1.1]}},{"type":"Feature","geometry":{"type":"Point","coordinates":[30.518582,50.445197]},"properties":{"name":"м. Театральна","band":3,"modes":"bus","arr":["109"],"off":[0,-0.8]}},{"type":"Feature","geometry":{"type":"Point","coordinates":[30.518582,50.445197]},"properties":{"line":"109","mode":"bus","color":"#0059a9","colorDark":"#00294f","band":3,"off":[0,1.1]}},{"type":"Feature","geometry":{"type":"Point","coordinates":[30.481665,50.461424]},"properties":{"name":"Лук’янівська пл.","band":3,"modes":"bus","arr":["112"],"off":[0,-0.8]}},{"type":"Feature","geometry":{"type":"Point","coordinates":[30.481665,50.461424]},"properties":{"line":"112","mode":"bus","color":"#0059a9","colorDark":"#00294f","band":3,"off":[0,1.1]}},{"type":"Feature","geometry":{"type":"Point","coordinates":[30.658151,50.428522]},"properties":{"name":"Будинок культури","band":3,"modes":"bus","arr":["115"],"off":[0,-0.8]}},{"type":"Feature","geometry":{"type":"Point","coordinates":[30.658151,50.428522]},"properties":{"line":"115","mode":"bus","color":"#0059a9","colorDark":"#00294f","band":3,"off":[0,1.1]}},{"type":"Feature","geometry":{"type":"Point","coordinates":[30.641664,50.463969]},"properties":{"name":"ст.м. \"Лісова\"","band":3,"modes":"bus","arr":["118д"],"off":[0,-0.8]}},{"type":"Feature","geometry":{"type":"Point","coordinates":[30.641664,50.463969]},"properties":{"line":"118д","mode":"bus","color":"#0059a9","colorDark":"#00294f","band":3,"off":[0,1.1]}},{"type":"Feature","geometry":{"type":"Point","coordinates":[30.457363,50.37884]},"properties":{"name":"вул. Касіяна","band":3,"modes":"bus","arr":["119"],"off":[0,-0.8]}},{"type":"Feature","geometry":{"type":"Point","coordinates":[30.457363,50.37884]},"properties":{"line":"119","mode":"bus","color":"#0059a9","colorDark":"#00294f","band":3,"off":[0,1.1]}},{"type":"Feature","geometry":{"type":"Point","coordinates":[30.444196,50.361506]},"properties":{"name":"Кібцентр","band":3,"modes":"bus","arr":["120","Тб43"],"off":[0,-0.8]}},{"type":"Feature","geometry":{"type":"Point","coordinates":[30.444196,50.361506]},"properties":{"name":"Кібернитичний центр","band":3,"modes":"bus","arr":["120","Тб43"],"off":[0,-1.9]}},{"type":"Feature","geometry":{"type":"Point","coordinates":[30.444196,50.361506]},"properties":{"line":"120","mode":"bus","color":"#0059a9","colorDark":"#00294f","band":3,"off":[-1.7,1.1]}},{"type":"Feature","geometry":{"type":"Point","coordinates":[30.444196,50.361506]},"properties":{"line":"Тб43","mode":"bus","color":"#149a3f","colorDark":"#0a5121","band":3,"off":[1.7,1.1],"lbl":"43"}},{"type":"Feature","geometry":{"type":"Point","coordinates":[30.534363,50.379517]},"properties":{"name":"Багринова гора","band":3,"modes":"bus","arr":["Тб1","Тб11"],"off":[0,-0.8]}},{"type":"Feature","geometry":{"type":"Point","coordinates":[30.534363,50.379517]},"properties":{"line":"Тб1","mode":"bus","color":"#149a3f","colorDark":"#0a5121","band":3,"off":[-1.7,1.1],"lbl":"1"}},{"type":"Feature","geometry":{"type":"Point","coordinates":[30.534363,50.379517]},"properties":{"line":"Тб11","mode":"bus","color":"#149a3f","colorDark":"#0a5121","band":3,"off":[1.7,1.1],"lbl":"11"}},{"type":"Feature","geometry":{"type":"Point","coordinates":[30.520569,50.437859]},"properties":{"name":"ст.м. Палац спорту","band":3,"modes":"bus","arr":["Тб3","Тб15","Тб40"],"off":[0,-0.8]}},{"type":"Feature","geometry":{"type":"Point","coordinates":[30.520569,50.437859]},"properties":{"line":"Тб3","mode":"bus","color":"#149a3f","colorDark":"#0a5121","band":3,"off":[-3.4,1.1],"lbl":"3"}},{"type":"Feature","geometry":{"type":"Point","coordinates":[30.520569,50.437859]},"properties":{"line":"Тб15","mode":"bus","color":"#149a3f","colorDark":"#0a5121","band":3,"off":[0,1.1],"lbl":"15"}},{"type":"Feature","geometry":{"type":"Point","coordinates":[30.520569,50.437859]},"properties":{"line":"Тб40","mode":"bus","color":"#149a3f","colorDark":"#0a5121","band":3,"off":[3.4,1.1],"lbl":"40"}},{"type":"Feature","geometry":{"type":"Point","coordinates":[30.490888,50.425717]},"properties":{"name":"Залізничний масив","band":3,"modes":"bus","arr":["Тб3"],"off":[0,-0.8]}},{"type":"Feature","geometry":{"type":"Point","coordinates":[30.490888,50.425717]},"properties":{"line":"Тб3","mode":"bus","color":"#149a3f","colorDark":"#0a5121","band":3,"off":[0,1.1],"lbl":"3"}},{"type":"Feature","geometry":{"type":"Point","coordinates":[30.421221,50.515084]},"properties":{"name":"просп. Свободи","band":3,"modes":"bus","arr":["Тб4","Тб24","Тб25","Тб26","Тб28Д","Тб35"],"off":[0,-0.8]}},{"type":"Feature","geometry":{"type":"Point","coordinates":[30.421221,50.515084]},"properties":{"line":"Тб4","mode":"bus","color":"#149a3f","colorDark":"#0a5121","band":3,"off":[-6.8,1.1],"lbl":"4"}},{"type":"Feature","geometry":{"type":"Point","coordinates":[30.421221,50.515084]},"properties":{"line":"Тб24","mode":"bus","color":"#149a3f","colorDark":"#0a5121","band":3,"off":[-3.4,1.1],"lbl":"24"}},{"type":"Feature","geometry":{"type":"Point","coordinates":[30.421221,50.515084]},"properties":{"line":"Тб25","mode":"bus","color":"#149a3f","colorDark":"#0a5121","band":3,"off":[0,1.1],"lbl":"25"}},{"type":"Feature","geometry":{"type":"Point","coordinates":[30.421221,50.515084]},"properties":{"line":"Тб26","mode":"bus","color":"#149a3f","colorDark":"#0a5121","band":3,"off":[3.4,1.1],"lbl":"26"}},{"type":"Feature","geometry":{"type":"Point","coordinates":[30.421221,50.515084]},"properties":{"line":"Тб28Д","mode":"bus","color":"#149a3f","colorDark":"#0a5121","band":3,"off":[6.8,1.1],"lbl":"28Д"}},{"type":"Feature","geometry":{"type":"Point","coordinates":[30.421221,50.515084]},"properties":{"line":"Тб35","mode":"bus","color":"#149a3f","colorDark":"#0a5121","band":3,"off":[0,3.1],"lbl":"35"}},{"type":"Feature","geometry":{"type":"Point","coordinates":[30.424127,50.48864]},"properties":{"name":"вул. Білицька","band":3,"modes":"bus","arr":["Тб5"],"off":[0,-0.8]}},{"type":"Feature","geometry":{"type":"Point","coordinates":[30.424127,50.48864]},"properties":{"line":"Тб5","mode":"bus","color":"#149a3f","colorDark":"#0a5121","band":3,"off":[0,1.1],"lbl":"5"}},{"type":"Feature","geometry":{"type":"Point","coordinates":[30.521913,50.451549]},"properties":{"name":"м-н Незалежності","band":3,"modes":"bus","arr":["Тб6","Тб16","Тб18"],"off":[0,-0.8]}},{"type":"Feature","geometry":{"type":"Point","coordinates":[30.521913,50.451549]},"properties":{"line":"Тб6","mode":"bus","color":"#149a3f","colorDark":"#0a5121","band":3,"off":[-3.4,1.1],"lbl":"6"}},{"type":"Feature","geometry":{"type":"Point","coordinates":[30.521913,50.451549]},"properties":{"line":"Тб16","mode":"bus","color":"#149a3f","colorDark":"#0a5121","band":3,"off":[0,1.1],"lbl":"16"}},{"type":"Feature","geometry":{"type":"Point","coordinates":[30.521913,50.451549]},"properties":{"line":"Тб18","mode":"bus","color":"#149a3f","colorDark":"#0a5121","band":3,"off":[3.4,1.1],"lbl":"18"}},{"type":"Feature","geometry":{"type":"Point","coordinates":[30.462741,50.524878]},"properties":{"name":"Мінський масив","band":3,"modes":"bus","arr":["Тб6","Тб33"],"off":[0,-0.8]}},{"type":"Feature","geometry":{"type":"Point","coordinates":[30.462741,50.524878]},"properties":{"line":"Тб6","mode":"bus","color":"#149a3f","colorDark":"#0a5121","band":3,"off":[-1.7,1.1],"lbl":"6"}},{"type":"Feature","geometry":{"type":"Point","coordinates":[30.462741,50.524878]},"properties":{"line":"Тб33","mode":"bus","color":"#149a3f","colorDark":"#0a5121","band":3,"off":[1.7,1.1],"lbl":"33"}},{"type":"Feature","geometry":{"type":"Point","coordinates":[30.455243,50.421658]},"properties":{"name":"вул. Смілянська","band":3,"modes":"bus","arr":["Тб8"],"off":[0,-0.8]}},{"type":"Feature","geometry":{"type":"Point","coordinates":[30.455243,50.421658]},"properties":{"line":"Тб8","mode":"bus","color":"#149a3f","colorDark":"#0a5121","band":3,"off":[0,1.1],"lbl":"8"}},{"type":"Feature","geometry":{"type":"Point","coordinates":[30.491232,50.353628]},"properties":{"name":"Музей архітектури","band":3,"modes":"bus","arr":["Тб11"],"off":[0,-0.8]}},{"type":"Feature","geometry":{"type":"Point","coordinates":[30.491232,50.353628]},"properties":{"line":"Тб11","mode":"bus","color":"#149a3f","colorDark":"#0a5121","band":3,"off":[0,1.1],"lbl":"11"}},{"type":"Feature","geometry":{"type":"Point","coordinates":[30.488462,50.354714]},"properties":{"name":"Музей архітектури","band":3,"modes":"bus","arr":["Тб11"],"off":[0,-0.8]}},{"type":"Feature","geometry":{"type":"Point","coordinates":[30.488462,50.354714]},"properties":{"line":"Тб11","mode":"bus","color":"#149a3f","colorDark":"#0a5121","band":3,"off":[0,1.1],"lbl":"11"}},{"type":"Feature","geometry":{"type":"Point","coordinates":[30.557923,50.402762]},"properties":{"name":"ст.м. Видубичі","band":3,"modes":"bus","arr":["Тб15","Тб38"],"off":[0,-0.8]}},{"type":"Feature","geometry":{"type":"Point","coordinates":[30.557923,50.402762]},"properties":{"line":"Тб15","mode":"bus","color":"#149a3f","colorDark":"#0a5121","band":3,"off":[-1.7,1.1],"lbl":"15"}},{"type":"Feature","geometry":{"type":"Point","coordinates":[30.557923,50.402762]},"properties":{"line":"Тб38","mode":"bus","color":"#149a3f","colorDark":"#0a5121","band":3,"off":[1.7,1.1],"lbl":"38"}},{"type":"Feature","geometry":{"type":"Point","coordinates":[30.5543,50.403061]},"properties":{"name":"ст.м. Видубичі","band":3,"modes":"bus","arr":["Тб15"],"off":[0,-0.8]}},{"type":"Feature","geometry":{"type":"Point","coordinates":[30.5543,50.403061]},"properties":{"line":"Тб15","mode":"bus","color":"#149a3f","colorDark":"#0a5121","band":3,"off":[0,1.1],"lbl":"15"}},{"type":"Feature","geometry":{"type":"Point","coordinates":[30.395727,50.484856]},"properties":{"name":"вул. Мрії","band":3,"modes":"bus","arr":["Тб16","Тб23Д"],"off":[0,-0.8]}},{"type":"Feature","geometry":{"type":"Point","coordinates":[30.395727,50.484856]},"properties":{"line":"Тб16","mode":"bus","color":"#149a3f","colorDark":"#0a5121","band":3,"off":[-1.7,1.1],"lbl":"16"}},{"type":"Feature","geometry":{"type":"Point","coordinates":[30.395727,50.484856]},"properties":{"line":"Тб23Д","mode":"bus","color":"#149a3f","colorDark":"#0a5121","band":3,"off":[1.7,1.1],"lbl":"23Д"}},{"type":"Feature","geometry":{"type":"Point","coordinates":[30.456698,50.431206]},"properties":{"name":"пл. Космонавтів","band":3,"modes":"bus","arr":["Тб17","Тб19"],"off":[0,-0.8]}},{"type":"Feature","geometry":{"type":"Point","coordinates":[30.456698,50.431206]},"properties":{"line":"Тб17","mode":"bus","color":"#149a3f","colorDark":"#0a5121","band":3,"off":[-1.7,1.1],"lbl":"17"}},{"type":"Feature","geometry":{"type":"Point","coordinates":[30.456698,50.431206]},"properties":{"line":"Тб19","mode":"bus","color":"#149a3f","colorDark":"#0a5121","band":3,"off":[1.7,1.1],"lbl":"19"}},{"type":"Feature","geometry":{"type":"Point","coordinates":[30.447456,50.521229]},"properties":{"name":"вул. Сошенка","band":3,"modes":"bus","arr":["Тб18","Тб32"],"off":[0,-0.8]}},{"type":"Feature","geometry":{"type":"Point","coordinates":[30.447456,50.521229]},"properties":{"line":"Тб18","mode":"bus","color":"#149a3f","colorDark":"#0a5121","band":3,"off":[-1.7,1.1],"lbl":"18"}},{"type":"Feature","geometry":{"type":"Point","coordinates":[30.447456,50.521229]},"properties":{"line":"Тб32","mode":"bus","color":"#149a3f","colorDark":"#0a5121","band":3,"off":[1.7,1.1],"lbl":"32"}},{"type":"Feature","geometry":{"type":"Point","coordinates":[30.444907,50.479839]},"properties":{"name":"вул. Ольжича","band":3,"modes":"bus","arr":["Тб19","Тб22к","Тб42"],"off":[0,-0.8]}},{"type":"Feature","geometry":{"type":"Point","coordinates":[30.444907,50.479839]},"properties":{"line":"Тб19","mode":"bus","color":"#149a3f","colorDark":"#0a5121","band":3,"off":[-3.4,1.1],"lbl":"19"}},{"type":"Feature","geometry":{"type":"Point","coordinates":[30.444907,50.479839]},"properties":{"line":"Тб22к","mode":"bus","color":"#149a3f","colorDark":"#0a5121","band":3,"off":[0,1.1],"lbl":"22к"}},{"type":"Feature","geometry":{"type":"Point","coordinates":[30.444907,50.479839]},"properties":{"line":"Тб42","mode":"bus","color":"#149a3f","colorDark":"#0a5121","band":3,"off":[3.4,1.1],"lbl":"42"}},{"type":"Feature","geometry":{"type":"Point","coordinates":[30.464303,50.414501]},"properties":{"name":"Кадетський гай","band":3,"modes":"bus","arr":["Тб22к","Тб30","Тб35","Тб40","Тб40к"],"off":[0,-0.8]}},{"type":"Feature","geometry":{"type":"Point","coordinates":[30.464303,50.414501]},"properties":{"line":"Тб22к","mode":"bus","color":"#149a3f","colorDark":"#0a5121","band":3,"off":[-6.8,1.1],"lbl":"22к"}},{"type":"Feature","geometry":{"type":"Point","coordinates":[30.464303,50.414501]},"properties":{"line":"Тб30","mode":"bus","color":"#149a3f","colorDark":"#0a5121","band":3,"off":[-3.4,1.1],"lbl":"30"}},{"type":"Feature","geometry":{"type":"Point","coordinates":[30.464303,50.414501]},"properties":{"line":"Тб35","mode":"bus","color":"#149a3f","colorDark":"#0a5121","band":3,"off":[0,1.1],"lbl":"35"}},{"type":"Feature","geometry":{"type":"Point","coordinates":[30.464303,50.414501]},"properties":{"line":"Тб40","mode":"bus","color":"#149a3f","colorDark":"#0a5121","band":3,"off":[3.4,1.1],"lbl":"40"}},{"type":"Feature","geometry":{"type":"Point","coordinates":[30.464303,50.414501]},"properties":{"line":"Тб40к","mode":"bus","color":"#149a3f","colorDark":"#0a5121","band":3,"off":[6.8,1.1],"lbl":"40к"}},{"type":"Feature","geometry":{"type":"Point","coordinates":[30.482951,50.449625]},"properties":{"name":"Повітрофл ш/пр","band":3,"modes":"bus","arr":["Тб23Д","Тб28Д","Тб31Д"],"off":[0,-0.8]}},{"type":"Feature","geometry":{"type":"Point","coordinates":[30.482951,50.449625]},"properties":{"line":"Тб23Д","mode":"bus","color":"#149a3f","colorDark":"#0a5121","band":3,"off":[-3.4,1.1],"lbl":"23Д"}},{"type":"Feature","geometry":{"type":"Point","coordinates":[30.482951,50.449625]},"properties":{"line":"Тб28Д","mode":"bus","color":"#149a3f","colorDark":"#0a5121","band":3,"off":[0,1.1],"lbl":"28Д"}},{"type":"Feature","geometry":{"type":"Point","coordinates":[30.482951,50.449625]},"properties":{"line":"Тб31Д","mode":"bus","color":"#149a3f","colorDark":"#0a5121","band":3,"off":[3.4,1.1],"lbl":"31Д"}},{"type":"Feature","geometry":{"type":"Point","coordinates":[30.428539,50.413045]},"properties":{"name":"ст. Київ-Волинський","band":3,"modes":"bus","arr":["Тб27"],"off":[0,-0.8]}},{"type":"Feature","geometry":{"type":"Point","coordinates":[30.428539,50.413045]},"properties":{"line":"Тб27","mode":"bus","color":"#149a3f","colorDark":"#0a5121","band":3,"off":[0,1.1],"lbl":"27"}},{"type":"Feature","geometry":{"type":"Point","coordinates":[30.483439,50.450739]},"properties":{"name":"Повітрофл ш/пр","band":3,"modes":"bus","arr":["Тб28Д"],"off":[0,-0.8]}},{"type":"Feature","geometry":{"type":"Point","coordinates":[30.483439,50.450739]},"properties":{"line":"Тб28Д","mode":"bus","color":"#149a3f","colorDark":"#0a5121","band":3,"off":[0,1.1],"lbl":"28Д"}},{"type":"Feature","geometry":{"type":"Point","coordinates":[30.484854,50.488734]},"properties":{"name":"ст. Куренівка","band":3,"modes":"bus","arr":["Тб29"],"off":[0,-0.8]}},{"type":"Feature","geometry":{"type":"Point","coordinates":[30.484854,50.488734]},"properties":{"line":"Тб29","mode":"bus","color":"#149a3f","colorDark":"#0a5121","band":3,"off":[0,1.1],"lbl":"29"}},{"type":"Feature","geometry":{"type":"Point","coordinates":[30.620078,50.527497]},"properties":{"name":"вул. Милославська. (30)","band":3,"modes":"bus","arr":["Тб30","Тб47","Тб50","Тб50к"],"off":[0,-0.8]}},{"type":"Feature","geometry":{"type":"Point","coordinates":[30.620078,50.527497]},"properties":{"line":"Тб30","mode":"bus","color":"#149a3f","colorDark":"#0a5121","band":3,"off":[-5.1,1.1],"lbl":"30"}},{"type":"Feature","geometry":{"type":"Point","coordinates":[30.620078,50.527497]},"properties":{"line":"Тб47","mode":"bus","color":"#149a3f","colorDark":"#0a5121","band":3,"off":[-1.7,1.1],"lbl":"47"}},{"type":"Feature","geometry":{"type":"Point","coordinates":[30.620078,50.527497]},"properties":{"line":"Тб50","mode":"bus","color":"#149a3f","colorDark":"#0a5121","band":3,"off":[1.7,1.1],"lbl":"50"}},{"type":"Feature","geometry":{"type":"Point","coordinates":[30.620078,50.527497]},"properties":{"line":"Тб50к","mode":"bus","color":"#149a3f","colorDark":"#0a5121","band":3,"off":[5.1,1.1],"lbl":"50к"}},{"type":"Feature","geometry":{"type":"Point","coordinates":[30.485668,50.439075]},"properties":{"name":"Південний вокзал","band":3,"modes":"bus","arr":["Тб33"],"off":[0,-0.8]}},{"type":"Feature","geometry":{"type":"Point","coordinates":[30.485668,50.439075]},"properties":{"line":"Тб33","mode":"bus","color":"#149a3f","colorDark":"#0a5121","band":3,"off":[0,1.1],"lbl":"33"}},{"type":"Feature","geometry":{"type":"Point","coordinates":[30.498117,50.487949]},"properties":{"name":"м. Почайна (29)","band":3,"modes":"bus","arr":["Тб34"],"off":[0,-0.8]}},{"type":"Feature","geometry":{"type":"Point","coordinates":[30.498117,50.487949]},"properties":{"line":"Тб34","mode":"bus","color":"#149a3f","colorDark":"#0a5121","band":3,"off":[0,1.1],"lbl":"34"}},{"type":"Feature","geometry":{"type":"Point","coordinates":[30.641844,50.465726]},"properties":{"name":"ст.м. Лісова","band":3,"modes":"bus","arr":["Тб37"],"off":[0,-0.8]}},{"type":"Feature","geometry":{"type":"Point","coordinates":[30.641844,50.465726]},"properties":{"line":"Тб37","mode":"bus","color":"#149a3f","colorDark":"#0a5121","band":3,"off":[0,1.1],"lbl":"37"}},{"type":"Feature","geometry":{"type":"Point","coordinates":[30.365373,50.427026]},"properties":{"name":"просп. Курбаса","band":3,"modes":"bus","arr":["Тб39"],"off":[0,-0.8]}},{"type":"Feature","geometry":{"type":"Point","coordinates":[30.365373,50.427026]},"properties":{"line":"Тб39","mode":"bus","color":"#149a3f","colorDark":"#0a5121","band":3,"off":[0,1.1],"lbl":"39"}},{"type":"Feature","geometry":{"type":"Point","coordinates":[30.366568,50.424835]},"properties":{"name":"просп. Курбаса","band":3,"modes":"bus","arr":["Тб39"],"off":[0,-0.8]}},{"type":"Feature","geometry":{"type":"Point","coordinates":[30.366568,50.424835]},"properties":{"line":"Тб39","mode":"bus","color":"#149a3f","colorDark":"#0a5121","band":3,"off":[0,1.1],"lbl":"39"}},{"type":"Feature","geometry":{"type":"Point","coordinates":[30.513608,50.434738]},"properties":{"name":"вул. Жилянська 1","band":3,"modes":"bus","arr":["Тб40к"],"off":[0,-0.8]}},{"type":"Feature","geometry":{"type":"Point","coordinates":[30.513608,50.434738]},"properties":{"line":"Тб40к","mode":"bus","color":"#149a3f","colorDark":"#0a5121","band":3,"off":[0,1.1],"lbl":"40к"}},{"type":"Feature","geometry":{"type":"Point","coordinates":[30.388076,50.458043]},"properties":{"name":"ст.м. Святошин","band":3,"modes":"bus","arr":["Тб41"],"off":[0,-0.8]}},{"type":"Feature","geometry":{"type":"Point","coordinates":[30.388076,50.458043]},"properties":{"line":"Тб41","mode":"bus","color":"#149a3f","colorDark":"#0a5121","band":3,"off":[0,1.1],"lbl":"41"}},{"type":"Feature","geometry":{"type":"Point","coordinates":[30.364206,50.429638]},"properties":{"name":"вул. Тулузи","band":3,"modes":"bus","arr":["Тб41"],"off":[0,-0.8]}},{"type":"Feature","geometry":{"type":"Point","coordinates":[30.364206,50.429638]},"properties":{"line":"Тб41","mode":"bus","color":"#149a3f","colorDark":"#0a5121","band":3,"off":[0,1.1],"lbl":"41"}},{"type":"Feature","geometry":{"type":"Point","coordinates":[30.368582,50.430789]},"properties":{"name":"вул. Тулузи","band":3,"modes":"bus","arr":["Тб41"],"off":[0,-0.8]}},{"type":"Feature","geometry":{"type":"Point","coordinates":[30.368582,50.430789]},"properties":{"line":"Тб41","mode":"bus","color":"#149a3f","colorDark":"#0a5121","band":3,"off":[0,1.1],"lbl":"41"}},{"type":"Feature","geometry":{"type":"Point","coordinates":[30.523532,50.491369]},"properties":{"name":"просп. Бандери","band":3,"modes":"bus","arr":["Тб44"],"off":[0,-0.8]}},{"type":"Feature","geometry":{"type":"Point","coordinates":[30.523532,50.491369]},"properties":{"line":"Тб44","mode":"bus","color":"#149a3f","colorDark":"#0a5121","band":3,"off":[0,1.1],"lbl":"44"}},{"type":"Feature","geometry":{"type":"Point","coordinates":[30.497502,50.512042]},"properties":{"name":"ст.м. Мінська","band":3,"modes":"bus","arr":["Тб47"],"off":[0,-0.8]}},{"type":"Feature","geometry":{"type":"Point","coordinates":[30.497502,50.512042]},"properties":{"line":"Тб47","mode":"bus","color":"#149a3f","colorDark":"#0a5121","band":3,"off":[0,1.1],"lbl":"47"}},{"type":"Feature","geometry":{"type":"Point","coordinates":[30.489058,50.443651]},"properties":{"name":"ст. Старовокзальна","band":3,"modes":"tram","arr":["Тм1","Тм3","Тм15","Тм18"],"off":[0,-0.8]}},{"type":"Feature","geometry":{"type":"Point","coordinates":[30.489058,50.443651]},"properties":{"name":"вул. Старовокзальна","band":3,"modes":"tram","arr":["Тм1","Тм3","Тм15","Тм18"],"off":[0,-1.9]}},{"type":"Feature","geometry":{"type":"Point","coordinates":[30.489058,50.443651]},"properties":{"line":"Тм1","mode":"tram","color":"#d6212b","colorDark":"#7c1116","band":3,"off":[-5.1,1.1],"lbl":"1"}},{"type":"Feature","geometry":{"type":"Point","coordinates":[30.489058,50.443651]},"properties":{"line":"Тм3","mode":"tram","color":"#d6212b","colorDark":"#7c1116","band":3,"off":[-1.7,1.1],"lbl":"3"}},{"type":"Feature","geometry":{"type":"Point","coordinates":[30.489058,50.443651]},"properties":{"line":"Тм15","mode":"tram","color":"#d6212b","colorDark":"#7c1116","band":3,"off":[1.7,1.1],"lbl":"15"}},{"type":"Feature","geometry":{"type":"Point","coordinates":[30.489058,50.443651]},"properties":{"line":"Тм18","mode":"tram","color":"#d6212b","colorDark":"#7c1116","band":3,"off":[5.1,1.1],"lbl":"18"}},{"type":"Feature","geometry":{"type":"Point","coordinates":[30.407933,50.407794]},"properties":{"name":"Мих Борщагівка","band":3,"modes":"tram","arr":["Тм1"],"off":[0,-0.8]}},{"type":"Feature","geometry":{"type":"Point","coordinates":[30.407933,50.407794]},"properties":{"line":"Тм1","mode":"tram","color":"#d6212b","colorDark":"#7c1116","band":3,"off":[0,1.1],"lbl":"1"}},{"type":"Feature","geometry":{"type":"Point","coordinates":[30.374223,50.426503]},"properties":{"name":"ст. Жуля Верна","band":3,"modes":"tram","arr":["Тм2","Тм3"],"off":[0,-0.8]}},{"type":"Feature","geometry":{"type":"Point","coordinates":[30.374223,50.426503]},"properties":{"line":"Тм2","mode":"tram","color":"#d6212b","colorDark":"#7c1116","band":3,"off":[-1.7,1.1],"lbl":"2"}},{"type":"Feature","geometry":{"type":"Point","coordinates":[30.374223,50.426503]},"properties":{"line":"Тм3","mode":"tram","color":"#d6212b","colorDark":"#7c1116","band":3,"off":[1.7,1.1],"lbl":"3"}},{"type":"Feature","geometry":{"type":"Point","coordinates":[30.410768,50.412153]},"properties":{"name":"Корольова","band":3,"modes":"tram","arr":["Тм2"],"off":[0,-0.8]}},{"type":"Feature","geometry":{"type":"Point","coordinates":[30.410768,50.412153]},"properties":{"line":"Тм2","mode":"tram","color":"#d6212b","colorDark":"#7c1116","band":3,"off":[0,1.1],"lbl":"2"}},{"type":"Feature","geometry":{"type":"Point","coordinates":[30.642751,50.463407]},"properties":{"name":"ст.м. Лісова","band":3,"modes":"tram","arr":["Тм8","Тм22к","Тм23к","Тм29","Тм33к"],"off":[0,-0.8]}},{"type":"Feature","geometry":{"type":"Point","coordinates":[30.642751,50.463407]},"properties":{"line":"Тм8","mode":"tram","color":"#d6212b","colorDark":"#7c1116","band":3,"off":[-6.8,1.1],"lbl":"8"}},{"type":"Feature","geometry":{"type":"Point","coordinates":[30.642751,50.463407]},"properties":{"line":"Тм22к","mode":"tram","color":"#d6212b","colorDark":"#7c1116","band":3,"off":[-3.4,1.1],"lbl":"22к"}},{"type":"Feature","geometry":{"type":"Point","coordinates":[30.642751,50.463407]},"properties":{"line":"Тм23к","mode":"tram","color":"#d6212b","colorDark":"#7c1116","band":3,"off":[0,1.1],"lbl":"23к"}},{"type":"Feature","geometry":{"type":"Point","coordinates":[30.642751,50.463407]},"properties":{"line":"Тм29","mode":"tram","color":"#d6212b","colorDark":"#7c1116","band":3,"off":[3.4,1.1],"lbl":"29"}},{"type":"Feature","geometry":{"type":"Point","coordinates":[30.642751,50.463407]},"properties":{"line":"Тм33к","mode":"tram","color":"#d6212b","colorDark":"#7c1116","band":3,"off":[6.8,1.1],"lbl":"33к"}},{"type":"Feature","geometry":{"type":"Point","coordinates":[30.632847,50.401252]},"properties":{"name":"ст.м. Позняки","band":3,"modes":"tram","arr":["Тм8","Тм25"],"off":[0,-0.8]}},{"type":"Feature","geometry":{"type":"Point","coordinates":[30.632847,50.401252]},"properties":{"line":"Тм8","mode":"tram","color":"#d6212b","colorDark":"#7c1116","band":3,"off":[-1.7,1.1],"lbl":"8"}},{"type":"Feature","geometry":{"type":"Point","coordinates":[30.632847,50.401252]},"properties":{"line":"Тм25","mode":"tram","color":"#d6212b","colorDark":"#7c1116","band":3,"off":[1.7,1.1],"lbl":"25"}},{"type":"Feature","geometry":{"type":"Point","coordinates":[30.504323,50.499029]},"properties":{"name":"вул. Йорданська","band":3,"modes":"tram","arr":["Тм11","Тм17"],"off":[0,-0.8]}},{"type":"Feature","geometry":{"type":"Point","coordinates":[30.504323,50.499029]},"properties":{"line":"Тм11","mode":"tram","color":"#d6212b","colorDark":"#7c1116","band":3,"off":[-1.7,1.1],"lbl":"11"}},{"type":"Feature","geometry":{"type":"Point","coordinates":[30.504323,50.499029]},"properties":{"line":"Тм17","mode":"tram","color":"#d6212b","colorDark":"#7c1116","band":3,"off":[1.7,1.1],"lbl":"17"}},{"type":"Feature","geometry":{"type":"Point","coordinates":[30.335335,50.552519]},"properties":{"name":"Пуща-Водиця","band":3,"modes":"tram","arr":["Тм12","Тм17"],"off":[0,-0.8]}},{"type":"Feature","geometry":{"type":"Point","coordinates":[30.335335,50.552519]},"properties":{"line":"Тм12","mode":"tram","color":"#d6212b","colorDark":"#7c1116","band":3,"off":[-1.7,1.1],"lbl":"12"}},{"type":"Feature","geometry":{"type":"Point","coordinates":[30.335335,50.552519]},"properties":{"line":"Тм17","mode":"tram","color":"#d6212b","colorDark":"#7c1116","band":3,"off":[1.7,1.1],"lbl":"17"}},{"type":"Feature","geometry":{"type":"Point","coordinates":[30.425111,50.420634]},"properties":{"name":"Проспект Відрадний","band":3,"modes":"tram","arr":["Тм14","Тм15"],"off":[0,-0.8]}},{"type":"Feature","geometry":{"type":"Point","coordinates":[30.425111,50.420634]},"properties":{"line":"Тм14","mode":"tram","color":"#d6212b","colorDark":"#7c1116","band":3,"off":[-1.7,1.1],"lbl":"14"}},{"type":"Feature","geometry":{"type":"Point","coordinates":[30.425111,50.420634]},"properties":{"line":"Тм15","mode":"tram","color":"#d6212b","colorDark":"#7c1116","band":3,"off":[1.7,1.1],"lbl":"15"}},{"type":"Feature","geometry":{"type":"Point","coordinates":[30.495539,50.522823]},"properties":{"name":"ст.м.Героїв Дніпра","band":3,"modes":"tram","arr":["Тм16"],"off":[0,-0.8]}},{"type":"Feature","geometry":{"type":"Point","coordinates":[30.495539,50.522823]},"properties":{"line":"Тм16","mode":"tram","color":"#d6212b","colorDark":"#7c1116","band":3,"off":[0,1.1],"lbl":"16"}},{"type":"Feature","geometry":{"type":"Point","coordinates":[30.45098,50.520618]},"properties":{"name":"пл.Шевченка","band":3,"modes":"tram","arr":["Тм19"],"off":[0,-0.8]}},{"type":"Feature","geometry":{"type":"Point","coordinates":[30.45098,50.520618]},"properties":{"line":"Тм19","mode":"tram","color":"#d6212b","colorDark":"#7c1116","band":3,"off":[0,1.1],"lbl":"19"}},{"type":"Feature","geometry":{"type":"Point","coordinates":[30.688661,50.424955]},"properties":{"name":"ЗЗБК","band":3,"modes":"tram","arr":["Тм22к","Тм25"],"off":[0,-0.8]}},{"type":"Feature","geometry":{"type":"Point","coordinates":[30.688661,50.424955]},"properties":{"line":"Тм22к","mode":"tram","color":"#d6212b","colorDark":"#7c1116","band":3,"off":[-1.7,1.1],"lbl":"22к"}},{"type":"Feature","geometry":{"type":"Point","coordinates":[30.688661,50.424955]},"properties":{"line":"Тм25","mode":"tram","color":"#d6212b","colorDark":"#7c1116","band":3,"off":[1.7,1.1],"lbl":"25"}},{"type":"Feature","geometry":{"type":"Point","coordinates":[30.67631,50.448529]},"properties":{"name":"ДВРЗ","band":3,"modes":"tram","arr":["Тм23к","Тм33к"],"off":[0,-0.8]}},{"type":"Feature","geometry":{"type":"Point","coordinates":[30.67631,50.448529]},"properties":{"line":"Тм23к","mode":"tram","color":"#d6212b","colorDark":"#7c1116","band":3,"off":[-1.7,1.1],"lbl":"23к"}},{"type":"Feature","geometry":{"type":"Point","coordinates":[30.67631,50.448529]},"properties":{"line":"Тм33к","mode":"tram","color":"#d6212b","colorDark":"#7c1116","band":3,"off":[1.7,1.1],"lbl":"33к"}},{"type":"Feature","geometry":{"type":"Point","coordinates":[30.68469,50.404222]},"properties":{"name":"ст.м. Бориспільська","band":3,"modes":"tram","arr":["Тм29"],"off":[0,-0.8]}},{"type":"Feature","geometry":{"type":"Point","coordinates":[30.68469,50.404222]},"properties":{"line":"Тм29","mode":"tram","color":"#d6212b","colorDark":"#7c1116","band":3,"off":[0,1.1],"lbl":"29"}},{"type":"Feature","geometry":{"type":"Point","coordinates":[30.639101,50.461856]},"properties":{"name":"ст.м. Лісова","band":3,"modes":"tram","arr":["Тм33к"],"off":[0,-0.8]}},{"type":"Feature","geometry":{"type":"Point","coordinates":[30.639101,50.461856]},"properties":{"line":"Тм33к","mode":"tram","color":"#d6212b","colorDark":"#7c1116","band":3,"off":[0,1.1],"lbl":"33к"}},{"type":"Feature","geometry":{"type":"Point","coordinates":[30.474667,50.449522]},"properties":{"name":"вул. Шолуденка","band":4,"modes":"bus","arr":["2"],"off":[0,-0.8]}},{"type":"Feature","geometry":{"type":"Point","coordinates":[30.474667,50.449522]},"properties":{"line":"2","mode":"bus","color":"#0059a9","colorDark":"#00294f","band":4,"off":[0,1.1]}},{"type":"Feature","geometry":{"type":"Point","coordinates":[30.408817,50.412916]},"properties":{"name":"вул. Кікабідзе","band":4,"modes":"bus","arr":["2","9"],"off":[0,-0.8]}},{"type":"Feature","geometry":{"type":"Point","coordinates":[30.408817,50.412916]},"properties":{"line":"2","mode":"bus","color":"#0059a9","colorDark":"#00294f","band":4,"off":[-1.7,1.1]}},{"type":"Feature","geometry":{"type":"Point","coordinates":[30.408817,50.412916]},"properties":{"line":"9","mode":"bus","color":"#0059a9","colorDark":"#00294f","band":4,"off":[1.7,1.1]}},{"type":"Feature","geometry":{"type":"Point","coordinates":[30.573846,50.483864]},"properties":{"name":"ст Райдужний","band":4,"modes":"bus","arr":["4т","5т","70Д"],"off":[0,-0.8]}},{"type":"Feature","geometry":{"type":"Point","coordinates":[30.573846,50.483864]},"properties":{"line":"4т","mode":"bus","color":"#0059a9","colorDark":"#00294f","band":4,"off":[-3.4,1.1]}},{"type":"Feature","geometry":{"type":"Point","coordinates":[30.573846,50.483864]},"properties":{"line":"5т","mode":"bus","color":"#0059a9","colorDark":"#00294f","band":4,"off":[0,1.1]}},{"type":"Feature","geometry":{"type":"Point","coordinates":[30.573846,50.483864]},"properties":{"line":"70Д","mode":"bus","color":"#0059a9","colorDark":"#00294f","band":4,"off":[3.4,1.1]}},{"type":"Feature","geometry":{"type":"Point","coordinates":[30.610545,50.532738]},"properties":{"name":"Милослав.(21)","band":4,"modes":"bus","arr":["4т","21"],"off":[0,-0.8]}},{"type":"Feature","geometry":{"type":"Point","coordinates":[30.610545,50.532738]},"properties":{"line":"4т","mode":"bus","color":"#0059a9","colorDark":"#00294f","band":4,"off":[-1.7,1.1]}},{"type":"Feature","geometry":{"type":"Point","coordinates":[30.610545,50.532738]},"properties":{"line":"21","mode":"bus","color":"#0059a9","colorDark":"#00294f","band":4,"off":[1.7,1.1]}},{"type":"Feature","geometry":{"type":"Point","coordinates":[30.490719,50.440606]},"properties":{"name":"Залізничний вокзал","band":4,"modes":"bus","arr":["5","7","24","50","114"],"off":[0,-0.8]}},{"type":"Feature","geometry":{"type":"Point","coordinates":[30.490719,50.440606]},"properties":{"line":"5","mode":"bus","color":"#0059a9","colorDark":"#00294f","band":4,"off":[-6.8,1.1]}},{"type":"Feature","geometry":{"type":"Point","coordinates":[30.490719,50.440606]},"properties":{"line":"7","mode":"bus","color":"#0059a9","colorDark":"#00294f","band":4,"off":[-3.4,1.1]}},{"type":"Feature","geometry":{"type":"Point","coordinates":[30.490719,50.440606]},"properties":{"line":"24","mode":"bus","color":"#0059a9","colorDark":"#00294f","band":4,"off":[0,1.1]}},{"type":"Feature","geometry":{"type":"Point","coordinates":[30.490719,50.440606]},"properties":{"line":"50","mode":"bus","color":"#0059a9","colorDark":"#00294f","band":4,"off":[3.4,1.1]}},{"type":"Feature","geometry":{"type":"Point","coordinates":[30.490719,50.440606]},"properties":{"line":"114","mode":"bus","color":"#0059a9","colorDark":"#00294f","band":4,"off":[6.8,1.1]}},{"type":"Feature","geometry":{"type":"Point","coordinates":[30.519167,50.409045]},"properties":{"name":"вул. Ізюмська","band":4,"modes":"bus","arr":["5","12","19"],"off":[0,-0.8]}},{"type":"Feature","geometry":{"type":"Point","coordinates":[30.519167,50.409045]},"properties":{"line":"5","mode":"bus","color":"#0059a9","colorDark":"#00294f","band":4,"off":[-3.4,1.1]}},{"type":"Feature","geometry":{"type":"Point","coordinates":[30.519167,50.409045]},"properties":{"line":"12","mode":"bus","color":"#0059a9","colorDark":"#00294f","band":4,"off":[0,1.1]}},{"type":"Feature","geometry":{"type":"Point","coordinates":[30.519167,50.409045]},"properties":{"line":"19","mode":"bus","color":"#0059a9","colorDark":"#00294f","band":4,"off":[3.4,1.1]}},{"type":"Feature","geometry":{"type":"Point","coordinates":[30.620821,50.509711]},"properties":{"name":"вул. С. Лифаря","band":4,"modes":"bus","arr":["5т"],"off":[0,-0.8]}},{"type":"Feature","geometry":{"type":"Point","coordinates":[30.620821,50.509711]},"properties":{"line":"5т","mode":"bus","color":"#0059a9","colorDark":"#00294f","band":4,"off":[0,1.1]}},{"type":"Feature","geometry":{"type":"Point","coordinates":[30.599174,50.531113]},"properties":{"name":"вул. Милославська (73)","band":4,"modes":"bus","arr":["6","28т","44","73","98","110","Тб31Д","Тб37"],"off":[0,-0.8]}},{"type":"Feature","geometry":{"type":"Point","coordinates":[30.599174,50.531113]},"properties":{"name":"вул. Милославська (37)","band":4,"modes":"bus","arr":["6","28т","44","73","98","110","Тб31Д","Тб37"],"off":[0,-3]}},{"type":"Feature","geometry":{"type":"Point","coordinates":[30.599174,50.531113]},"properties":{"line":"6","mode":"bus","color":"#0059a9","colorDark":"#00294f","band":4,"off":[-6.8,1.1]}},{"type":"Feature","geometry":{"type":"Point","coordinates":[30.599174,50.531113]},"properties":{"line":"28т","mode":"bus","color":"#0059a9","colorDark":"#00294f","band":4,"off":[-3.4,1.1]}},{"type":"Feature","geometry":{"type":"Point","coordinates":[30.599174,50.531113]},"properties":{"line":"44","mode":"bus","color":"#0059a9","colorDark":"#00294f","band":4,"off":[0,1.1]}},{"type":"Feature","geometry":{"type":"Point","coordinates":[30.599174,50.531113]},"properties":{"line":"73","mode":"bus","color":"#0059a9","colorDark":"#00294f","band":4,"off":[3.4,1.1]}},{"type":"Feature","geometry":{"type":"Point","coordinates":[30.599174,50.531113]},"properties":{"line":"98","mode":"bus","color":"#0059a9","colorDark":"#00294f","band":4,"off":[6.8,1.1]}},{"type":"Feature","geometry":{"type":"Point","coordinates":[30.599174,50.531113]},"properties":{"line":"110","mode":"bus","color":"#0059a9","colorDark":"#00294f","band":4,"off":[-3.4,3.1]}},{"type":"Feature","geometry":{"type":"Point","coordinates":[30.599174,50.531113]},"properties":{"line":"Тб31Д","mode":"bus","color":"#149a3f","colorDark":"#0a5121","band":4,"off":[0,3.1],"lbl":"31Д"}},{"type":"Feature","geometry":{"type":"Point","coordinates":[30.599174,50.531113]},"properties":{"line":"Тб37","mode":"bus","color":"#149a3f","colorDark":"#0a5121","band":4,"off":[3.4,3.1],"lbl":"37"}},{"type":"Feature","geometry":{"type":"Point","coordinates":[30.626076,50.444045]},"properties":{"name":"пл. Дарницька","band":4,"modes":"bus","arr":["6","111"],"off":[0,-0.8]}},{"type":"Feature","geometry":{"type":"Point","coordinates":[30.626076,50.444045]},"properties":{"line":"6","mode":"bus","color":"#0059a9","colorDark":"#00294f","band":4,"off":[-1.7,1.1]}},{"type":"Feature","geometry":{"type":"Point","coordinates":[30.626076,50.444045]},"properties":{"line":"111","mode":"bus","color":"#0059a9","colorDark":"#00294f","band":4,"off":[1.7,1.1]}},{"type":"Feature","geometry":{"type":"Point","coordinates":[30.505195,50.454063]},"properties":{"name":"Львівська площа","band":4,"modes":"bus","arr":["7"],"off":[0,-0.8]}},{"type":"Feature","geometry":{"type":"Point","coordinates":[30.505195,50.454063]},"properties":{"line":"7","mode":"bus","color":"#0059a9","colorDark":"#00294f","band":4,"off":[0,1.1]}},{"type":"Feature","geometry":{"type":"Point","coordinates":[30.480231,50.461674]},"properties":{"name":"ст.м. \"Лук’янівська\"","band":4,"modes":"bus","arr":["9"],"off":[0,-0.8]}},{"type":"Feature","geometry":{"type":"Point","coordinates":[30.480231,50.461674]},"properties":{"line":"9","mode":"bus","color":"#0059a9","colorDark":"#00294f","band":4,"off":[0,1.1]}},{"type":"Feature","geometry":{"type":"Point","coordinates":[30.715853,50.46722]},"properties":{"name":"с. Рибне","band":4,"modes":"bus","arr":["10"],"off":[0,-0.8]}},{"type":"Feature","geometry":{"type":"Point","coordinates":[30.715853,50.46722]},"properties":{"line":"10","mode":"bus","color":"#0059a9","colorDark":"#00294f","band":4,"off":[0,1.1]}},{"type":"Feature","geometry":{"type":"Point","coordinates":[30.648226,50.466157]},"properties":{"name":"ст.м. \"Лісова\"","band":4,"modes":"bus","arr":["10","11","11д","28т","35т","79","81"],"off":[0,-0.8]}},{"type":"Feature","geometry":{"type":"Point","coordinates":[30.648226,50.466157]},"properties":{"line":"10","mode":"bus","color":"#0059a9","colorDark":"#00294f","band":4,"off":[-6.8,1.1]}},{"type":"Feature","geometry":{"type":"Point","coordinates":[30.648226,50.466157]},"properties":{"line":"11","mode":"bus","color":"#0059a9","colorDark":"#00294f","band":4,"off":[-3.4,1.1]}},{"type":"Feature","geometry":{"type":"Point","coordinates":[30.648226,50.466157]},"properties":{"line":"11д","mode":"bus","color":"#0059a9","colorDark":"#00294f","band":4,"off":[0,1.1]}},{"type":"Feature","geometry":{"type":"Point","coordinates":[30.648226,50.466157]},"properties":{"line":"28т","mode":"bus","color":"#0059a9","colorDark":"#00294f","band":4,"off":[3.4,1.1]}},{"type":"Feature","geometry":{"type":"Point","coordinates":[30.648226,50.466157]},"properties":{"line":"35т","mode":"bus","color":"#0059a9","colorDark":"#00294f","band":4,"off":[6.8,1.1]}},{"type":"Feature","geometry":{"type":"Point","coordinates":[30.648226,50.466157]},"properties":{"line":"79","mode":"bus","color":"#0059a9","colorDark":"#00294f","band":4,"off":[-1.7,3.1]}},{"type":"Feature","geometry":{"type":"Point","coordinates":[30.648226,50.466157]},"properties":{"line":"81","mode":"bus","color":"#0059a9","colorDark":"#00294f","band":4,"off":[1.7,3.1]}},{"type":"Feature","geometry":{"type":"Point","coordinates":[30.669276,50.485786]},"properties":{"name":"Радіоцентр","band":4,"modes":"bus","arr":["11"],"off":[0,-0.8]}},{"type":"Feature","geometry":{"type":"Point","coordinates":[30.669276,50.485786]},"properties":{"line":"11","mode":"bus","color":"#0059a9","colorDark":"#00294f","band":4,"off":[0,1.1]}},{"type":"Feature","geometry":{"type":"Point","coordinates":[30.679463,50.487455]},"properties":{"name":"Дачне містечко","band":4,"modes":"bus","arr":["11д"],"off":[0,-0.8]}},{"type":"Feature","geometry":{"type":"Point","coordinates":[30.679463,50.487455]},"properties":{"line":"11д","mode":"bus","color":"#0059a9","colorDark":"#00294f","band":4,"off":[0,1.1]}},{"type":"Feature","geometry":{"type":"Point","coordinates":[30.486576,50.438397]},"properties":{"name":"Півднний вокз","band":4,"modes":"bus","arr":["12"],"off":[0,-0.8]}},{"type":"Feature","geometry":{"type":"Point","coordinates":[30.486576,50.438397]},"properties":{"line":"12","mode":"bus","color":"#0059a9","colorDark":"#00294f","band":4,"off":[0,1.1]}},{"type":"Feature","geometry":{"type":"Point","coordinates":[30.364889,50.499857]},"properties":{"name":"Лісорозсадник","band":4,"modes":"bus","arr":["14"],"off":[0,-0.8]}},{"type":"Feature","geometry":{"type":"Point","coordinates":[30.364889,50.499857]},"properties":{"line":"14","mode":"bus","color":"#0059a9","colorDark":"#00294f","band":4,"off":[0,1.1]}},{"type":"Feature","geometry":{"type":"Point","coordinates":[30.405859,50.459632]},"properties":{"name":"ст.м. Нивки","band":4,"modes":"bus","arr":["14","32","47","Тб26"],"off":[0,-0.8]}},{"type":"Feature","geometry":{"type":"Point","coordinates":[30.405859,50.459632]},"properties":{"name":"ст.м. \"Нивки\"","band":4,"modes":"bus","arr":["14","32","47","Тб26"],"off":[0,-1.9]}},{"type":"Feature","geometry":{"type":"Point","coordinates":[30.405859,50.459632]},"properties":{"line":"14","mode":"bus","color":"#0059a9","colorDark":"#00294f","band":4,"off":[-5.1,1.1]}},{"type":"Feature","geometry":{"type":"Point","coordinates":[30.405859,50.459632]},"properties":{"line":"32","mode":"bus","color":"#0059a9","colorDark":"#00294f","band":4,"off":[-1.7,1.1]}},{"type":"Feature","geometry":{"type":"Point","coordinates":[30.405859,50.459632]},"properties":{"line":"47","mode":"bus","color":"#0059a9","colorDark":"#00294f","band":4,"off":[1.7,1.1]}},{"type":"Feature","geometry":{"type":"Point","coordinates":[30.405859,50.459632]},"properties":{"line":"Тб26","mode":"bus","color":"#149a3f","colorDark":"#0a5121","band":4,"off":[5.1,1.1],"lbl":"26"}},{"type":"Feature","geometry":{"type":"Point","coordinates":[30.634314,50.419607]},"properties":{"name":"вул. Драгоманова","band":4,"modes":"bus","arr":["17"],"off":[0,-0.8]}},{"type":"Feature","geometry":{"type":"Point","coordinates":[30.634314,50.419607]},"properties":{"line":"17","mode":"bus","color":"#0059a9","colorDark":"#00294f","band":4,"off":[0,1.1]}},{"type":"Feature","geometry":{"type":"Point","coordinates":[30.65132,50.400931]},"properties":{"name":"ст.м. \"Харківська\"(18)","band":4,"modes":"bus","arr":["17","18"],"off":[0,-0.8]}},{"type":"Feature","geometry":{"type":"Point","coordinates":[30.65132,50.400931]},"properties":{"line":"17","mode":"bus","color":"#0059a9","colorDark":"#00294f","band":4,"off":[-1.7,1.1]}},{"type":"Feature","geometry":{"type":"Point","coordinates":[30.65132,50.400931]},"properties":{"line":"18","mode":"bus","color":"#0059a9","colorDark":"#00294f","band":4,"off":[1.7,1.1]}},{"type":"Feature","geometry":{"type":"Point","coordinates":[30.643797,50.422905]},"properties":{"name":"Харківське шосе(18)","band":4,"modes":"bus","arr":["18"],"off":[0,-0.8]}},{"type":"Feature","geometry":{"type":"Point","coordinates":[30.643797,50.422905]},"properties":{"line":"18","mode":"bus","color":"#0059a9","colorDark":"#00294f","band":4,"off":[0,1.1]}},{"type":"Feature","geometry":{"type":"Point","coordinates":[30.488165,50.393298]},"properties":{"name":"ст.м. Васильківська","band":4,"modes":"bus","arr":["19","78","120","Тб12","Тб45"],"off":[0,-0.8]}},{"type":"Feature","geometry":{"type":"Point","coordinates":[30.488165,50.393298]},"properties":{"name":"ст.м. \"Васильківська\"","band":4,"modes":"bus","arr":["19","78","120","Тб12","Тб45"],"off":[0,-3]}},{"type":"Feature","geometry":{"type":"Point","coordinates":[30.488165,50.393298]},"properties":{"line":"19","mode":"bus","color":"#0059a9","colorDark":"#00294f","band":4,"off":[-6.8,1.1]}},{"type":"Feature","geometry":{"type":"Point","coordinates":[30.488165,50.393298]},"properties":{"line":"78","mode":"bus","color":"#0059a9","colorDark":"#00294f","band":4,"off":[-3.4,1.1]}},{"type":"Feature","geometry":{"type":"Point","coordinates":[30.488165,50.393298]},"properties":{"line":"120","mode":"bus","color":"#0059a9","colorDark":"#00294f","band":4,"off":[0,1.1]}},{"type":"Feature","geometry":{"type":"Point","coordinates":[30.488165,50.393298]},"properties":{"line":"Тб12","mode":"bus","color":"#149a3f","colorDark":"#0a5121","band":4,"off":[3.4,1.1],"lbl":"12"}},{"type":"Feature","geometry":{"type":"Point","coordinates":[30.488165,50.393298]},"properties":{"line":"Тб45","mode":"bus","color":"#149a3f","colorDark":"#0a5121","band":4,"off":[6.8,1.1],"lbl":"45"}},{"type":"Feature","geometry":{"type":"Point","coordinates":[30.556379,50.362288]},"properties":{"name":"ж/м Корчувате","band":4,"modes":"bus","arr":["20"],"off":[0,-0.8]}},{"type":"Feature","geometry":{"type":"Point","coordinates":[30.556379,50.362288]},"properties":{"line":"20","mode":"bus","color":"#0059a9","colorDark":"#00294f","band":4,"off":[0,1.1]}},{"type":"Feature","geometry":{"type":"Point","coordinates":[30.515926,50.439133]},"properties":{"name":"ст. м. Площа Укр. Героїв","band":4,"modes":"bus","arr":["20","110","111"],"off":[0,-0.8]}},{"type":"Feature","geometry":{"type":"Point","coordinates":[30.515926,50.439133]},"properties":{"line":"20","mode":"bus","color":"#0059a9","colorDark":"#00294f","band":4,"off":[-3.4,1.1]}},{"type":"Feature","geometry":{"type":"Point","coordinates":[30.515926,50.439133]},"properties":{"line":"110","mode":"bus","color":"#0059a9","colorDark":"#00294f","band":4,"off":[0,1.1]}},{"type":"Feature","geometry":{"type":"Point","coordinates":[30.515926,50.439133]},"properties":{"line":"111","mode":"bus","color":"#0059a9","colorDark":"#00294f","band":4,"off":[3.4,1.1]}},{"type":"Feature","geometry":{"type":"Point","coordinates":[30.497664,50.486721]},"properties":{"name":"ст.м. \"Почайна\"(101)","band":4,"modes":"bus","arr":["21","101"],"off":[0,-0.8]}},{"type":"Feature","geometry":{"type":"Point","coordinates":[30.497664,50.486721]},"properties":{"line":"21","mode":"bus","color":"#0059a9","colorDark":"#00294f","band":4,"off":[-1.7,1.1]}},{"type":"Feature","geometry":{"type":"Point","coordinates":[30.497664,50.486721]},"properties":{"line":"101","mode":"bus","color":"#0059a9","colorDark":"#00294f","band":4,"off":[1.7,1.1]}},{"type":"Feature","geometry":{"type":"Point","coordinates":[30.460648,50.407797]},"properties":{"name":"Музей авіаціі","band":4,"modes":"bus","arr":["22"],"off":[0,-0.8]}},{"type":"Feature","geometry":{"type":"Point","coordinates":[30.460648,50.407797]},"properties":{"line":"22","mode":"bus","color":"#0059a9","colorDark":"#00294f","band":4,"off":[0,1.1]}},{"type":"Feature","geometry":{"type":"Point","coordinates":[30.646121,50.412688]},"properties":{"name":"вул. Тростянец.(18 )","band":4,"modes":"bus","arr":["22","105"],"off":[0,-0.8]}},{"type":"Feature","geometry":{"type":"Point","coordinates":[30.646121,50.412688]},"properties":{"line":"22","mode":"bus","color":"#0059a9","colorDark":"#00294f","band":4,"off":[-1.7,1.1]}},{"type":"Feature","geometry":{"type":"Point","coordinates":[30.646121,50.412688]},"properties":{"line":"105","mode":"bus","color":"#0059a9","colorDark":"#00294f","band":4,"off":[1.7,1.1]}},{"type":"Feature","geometry":{"type":"Point","coordinates":[30.647727,50.414266]},"properties":{"name":"вул. Тростянец.(18 )","band":4,"modes":"bus","arr":["22"],"off":[0,-0.8]}},{"type":"Feature","geometry":{"type":"Point","coordinates":[30.647727,50.414266]},"properties":{"line":"22","mode":"bus","color":"#0059a9","colorDark":"#00294f","band":4,"off":[0,1.1]}},{"type":"Feature","geometry":{"type":"Point","coordinates":[30.644581,50.464845]},"properties":{"name":"ст.м. \"Лісова\"","band":4,"modes":"bus","arr":["22тк","33","37Д","79","118д"],"off":[0,-0.8]}},{"type":"Feature","geometry":{"type":"Point","coordinates":[30.644581,50.464845]},"properties":{"line":"22тк","mode":"bus","color":"#0059a9","colorDark":"#00294f","band":4,"off":[-6.8,1.1]}},{"type":"Feature","geometry":{"type":"Point","coordinates":[30.644581,50.464845]},"properties":{"line":"33","mode":"bus","color":"#0059a9","colorDark":"#00294f","band":4,"off":[-3.4,1.1]}},{"type":"Feature","geometry":{"type":"Point","coordinates":[30.644581,50.464845]},"properties":{"line":"37Д","mode":"bus","color":"#0059a9","colorDark":"#00294f","band":4,"off":[0,1.1]}},{"type":"Feature","geometry":{"type":"Point","coordinates":[30.644581,50.464845]},"properties":{"line":"79","mode":"bus","color":"#0059a9","colorDark":"#00294f","band":4,"off":[3.4,1.1]}},{"type":"Feature","geometry":{"type":"Point","coordinates":[30.644581,50.464845]},"properties":{"line":"118д","mode":"bus","color":"#0059a9","colorDark":"#00294f","band":4,"off":[6.8,1.1]}},{"type":"Feature","geometry":{"type":"Point","coordinates":[30.593434,50.483591]},"properties":{"name":"Пр. Воскресен.","band":4,"modes":"bus","arr":["22тк"],"off":[0,-0.8]}},{"type":"Feature","geometry":{"type":"Point","coordinates":[30.593434,50.483591]},"properties":{"line":"22тк","mode":"bus","color":"#0059a9","colorDark":"#00294f","band":4,"off":[0,1.1]}},{"type":"Feature","geometry":{"type":"Point","coordinates":[30.603408,50.484835]},"properties":{"name":"Пр. Воскресен.","band":4,"modes":"bus","arr":["22тк"],"off":[0,-0.8]}},{"type":"Feature","geometry":{"type":"Point","coordinates":[30.603408,50.484835]},"properties":{"line":"22тк","mode":"bus","color":"#0059a9","colorDark":"#00294f","band":4,"off":[0,1.1]}},{"type":"Feature","geometry":{"type":"Point","coordinates":[30.4042,50.471937]},"properties":{"name":"Ринок","band":4,"modes":"bus","arr":["23"],"off":[0,-0.8]}},{"type":"Feature","geometry":{"type":"Point","coordinates":[30.4042,50.471937]},"properties":{"line":"23","mode":"bus","color":"#0059a9","colorDark":"#00294f","band":4,"off":[0,1.1]}},{"type":"Feature","geometry":{"type":"Point","coordinates":[30.408074,50.407148]},"properties":{"name":"вул. Симиренка","band":4,"modes":"bus","arr":["23"],"off":[0,-0.8]}},{"type":"Feature","geometry":{"type":"Point","coordinates":[30.408074,50.407148]},"properties":{"line":"23","mode":"bus","color":"#0059a9","colorDark":"#00294f","band":4,"off":[0,1.1]}},{"type":"Feature","geometry":{"type":"Point","coordinates":[30.555262,50.433013]},"properties":{"name":"Музей історії ВВв","band":4,"modes":"bus","arr":["24","25"],"off":[0,-0.8]}},{"type":"Feature","geometry":{"type":"Point","coordinates":[30.555262,50.433013]},"properties":{"line":"24","mode":"bus","color":"#0059a9","colorDark":"#00294f","band":4,"off":[-1.7,1.1]}},{"type":"Feature","geometry":{"type":"Point","coordinates":[30.555262,50.433013]},"properties":{"line":"25","mode":"bus","color":"#0059a9","colorDark":"#00294f","band":4,"off":[1.7,1.1]}},{"type":"Feature","geometry":{"type":"Point","coordinates":[30.429703,50.413606]},"properties":{"name":"з.ст. Київ-Волинський(2)","band":4,"modes":"bus","arr":["25"],"off":[0,-0.8]}},{"type":"Feature","geometry":{"type":"Point","coordinates":[30.429703,50.413606]},"properties":{"line":"25","mode":"bus","color":"#0059a9","colorDark":"#00294f","band":4,"off":[0,1.1]}},{"type":"Feature","geometry":{"type":"Point","coordinates":[30.5354,50.346556]},"properties":{"name":"селище Пирогів","band":4,"modes":"bus","arr":["27"],"off":[0,-0.8]}},{"type":"Feature","geometry":{"type":"Point","coordinates":[30.5354,50.346556]},"properties":{"line":"27","mode":"bus","color":"#0059a9","colorDark":"#00294f","band":4,"off":[0,1.1]}},{"type":"Feature","geometry":{"type":"Point","coordinates":[30.524847,50.412973]},"properties":{"name":"ст.м. \"Либідська\"","band":4,"modes":"bus","arr":["27","51","52"],"off":[0,-0.8]}},{"type":"Feature","geometry":{"type":"Point","coordinates":[30.524847,50.412973]},"properties":{"line":"27","mode":"bus","color":"#0059a9","colorDark":"#00294f","band":4,"off":[-3.4,1.1]}},{"type":"Feature","geometry":{"type":"Point","coordinates":[30.524847,50.412973]},"properties":{"line":"51","mode":"bus","color":"#0059a9","colorDark":"#00294f","band":4,"off":[0,1.1]}},{"type":"Feature","geometry":{"type":"Point","coordinates":[30.524847,50.412973]},"properties":{"line":"52","mode":"bus","color":"#0059a9","colorDark":"#00294f","band":4,"off":[3.4,1.1]}},{"type":"Feature","geometry":{"type":"Point","coordinates":[30.516879,50.405002]},"properties":{"name":"ст.м. \"Деміївська\"","band":4,"modes":"bus","arr":["28","38"],"off":[0,-0.8]}},{"type":"Feature","geometry":{"type":"Point","coordinates":[30.516879,50.405002]},"properties":{"line":"28","mode":"bus","color":"#0059a9","colorDark":"#00294f","band":4,"off":[-1.7,1.1]}},{"type":"Feature","geometry":{"type":"Point","coordinates":[30.516879,50.405002]},"properties":{"line":"38","mode":"bus","color":"#0059a9","colorDark":"#00294f","band":4,"off":[1.7,1.1]}},{"type":"Feature","geometry":{"type":"Point","coordinates":[30.501343,50.402576]},"properties":{"name":"вул. Альпійська","band":4,"modes":"bus","arr":["28"],"off":[0,-0.8]}},{"type":"Feature","geometry":{"type":"Point","coordinates":[30.501343,50.402576]},"properties":{"line":"28","mode":"bus","color":"#0059a9","colorDark":"#00294f","band":4,"off":[0,1.1]}},{"type":"Feature","geometry":{"type":"Point","coordinates":[30.36137,50.547394]},"properties":{"name":"санаторій Лісова поляна","band":4,"modes":"bus","arr":["30"],"off":[0,-0.8]}},{"type":"Feature","geometry":{"type":"Point","coordinates":[30.36137,50.547394]},"properties":{"line":"30","mode":"bus","color":"#0059a9","colorDark":"#00294f","band":4,"off":[0,1.1]}},{"type":"Feature","geometry":{"type":"Point","coordinates":[30.34705,50.464415]},"properties":{"name":"вул. Єфремова","band":4,"modes":"bus","arr":["30"],"off":[0,-0.8]}},{"type":"Feature","geometry":{"type":"Point","coordinates":[30.34705,50.464415]},"properties":{"line":"30","mode":"bus","color":"#0059a9","colorDark":"#00294f","band":4,"off":[0,1.1]}},{"type":"Feature","geometry":{"type":"Point","coordinates":[30.467177,50.451728]},"properties":{"name":"ст.м. \"Політех інститут\"","band":4,"modes":"bus","arr":["31","118д"],"off":[0,-0.8]}},{"type":"Feature","geometry":{"type":"Point","coordinates":[30.467177,50.451728]},"properties":{"line":"31","mode":"bus","color":"#0059a9","colorDark":"#00294f","band":4,"off":[-1.7,1.1]}},{"type":"Feature","geometry":{"type":"Point","coordinates":[30.467177,50.451728]},"properties":{"line":"118д","mode":"bus","color":"#0059a9","colorDark":"#00294f","band":4,"off":[1.7,1.1]}},{"type":"Feature","geometry":{"type":"Point","coordinates":[30.485071,50.467951]},"properties":{"name":"вул. Татарська","band":4,"modes":"bus","arr":["31"],"off":[0,-0.8]}},{"type":"Feature","geometry":{"type":"Point","coordinates":[30.485071,50.467951]},"properties":{"line":"31","mode":"bus","color":"#0059a9","colorDark":"#00294f","band":4,"off":[0,1.1]}},{"type":"Feature","geometry":{"type":"Point","coordinates":[30.450839,50.522584]},"properties":{"name":"Литовський проспект","band":4,"modes":"bus","arr":["32","99"],"off":[0,-0.8]}},{"type":"Feature","geometry":{"type":"Point","coordinates":[30.450839,50.522584]},"properties":{"line":"32","mode":"bus","color":"#0059a9","colorDark":"#00294f","band":4,"off":[-1.7,1.1]}},{"type":"Feature","geometry":{"type":"Point","coordinates":[30.450839,50.522584]},"properties":{"line":"99","mode":"bus","color":"#0059a9","colorDark":"#00294f","band":4,"off":[1.7,1.1]}},{"type":"Feature","geometry":{"type":"Point","coordinates":[30.643341,50.485359]},"properties":{"name":"м-в Лісовий (33)","band":4,"modes":"bus","arr":["33"],"off":[0,-0.8]}},{"type":"Feature","geometry":{"type":"Point","coordinates":[30.643341,50.485359]},"properties":{"line":"33","mode":"bus","color":"#0059a9","colorDark":"#00294f","band":4,"off":[0,1.1]}},{"type":"Feature","geometry":{"type":"Point","coordinates":[30.630723,50.459088]},"properties":{"name":"ст.м. \"Чернигівська\"","band":4,"modes":"bus","arr":["33т"],"off":[0,-0.8]}},{"type":"Feature","geometry":{"type":"Point","coordinates":[30.630723,50.459088]},"properties":{"line":"33т","mode":"bus","color":"#0059a9","colorDark":"#00294f","band":4,"off":[0,1.1]}},{"type":"Feature","geometry":{"type":"Point","coordinates":[30.681362,50.452009]},"properties":{"name":"ДВРЗ","band":4,"modes":"bus","arr":["33т"],"off":[0,-0.8]}},{"type":"Feature","geometry":{"type":"Point","coordinates":[30.681362,50.452009]},"properties":{"line":"33т","mode":"bus","color":"#0059a9","colorDark":"#00294f","band":4,"off":[0,1.1]}},{"type":"Feature","geometry":{"type":"Point","coordinates":[30.61045,50.420388]},"properties":{"name":"вул. Бабіча","band":4,"modes":"bus","arr":["35"],"off":[0,-0.8]}},{"type":"Feature","geometry":{"type":"Point","coordinates":[30.61045,50.420388]},"properties":{"line":"35","mode":"bus","color":"#0059a9","colorDark":"#00294f","band":4,"off":[0,1.1]}},{"type":"Feature","geometry":{"type":"Point","coordinates":[30.593617,50.375608]},"properties":{"name":"вул. Підлипка","band":4,"modes":"bus","arr":["35","35к"],"off":[0,-0.8]}},{"type":"Feature","geometry":{"type":"Point","coordinates":[30.593617,50.375608]},"properties":{"line":"35","mode":"bus","color":"#0059a9","colorDark":"#00294f","band":4,"off":[-1.7,1.1]}},{"type":"Feature","geometry":{"type":"Point","coordinates":[30.593617,50.375608]},"properties":{"line":"35к","mode":"bus","color":"#0059a9","colorDark":"#00294f","band":4,"off":[1.7,1.1]}},{"type":"Feature","geometry":{"type":"Point","coordinates":[30.603642,50.393089]},"properties":{"name":"ст.м. \"Славутич\"","band":4,"modes":"bus","arr":["35к","74"],"off":[0,-0.8]}},{"type":"Feature","geometry":{"type":"Point","coordinates":[30.603642,50.393089]},"properties":{"line":"35к","mode":"bus","color":"#0059a9","colorDark":"#00294f","band":4,"off":[-1.7,1.1]}},{"type":"Feature","geometry":{"type":"Point","coordinates":[30.603642,50.393089]},"properties":{"line":"74","mode":"bus","color":"#0059a9","colorDark":"#00294f","band":4,"off":[1.7,1.1]}},{"type":"Feature","geometry":{"type":"Point","coordinates":[30.616187,50.511767]},"properties":{"name":"вул. С. Лифаря","band":4,"modes":"bus","arr":["35т"],"off":[0,-0.8]}},{"type":"Feature","geometry":{"type":"Point","coordinates":[30.616187,50.511767]},"properties":{"line":"35т","mode":"bus","color":"#0059a9","colorDark":"#00294f","band":4,"off":[0,1.1]}},{"type":"Feature","geometry":{"type":"Point","coordinates":[30.450336,50.473005]},"properties":{"name":"ст.м. \"Дорогожичі\"","band":4,"modes":"bus","arr":["36"],"off":[0,-0.8]}},{"type":"Feature","geometry":{"type":"Point","coordinates":[30.450336,50.473005]},"properties":{"line":"36","mode":"bus","color":"#0059a9","colorDark":"#00294f","band":4,"off":[0,1.1]}},{"type":"Feature","geometry":{"type":"Point","coordinates":[30.463647,50.491873]},"properties":{"name":"вул. Сирецька","band":4,"modes":"bus","arr":["36"],"off":[0,-0.8]}},{"type":"Feature","geometry":{"type":"Point","coordinates":[30.463647,50.491873]},"properties":{"line":"36","mode":"bus","color":"#0059a9","colorDark":"#00294f","band":4,"off":[0,1.1]}},{"type":"Feature","geometry":{"type":"Point","coordinates":[30.347263,50.459765]},"properties":{"name":"вул. Чорноб","band":4,"modes":"bus","arr":["36тр","97к","103"],"off":[0,-0.8]}},{"type":"Feature","geometry":{"type":"Point","coordinates":[30.347263,50.459765]},"properties":{"line":"36тр","mode":"bus","color":"#0059a9","colorDark":"#00294f","band":4,"off":[-3.4,1.1]}},{"type":"Feature","geometry":{"type":"Point","coordinates":[30.347263,50.459765]},"properties":{"line":"97к","mode":"bus","color":"#0059a9","colorDark":"#00294f","band":4,"off":[0,1.1]}},{"type":"Feature","geometry":{"type":"Point","coordinates":[30.347263,50.459765]},"properties":{"line":"103","mode":"bus","color":"#0059a9","colorDark":"#00294f","band":4,"off":[3.4,1.1]}},{"type":"Feature","geometry":{"type":"Point","coordinates":[30.516489,50.527492]},"properties":{"name":"вул. Північна","band":4,"modes":"bus","arr":["36тр","50","Тб24","Тб32","Тб34","Тб44"],"off":[0,-0.8]}},{"type":"Feature","geometry":{"type":"Point","coordinates":[30.516489,50.527492]},"properties":{"line":"36тр","mode":"bus","color":"#0059a9","colorDark":"#00294f","band":4,"off":[-6.8,1.1]}},{"type":"Feature","geometry":{"type":"Point","coordinates":[30.516489,50.527492]},"properties":{"line":"50","mode":"bus","color":"#0059a9","colorDark":"#00294f","band":4,"off":[-3.4,1.1]}},{"type":"Feature","geometry":{"type":"Point","coordinates":[30.516489,50.527492]},"properties":{"line":"Тб24","mode":"bus","color":"#149a3f","colorDark":"#0a5121","band":4,"off":[0,1.1],"lbl":"24"}},{"type":"Feature","geometry":{"type":"Point","coordinates":[30.516489,50.527492]},"properties":{"line":"Тб32","mode":"bus","color":"#149a3f","colorDark":"#0a5121","band":4,"off":[3.4,1.1],"lbl":"32"}},{"type":"Feature","geometry":{"type":"Point","coordinates":[30.516489,50.527492]},"properties":{"line":"Тб34","mode":"bus","color":"#149a3f","colorDark":"#0a5121","band":4,"off":[6.8,1.1],"lbl":"34"}},{"type":"Feature","geometry":{"type":"Point","coordinates":[30.516489,50.527492]},"properties":{"line":"Тб44","mode":"bus","color":"#149a3f","colorDark":"#0a5121","band":4,"off":[0,3.1],"lbl":"44"}},{"type":"Feature","geometry":{"type":"Point","coordinates":[30.283952,50.43153]},"properties":{"name":"ж/м Західний","band":4,"modes":"bus","arr":["37"],"off":[0,-0.8]}},{"type":"Feature","geometry":{"type":"Point","coordinates":[30.283952,50.43153]},"properties":{"line":"37","mode":"bus","color":"#0059a9","colorDark":"#00294f","band":4,"off":[0,1.1]}},{"type":"Feature","geometry":{"type":"Point","coordinates":[30.387677,50.456553]},"properties":{"name":"ст.м. \"Святошин\"","band":4,"modes":"bus","arr":["37","37а","97"],"off":[0,-0.8]}},{"type":"Feature","geometry":{"type":"Point","coordinates":[30.387677,50.456553]},"properties":{"line":"37","mode":"bus","color":"#0059a9","colorDark":"#00294f","band":4,"off":[-3.4,1.1]}},{"type":"Feature","geometry":{"type":"Point","coordinates":[30.387677,50.456553]},"properties":{"line":"37а","mode":"bus","color":"#0059a9","colorDark":"#00294f","band":4,"off":[0,1.1]}},{"type":"Feature","geometry":{"type":"Point","coordinates":[30.387677,50.456553]},"properties":{"line":"97","mode":"bus","color":"#0059a9","colorDark":"#00294f","band":4,"off":[3.4,1.1]}},{"type":"Feature","geometry":{"type":"Point","coordinates":[30.306666,50.435753]},"properties":{"name":"с/к Чайка","band":4,"modes":"bus","arr":["37а"],"off":[0,-0.8]}},{"type":"Feature","geometry":{"type":"Point","coordinates":[30.306666,50.435753]},"properties":{"line":"37а","mode":"bus","color":"#0059a9","colorDark":"#00294f","band":4,"off":[0,1.1]}},{"type":"Feature","geometry":{"type":"Point","coordinates":[30.626437,50.522653]},"properties":{"name":"Поліклініка (Закр)","band":4,"modes":"bus","arr":["37Д"],"off":[0,-0.8]}},{"type":"Feature","geometry":{"type":"Point","coordinates":[30.626437,50.522653]},"properties":{"line":"37Д","mode":"bus","color":"#0059a9","colorDark":"#00294f","band":4,"off":[0,1.1]}},{"type":"Feature","geometry":{"type":"Point","coordinates":[30.620167,50.522867]},"properties":{"name":"Поліклініка (Закр)","band":4,"modes":"bus","arr":["37Д"],"off":[0,-0.8]}},{"type":"Feature","geometry":{"type":"Point","coordinates":[30.620167,50.522867]},"properties":{"line":"37Д","mode":"bus","color":"#0059a9","colorDark":"#00294f","band":4,"off":[0,1.1]}},{"type":"Feature","geometry":{"type":"Point","coordinates":[30.476646,50.340804]},"properties":{"name":"вул. Метрологічна","band":4,"modes":"bus","arr":["38"],"off":[0,-0.8]}},{"type":"Feature","geometry":{"type":"Point","coordinates":[30.476646,50.340804]},"properties":{"line":"38","mode":"bus","color":"#0059a9","colorDark":"#00294f","band":4,"off":[0,1.1]}},{"type":"Feature","geometry":{"type":"Point","coordinates":[30.511168,50.398496]},"properties":{"name":"ст.м. \"Голосіївська\"","band":4,"modes":"bus","arr":["39","91"],"off":[0,-0.8]}},{"type":"Feature","geometry":{"type":"Point","coordinates":[30.511168,50.398496]},"properties":{"line":"39","mode":"bus","color":"#0059a9","colorDark":"#00294f","band":4,"off":[-1.7,1.1]}},{"type":"Feature","geometry":{"type":"Point","coordinates":[30.511168,50.398496]},"properties":{"line":"91","mode":"bus","color":"#0059a9","colorDark":"#00294f","band":4,"off":[1.7,1.1]}},{"type":"Feature","geometry":{"type":"Point","coordinates":[30.545982,50.390139]},"properties":{"name":"пров. Лисогірський","band":4,"modes":"bus","arr":["39"],"off":[0,-0.8]}},{"type":"Feature","geometry":{"type":"Point","coordinates":[30.545982,50.390139]},"properties":{"line":"39","mode":"bus","color":"#0059a9","colorDark":"#00294f","band":4,"off":[0,1.1]}},{"type":"Feature","geometry":{"type":"Point","coordinates":[30.462876,50.566789]},"properties":{"name":"с. ДВС","band":4,"modes":"bus","arr":["40","41"],"off":[0,-0.8]}},{"type":"Feature","geometry":{"type":"Point","coordinates":[30.462876,50.566789]},"properties":{"line":"40","mode":"bus","color":"#0059a9","colorDark":"#00294f","band":4,"off":[-1.7,1.1]}},{"type":"Feature","geometry":{"type":"Point","coordinates":[30.462876,50.566789]},"properties":{"line":"41","mode":"bus","color":"#0059a9","colorDark":"#00294f","band":4,"off":[1.7,1.1]}},{"type":"Feature","geometry":{"type":"Point","coordinates":[30.499334,50.523256]},"properties":{"name":"ст.м. \"Героїв Дніпра\"","band":4,"modes":"bus","arr":["40","41","73"],"off":[0,-0.8]}},{"type":"Feature","geometry":{"type":"Point","coordinates":[30.499334,50.523256]},"properties":{"line":"40","mode":"bus","color":"#0059a9","colorDark":"#00294f","band":4,"off":[-3.4,1.1]}},{"type":"Feature","geometry":{"type":"Point","coordinates":[30.499334,50.523256]},"properties":{"line":"41","mode":"bus","color":"#0059a9","colorDark":"#00294f","band":4,"off":[0,1.1]}},{"type":"Feature","geometry":{"type":"Point","coordinates":[30.499334,50.523256]},"properties":{"line":"73","mode":"bus","color":"#0059a9","colorDark":"#00294f","band":4,"off":[3.4,1.1]}},{"type":"Feature","geometry":{"type":"Point","coordinates":[30.626145,50.386486]},"properties":{"name":"вул. Чавдар","band":4,"modes":"bus","arr":["42"],"off":[0,-0.8]}},{"type":"Feature","geometry":{"type":"Point","coordinates":[30.626145,50.386486]},"properties":{"line":"42","mode":"bus","color":"#0059a9","colorDark":"#00294f","band":4,"off":[0,1.1]}},{"type":"Feature","geometry":{"type":"Point","coordinates":[30.590655,50.462721]},"properties":{"name":"Микольська Слободка","band":4,"modes":"bus","arr":["42"],"off":[0,-0.8]}},{"type":"Feature","geometry":{"type":"Point","coordinates":[30.590655,50.462721]},"properties":{"line":"42","mode":"bus","color":"#0059a9","colorDark":"#00294f","band":4,"off":[0,1.1]}},{"type":"Feature","geometry":{"type":"Point","coordinates":[30.643935,50.225918]},"properties":{"name":"селище Козин","band":4,"modes":"bus","arr":["43"],"off":[0,-0.8]}},{"type":"Feature","geometry":{"type":"Point","coordinates":[30.643935,50.225918]},"properties":{"line":"43","mode":"bus","color":"#0059a9","colorDark":"#00294f","band":4,"off":[0,1.1]}},{"type":"Feature","geometry":{"type":"Point","coordinates":[30.562672,50.402379]},"properties":{"name":"ст.м. \"Видубичі\"","band":4,"modes":"bus","arr":["43","43к","54"],"off":[0,-0.8]}},{"type":"Feature","geometry":{"type":"Point","coordinates":[30.562672,50.402379]},"properties":{"line":"43","mode":"bus","color":"#0059a9","colorDark":"#00294f","band":4,"off":[-3.4,1.1]}},{"type":"Feature","geometry":{"type":"Point","coordinates":[30.562672,50.402379]},"properties":{"line":"43к","mode":"bus","color":"#0059a9","colorDark":"#00294f","band":4,"off":[0,1.1]}},{"type":"Feature","geometry":{"type":"Point","coordinates":[30.562672,50.402379]},"properties":{"line":"54","mode":"bus","color":"#0059a9","colorDark":"#00294f","band":4,"off":[3.4,1.1]}},{"type":"Feature","geometry":{"type":"Point","coordinates":[30.581216,50.296631]},"properties":{"name":"сан. Конча-Заспа","band":4,"modes":"bus","arr":["43к"],"off":[0,-0.8]}},{"type":"Feature","geometry":{"type":"Point","coordinates":[30.581216,50.296631]},"properties":{"line":"43к","mode":"bus","color":"#0059a9","colorDark":"#00294f","band":4,"off":[0,1.1]}},{"type":"Feature","geometry":{"type":"Point","coordinates":[30.605164,50.422353]},"properties":{"name":"ст. Березняки","band":4,"modes":"bus","arr":["44","49"],"off":[0,-0.8]}},{"type":"Feature","geometry":{"type":"Point","coordinates":[30.605164,50.422353]},"properties":{"line":"44","mode":"bus","color":"#0059a9","colorDark":"#00294f","band":4,"off":[-1.7,1.1]}},{"type":"Feature","geometry":{"type":"Point","coordinates":[30.605164,50.422353]},"properties":{"line":"49","mode":"bus","color":"#0059a9","colorDark":"#00294f","band":4,"off":[1.7,1.1]}},{"type":"Feature","geometry":{"type":"Point","coordinates":[30.613888,50.455606]},"properties":{"name":"ст.м. \"Дарниця\"","band":4,"modes":"bus","arr":["45"],"off":[0,-0.8]}},{"type":"Feature","geometry":{"type":"Point","coordinates":[30.613888,50.455606]},"properties":{"line":"45","mode":"bus","color":"#0059a9","colorDark":"#00294f","band":4,"off":[0,1.1]}},{"type":"Feature","geometry":{"type":"Point","coordinates":[30.636758,50.390557]},"properties":{"name":"просп. Григоренка","band":4,"modes":"bus","arr":["45"],"off":[0,-0.8]}},{"type":"Feature","geometry":{"type":"Point","coordinates":[30.636758,50.390557]},"properties":{"line":"45","mode":"bus","color":"#0059a9","colorDark":"#00294f","band":4,"off":[0,1.1]}},{"type":"Feature","geometry":{"type":"Point","coordinates":[30.598402,50.45164]},"properties":{"name":"ст.м. \"Лівобережна\"","band":4,"modes":"bus","arr":["46","48","49","70Д"],"off":[0,-0.8]}},{"type":"Feature","geometry":{"type":"Point","coordinates":[30.598402,50.45164]},"properties":{"line":"46","mode":"bus","color":"#0059a9","colorDark":"#00294f","band":4,"off":[-5.1,1.1]}},{"type":"Feature","geometry":{"type":"Point","coordinates":[30.598402,50.45164]},"properties":{"line":"48","mode":"bus","color":"#0059a9","colorDark":"#00294f","band":4,"off":[-1.7,1.1]}},{"type":"Feature","geometry":{"type":"Point","coordinates":[30.598402,50.45164]},"properties":{"line":"49","mode":"bus","color":"#0059a9","colorDark":"#00294f","band":4,"off":[1.7,1.1]}},{"type":"Feature","geometry":{"type":"Point","coordinates":[30.598402,50.45164]},"properties":{"line":"70Д","mode":"bus","color":"#0059a9","colorDark":"#00294f","band":4,"off":[5.1,1.1]}},{"type":"Feature","geometry":{"type":"Point","coordinates":[30.608304,50.488048]},"properties":{"name":"вул. Микитенко","band":4,"modes":"bus","arr":["46","112"],"off":[0,-0.8]}},{"type":"Feature","geometry":{"type":"Point","coordinates":[30.608304,50.488048]},"properties":{"line":"46","mode":"bus","color":"#0059a9","colorDark":"#00294f","band":4,"off":[-1.7,1.1]}},{"type":"Feature","geometry":{"type":"Point","coordinates":[30.608304,50.488048]},"properties":{"line":"112","mode":"bus","color":"#0059a9","colorDark":"#00294f","band":4,"off":[1.7,1.1]}},{"type":"Feature","geometry":{"type":"Point","coordinates":[30.446719,50.473617]},"properties":{"name":"ст.м. \"Дорогожичі\"","band":4,"modes":"bus","arr":["47"],"off":[0,-0.8]}},{"type":"Feature","geometry":{"type":"Point","coordinates":[30.446719,50.473617]},"properties":{"line":"47","mode":"bus","color":"#0059a9","colorDark":"#00294f","band":4,"off":[0,1.1]}},{"type":"Feature","geometry":{"type":"Point","coordinates":[30.594708,50.432938]},"properties":{"name":"готель Славутич","band":4,"modes":"bus","arr":["48"],"off":[0,-0.8]}},{"type":"Feature","geometry":{"type":"Point","coordinates":[30.594708,50.432938]},"properties":{"line":"48","mode":"bus","color":"#0059a9","colorDark":"#00294f","band":4,"off":[0,1.1]}},{"type":"Feature","geometry":{"type":"Point","coordinates":[30.695179,50.40903]},"properties":{"name":"ст.м. \"Червоний хутір\"","band":4,"modes":"bus","arr":["51","63"],"off":[0,-0.8]}},{"type":"Feature","geometry":{"type":"Point","coordinates":[30.695179,50.40903]},"properties":{"line":"51","mode":"bus","color":"#0059a9","colorDark":"#00294f","band":4,"off":[-1.7,1.1]}},{"type":"Feature","geometry":{"type":"Point","coordinates":[30.695179,50.40903]},"properties":{"line":"63","mode":"bus","color":"#0059a9","colorDark":"#00294f","band":4,"off":[1.7,1.1]}},{"type":"Feature","geometry":{"type":"Point","coordinates":[30.517035,50.371074]},"properties":{"name":"вул. Закарпатська","band":4,"modes":"bus","arr":["52"],"off":[0,-0.8]}},{"type":"Feature","geometry":{"type":"Point","coordinates":[30.517035,50.371074]},"properties":{"line":"52","mode":"bus","color":"#0059a9","colorDark":"#00294f","band":4,"off":[0,1.1]}},{"type":"Feature","geometry":{"type":"Point","coordinates":[30.529758,50.475213]},"properties":{"name":"Рибальський п-ов","band":4,"modes":"bus","arr":["53"],"off":[0,-0.8]}},{"type":"Feature","geometry":{"type":"Point","coordinates":[30.529758,50.475213]},"properties":{"line":"53","mode":"bus","color":"#0059a9","colorDark":"#00294f","band":4,"off":[0,1.1]}},{"type":"Feature","geometry":{"type":"Point","coordinates":[30.512963,50.466805]},"properties":{"name":"ст.м. Контрактова пл.","band":4,"modes":"bus","arr":["53","72"],"off":[0,-0.8]}},{"type":"Feature","geometry":{"type":"Point","coordinates":[30.512963,50.466805]},"properties":{"line":"53","mode":"bus","color":"#0059a9","colorDark":"#00294f","band":4,"off":[-1.7,1.1]}},{"type":"Feature","geometry":{"type":"Point","coordinates":[30.512963,50.466805]},"properties":{"line":"72","mode":"bus","color":"#0059a9","colorDark":"#00294f","band":4,"off":[1.7,1.1]}},{"type":"Feature","geometry":{"type":"Point","coordinates":[30.573354,50.388629]},"properties":{"name":"пл. Михайла Співака","band":4,"modes":"bus","arr":["54"],"off":[0,-0.8]}},{"type":"Feature","geometry":{"type":"Point","coordinates":[30.573354,50.388629]},"properties":{"line":"54","mode":"bus","color":"#0059a9","colorDark":"#00294f","band":4,"off":[0,1.1]}},{"type":"Feature","geometry":{"type":"Point","coordinates":[30.561818,50.400446]},"properties":{"name":"ст.м. \"Видубичі\"","band":4,"modes":"bus","arr":["54"],"off":[0,-0.8]}},{"type":"Feature","geometry":{"type":"Point","coordinates":[30.561818,50.400446]},"properties":{"line":"54","mode":"bus","color":"#0059a9","colorDark":"#00294f","band":4,"off":[0,1.1]}},{"type":"Feature","geometry":{"type":"Point","coordinates":[30.521081,50.438497]},"properties":{"name":"ст.м. \"Палац спорту \"(55)","band":4,"modes":"bus","arr":["55"],"off":[0,-0.8]}},{"type":"Feature","geometry":{"type":"Point","coordinates":[30.521081,50.438497]},"properties":{"line":"55","mode":"bus","color":"#0059a9","colorDark":"#00294f","band":4,"off":[0,1.1]}},{"type":"Feature","geometry":{"type":"Point","coordinates":[30.627591,50.443765]},"properties":{"name":"пл. Дарн","band":4,"modes":"bus","arr":["55"],"off":[0,-0.8]}},{"type":"Feature","geometry":{"type":"Point","coordinates":[30.627591,50.443765]},"properties":{"line":"55","mode":"bus","color":"#0059a9","colorDark":"#00294f","band":4,"off":[0,1.1]}},{"type":"Feature","geometry":{"type":"Point","coordinates":[30.365397,50.495892]},"properties":{"name":"Гіпермаркет","band":4,"modes":"bus","arr":["56"],"off":[0,-0.8]}},{"type":"Feature","geometry":{"type":"Point","coordinates":[30.365397,50.495892]},"properties":{"line":"56","mode":"bus","color":"#0059a9","colorDark":"#00294f","band":4,"off":[0,1.1]}},{"type":"Feature","geometry":{"type":"Point","coordinates":[30.477492,50.381563]},"properties":{"name":"ст.м. \"Виставковий центр\"","band":4,"modes":"bus","arr":["56","58","75"],"off":[0,-0.8]}},{"type":"Feature","geometry":{"type":"Point","coordinates":[30.477492,50.381563]},"properties":{"line":"56","mode":"bus","color":"#0059a9","colorDark":"#00294f","band":4,"off":[-3.4,1.1]}},{"type":"Feature","geometry":{"type":"Point","coordinates":[30.477492,50.381563]},"properties":{"line":"58","mode":"bus","color":"#0059a9","colorDark":"#00294f","band":4,"off":[0,1.1]}},{"type":"Feature","geometry":{"type":"Point","coordinates":[30.477492,50.381563]},"properties":{"line":"75","mode":"bus","color":"#0059a9","colorDark":"#00294f","band":4,"off":[3.4,1.1]}},{"type":"Feature","geometry":{"type":"Point","coordinates":[30.355565,50.464006]},"properties":{"name":"ст.м. \"Академмістечко\"","band":4,"modes":"bus","arr":["57"],"off":[0,-0.8]}},{"type":"Feature","geometry":{"type":"Point","coordinates":[30.355565,50.464006]},"properties":{"line":"57","mode":"bus","color":"#0059a9","colorDark":"#00294f","band":4,"off":[0,1.1]}},{"type":"Feature","geometry":{"type":"Point","coordinates":[30.54984,50.338593]},"properties":{"name":"Авторинок","band":4,"modes":"bus","arr":["57"],"off":[0,-0.8]}},{"type":"Feature","geometry":{"type":"Point","coordinates":[30.54984,50.338593]},"properties":{"line":"57","mode":"bus","color":"#0059a9","colorDark":"#00294f","band":4,"off":[0,1.1]}},{"type":"Feature","geometry":{"type":"Point","coordinates":[30.504355,50.353359]},"properties":{"name":"Музей Арх","band":4,"modes":"bus","arr":["58"],"off":[0,-0.8]}},{"type":"Feature","geometry":{"type":"Point","coordinates":[30.504355,50.353359]},"properties":{"line":"58","mode":"bus","color":"#0059a9","colorDark":"#00294f","band":4,"off":[0,1.1]}},{"type":"Feature","geometry":{"type":"Point","coordinates":[30.471412,50.378695]},"properties":{"name":"ст.м. \"Виставковий центр\"","band":4,"modes":"bus","arr":["58"],"off":[0,-0.8]}},{"type":"Feature","geometry":{"type":"Point","coordinates":[30.471412,50.378695]},"properties":{"line":"58","mode":"bus","color":"#0059a9","colorDark":"#00294f","band":4,"off":[0,1.1]}},{"type":"Feature","geometry":{"type":"Point","coordinates":[30.517919,50.465053]},"properties":{"name":"Контр. пл. (62)","band":4,"modes":"bus","arr":["62"],"off":[0,-0.8]}},{"type":"Feature","geometry":{"type":"Point","coordinates":[30.517919,50.465053]},"properties":{"line":"62","mode":"bus","color":"#0059a9","colorDark":"#00294f","band":4,"off":[0,1.1]}},{"type":"Feature","geometry":{"type":"Point","coordinates":[30.556335,50.415292]},"properties":{"name":"Ботанічний сад","band":4,"modes":"bus","arr":["62","Тб14"],"off":[0,-0.8]}},{"type":"Feature","geometry":{"type":"Point","coordinates":[30.556335,50.415292]},"properties":{"line":"62","mode":"bus","color":"#0059a9","colorDark":"#00294f","band":4,"off":[-1.7,1.1]}},{"type":"Feature","geometry":{"type":"Point","coordinates":[30.556335,50.415292]},"properties":{"line":"Тб14","mode":"bus","color":"#149a3f","colorDark":"#0a5121","band":4,"off":[1.7,1.1],"lbl":"14"}},{"type":"Feature","geometry":{"type":"Point","coordinates":[30.629745,50.488547]},"properties":{"name":"вул. Космонавта Поповича","band":4,"modes":"bus","arr":["63"],"off":[0,-0.8]}},{"type":"Feature","geometry":{"type":"Point","coordinates":[30.629745,50.488547]},"properties":{"line":"63","mode":"bus","color":"#0059a9","colorDark":"#00294f","band":4,"off":[0,1.1]}},{"type":"Feature","geometry":{"type":"Point","coordinates":[30.520721,50.437161]},"properties":{"name":"ст.м. \"Палац спорту\"","band":4,"modes":"bus","arr":["69"],"off":[0,-0.8]}},{"type":"Feature","geometry":{"type":"Point","coordinates":[30.520721,50.437161]},"properties":{"line":"69","mode":"bus","color":"#0059a9","colorDark":"#00294f","band":4,"off":[0,1.1]}},{"type":"Feature","geometry":{"type":"Point","coordinates":[30.375977,50.420507]},"properties":{"name":"вул. Л-Вольгемут","band":4,"modes":"bus","arr":["69"],"off":[0,-0.8]}},{"type":"Feature","geometry":{"type":"Point","coordinates":[30.375977,50.420507]},"properties":{"line":"69","mode":"bus","color":"#0059a9","colorDark":"#00294f","band":4,"off":[0,1.1]}},{"type":"Feature","geometry":{"type":"Point","coordinates":[30.408419,50.508064]},"properties":{"name":"М-в Синьозерний","band":4,"modes":"bus","arr":["72"],"off":[0,-0.8]}},{"type":"Feature","geometry":{"type":"Point","coordinates":[30.408419,50.508064]},"properties":{"line":"72","mode":"bus","color":"#0059a9","colorDark":"#00294f","band":4,"off":[0,1.1]}},{"type":"Feature","geometry":{"type":"Point","coordinates":[30.498379,50.521271]},"properties":{"name":"ст.м. \"Героїв Дніпра\"","band":4,"modes":"bus","arr":["73"],"off":[0,-0.8]}},{"type":"Feature","geometry":{"type":"Point","coordinates":[30.498379,50.521271]},"properties":{"line":"73","mode":"bus","color":"#0059a9","colorDark":"#00294f","band":4,"off":[0,1.1]}},{"type":"Feature","geometry":{"type":"Point","coordinates":[30.621965,50.342667]},"properties":{"name":"вул. Центральна","band":4,"modes":"bus","arr":["74"],"off":[0,-0.8]}},{"type":"Feature","geometry":{"type":"Point","coordinates":[30.621965,50.342667]},"properties":{"line":"74","mode":"bus","color":"#0059a9","colorDark":"#00294f","band":4,"off":[0,1.1]}},{"type":"Feature","geometry":{"type":"Point","coordinates":[30.45597,50.392244]},"properties":{"name":"вул. Гуляницького","band":4,"modes":"bus","arr":["75"],"off":[0,-0.8]}},{"type":"Feature","geometry":{"type":"Point","coordinates":[30.45597,50.392244]},"properties":{"line":"75","mode":"bus","color":"#0059a9","colorDark":"#00294f","band":4,"off":[0,1.1]}},{"type":"Feature","geometry":{"type":"Point","coordinates":[30.623435,50.502671]},"properties":{"name":"Лісове кладовище","band":4,"modes":"bus","arr":["77"],"off":[0,-0.8]}},{"type":"Feature","geometry":{"type":"Point","coordinates":[30.623435,50.502671]},"properties":{"line":"77","mode":"bus","color":"#0059a9","colorDark":"#00294f","band":4,"off":[0,1.1]}},{"type":"Feature","geometry":{"type":"Point","coordinates":[30.603645,50.485059]},"properties":{"name":"вул. О. Дашкевича","band":4,"modes":"bus","arr":["77"],"off":[0,-0.8]}},{"type":"Feature","geometry":{"type":"Point","coordinates":[30.603645,50.485059]},"properties":{"line":"77","mode":"bus","color":"#0059a9","colorDark":"#00294f","band":4,"off":[0,1.1]}},{"type":"Feature","geometry":{"type":"Point","coordinates":[30.45675,50.42121]},"properties":{"name":"Держав. Адміістрація","band":4,"modes":"bus","arr":["78"],"off":[0,-0.8]}},{"type":"Feature","geometry":{"type":"Point","coordinates":[30.45675,50.42121]},"properties":{"line":"78","mode":"bus","color":"#0059a9","colorDark":"#00294f","band":4,"off":[0,1.1]}},{"type":"Feature","geometry":{"type":"Point","coordinates":[30.585302,50.506698]},"properties":{"name":"вул. Каштанова","band":4,"modes":"bus","arr":["79"],"off":[0,-0.8]}},{"type":"Feature","geometry":{"type":"Point","coordinates":[30.585302,50.506698]},"properties":{"line":"79","mode":"bus","color":"#0059a9","colorDark":"#00294f","band":4,"off":[0,1.1]}},{"type":"Feature","geometry":{"type":"Point","coordinates":[30.643426,50.486791]},"properties":{"name":"Лісовий м-в (81)","band":4,"modes":"bus","arr":["81"],"off":[0,-0.8]}},{"type":"Feature","geometry":{"type":"Point","coordinates":[30.643426,50.486791]},"properties":{"line":"81","mode":"bus","color":"#0059a9","colorDark":"#00294f","band":4,"off":[0,1.1]}},{"type":"Feature","geometry":{"type":"Point","coordinates":[30.590116,50.459456]},"properties":{"name":"вул. Шептицького","band":4,"modes":"bus","arr":["87","108"],"off":[0,-0.8]}},{"type":"Feature","geometry":{"type":"Point","coordinates":[30.590116,50.459456]},"properties":{"line":"87","mode":"bus","color":"#0059a9","colorDark":"#00294f","band":4,"off":[-1.7,1.1]}},{"type":"Feature","geometry":{"type":"Point","coordinates":[30.590116,50.459456]},"properties":{"line":"108","mode":"bus","color":"#0059a9","colorDark":"#00294f","band":4,"off":[1.7,1.1]}},{"type":"Feature","geometry":{"type":"Point","coordinates":[30.61574,50.395451]},"properties":{"name":"ст.м. \"Осокорки\"","band":4,"modes":"bus","arr":["87"],"off":[0,-0.8]}},{"type":"Feature","geometry":{"type":"Point","coordinates":[30.61574,50.395451]},"properties":{"line":"87","mode":"bus","color":"#0059a9","colorDark":"#00294f","band":4,"off":[0,1.1]}},{"type":"Feature","geometry":{"type":"Point","coordinates":[30.396402,50.411695]},"properties":{"name":"вул. Г-Барського","band":4,"modes":"bus","arr":["90"],"off":[0,-0.8]}},{"type":"Feature","geometry":{"type":"Point","coordinates":[30.396402,50.411695]},"properties":{"line":"90","mode":"bus","color":"#0059a9","colorDark":"#00294f","band":4,"off":[0,1.1]}},{"type":"Feature","geometry":{"type":"Point","coordinates":[30.40432,50.482336]},"properties":{"name":"пл. В.Марченка","band":4,"modes":"bus","arr":["90","90к"],"off":[0,-0.8]}},{"type":"Feature","geometry":{"type":"Point","coordinates":[30.40432,50.482336]},"properties":{"line":"90","mode":"bus","color":"#0059a9","colorDark":"#00294f","band":4,"off":[-1.7,1.1]}},{"type":"Feature","geometry":{"type":"Point","coordinates":[30.40432,50.482336]},"properties":{"line":"90к","mode":"bus","color":"#0059a9","colorDark":"#00294f","band":4,"off":[1.7,1.1]}},{"type":"Feature","geometry":{"type":"Point","coordinates":[30.390144,50.457543]},"properties":{"name":"ст.м. \"Святошин\" (90)","band":4,"modes":"bus","arr":["90к"],"off":[0,-0.8]}},{"type":"Feature","geometry":{"type":"Point","coordinates":[30.390144,50.457543]},"properties":{"line":"90к","mode":"bus","color":"#0059a9","colorDark":"#00294f","band":4,"off":[0,1.1]}},{"type":"Feature","geometry":{"type":"Point","coordinates":[30.644133,50.412614]},"properties":{"name":"вул. Ахматової (Р-к Позн)","band":4,"modes":"bus","arr":["91"],"off":[0,-0.8]}},{"type":"Feature","geometry":{"type":"Point","coordinates":[30.644133,50.412614]},"properties":{"line":"91","mode":"bus","color":"#0059a9","colorDark":"#00294f","band":4,"off":[0,1.1]}},{"type":"Feature","geometry":{"type":"Point","coordinates":[30.640495,50.411697]},"properties":{"name":"вул. Ахматової (Р-к Позн)","band":4,"modes":"bus","arr":["91"],"off":[0,-0.8]}},{"type":"Feature","geometry":{"type":"Point","coordinates":[30.640495,50.411697]},"properties":{"line":"91","mode":"bus","color":"#0059a9","colorDark":"#00294f","band":4,"off":[0,1.1]}},{"type":"Feature","geometry":{"type":"Point","coordinates":[30.60271,50.42185]},"properties":{"name":"ст. Березняки (95)","band":4,"modes":"bus","arr":["95"],"off":[0,-0.8]}},{"type":"Feature","geometry":{"type":"Point","coordinates":[30.60271,50.42185]},"properties":{"line":"95","mode":"bus","color":"#0059a9","colorDark":"#00294f","band":4,"off":[0,1.1]}},{"type":"Feature","geometry":{"type":"Point","coordinates":[30.569248,50.483309]},"properties":{"name":"Русанівські сади","band":4,"modes":"bus","arr":["95"],"off":[0,-0.8]}},{"type":"Feature","geometry":{"type":"Point","coordinates":[30.569248,50.483309]},"properties":{"line":"95","mode":"bus","color":"#0059a9","colorDark":"#00294f","band":4,"off":[0,1.1]}},{"type":"Feature","geometry":{"type":"Point","coordinates":[30.337112,50.470352]},"properties":{"name":"м-в Новобіличі (ринок)","band":4,"modes":"bus","arr":["97","97к"],"off":[0,-0.8]}},{"type":"Feature","geometry":{"type":"Point","coordinates":[30.337112,50.470352]},"properties":{"line":"97","mode":"bus","color":"#0059a9","colorDark":"#00294f","band":4,"off":[-1.7,1.1]}},{"type":"Feature","geometry":{"type":"Point","coordinates":[30.337112,50.470352]},"properties":{"line":"97к","mode":"bus","color":"#0059a9","colorDark":"#00294f","band":4,"off":[1.7,1.1]}},{"type":"Feature","geometry":{"type":"Point","coordinates":[30.664761,50.529657]},"properties":{"name":"ТЕЦ-6","band":4,"modes":"bus","arr":["98"],"off":[0,-0.8]}},{"type":"Feature","geometry":{"type":"Point","coordinates":[30.664761,50.529657]},"properties":{"line":"98","mode":"bus","color":"#0059a9","colorDark":"#00294f","band":4,"off":[0,1.1]}},{"type":"Feature","geometry":{"type":"Point","coordinates":[30.49628,50.512479]},"properties":{"name":"ст.м. \"Мінська\"","band":4,"modes":"bus","arr":["99"],"off":[0,-0.8]}},{"type":"Feature","geometry":{"type":"Point","coordinates":[30.49628,50.512479]},"properties":{"line":"99","mode":"bus","color":"#0059a9","colorDark":"#00294f","band":4,"off":[0,1.1]}},{"type":"Feature","geometry":{"type":"Point","coordinates":[30.599286,50.532651]},"properties":{"name":"вул. Радунська (101к)","band":4,"modes":"bus","arr":["101","114"],"off":[0,-0.8]}},{"type":"Feature","geometry":{"type":"Point","coordinates":[30.599286,50.532651]},"properties":{"line":"101","mode":"bus","color":"#0059a9","colorDark":"#00294f","band":4,"off":[-1.7,1.1]}},{"type":"Feature","geometry":{"type":"Point","coordinates":[30.599286,50.532651]},"properties":{"line":"114","mode":"bus","color":"#0059a9","colorDark":"#00294f","band":4,"off":[1.7,1.1]}},{"type":"Feature","geometry":{"type":"Point","coordinates":[30.515556,50.495941]},"properties":{"name":"к-тр Братислава","band":4,"modes":"bus","arr":["102А"],"off":[0,-0.8]}},{"type":"Feature","geometry":{"type":"Point","coordinates":[30.515556,50.495941]},"properties":{"line":"102А","mode":"bus","color":"#0059a9","colorDark":"#00294f","band":4,"off":[0,1.1]}},{"type":"Feature","geometry":{"type":"Point","coordinates":[30.420328,50.504954]},"properties":{"name":"мкр Варш","band":4,"modes":"bus","arr":["102А"],"off":[0,-0.8]}},{"type":"Feature","geometry":{"type":"Point","coordinates":[30.420328,50.504954]},"properties":{"line":"102А","mode":"bus","color":"#0059a9","colorDark":"#00294f","band":4,"off":[0,1.1]}},{"type":"Feature","geometry":{"type":"Point","coordinates":[30.427759,50.510977]},"properties":{"name":"ж/м Виноградар","band":4,"modes":"bus","arr":["103"],"off":[0,-0.8]}},{"type":"Feature","geometry":{"type":"Point","coordinates":[30.427759,50.510977]},"properties":{"line":"103","mode":"bus","color":"#0059a9","colorDark":"#00294f","band":4,"off":[0,1.1]}},{"type":"Feature","geometry":{"type":"Point","coordinates":[30.684635,50.362855]},"properties":{"name":"ФАП","band":4,"modes":"bus","arr":["104"],"off":[0,-0.8]}},{"type":"Feature","geometry":{"type":"Point","coordinates":[30.684635,50.362855]},"properties":{"line":"104","mode":"bus","color":"#0059a9","colorDark":"#00294f","band":4,"off":[0,1.1]}},{"type":"Feature","geometry":{"type":"Point","coordinates":[30.654417,50.404345]},"properties":{"name":"м. Харківська","band":4,"modes":"bus","arr":["104","108","109"],"off":[0,-0.8]}},{"type":"Feature","geometry":{"type":"Point","coordinates":[30.654417,50.404345]},"properties":{"line":"104","mode":"bus","color":"#0059a9","colorDark":"#00294f","band":4,"off":[-3.4,1.1]}},{"type":"Feature","geometry":{"type":"Point","coordinates":[30.654417,50.404345]},"properties":{"line":"108","mode":"bus","color":"#0059a9","colorDark":"#00294f","band":4,"off":[0,1.1]}},{"type":"Feature","geometry":{"type":"Point","coordinates":[30.654417,50.404345]},"properties":{"line":"109","mode":"bus","color":"#0059a9","colorDark":"#00294f","band":4,"off":[3.4,1.1]}},{"type":"Feature","geometry":{"type":"Point","coordinates":[30.772198,50.404229]},"properties":{"name":"Бориспільське шосе","band":4,"modes":"bus","arr":["105"],"off":[0,-0.8]}},{"type":"Feature","geometry":{"type":"Point","coordinates":[30.772198,50.404229]},"properties":{"line":"105","mode":"bus","color":"#0059a9","colorDark":"#00294f","band":4,"off":[0,1.1]}},{"type":"Feature","geometry":{"type":"Point","coordinates":[30.518582,50.445197]},"properties":{"name":"м. Театральна","band":4,"modes":"bus","arr":["109"],"off":[0,-0.8]}},{"type":"Feature","geometry":{"type":"Point","coordinates":[30.518582,50.445197]},"properties":{"line":"109","mode":"bus","color":"#0059a9","colorDark":"#00294f","band":4,"off":[0,1.1]}},{"type":"Feature","geometry":{"type":"Point","coordinates":[30.481665,50.461424]},"properties":{"name":"Лук’янівська пл.","band":4,"modes":"bus","arr":["112"],"off":[0,-0.8]}},{"type":"Feature","geometry":{"type":"Point","coordinates":[30.481665,50.461424]},"properties":{"line":"112","mode":"bus","color":"#0059a9","colorDark":"#00294f","band":4,"off":[0,1.1]}},{"type":"Feature","geometry":{"type":"Point","coordinates":[30.517934,50.465368]},"properties":{"name":"Контрактова пл.","band":4,"modes":"bus","arr":["115","119"],"off":[0,-0.8]}},{"type":"Feature","geometry":{"type":"Point","coordinates":[30.517934,50.465368]},"properties":{"line":"115","mode":"bus","color":"#0059a9","colorDark":"#00294f","band":4,"off":[-1.7,1.1]}},{"type":"Feature","geometry":{"type":"Point","coordinates":[30.517934,50.465368]},"properties":{"line":"119","mode":"bus","color":"#0059a9","colorDark":"#00294f","band":4,"off":[1.7,1.1]}},{"type":"Feature","geometry":{"type":"Point","coordinates":[30.658151,50.428522]},"properties":{"name":"Будинок культури","band":4,"modes":"bus","arr":["115"],"off":[0,-0.8]}},{"type":"Feature","geometry":{"type":"Point","coordinates":[30.658151,50.428522]},"properties":{"line":"115","mode":"bus","color":"#0059a9","colorDark":"#00294f","band":4,"off":[0,1.1]}},{"type":"Feature","geometry":{"type":"Point","coordinates":[30.641664,50.463969]},"properties":{"name":"ст.м. \"Лісова\"","band":4,"modes":"bus","arr":["118д"],"off":[0,-0.8]}},{"type":"Feature","geometry":{"type":"Point","coordinates":[30.641664,50.463969]},"properties":{"line":"118д","mode":"bus","color":"#0059a9","colorDark":"#00294f","band":4,"off":[0,1.1]}},{"type":"Feature","geometry":{"type":"Point","coordinates":[30.457363,50.37884]},"properties":{"name":"вул. Касіяна","band":4,"modes":"bus","arr":["119"],"off":[0,-0.8]}},{"type":"Feature","geometry":{"type":"Point","coordinates":[30.457363,50.37884]},"properties":{"line":"119","mode":"bus","color":"#0059a9","colorDark":"#00294f","band":4,"off":[0,1.1]}},{"type":"Feature","geometry":{"type":"Point","coordinates":[30.443926,50.361437]},"properties":{"name":"Кібернитичний центр","band":4,"modes":"bus","arr":["120"],"off":[0,-0.8]}},{"type":"Feature","geometry":{"type":"Point","coordinates":[30.443926,50.361437]},"properties":{"line":"120","mode":"bus","color":"#0059a9","colorDark":"#00294f","band":4,"off":[0,1.1]}},{"type":"Feature","geometry":{"type":"Point","coordinates":[30.524401,50.412796]},"properties":{"name":"ст.м. Либідська","band":4,"modes":"bus","arr":["Тб1","Тб42","Тб50"],"off":[0,-0.8]}},{"type":"Feature","geometry":{"type":"Point","coordinates":[30.524401,50.412796]},"properties":{"line":"Тб1","mode":"bus","color":"#149a3f","colorDark":"#0a5121","band":4,"off":[-3.4,1.1],"lbl":"1"}},{"type":"Feature","geometry":{"type":"Point","coordinates":[30.524401,50.412796]},"properties":{"line":"Тб42","mode":"bus","color":"#149a3f","colorDark":"#0a5121","band":4,"off":[0,1.1],"lbl":"42"}},{"type":"Feature","geometry":{"type":"Point","coordinates":[30.524401,50.412796]},"properties":{"line":"Тб50","mode":"bus","color":"#149a3f","colorDark":"#0a5121","band":4,"off":[3.4,1.1],"lbl":"50"}},{"type":"Feature","geometry":{"type":"Point","coordinates":[30.534363,50.379517]},"properties":{"name":"Багринова гора","band":4,"modes":"bus","arr":["Тб1","Тб11"],"off":[0,-0.8]}},{"type":"Feature","geometry":{"type":"Point","coordinates":[30.534363,50.379517]},"properties":{"line":"Тб1","mode":"bus","color":"#149a3f","colorDark":"#0a5121","band":4,"off":[-1.7,1.1],"lbl":"1"}},{"type":"Feature","geometry":{"type":"Point","coordinates":[30.534363,50.379517]},"properties":{"line":"Тб11","mode":"bus","color":"#149a3f","colorDark":"#0a5121","band":4,"off":[1.7,1.1],"lbl":"11"}},{"type":"Feature","geometry":{"type":"Point","coordinates":[30.520569,50.437859]},"properties":{"name":"ст.м. Палац спорту","band":4,"modes":"bus","arr":["Тб3","Тб15","Тб40"],"off":[0,-0.8]}},{"type":"Feature","geometry":{"type":"Point","coordinates":[30.520569,50.437859]},"properties":{"line":"Тб3","mode":"bus","color":"#149a3f","colorDark":"#0a5121","band":4,"off":[-3.4,1.1],"lbl":"3"}},{"type":"Feature","geometry":{"type":"Point","coordinates":[30.520569,50.437859]},"properties":{"line":"Тб15","mode":"bus","color":"#149a3f","colorDark":"#0a5121","band":4,"off":[0,1.1],"lbl":"15"}},{"type":"Feature","geometry":{"type":"Point","coordinates":[30.520569,50.437859]},"properties":{"line":"Тб40","mode":"bus","color":"#149a3f","colorDark":"#0a5121","band":4,"off":[3.4,1.1],"lbl":"40"}},{"type":"Feature","geometry":{"type":"Point","coordinates":[30.490888,50.425717]},"properties":{"name":"Залізничний масив","band":4,"modes":"bus","arr":["Тб3"],"off":[0,-0.8]}},{"type":"Feature","geometry":{"type":"Point","coordinates":[30.490888,50.425717]},"properties":{"line":"Тб3","mode":"bus","color":"#149a3f","colorDark":"#0a5121","band":4,"off":[0,1.1],"lbl":"3"}},{"type":"Feature","geometry":{"type":"Point","coordinates":[30.516691,50.439442]},"properties":{"name":"ст.м. Пл. Укр. Героїв","band":4,"modes":"bus","arr":["Тб4","Тб5","Тб7","Тб8","Тб17"],"off":[0,-0.8]}},{"type":"Feature","geometry":{"type":"Point","coordinates":[30.516691,50.439442]},"properties":{"line":"Тб4","mode":"bus","color":"#149a3f","colorDark":"#0a5121","band":4,"off":[-6.8,1.1],"lbl":"4"}},{"type":"Feature","geometry":{"type":"Point","coordinates":[30.516691,50.439442]},"properties":{"line":"Тб5","mode":"bus","color":"#149a3f","colorDark":"#0a5121","band":4,"off":[-3.4,1.1],"lbl":"5"}},{"type":"Feature","geometry":{"type":"Point","coordinates":[30.516691,50.439442]},"properties":{"line":"Тб7","mode":"bus","color":"#149a3f","colorDark":"#0a5121","band":4,"off":[0,1.1],"lbl":"7"}},{"type":"Feature","geometry":{"type":"Point","coordinates":[30.516691,50.439442]},"properties":{"line":"Тб8","mode":"bus","color":"#149a3f","colorDark":"#0a5121","band":4,"off":[3.4,1.1],"lbl":"8"}},{"type":"Feature","geometry":{"type":"Point","coordinates":[30.516691,50.439442]},"properties":{"line":"Тб17","mode":"bus","color":"#149a3f","colorDark":"#0a5121","band":4,"off":[6.8,1.1],"lbl":"17"}},{"type":"Feature","geometry":{"type":"Point","coordinates":[30.421221,50.515084]},"properties":{"name":"просп. Свободи","band":4,"modes":"bus","arr":["Тб4","Тб24","Тб25","Тб26","Тб28Д","Тб35"],"off":[0,-0.8]}},{"type":"Feature","geometry":{"type":"Point","coordinates":[30.421221,50.515084]},"properties":{"line":"Тб4","mode":"bus","color":"#149a3f","colorDark":"#0a5121","band":4,"off":[-6.8,1.1],"lbl":"4"}},{"type":"Feature","geometry":{"type":"Point","coordinates":[30.421221,50.515084]},"properties":{"line":"Тб24","mode":"bus","color":"#149a3f","colorDark":"#0a5121","band":4,"off":[-3.4,1.1],"lbl":"24"}},{"type":"Feature","geometry":{"type":"Point","coordinates":[30.421221,50.515084]},"properties":{"line":"Тб25","mode":"bus","color":"#149a3f","colorDark":"#0a5121","band":4,"off":[0,1.1],"lbl":"25"}},{"type":"Feature","geometry":{"type":"Point","coordinates":[30.421221,50.515084]},"properties":{"line":"Тб26","mode":"bus","color":"#149a3f","colorDark":"#0a5121","band":4,"off":[3.4,1.1],"lbl":"26"}},{"type":"Feature","geometry":{"type":"Point","coordinates":[30.421221,50.515084]},"properties":{"line":"Тб28Д","mode":"bus","color":"#149a3f","colorDark":"#0a5121","band":4,"off":[6.8,1.1],"lbl":"28Д"}},{"type":"Feature","geometry":{"type":"Point","coordinates":[30.421221,50.515084]},"properties":{"line":"Тб35","mode":"bus","color":"#149a3f","colorDark":"#0a5121","band":4,"off":[0,3.1],"lbl":"35"}},{"type":"Feature","geometry":{"type":"Point","coordinates":[30.424127,50.48864]},"properties":{"name":"вул. Білицька","band":4,"modes":"bus","arr":["Тб5"],"off":[0,-0.8]}},{"type":"Feature","geometry":{"type":"Point","coordinates":[30.424127,50.48864]},"properties":{"line":"Тб5","mode":"bus","color":"#149a3f","colorDark":"#0a5121","band":4,"off":[0,1.1],"lbl":"5"}},{"type":"Feature","geometry":{"type":"Point","coordinates":[30.521913,50.451549]},"properties":{"name":"м-н Незалежності","band":4,"modes":"bus","arr":["Тб6","Тб16","Тб18"],"off":[0,-0.8]}},{"type":"Feature","geometry":{"type":"Point","coordinates":[30.521913,50.451549]},"properties":{"line":"Тб6","mode":"bus","color":"#149a3f","colorDark":"#0a5121","band":4,"off":[-3.4,1.1],"lbl":"6"}},{"type":"Feature","geometry":{"type":"Point","coordinates":[30.521913,50.451549]},"properties":{"line":"Тб16","mode":"bus","color":"#149a3f","colorDark":"#0a5121","band":4,"off":[0,1.1],"lbl":"16"}},{"type":"Feature","geometry":{"type":"Point","coordinates":[30.521913,50.451549]},"properties":{"line":"Тб18","mode":"bus","color":"#149a3f","colorDark":"#0a5121","band":4,"off":[3.4,1.1],"lbl":"18"}},{"type":"Feature","geometry":{"type":"Point","coordinates":[30.462741,50.524878]},"properties":{"name":"Мінський масив","band":4,"modes":"bus","arr":["Тб6","Тб33"],"off":[0,-0.8]}},{"type":"Feature","geometry":{"type":"Point","coordinates":[30.462741,50.524878]},"properties":{"line":"Тб6","mode":"bus","color":"#149a3f","colorDark":"#0a5121","band":4,"off":[-1.7,1.1],"lbl":"6"}},{"type":"Feature","geometry":{"type":"Point","coordinates":[30.462741,50.524878]},"properties":{"line":"Тб33","mode":"bus","color":"#149a3f","colorDark":"#0a5121","band":4,"off":[1.7,1.1],"lbl":"33"}},{"type":"Feature","geometry":{"type":"Point","coordinates":[30.346792,50.459511]},"properties":{"name":"вул. Чорнобильська","band":4,"modes":"bus","arr":["Тб7","Тб39"],"off":[0,-0.8]}},{"type":"Feature","geometry":{"type":"Point","coordinates":[30.346792,50.459511]},"properties":{"line":"Тб7","mode":"bus","color":"#149a3f","colorDark":"#0a5121","band":4,"off":[-1.7,1.1],"lbl":"7"}},{"type":"Feature","geometry":{"type":"Point","coordinates":[30.346792,50.459511]},"properties":{"line":"Тб39","mode":"bus","color":"#149a3f","colorDark":"#0a5121","band":4,"off":[1.7,1.1],"lbl":"39"}},{"type":"Feature","geometry":{"type":"Point","coordinates":[30.455243,50.421658]},"properties":{"name":"вул. Смілянська","band":4,"modes":"bus","arr":["Тб8"],"off":[0,-0.8]}},{"type":"Feature","geometry":{"type":"Point","coordinates":[30.455243,50.421658]},"properties":{"line":"Тб8","mode":"bus","color":"#149a3f","colorDark":"#0a5121","band":4,"off":[0,1.1],"lbl":"8"}},{"type":"Feature","geometry":{"type":"Point","coordinates":[30.491232,50.353628]},"properties":{"name":"Музей архітектури","band":4,"modes":"bus","arr":["Тб11"],"off":[0,-0.8]}},{"type":"Feature","geometry":{"type":"Point","coordinates":[30.491232,50.353628]},"properties":{"line":"Тб11","mode":"bus","color":"#149a3f","colorDark":"#0a5121","band":4,"off":[0,1.1],"lbl":"11"}},{"type":"Feature","geometry":{"type":"Point","coordinates":[30.488462,50.354714]},"properties":{"name":"Музей архітектури","band":4,"modes":"bus","arr":["Тб11"],"off":[0,-0.8]}},{"type":"Feature","geometry":{"type":"Point","coordinates":[30.488462,50.354714]},"properties":{"line":"Тб11","mode":"bus","color":"#149a3f","colorDark":"#0a5121","band":4,"off":[0,1.1],"lbl":"11"}},{"type":"Feature","geometry":{"type":"Point","coordinates":[30.490518,50.440852]},"properties":{"name":"Залізн вокзал","band":4,"modes":"bus","arr":["Тб12","Тб14"],"off":[0,-0.8]}},{"type":"Feature","geometry":{"type":"Point","coordinates":[30.490518,50.440852]},"properties":{"line":"Тб12","mode":"bus","color":"#149a3f","colorDark":"#0a5121","band":4,"off":[-1.7,1.1],"lbl":"12"}},{"type":"Feature","geometry":{"type":"Point","coordinates":[30.490518,50.440852]},"properties":{"line":"Тб14","mode":"bus","color":"#149a3f","colorDark":"#0a5121","band":4,"off":[1.7,1.1],"lbl":"14"}},{"type":"Feature","geometry":{"type":"Point","coordinates":[30.557923,50.402762]},"properties":{"name":"ст.м. Видубичі","band":4,"modes":"bus","arr":["Тб15","Тб38"],"off":[0,-0.8]}},{"type":"Feature","geometry":{"type":"Point","coordinates":[30.557923,50.402762]},"properties":{"line":"Тб15","mode":"bus","color":"#149a3f","colorDark":"#0a5121","band":4,"off":[-1.7,1.1],"lbl":"15"}},{"type":"Feature","geometry":{"type":"Point","coordinates":[30.557923,50.402762]},"properties":{"line":"Тб38","mode":"bus","color":"#149a3f","colorDark":"#0a5121","band":4,"off":[1.7,1.1],"lbl":"38"}},{"type":"Feature","geometry":{"type":"Point","coordinates":[30.5543,50.403061]},"properties":{"name":"ст.м. Видубичі","band":4,"modes":"bus","arr":["Тб15"],"off":[0,-0.8]}},{"type":"Feature","geometry":{"type":"Point","coordinates":[30.5543,50.403061]},"properties":{"line":"Тб15","mode":"bus","color":"#149a3f","colorDark":"#0a5121","band":4,"off":[0,1.1],"lbl":"15"}},{"type":"Feature","geometry":{"type":"Point","coordinates":[30.395727,50.484856]},"properties":{"name":"вул. Мрії","band":4,"modes":"bus","arr":["Тб16","Тб23Д"],"off":[0,-0.8]}},{"type":"Feature","geometry":{"type":"Point","coordinates":[30.395727,50.484856]},"properties":{"line":"Тб16","mode":"bus","color":"#149a3f","colorDark":"#0a5121","band":4,"off":[-1.7,1.1],"lbl":"16"}},{"type":"Feature","geometry":{"type":"Point","coordinates":[30.395727,50.484856]},"properties":{"line":"Тб23Д","mode":"bus","color":"#149a3f","colorDark":"#0a5121","band":4,"off":[1.7,1.1],"lbl":"23Д"}},{"type":"Feature","geometry":{"type":"Point","coordinates":[30.456698,50.431206]},"properties":{"name":"пл. Космонавтів","band":4,"modes":"bus","arr":["Тб17","Тб19"],"off":[0,-0.8]}},{"type":"Feature","geometry":{"type":"Point","coordinates":[30.456698,50.431206]},"properties":{"line":"Тб17","mode":"bus","color":"#149a3f","colorDark":"#0a5121","band":4,"off":[-1.7,1.1],"lbl":"17"}},{"type":"Feature","geometry":{"type":"Point","coordinates":[30.456698,50.431206]},"properties":{"line":"Тб19","mode":"bus","color":"#149a3f","colorDark":"#0a5121","band":4,"off":[1.7,1.1],"lbl":"19"}},{"type":"Feature","geometry":{"type":"Point","coordinates":[30.44724,50.521329]},"properties":{"name":"вул. Сошенка","band":4,"modes":"bus","arr":["Тб18","Тб32"],"off":[0,-0.8]}},{"type":"Feature","geometry":{"type":"Point","coordinates":[30.44724,50.521329]},"properties":{"line":"Тб18","mode":"bus","color":"#149a3f","colorDark":"#0a5121","band":4,"off":[-1.7,1.1],"lbl":"18"}},{"type":"Feature","geometry":{"type":"Point","coordinates":[30.44724,50.521329]},"properties":{"line":"Тб32","mode":"bus","color":"#149a3f","colorDark":"#0a5121","band":4,"off":[1.7,1.1],"lbl":"32"}},{"type":"Feature","geometry":{"type":"Point","coordinates":[30.447672,50.521128]},"properties":{"name":"вул. Сошенка","band":4,"modes":"bus","arr":["Тб18"],"off":[0,-0.8]}},{"type":"Feature","geometry":{"type":"Point","coordinates":[30.447672,50.521128]},"properties":{"line":"Тб18","mode":"bus","color":"#149a3f","colorDark":"#0a5121","band":4,"off":[0,1.1],"lbl":"18"}},{"type":"Feature","geometry":{"type":"Point","coordinates":[30.444907,50.479839]},"properties":{"name":"вул. Ольжича","band":4,"modes":"bus","arr":["Тб19","Тб22к","Тб42"],"off":[0,-0.8]}},{"type":"Feature","geometry":{"type":"Point","coordinates":[30.444907,50.479839]},"properties":{"line":"Тб19","mode":"bus","color":"#149a3f","colorDark":"#0a5121","band":4,"off":[-3.4,1.1],"lbl":"19"}},{"type":"Feature","geometry":{"type":"Point","coordinates":[30.444907,50.479839]},"properties":{"line":"Тб22к","mode":"bus","color":"#149a3f","colorDark":"#0a5121","band":4,"off":[0,1.1],"lbl":"22к"}},{"type":"Feature","geometry":{"type":"Point","coordinates":[30.444907,50.479839]},"properties":{"line":"Тб42","mode":"bus","color":"#149a3f","colorDark":"#0a5121","band":4,"off":[3.4,1.1],"lbl":"42"}},{"type":"Feature","geometry":{"type":"Point","coordinates":[30.464303,50.414501]},"properties":{"name":"Кадетський гай","band":4,"modes":"bus","arr":["Тб22к","Тб30","Тб35","Тб40","Тб40к"],"off":[0,-0.8]}},{"type":"Feature","geometry":{"type":"Point","coordinates":[30.464303,50.414501]},"properties":{"line":"Тб22к","mode":"bus","color":"#149a3f","colorDark":"#0a5121","band":4,"off":[-6.8,1.1],"lbl":"22к"}},{"type":"Feature","geometry":{"type":"Point","coordinates":[30.464303,50.414501]},"properties":{"line":"Тб30","mode":"bus","color":"#149a3f","colorDark":"#0a5121","band":4,"off":[-3.4,1.1],"lbl":"30"}},{"type":"Feature","geometry":{"type":"Point","coordinates":[30.464303,50.414501]},"properties":{"line":"Тб35","mode":"bus","color":"#149a3f","colorDark":"#0a5121","band":4,"off":[0,1.1],"lbl":"35"}},{"type":"Feature","geometry":{"type":"Point","coordinates":[30.464303,50.414501]},"properties":{"line":"Тб40","mode":"bus","color":"#149a3f","colorDark":"#0a5121","band":4,"off":[3.4,1.1],"lbl":"40"}},{"type":"Feature","geometry":{"type":"Point","coordinates":[30.464303,50.414501]},"properties":{"line":"Тб40к","mode":"bus","color":"#149a3f","colorDark":"#0a5121","band":4,"off":[6.8,1.1],"lbl":"40к"}},{"type":"Feature","geometry":{"type":"Point","coordinates":[30.482951,50.449625]},"properties":{"name":"Повітрофл ш/пр","band":4,"modes":"bus","arr":["Тб23Д","Тб28Д","Тб31Д"],"off":[0,-0.8]}},{"type":"Feature","geometry":{"type":"Point","coordinates":[30.482951,50.449625]},"properties":{"line":"Тб23Д","mode":"bus","color":"#149a3f","colorDark":"#0a5121","band":4,"off":[-3.4,1.1],"lbl":"23Д"}},{"type":"Feature","geometry":{"type":"Point","coordinates":[30.482951,50.449625]},"properties":{"line":"Тб28Д","mode":"bus","color":"#149a3f","colorDark":"#0a5121","band":4,"off":[0,1.1],"lbl":"28Д"}},{"type":"Feature","geometry":{"type":"Point","coordinates":[30.482951,50.449625]},"properties":{"line":"Тб31Д","mode":"bus","color":"#149a3f","colorDark":"#0a5121","band":4,"off":[3.4,1.1],"lbl":"31Д"}},{"type":"Feature","geometry":{"type":"Point","coordinates":[30.498113,50.486496]},"properties":{"name":"м. Почайна (25)","band":4,"modes":"bus","arr":["Тб25"],"off":[0,-0.8]}},{"type":"Feature","geometry":{"type":"Point","coordinates":[30.498113,50.486496]},"properties":{"line":"Тб25","mode":"bus","color":"#149a3f","colorDark":"#0a5121","band":4,"off":[0,1.1],"lbl":"25"}},{"type":"Feature","geometry":{"type":"Point","coordinates":[30.428539,50.413045]},"properties":{"name":"ст. Київ-Волинський","band":4,"modes":"bus","arr":["Тб27"],"off":[0,-0.8]}},{"type":"Feature","geometry":{"type":"Point","coordinates":[30.428539,50.413045]},"properties":{"line":"Тб27","mode":"bus","color":"#149a3f","colorDark":"#0a5121","band":4,"off":[0,1.1],"lbl":"27"}},{"type":"Feature","geometry":{"type":"Point","coordinates":[30.497661,50.487111]},"properties":{"name":"ст. м. Почайна","band":4,"modes":"bus","arr":["Тб27"],"off":[0,-0.8]}},{"type":"Feature","geometry":{"type":"Point","coordinates":[30.497661,50.487111]},"properties":{"line":"Тб27","mode":"bus","color":"#149a3f","colorDark":"#0a5121","band":4,"off":[0,1.1],"lbl":"27"}},{"type":"Feature","geometry":{"type":"Point","coordinates":[30.483439,50.450739]},"properties":{"name":"Повітрофл ш/пр","band":4,"modes":"bus","arr":["Тб28Д"],"off":[0,-0.8]}},{"type":"Feature","geometry":{"type":"Point","coordinates":[30.483439,50.450739]},"properties":{"line":"Тб28Д","mode":"bus","color":"#149a3f","colorDark":"#0a5121","band":4,"off":[0,1.1],"lbl":"28Д"}},{"type":"Feature","geometry":{"type":"Point","coordinates":[30.484854,50.488734]},"properties":{"name":"ст. Куренівка","band":4,"modes":"bus","arr":["Тб29"],"off":[0,-0.8]}},{"type":"Feature","geometry":{"type":"Point","coordinates":[30.484854,50.488734]},"properties":{"line":"Тб29","mode":"bus","color":"#149a3f","colorDark":"#0a5121","band":4,"off":[0,1.1],"lbl":"29"}},{"type":"Feature","geometry":{"type":"Point","coordinates":[30.625652,50.444272]},"properties":{"name":"Дарницька пл","band":4,"modes":"bus","arr":["Тб29","Тб43","Тб50к"],"off":[0,-0.8]}},{"type":"Feature","geometry":{"type":"Point","coordinates":[30.625652,50.444272]},"properties":{"line":"Тб29","mode":"bus","color":"#149a3f","colorDark":"#0a5121","band":4,"off":[-3.4,1.1],"lbl":"29"}},{"type":"Feature","geometry":{"type":"Point","coordinates":[30.625652,50.444272]},"properties":{"line":"Тб43","mode":"bus","color":"#149a3f","colorDark":"#0a5121","band":4,"off":[0,1.1],"lbl":"43"}},{"type":"Feature","geometry":{"type":"Point","coordinates":[30.625652,50.444272]},"properties":{"line":"Тб50к","mode":"bus","color":"#149a3f","colorDark":"#0a5121","band":4,"off":[3.4,1.1],"lbl":"50к"}},{"type":"Feature","geometry":{"type":"Point","coordinates":[30.620078,50.527497]},"properties":{"name":"вул. Милославська. (30)","band":4,"modes":"bus","arr":["Тб30","Тб47","Тб50","Тб50к"],"off":[0,-0.8]}},{"type":"Feature","geometry":{"type":"Point","coordinates":[30.620078,50.527497]},"properties":{"line":"Тб30","mode":"bus","color":"#149a3f","colorDark":"#0a5121","band":4,"off":[-5.1,1.1],"lbl":"30"}},{"type":"Feature","geometry":{"type":"Point","coordinates":[30.620078,50.527497]},"properties":{"line":"Тб47","mode":"bus","color":"#149a3f","colorDark":"#0a5121","band":4,"off":[-1.7,1.1],"lbl":"47"}},{"type":"Feature","geometry":{"type":"Point","coordinates":[30.620078,50.527497]},"properties":{"line":"Тб50","mode":"bus","color":"#149a3f","colorDark":"#0a5121","band":4,"off":[1.7,1.1],"lbl":"50"}},{"type":"Feature","geometry":{"type":"Point","coordinates":[30.620078,50.527497]},"properties":{"line":"Тб50к","mode":"bus","color":"#149a3f","colorDark":"#0a5121","band":4,"off":[5.1,1.1],"lbl":"50к"}},{"type":"Feature","geometry":{"type":"Point","coordinates":[30.485668,50.439075]},"properties":{"name":"Південний вокзал","band":4,"modes":"bus","arr":["Тб33"],"off":[0,-0.8]}},{"type":"Feature","geometry":{"type":"Point","coordinates":[30.485668,50.439075]},"properties":{"line":"Тб33","mode":"bus","color":"#149a3f","colorDark":"#0a5121","band":4,"off":[0,1.1],"lbl":"33"}},{"type":"Feature","geometry":{"type":"Point","coordinates":[30.498117,50.487949]},"properties":{"name":"м. Почайна (29)","band":4,"modes":"bus","arr":["Тб34"],"off":[0,-0.8]}},{"type":"Feature","geometry":{"type":"Point","coordinates":[30.498117,50.487949]},"properties":{"line":"Тб34","mode":"bus","color":"#149a3f","colorDark":"#0a5121","band":4,"off":[0,1.1],"lbl":"34"}},{"type":"Feature","geometry":{"type":"Point","coordinates":[30.641844,50.465726]},"properties":{"name":"ст.м. Лісова","band":4,"modes":"bus","arr":["Тб37"],"off":[0,-0.8]}},{"type":"Feature","geometry":{"type":"Point","coordinates":[30.641844,50.465726]},"properties":{"line":"Тб37","mode":"bus","color":"#149a3f","colorDark":"#0a5121","band":4,"off":[0,1.1],"lbl":"37"}},{"type":"Feature","geometry":{"type":"Point","coordinates":[30.555334,50.433179]},"properties":{"name":"Музей історії України","band":4,"modes":"bus","arr":["Тб38"],"off":[0,-0.8]}},{"type":"Feature","geometry":{"type":"Point","coordinates":[30.555334,50.433179]},"properties":{"line":"Тб38","mode":"bus","color":"#149a3f","colorDark":"#0a5121","band":4,"off":[0,1.1],"lbl":"38"}},{"type":"Feature","geometry":{"type":"Point","coordinates":[30.365373,50.427026]},"properties":{"name":"просп. Курбаса","band":4,"modes":"bus","arr":["Тб39"],"off":[0,-0.8]}},{"type":"Feature","geometry":{"type":"Point","coordinates":[30.365373,50.427026]},"properties":{"line":"Тб39","mode":"bus","color":"#149a3f","colorDark":"#0a5121","band":4,"off":[0,1.1],"lbl":"39"}},{"type":"Feature","geometry":{"type":"Point","coordinates":[30.366568,50.424835]},"properties":{"name":"просп. Курбаса","band":4,"modes":"bus","arr":["Тб39"],"off":[0,-0.8]}},{"type":"Feature","geometry":{"type":"Point","coordinates":[30.366568,50.424835]},"properties":{"line":"Тб39","mode":"bus","color":"#149a3f","colorDark":"#0a5121","band":4,"off":[0,1.1],"lbl":"39"}},{"type":"Feature","geometry":{"type":"Point","coordinates":[30.513608,50.434738]},"properties":{"name":"вул. Жилянська 1","band":4,"modes":"bus","arr":["Тб40к"],"off":[0,-0.8]}},{"type":"Feature","geometry":{"type":"Point","coordinates":[30.513608,50.434738]},"properties":{"line":"Тб40к","mode":"bus","color":"#149a3f","colorDark":"#0a5121","band":4,"off":[0,1.1],"lbl":"40к"}},{"type":"Feature","geometry":{"type":"Point","coordinates":[30.388076,50.458043]},"properties":{"name":"ст.м. Святошин","band":4,"modes":"bus","arr":["Тб41"],"off":[0,-0.8]}},{"type":"Feature","geometry":{"type":"Point","coordinates":[30.388076,50.458043]},"properties":{"line":"Тб41","mode":"bus","color":"#149a3f","colorDark":"#0a5121","band":4,"off":[0,1.1],"lbl":"41"}},{"type":"Feature","geometry":{"type":"Point","coordinates":[30.364206,50.429638]},"properties":{"name":"вул. Тулузи","band":4,"modes":"bus","arr":["Тб41"],"off":[0,-0.8]}},{"type":"Feature","geometry":{"type":"Point","coordinates":[30.364206,50.429638]},"properties":{"line":"Тб41","mode":"bus","color":"#149a3f","colorDark":"#0a5121","band":4,"off":[0,1.1],"lbl":"41"}},{"type":"Feature","geometry":{"type":"Point","coordinates":[30.368582,50.430789]},"properties":{"name":"вул. Тулузи","band":4,"modes":"bus","arr":["Тб41"],"off":[0,-0.8]}},{"type":"Feature","geometry":{"type":"Point","coordinates":[30.368582,50.430789]},"properties":{"line":"Тб41","mode":"bus","color":"#149a3f","colorDark":"#0a5121","band":4,"off":[0,1.1],"lbl":"41"}},{"type":"Feature","geometry":{"type":"Point","coordinates":[30.444465,50.361574]},"properties":{"name":"Кібцентр","band":4,"modes":"bus","arr":["Тб43"],"off":[0,-0.8]}},{"type":"Feature","geometry":{"type":"Point","coordinates":[30.444465,50.361574]},"properties":{"line":"Тб43","mode":"bus","color":"#149a3f","colorDark":"#0a5121","band":4,"off":[0,1.1],"lbl":"43"}},{"type":"Feature","geometry":{"type":"Point","coordinates":[30.523532,50.491369]},"properties":{"name":"просп. Бандери","band":4,"modes":"bus","arr":["Тб44"],"off":[0,-0.8]}},{"type":"Feature","geometry":{"type":"Point","coordinates":[30.523532,50.491369]},"properties":{"line":"Тб44","mode":"bus","color":"#149a3f","colorDark":"#0a5121","band":4,"off":[0,1.1],"lbl":"44"}},{"type":"Feature","geometry":{"type":"Point","coordinates":[30.478181,50.381889]},"properties":{"name":"ст.м. Виставковий центр","band":4,"modes":"bus","arr":["Тб45"],"off":[0,-0.8]}},{"type":"Feature","geometry":{"type":"Point","coordinates":[30.478181,50.381889]},"properties":{"line":"Тб45","mode":"bus","color":"#149a3f","colorDark":"#0a5121","band":4,"off":[0,1.1],"lbl":"45"}},{"type":"Feature","geometry":{"type":"Point","coordinates":[30.497502,50.512042]},"properties":{"name":"ст.м. Мінська","band":4,"modes":"bus","arr":["Тб47"],"off":[0,-0.8]}},{"type":"Feature","geometry":{"type":"Point","coordinates":[30.497502,50.512042]},"properties":{"line":"Тб47","mode":"bus","color":"#149a3f","colorDark":"#0a5121","band":4,"off":[0,1.1],"lbl":"47"}},{"type":"Feature","geometry":{"type":"Point","coordinates":[30.489058,50.443651]},"properties":{"name":"ст. Старовокзальна","band":4,"modes":"tram","arr":["Тм1","Тм3","Тм15","Тм18"],"off":[0,-0.8]}},{"type":"Feature","geometry":{"type":"Point","coordinates":[30.489058,50.443651]},"properties":{"name":"вул. Старовокзальна","band":4,"modes":"tram","arr":["Тм1","Тм3","Тм15","Тм18"],"off":[0,-1.9]}},{"type":"Feature","geometry":{"type":"Point","coordinates":[30.489058,50.443651]},"properties":{"line":"Тм1","mode":"tram","color":"#d6212b","colorDark":"#7c1116","band":4,"off":[-5.1,1.1],"lbl":"1"}},{"type":"Feature","geometry":{"type":"Point","coordinates":[30.489058,50.443651]},"properties":{"line":"Тм3","mode":"tram","color":"#d6212b","colorDark":"#7c1116","band":4,"off":[-1.7,1.1],"lbl":"3"}},{"type":"Feature","geometry":{"type":"Point","coordinates":[30.489058,50.443651]},"properties":{"line":"Тм15","mode":"tram","color":"#d6212b","colorDark":"#7c1116","band":4,"off":[1.7,1.1],"lbl":"15"}},{"type":"Feature","geometry":{"type":"Point","coordinates":[30.489058,50.443651]},"properties":{"line":"Тм18","mode":"tram","color":"#d6212b","colorDark":"#7c1116","band":4,"off":[5.1,1.1],"lbl":"18"}},{"type":"Feature","geometry":{"type":"Point","coordinates":[30.407933,50.407794]},"properties":{"name":"Мих Борщагівка","band":4,"modes":"tram","arr":["Тм1"],"off":[0,-0.8]}},{"type":"Feature","geometry":{"type":"Point","coordinates":[30.407933,50.407794]},"properties":{"line":"Тм1","mode":"tram","color":"#d6212b","colorDark":"#7c1116","band":4,"off":[0,1.1],"lbl":"1"}},{"type":"Feature","geometry":{"type":"Point","coordinates":[30.374223,50.426503]},"properties":{"name":"ст. Жуля Верна","band":4,"modes":"tram","arr":["Тм2","Тм3"],"off":[0,-0.8]}},{"type":"Feature","geometry":{"type":"Point","coordinates":[30.374223,50.426503]},"properties":{"line":"Тм2","mode":"tram","color":"#d6212b","colorDark":"#7c1116","band":4,"off":[-1.7,1.1],"lbl":"2"}},{"type":"Feature","geometry":{"type":"Point","coordinates":[30.374223,50.426503]},"properties":{"line":"Тм3","mode":"tram","color":"#d6212b","colorDark":"#7c1116","band":4,"off":[1.7,1.1],"lbl":"3"}},{"type":"Feature","geometry":{"type":"Point","coordinates":[30.410768,50.412153]},"properties":{"name":"Корольова","band":4,"modes":"tram","arr":["Тм2"],"off":[0,-0.8]}},{"type":"Feature","geometry":{"type":"Point","coordinates":[30.410768,50.412153]},"properties":{"line":"Тм2","mode":"tram","color":"#d6212b","colorDark":"#7c1116","band":4,"off":[0,1.1],"lbl":"2"}},{"type":"Feature","geometry":{"type":"Point","coordinates":[30.642751,50.463407]},"properties":{"name":"ст.м. Лісова","band":4,"modes":"tram","arr":["Тм8","Тм22к","Тм23к","Тм29","Тм33к"],"off":[0,-0.8]}},{"type":"Feature","geometry":{"type":"Point","coordinates":[30.642751,50.463407]},"properties":{"line":"Тм8","mode":"tram","color":"#d6212b","colorDark":"#7c1116","band":4,"off":[-6.8,1.1],"lbl":"8"}},{"type":"Feature","geometry":{"type":"Point","coordinates":[30.642751,50.463407]},"properties":{"line":"Тм22к","mode":"tram","color":"#d6212b","colorDark":"#7c1116","band":4,"off":[-3.4,1.1],"lbl":"22к"}},{"type":"Feature","geometry":{"type":"Point","coordinates":[30.642751,50.463407]},"properties":{"line":"Тм23к","mode":"tram","color":"#d6212b","colorDark":"#7c1116","band":4,"off":[0,1.1],"lbl":"23к"}},{"type":"Feature","geometry":{"type":"Point","coordinates":[30.642751,50.463407]},"properties":{"line":"Тм29","mode":"tram","color":"#d6212b","colorDark":"#7c1116","band":4,"off":[3.4,1.1],"lbl":"29"}},{"type":"Feature","geometry":{"type":"Point","coordinates":[30.642751,50.463407]},"properties":{"line":"Тм33к","mode":"tram","color":"#d6212b","colorDark":"#7c1116","band":4,"off":[6.8,1.1],"lbl":"33к"}},{"type":"Feature","geometry":{"type":"Point","coordinates":[30.632847,50.401252]},"properties":{"name":"ст.м. Позняки","band":4,"modes":"tram","arr":["Тм8","Тм25"],"off":[0,-0.8]}},{"type":"Feature","geometry":{"type":"Point","coordinates":[30.632847,50.401252]},"properties":{"line":"Тм8","mode":"tram","color":"#d6212b","colorDark":"#7c1116","band":4,"off":[-1.7,1.1],"lbl":"8"}},{"type":"Feature","geometry":{"type":"Point","coordinates":[30.632847,50.401252]},"properties":{"line":"Тм25","mode":"tram","color":"#d6212b","colorDark":"#7c1116","band":4,"off":[1.7,1.1],"lbl":"25"}},{"type":"Feature","geometry":{"type":"Point","coordinates":[30.517276,50.465682]},"properties":{"name":"Контрактова пл.","band":4,"modes":"tram","arr":["Тм11","Тм12","Тм14","Тм16","Тм18","Тм19"],"off":[0,-0.8]}},{"type":"Feature","geometry":{"type":"Point","coordinates":[30.517276,50.465682]},"properties":{"line":"Тм11","mode":"tram","color":"#d6212b","colorDark":"#7c1116","band":4,"off":[-6.8,1.1],"lbl":"11"}},{"type":"Feature","geometry":{"type":"Point","coordinates":[30.517276,50.465682]},"properties":{"line":"Тм12","mode":"tram","color":"#d6212b","colorDark":"#7c1116","band":4,"off":[-3.4,1.1],"lbl":"12"}},{"type":"Feature","geometry":{"type":"Point","coordinates":[30.517276,50.465682]},"properties":{"line":"Тм14","mode":"tram","color":"#d6212b","colorDark":"#7c1116","band":4,"off":[0,1.1],"lbl":"14"}},{"type":"Feature","geometry":{"type":"Point","coordinates":[30.517276,50.465682]},"properties":{"line":"Тм16","mode":"tram","color":"#d6212b","colorDark":"#7c1116","band":4,"off":[3.4,1.1],"lbl":"16"}},{"type":"Feature","geometry":{"type":"Point","coordinates":[30.517276,50.465682]},"properties":{"line":"Тм18","mode":"tram","color":"#d6212b","colorDark":"#7c1116","band":4,"off":[6.8,1.1],"lbl":"18"}},{"type":"Feature","geometry":{"type":"Point","coordinates":[30.517276,50.465682]},"properties":{"line":"Тм19","mode":"tram","color":"#d6212b","colorDark":"#7c1116","band":4,"off":[0,3.1],"lbl":"19"}},{"type":"Feature","geometry":{"type":"Point","coordinates":[30.504323,50.499029]},"properties":{"name":"вул. Йорданська","band":4,"modes":"tram","arr":["Тм11","Тм17"],"off":[0,-0.8]}},{"type":"Feature","geometry":{"type":"Point","coordinates":[30.504323,50.499029]},"properties":{"line":"Тм11","mode":"tram","color":"#d6212b","colorDark":"#7c1116","band":4,"off":[-1.7,1.1],"lbl":"11"}},{"type":"Feature","geometry":{"type":"Point","coordinates":[30.504323,50.499029]},"properties":{"line":"Тм17","mode":"tram","color":"#d6212b","colorDark":"#7c1116","band":4,"off":[1.7,1.1],"lbl":"17"}},{"type":"Feature","geometry":{"type":"Point","coordinates":[30.335335,50.552519]},"properties":{"name":"Пуща-Водиця","band":4,"modes":"tram","arr":["Тм12","Тм17"],"off":[0,-0.8]}},{"type":"Feature","geometry":{"type":"Point","coordinates":[30.335335,50.552519]},"properties":{"line":"Тм12","mode":"tram","color":"#d6212b","colorDark":"#7c1116","band":4,"off":[-1.7,1.1],"lbl":"12"}},{"type":"Feature","geometry":{"type":"Point","coordinates":[30.335335,50.552519]},"properties":{"line":"Тм17","mode":"tram","color":"#d6212b","colorDark":"#7c1116","band":4,"off":[1.7,1.1],"lbl":"17"}},{"type":"Feature","geometry":{"type":"Point","coordinates":[30.425111,50.420634]},"properties":{"name":"Проспект Відрадний","band":4,"modes":"tram","arr":["Тм14","Тм15"],"off":[0,-0.8]}},{"type":"Feature","geometry":{"type":"Point","coordinates":[30.425111,50.420634]},"properties":{"line":"Тм14","mode":"tram","color":"#d6212b","colorDark":"#7c1116","band":4,"off":[-1.7,1.1],"lbl":"14"}},{"type":"Feature","geometry":{"type":"Point","coordinates":[30.425111,50.420634]},"properties":{"line":"Тм15","mode":"tram","color":"#d6212b","colorDark":"#7c1116","band":4,"off":[1.7,1.1],"lbl":"15"}},{"type":"Feature","geometry":{"type":"Point","coordinates":[30.495539,50.522823]},"properties":{"name":"ст.м.Героїв Дніпра","band":4,"modes":"tram","arr":["Тм16"],"off":[0,-0.8]}},{"type":"Feature","geometry":{"type":"Point","coordinates":[30.495539,50.522823]},"properties":{"line":"Тм16","mode":"tram","color":"#d6212b","colorDark":"#7c1116","band":4,"off":[0,1.1],"lbl":"16"}},{"type":"Feature","geometry":{"type":"Point","coordinates":[30.45098,50.520618]},"properties":{"name":"пл.Шевченка","band":4,"modes":"tram","arr":["Тм19"],"off":[0,-0.8]}},{"type":"Feature","geometry":{"type":"Point","coordinates":[30.45098,50.520618]},"properties":{"line":"Тм19","mode":"tram","color":"#d6212b","colorDark":"#7c1116","band":4,"off":[0,1.1],"lbl":"19"}},{"type":"Feature","geometry":{"type":"Point","coordinates":[30.688661,50.424955]},"properties":{"name":"ЗЗБК","band":4,"modes":"tram","arr":["Тм22к","Тм25"],"off":[0,-0.8]}},{"type":"Feature","geometry":{"type":"Point","coordinates":[30.688661,50.424955]},"properties":{"line":"Тм22к","mode":"tram","color":"#d6212b","colorDark":"#7c1116","band":4,"off":[-1.7,1.1],"lbl":"22к"}},{"type":"Feature","geometry":{"type":"Point","coordinates":[30.688661,50.424955]},"properties":{"line":"Тм25","mode":"tram","color":"#d6212b","colorDark":"#7c1116","band":4,"off":[1.7,1.1],"lbl":"25"}},{"type":"Feature","geometry":{"type":"Point","coordinates":[30.67631,50.448529]},"properties":{"name":"ДВРЗ","band":4,"modes":"tram","arr":["Тм23к","Тм33к"],"off":[0,-0.8]}},{"type":"Feature","geometry":{"type":"Point","coordinates":[30.67631,50.448529]},"properties":{"line":"Тм23к","mode":"tram","color":"#d6212b","colorDark":"#7c1116","band":4,"off":[-1.7,1.1],"lbl":"23к"}},{"type":"Feature","geometry":{"type":"Point","coordinates":[30.67631,50.448529]},"properties":{"line":"Тм33к","mode":"tram","color":"#d6212b","colorDark":"#7c1116","band":4,"off":[1.7,1.1],"lbl":"33к"}},{"type":"Feature","geometry":{"type":"Point","coordinates":[30.68469,50.404222]},"properties":{"name":"ст.м. Бориспільська","band":4,"modes":"tram","arr":["Тм29"],"off":[0,-0.8]}},{"type":"Feature","geometry":{"type":"Point","coordinates":[30.68469,50.404222]},"properties":{"line":"Тм29","mode":"tram","color":"#d6212b","colorDark":"#7c1116","band":4,"off":[0,1.1],"lbl":"29"}},{"type":"Feature","geometry":{"type":"Point","coordinates":[30.639101,50.461856]},"properties":{"name":"ст.м. Лісова","band":4,"modes":"tram","arr":["Тм33к"],"off":[0,-0.8]}},{"type":"Feature","geometry":{"type":"Point","coordinates":[30.639101,50.461856]},"properties":{"line":"Тм33к","mode":"tram","color":"#d6212b","colorDark":"#7c1116","band":4,"off":[0,1.1],"lbl":"33к"}}]}