{"type":"FeatureCollection","features":[{"type":"Feature","geometry":{"type":"Point","coordinates":[30.474998,50.449554]},"properties":{"lines":"2","color":"#0059a9","mode":"bus","arr":["2"],"angle":-23.9,"side":-1}},{"type":"Feature","geometry":{"type":"Point","coordinates":[30.43289,50.442152]},"properties":{"lines":"2","color":"#0059a9","mode":"bus","arr":["2"],"angle":-17.2,"mi":3}},{"type":"Feature","geometry":{"type":"Point","coordinates":[30.432593,50.442711]},"properties":{"lines":"2","color":"#0059a9","mode":"bus","arr":["2"],"angle":-11.8,"mi":2}},{"type":"Feature","geometry":{"type":"Point","coordinates":[30.43209,50.443283]},"properties":{"lines":"2","color":"#0059a9","mode":"bus","arr":["2"],"angle":64.7,"mi":1}},{"type":"Feature","geometry":{"type":"Point","coordinates":[30.411764,50.435308]},"properties":{"lines":"2","color":"#0059a9","mode":"bus","arr":["2"],"angle":68.1,"mi":10}},{"type":"Feature","geometry":{"type":"Point","coordinates":[30.399063,50.420021]},"properties":{"lines":"2","color":"#0059a9","mode":"bus","arr":["2"],"angle":-37.1,"mi":7}},{"type":"Feature","geometry":{"type":"Point","coordinates":[30.408442,50.413238]},"properties":{"lines":"2","color":"#0059a9","mode":"bus","arr":["2"],"angle":54.3,"side":-1,"mi":3}},{"type":"Feature","geometry":{"type":"Point","coordinates":[30.478116,50.449163]},"properties":{"lines":"118д, 4, 5, 7","color":"#0059a9","mode":"bus","arr":["118д","Тб4","Тб5","Тб7"],"tLines":"4, 5, 7","ntLines":"118д","angle":15.4,"side":-1}},{"type":"Feature","geometry":{"type":"Point","coordinates":[30.474678,50.449755]},"properties":{"lines":"118д, 4, 5, 7","color":"#0059a9","mode":"bus","arr":["118д","Тб4","Тб5","Тб7"],"tLines":"4, 5, 7","ntLines":"118д","angle":14,"mi":1}},{"type":"Feature","geometry":{"type":"Point","coordinates":[30.463557,50.451551]},"properties":{"lines":"2, 118д, 4, 5, 7","color":"#0059a9","mode":"bus","arr":["2","118д","Тб4","Тб5","Тб7"],"tLines":"4, 5, 7","ntLines":"2, 118д","angle":13.7,"side":-1}},{"type":"Feature","geometry":{"type":"Point","coordinates":[30.475799,50.449573]},"properties":{"lines":"2, 118д, 4, 5, 7","color":"#0059a9","mode":"bus","arr":["2","118д","Тб4","Тб5","Тб7"],"tLines":"4, 5, 7","ntLines":"2, 118д","angle":14.6,"side":-1,"mi":1}},{"type":"Feature","geometry":{"type":"Point","coordinates":[30.454456,50.453047]},"properties":{"lines":"2, 118д, 4, 5, 7","color":"#0059a9","mode":"bus","arr":["2","118д","Тб4","Тб5","Тб7"],"tLines":"4, 5, 7","ntLines":"2, 118д","angle":14.7,"extra":1,"ei":0,"side":-1}},{"type":"Feature","geometry":{"type":"Point","coordinates":[30.457323,50.452569]},"properties":{"lines":"2, 118д, 4, 5, 7","color":"#0059a9","mode":"bus","arr":["2","118д","Тб4","Тб5","Тб7"],"tLines":"4, 5, 7","ntLines":"2, 118д","angle":14.7,"extra":1,"ei":1,"side":-1}},{"type":"Feature","geometry":{"type":"Point","coordinates":[30.46019,50.45209]},"properties":{"lines":"2, 118д, 4, 5, 7","color":"#0059a9","mode":"bus","arr":["2","118д","Тб4","Тб5","Тб7"],"tLines":"4, 5, 7","ntLines":"2, 118д","angle":14.7,"extra":1,"ei":2,"side":-1}},{"type":"Feature","geometry":{"type":"Point","coordinates":[30.465942,50.45118]},"properties":{"lines":"2, 118д, 4, 5, 7","color":"#0059a9","mode":"bus","arr":["2","118д","Тб4","Тб5","Тб7"],"tLines":"4, 5, 7","ntLines":"2, 118д","angle":14.1,"extra":1,"ei":3,"side":-1}},{"type":"Feature","geometry":{"type":"Point","coordinates":[30.468809,50.450701]},"properties":{"lines":"2, 118д, 4, 5, 7","color":"#0059a9","mode":"bus","arr":["2","118д","Тб4","Тб5","Тб7"],"tLines":"4, 5, 7","ntLines":"2, 118д","angle":14.9,"extra":1,"ei":4,"side":-1}},{"type":"Feature","geometry":{"type":"Point","coordinates":[30.471681,50.450237]},"properties":{"lines":"2, 118д, 4, 5, 7","color":"#0059a9","mode":"bus","arr":["2","118д","Тб4","Тб5","Тб7"],"tLines":"4, 5, 7","ntLines":"2, 118д","angle":14.2,"extra":1,"ei":5,"side":-1}},{"type":"Feature","geometry":{"type":"Point","coordinates":[30.476043,50.448626]},"properties":{"lines":"2","color":"#0059a9","mode":"bus","arr":["2"],"angle":-77.5,"mi":1}},{"type":"Feature","geometry":{"type":"Point","coordinates":[30.433362,50.442328]},"properties":{"lines":"2","color":"#0059a9","mode":"bus","arr":["2"],"angle":-87.6,"side":-1,"mi":5}},{"type":"Feature","geometry":{"type":"Point","coordinates":[30.43382,50.449748]},"properties":{"lines":"2","color":"#0059a9","mode":"bus","arr":["2"],"angle":-76.9,"mi":12}},{"type":"Feature","geometry":{"type":"Point","coordinates":[30.431745,50.444382]},"properties":{"lines":"2","color":"#0059a9","mode":"bus","arr":["2"],"angle":-76.3,"extra":1,"ei":0}},{"type":"Feature","geometry":{"type":"Point","coordinates":[30.432481,50.446212]},"properties":{"lines":"2","color":"#0059a9","mode":"bus","arr":["2"],"angle":-75.8,"extra":1,"ei":1,"side":-1}},{"type":"Feature","geometry":{"type":"Point","coordinates":[30.433197,50.448044]},"properties":{"lines":"2","color":"#0059a9","mode":"bus","arr":["2"],"angle":-76.5,"extra":1,"ei":2}},{"type":"Feature","geometry":{"type":"Point","coordinates":[30.434551,50.451721]},"properties":{"lines":"2","color":"#0059a9","mode":"bus","arr":["2"],"angle":-76.4,"extra":1,"ei":3}},{"type":"Feature","geometry":{"type":"Point","coordinates":[30.435265,50.453554]},"properties":{"lines":"2","color":"#0059a9","mode":"bus","arr":["2"],"angle":-76.1,"extra":1,"ei":4}},{"type":"Feature","geometry":{"type":"Point","coordinates":[30.435996,50.455384]},"properties":{"lines":"2","color":"#0059a9","mode":"bus","arr":["2"],"angle":-75.2,"extra":1,"ei":5}},{"type":"Feature","geometry":{"type":"Point","coordinates":[30.426445,50.447038]},"properties":{"lines":"2","color":"#0059a9","mode":"bus","arr":["2"],"angle":13.4,"mi":6}},{"type":"Feature","geometry":{"type":"Point","coordinates":[30.422812,50.446879]},"properties":{"lines":"2","color":"#0059a9","mode":"bus","arr":["2"],"angle":-5.9,"mi":4}},{"type":"Feature","geometry":{"type":"Point","coordinates":[30.413037,50.43301]},"properties":{"lines":"2","color":"#0059a9","mode":"bus","arr":["2"],"angle":69.4,"mi":11}},{"type":"Feature","geometry":{"type":"Point","coordinates":[30.430996,50.44632]},"properties":{"lines":"2","color":"#0059a9","mode":"bus","arr":["2"],"angle":13.9,"extra":1,"ei":0}},{"type":"Feature","geometry":{"type":"Point","coordinates":[30.409983,50.444147]},"properties":{"lines":"2, 9","color":"#0059a9","mode":"bus","arr":["2","9"],"angle":-31.8}},{"type":"Feature","geometry":{"type":"Point","coordinates":[30.419039,50.446505]},"properties":{"lines":"2, 9","color":"#0059a9","mode":"bus","arr":["2","9"],"angle":-22.4,"extra":1,"ei":0}},{"type":"Feature","geometry":{"type":"Point","coordinates":[30.416294,50.445794]},"properties":{"lines":"2, 9","color":"#0059a9","mode":"bus","arr":["2","9"],"angle":-22.3,"extra":1,"ei":1}},{"type":"Feature","geometry":{"type":"Point","coordinates":[30.413543,50.445091]},"properties":{"lines":"2, 9","color":"#0059a9","mode":"bus","arr":["2","9"],"angle":-21.9,"extra":1,"ei":2}},{"type":"Feature","geometry":{"type":"Point","coordinates":[30.408521,50.443226]},"properties":{"lines":"2, 9","color":"#0059a9","mode":"bus","arr":["2","9"],"angle":-55.7,"extra":1,"ei":3}},{"type":"Feature","geometry":{"type":"Point","coordinates":[30.407753,50.441433]},"properties":{"lines":"2, 9","color":"#0059a9","mode":"bus","arr":["2","9"],"angle":88,"extra":1,"ei":4,"side":-1}},{"type":"Feature","geometry":{"type":"Point","coordinates":[30.408566,50.43963]},"properties":{"lines":"2, 9","color":"#0059a9","mode":"bus","arr":["2","9"],"angle":69.1,"extra":1,"ei":5,"side":-1}},{"type":"Feature","geometry":{"type":"Point","coordinates":[30.409636,50.437869]},"properties":{"lines":"2, 9","color":"#0059a9","mode":"bus","arr":["2","9"],"angle":67.9,"extra":1,"ei":6,"side":-1}},{"type":"Feature","geometry":{"type":"Point","coordinates":[30.422503,50.432114]},"properties":{"lines":"2","color":"#0059a9","mode":"bus","arr":["2"],"angle":67.3,"mi":8}},{"type":"Feature","geometry":{"type":"Point","coordinates":[30.415995,50.442513]},"properties":{"lines":"2","color":"#0059a9","mode":"bus","arr":["2"],"angle":68.8}},{"type":"Feature","geometry":{"type":"Point","coordinates":[30.419396,50.437049]},"properties":{"lines":"2","color":"#0059a9","mode":"bus","arr":["2"],"angle":68.1,"extra":1,"ei":0}},{"type":"Feature","geometry":{"type":"Point","coordinates":[30.420504,50.435298]},"properties":{"lines":"2","color":"#0059a9","mode":"bus","arr":["2"],"angle":68.3,"extra":1,"ei":1}},{"type":"Feature","geometry":{"type":"Point","coordinates":[30.421598,50.433543]},"properties":{"lines":"2","color":"#0059a9","mode":"bus","arr":["2"],"angle":68.9,"extra":1,"ei":2}},{"type":"Feature","geometry":{"type":"Point","coordinates":[30.424549,50.430329]},"properties":{"lines":"2","color":"#0059a9","mode":"bus","arr":["2"],"angle":39.4,"extra":1,"ei":3}},{"type":"Feature","geometry":{"type":"Point","coordinates":[30.427156,50.42945]},"properties":{"lines":"2","color":"#0059a9","mode":"bus","arr":["2"],"angle":22.2,"extra":1,"ei":4}},{"type":"Feature","geometry":{"type":"Point","coordinates":[30.429891,50.428724]},"properties":{"lines":"2","color":"#0059a9","mode":"bus","arr":["2"],"angle":29.3,"extra":1,"ei":5,"side":-1}},{"type":"Feature","geometry":{"type":"Point","coordinates":[30.417084,50.440793]},"properties":{"lines":"2","color":"#0059a9","mode":"bus","arr":["2"],"angle":67.7,"extra":1,"ei":0}},{"type":"Feature","geometry":{"type":"Point","coordinates":[30.414895,50.444302]},"properties":{"lines":"2","color":"#0059a9","mode":"bus","arr":["2"],"angle":68.5,"extra":1,"ei":1}},{"type":"Feature","geometry":{"type":"Point","coordinates":[30.428665,50.426213]},"properties":{"lines":"2, 25, 27","color":"#0059a9","mode":"bus","arr":["2","25","Тб27"],"tLines":"27","ntLines":"2, 25","angle":-67.5}},{"type":"Feature","geometry":{"type":"Point","coordinates":[30.427575,50.424535]},"properties":{"lines":"2, 25, 27","color":"#0059a9","mode":"bus","arr":["2","25","Тб27"],"tLines":"27","ntLines":"2, 25","angle":-67.5,"extra":1,"ei":0}},{"type":"Feature","geometry":{"type":"Point","coordinates":[30.429843,50.428025]},"properties":{"lines":"2, 25, 27","color":"#0059a9","mode":"bus","arr":["2","25","Тб27"],"tLines":"27","ntLines":"2, 25","angle":-67.5,"extra":1,"ei":1}},{"type":"Feature","geometry":{"type":"Point","coordinates":[30.431579,50.422548]},"properties":{"lines":"2, 25","color":"#0059a9","mode":"bus","arr":["2","25"],"angle":22.6}},{"type":"Feature","geometry":{"type":"Point","coordinates":[30.428431,50.423385]},"properties":{"lines":"2, 25","color":"#0059a9","mode":"bus","arr":["2","25"],"angle":22.6,"extra":1,"ei":0}},{"type":"Feature","geometry":{"type":"Point","coordinates":[30.433901,50.42193]},"properties":{"lines":"2, 25","color":"#0059a9","mode":"bus","arr":["2","25"],"angle":22.7,"extra":1,"ei":1}},{"type":"Feature","geometry":{"type":"Point","coordinates":[30.43245,50.417521]},"properties":{"lines":"2, 25","color":"#0059a9","mode":"bus","arr":["2","25"],"angle":-65.8,"mi":1}},{"type":"Feature","geometry":{"type":"Point","coordinates":[30.435541,50.420471]},"properties":{"lines":"2, 25","color":"#0059a9","mode":"bus","arr":["2","25"],"angle":-68,"extra":1,"ei":0}},{"type":"Feature","geometry":{"type":"Point","coordinates":[30.433853,50.41899]},"properties":{"lines":"2, 25","color":"#0059a9","mode":"bus","arr":["2","25"],"angle":-39.5,"extra":1,"ei":1}},{"type":"Feature","geometry":{"type":"Point","coordinates":[30.431165,50.41567]},"properties":{"lines":"2, 25","color":"#0059a9","mode":"bus","arr":["2","25"],"angle":-65.7,"extra":1,"ei":2}},{"type":"Feature","geometry":{"type":"Point","coordinates":[30.429945,50.413949]},"properties":{"lines":"2, 25","color":"#0059a9","mode":"bus","arr":["2","25"],"angle":-65.7,"extra":1,"ei":3}},{"type":"Feature","geometry":{"type":"Point","coordinates":[30.429473,50.413283]},"properties":{"lines":"2","color":"#0059a9","mode":"bus","arr":["2"],"angle":52.9,"side":-1,"mi":6}},{"type":"Feature","geometry":{"type":"Point","coordinates":[30.428516,50.413064]},"properties":{"lines":"2","color":"#0059a9","mode":"bus","arr":["2"],"angle":-62.6,"mi":5}},{"type":"Feature","geometry":{"type":"Point","coordinates":[30.425651,50.413743]},"properties":{"lines":"2, 27","color":"#0059a9","mode":"bus","arr":["2","Тб27"],"tLines":"27","ntLines":"2","angle":20.8}},{"type":"Feature","geometry":{"type":"Point","coordinates":[30.420589,50.413736]},"properties":{"lines":"2","color":"#0059a9","mode":"bus","arr":["2"],"angle":-24.4,"mi":1}},{"type":"Feature","geometry":{"type":"Point","coordinates":[30.418721,50.413201]},"properties":{"lines":"2","color":"#0059a9","mode":"bus","arr":["2"],"angle":-27.2,"extra":1,"ei":0}},{"type":"Feature","geometry":{"type":"Point","coordinates":[30.416069,50.4115]},"properties":{"lines":"2","color":"#0059a9","mode":"bus","arr":["2"],"angle":-79.7}},{"type":"Feature","geometry":{"type":"Point","coordinates":[30.417318,50.412459]},"properties":{"lines":"2","color":"#0059a9","mode":"bus","arr":["2"],"angle":-43.8,"extra":1,"ei":0}},{"type":"Feature","geometry":{"type":"Point","coordinates":[30.405635,50.415171]},"properties":{"lines":"2","color":"#0059a9","mode":"bus","arr":["2"],"angle":45.4,"mi":4}},{"type":"Feature","geometry":{"type":"Point","coordinates":[30.412906,50.410525]},"properties":{"lines":"2","color":"#0059a9","mode":"bus","arr":["2"],"angle":43.9,"side":-1,"mi":2}},{"type":"Feature","geometry":{"type":"Point","coordinates":[30.411337,50.411517]},"properties":{"lines":"2","color":"#0059a9","mode":"bus","arr":["2"],"angle":45.2,"extra":1,"ei":0,"side":-1}},{"type":"Feature","geometry":{"type":"Point","coordinates":[30.400382,50.41926]},"properties":{"lines":"2","color":"#0059a9","mode":"bus","arr":["2"],"angle":49.5,"extra":1,"ei":0}},{"type":"Feature","geometry":{"type":"Point","coordinates":[30.402222,50.417782]},"properties":{"lines":"2","color":"#0059a9","mode":"bus","arr":["2"],"angle":55.6,"extra":1,"ei":1}},{"type":"Feature","geometry":{"type":"Point","coordinates":[30.404087,50.416316]},"properties":{"lines":"2","color":"#0059a9","mode":"bus","arr":["2"],"angle":50.1,"extra":1,"ei":2}},{"type":"Feature","geometry":{"type":"Point","coordinates":[30.408182,50.413593]},"properties":{"lines":"2","color":"#0059a9","mode":"bus","arr":["2"],"angle":42.8,"extra":1,"ei":3}},{"type":"Feature","geometry":{"type":"Point","coordinates":[30.417493,50.433041]},"properties":{"lines":"2","color":"#0059a9","mode":"bus","arr":["2"],"angle":-22.3,"mi":9}},{"type":"Feature","geometry":{"type":"Point","coordinates":[30.419974,50.433674]},"properties":{"lines":"2","color":"#0059a9","mode":"bus","arr":["2"],"angle":-21.7,"extra":1,"ei":0}},{"type":"Feature","geometry":{"type":"Point","coordinates":[30.414487,50.432245]},"properties":{"lines":"2","color":"#0059a9","mode":"bus","arr":["2"],"angle":-22.2,"extra":1,"ei":1}},{"type":"Feature","geometry":{"type":"Point","coordinates":[30.413748,50.439029]},"properties":{"lines":"2","color":"#0059a9","mode":"bus","arr":["2"],"angle":-21.8,"mi":7}},{"type":"Feature","geometry":{"type":"Point","coordinates":[30.411317,50.43839]},"properties":{"lines":"2","color":"#0059a9","mode":"bus","arr":["2"],"angle":-22.6,"extra":1,"ei":0}},{"type":"Feature","geometry":{"type":"Point","coordinates":[30.416814,50.439802]},"properties":{"lines":"2","color":"#0059a9","mode":"bus","arr":["2"],"angle":-21.4,"extra":1,"ei":1}},{"type":"Feature","geometry":{"type":"Point","coordinates":[30.444649,50.454647]},"properties":{"lines":"2, 4, 5, 7","color":"#0059a9","mode":"bus","arr":["2","Тб4","Тб5","Тб7"],"tLines":"4, 5, 7","ntLines":"2","angle":14.4,"side":-1}},{"type":"Feature","geometry":{"type":"Point","coordinates":[30.437718,50.455791]},"properties":{"lines":"2, 4, 5, 7","color":"#0059a9","mode":"bus","arr":["2","Тб4","Тб5","Тб7"],"tLines":"4, 5, 7","ntLines":"2","angle":13.9,"extra":1,"ei":0,"side":-1}},{"type":"Feature","geometry":{"type":"Point","coordinates":[30.440588,50.455319]},"properties":{"lines":"2, 4, 5, 7","color":"#0059a9","mode":"bus","arr":["2","Тб4","Тб5","Тб7"],"tLines":"4, 5, 7","ntLines":"2","angle":14.6,"extra":1,"ei":1,"side":-1}},{"type":"Feature","geometry":{"type":"Point","coordinates":[30.449204,50.453922]},"properties":{"lines":"2, 4, 5, 7","color":"#0059a9","mode":"bus","arr":["2","Тб4","Тб5","Тб7"],"tLines":"4, 5, 7","ntLines":"2","angle":14.1,"extra":1,"ei":2,"side":-1}},{"type":"Feature","geometry":{"type":"Point","coordinates":[30.452073,50.453447]},"properties":{"lines":"2, 4, 5, 7","color":"#0059a9","mode":"bus","arr":["2","Тб4","Тб5","Тб7"],"tLines":"4, 5, 7","ntLines":"2","angle":14.7,"extra":1,"ei":3,"side":-1}},{"type":"Feature","geometry":{"type":"Point","coordinates":[30.574022,50.487771]},"properties":{"lines":"4т, 5т, 110, 112","color":"#0059a9","mode":"bus","arr":["4т","5т","110","112"],"angle":-89.8,"side":-1}},{"type":"Feature","geometry":{"type":"Point","coordinates":[30.574233,50.489663]},"properties":{"lines":"4т, 5т, 70Д, 110, 112","color":"#0059a9","mode":"bus","arr":["4т","5т","70Д","110","112"],"angle":-10.4}},{"type":"Feature","geometry":{"type":"Point","coordinates":[30.578073,50.494469]},"properties":{"lines":"70Д, 112","color":"#0059a9","mode":"bus","arr":["70Д","112"],"angle":-35.7,"side":-1}},{"type":"Feature","geometry":{"type":"Point","coordinates":[30.573763,50.492816]},"properties":{"lines":"4т, 5т","color":"#0059a9","mode":"bus","arr":["4т","5т"],"angle":89.8}},{"type":"Feature","geometry":{"type":"Point","coordinates":[30.57376,50.490535]},"properties":{"lines":"4т, 5т","color":"#0059a9","mode":"bus","arr":["4т","5т"],"angle":-90,"extra":1,"ei":0}},{"type":"Feature","geometry":{"type":"Point","coordinates":[30.573007,50.494163]},"properties":{"lines":"4т, 5т","color":"#0059a9","mode":"bus","arr":["4т","5т"],"angle":48.7,"extra":1,"ei":1}},{"type":"Feature","geometry":{"type":"Point","coordinates":[30.575387,50.496462]},"properties":{"lines":"4т, 5т","color":"#0059a9","mode":"bus","arr":["4т","5т"],"angle":-21.3,"side":-1,"mi":1}},{"type":"Feature","geometry":{"type":"Point","coordinates":[30.558176,50.495145]},"properties":{"lines":"21, 73, 101, 114, 29, 30, 31Д, 47","color":"#0059a9","mode":"bus","arr":["21","73","101","114","Тб29","Тб30","Тб31Д","Тб47"],"tLines":"29, 30, 31Д, 47","ntLines":"21, 73, 101, 114","angle":-10}},{"type":"Feature","geometry":{"type":"Point","coordinates":[30.57042,50.495451]},"properties":{"lines":"21, 73, 101, 114, 29, 30, 31Д, 47","color":"#0059a9","mode":"bus","arr":["21","73","101","114","Тб29","Тб30","Тб31Д","Тб47"],"tLines":"29, 30, 31Д, 47","ntLines":"21, 73, 101, 114","angle":0.7,"extra":1,"ei":0,"side":-1}},{"type":"Feature","geometry":{"type":"Point","coordinates":[30.567457,50.495473]},"properties":{"lines":"21, 73, 101, 114, 29, 30, 31Д, 47","color":"#0059a9","mode":"bus","arr":["21","73","101","114","Тб29","Тб30","Тб31Д","Тб47"],"tLines":"29, 30, 31Д, 47","ntLines":"21, 73, 101, 114","angle":0.5,"extra":1,"ei":1,"side":-1}},{"type":"Feature","geometry":{"type":"Point","coordinates":[30.564494,50.495469]},"properties":{"lines":"21, 73, 101, 114, 29, 30, 31Д, 47","color":"#0059a9","mode":"bus","arr":["21","73","101","114","Тб29","Тб30","Тб31Д","Тб47"],"tLines":"29, 30, 31Д, 47","ntLines":"21, 73, 101, 114","angle":-1.3,"extra":1,"ei":2,"side":-1}},{"type":"Feature","geometry":{"type":"Point","coordinates":[30.561537,50.49535]},"properties":{"lines":"21, 73, 101, 114, 29, 30, 31Д, 47","color":"#0059a9","mode":"bus","arr":["21","73","101","114","Тб29","Тб30","Тб31Д","Тб47"],"tLines":"29, 30, 31Д, 47","ntLines":"21, 73, 101, 114","angle":-6.9,"extra":1,"ei":3,"side":-1}},{"type":"Feature","geometry":{"type":"Point","coordinates":[30.555693,50.49473]},"properties":{"lines":"21, 73, 101, 114, 29, 30, 31Д, 47","color":"#0059a9","mode":"bus","arr":["21","73","101","114","Тб29","Тб30","Тб31Д","Тб47"],"tLines":"29, 30, 31Д, 47","ntLines":"21, 73, 101, 114","angle":-11.6,"extra":1,"ei":4,"side":-1}},{"type":"Feature","geometry":{"type":"Point","coordinates":[30.55279,50.494351]},"properties":{"lines":"21, 73, 101, 114, 29, 30, 31Д, 47","color":"#0059a9","mode":"bus","arr":["21","73","101","114","Тб29","Тб30","Тб31Д","Тб47"],"tLines":"29, 30, 31Д, 47","ntLines":"21, 73, 101, 114","angle":-11.6,"extra":1,"ei":5,"side":-1}},{"type":"Feature","geometry":{"type":"Point","coordinates":[30.549886,50.493975]},"properties":{"lines":"21, 73, 101, 114, 29, 30, 31Д, 47","color":"#0059a9","mode":"bus","arr":["21","73","101","114","Тб29","Тб30","Тб31Д","Тб47"],"tLines":"29, 30, 31Д, 47","ntLines":"21, 73, 101, 114","angle":-11.3,"extra":1,"ei":6,"side":-1}},{"type":"Feature","geometry":{"type":"Point","coordinates":[30.546978,50.493611]},"properties":{"lines":"21, 73, 101, 114, 29, 30, 31Д, 47","color":"#0059a9","mode":"bus","arr":["21","73","101","114","Тб29","Тб30","Тб31Д","Тб47"],"tLines":"29, 30, 31Д, 47","ntLines":"21, 73, 101, 114","angle":-11.8,"extra":1,"ei":7,"side":-1}},{"type":"Feature","geometry":{"type":"Point","coordinates":[30.544144,50.493071]},"properties":{"lines":"21, 73, 101, 114, 29, 30, 31Д, 47","color":"#0059a9","mode":"bus","arr":["21","73","101","114","Тб29","Тб30","Тб31Д","Тб47"],"tLines":"29, 30, 31Д, 47","ntLines":"21, 73, 101, 114","angle":-21.7,"extra":1,"ei":8,"side":-1}},{"type":"Feature","geometry":{"type":"Point","coordinates":[30.541432,50.492311]},"properties":{"lines":"21, 73, 101, 114, 29, 30, 31Д, 47","color":"#0059a9","mode":"bus","arr":["21","73","101","114","Тб29","Тб30","Тб31Д","Тб47"],"tLines":"29, 30, 31Д, 47","ntLines":"21, 73, 101, 114","angle":-24.5,"extra":1,"ei":9,"side":-1}},{"type":"Feature","geometry":{"type":"Point","coordinates":[30.574601,50.495572]},"properties":{"lines":"21, 73, 101, 114, 29, 30, 31Д, 47","color":"#0059a9","mode":"bus","arr":["21","73","101","114","Тб29","Тб30","Тб31Д","Тб47"],"tLines":"29, 30, 31Д, 47","ntLines":"21, 73, 101, 114","angle":0.9,"extra":1,"ei":0}},{"type":"Feature","geometry":{"type":"Point","coordinates":[30.573617,50.495431]},"properties":{"lines":"4т, 5т, 21, 73, 101, 114, 29, 30, 31Д, 47","color":"#0059a9","mode":"bus","arr":["4т","5т","21","73","101","114","Тб29","Тб30","Тб31Д","Тб47"],"tLines":"29, 30, 31Д, 47","ntLines":"4т, 5т, 21, 73, 101, 114","angle":0.5,"side":-1}},{"type":"Feature","geometry":{"type":"Point","coordinates":[30.576031,50.495208]},"properties":{"lines":"4т, 5т, 73","color":"#0059a9","mode":"bus","arr":["4т","5т","73"],"angle":44.9,"side":-1,"mi":1}},{"type":"Feature","geometry":{"type":"Point","coordinates":[30.575567,50.496675]},"properties":{"lines":"4т, 5т, 73","color":"#0059a9","mode":"bus","arr":["4т","5т","73"],"angle":50.2}},{"type":"Feature","geometry":{"type":"Point","coordinates":[30.574615,50.494745]},"properties":{"lines":"4т, 5т, 44, 73","color":"#0059a9","mode":"bus","arr":["4т","5т","44","73"],"angle":87.4,"mi":1}},{"type":"Feature","geometry":{"type":"Point","coordinates":[30.574991,50.496096]},"properties":{"lines":"4т, 5т, 44, 73","color":"#0059a9","mode":"bus","arr":["4т","5т","44","73"],"angle":-79.9,"extra":1,"ei":0}},{"type":"Feature","geometry":{"type":"Point","coordinates":[30.575549,50.497335]},"properties":{"lines":"4т, 5т, 44, 73","color":"#0059a9","mode":"bus","arr":["4т","5т","44","73"],"angle":80.9}},{"type":"Feature","geometry":{"type":"Point","coordinates":[30.578393,50.501234]},"properties":{"lines":"4т, 5т, 44, 73","color":"#0059a9","mode":"bus","arr":["4т","5т","44","73"],"angle":-60.6,"mi":2}},{"type":"Feature","geometry":{"type":"Point","coordinates":[30.582523,50.505012]},"properties":{"lines":"4т, 5т, 44, 73","color":"#0059a9","mode":"bus","arr":["4т","5т","44","73"],"angle":-47.2,"extra":1,"ei":0}},{"type":"Feature","geometry":{"type":"Point","coordinates":[30.580675,50.503536]},"properties":{"lines":"4т, 5т, 44, 73","color":"#0059a9","mode":"bus","arr":["4т","5т","44","73"],"angle":-52.3,"extra":1,"ei":1}},{"type":"Feature","geometry":{"type":"Point","coordinates":[30.576069,50.498713]},"properties":{"lines":"4т, 5т, 44, 73","color":"#0059a9","mode":"bus","arr":["4т","5т","44","73"],"angle":-70.7,"extra":1,"ei":2}},{"type":"Feature","geometry":{"type":"Point","coordinates":[30.575236,50.496901]},"properties":{"lines":"4т, 5т, 44, 73","color":"#0059a9","mode":"bus","arr":["4т","5т","44","73"],"angle":-77.8,"extra":1,"ei":3}},{"type":"Feature","geometry":{"type":"Point","coordinates":[30.576927,50.495975]},"properties":{"lines":"44","color":"#0059a9","mode":"bus","arr":["44"],"angle":49.4}},{"type":"Feature","geometry":{"type":"Point","coordinates":[30.610045,50.44151]},"properties":{"lines":"44","color":"#0059a9","mode":"bus","arr":["44"],"angle":73.2,"mi":2}},{"type":"Feature","geometry":{"type":"Point","coordinates":[30.576809,50.494377]},"properties":{"lines":"44","color":"#0059a9","mode":"bus","arr":["44"],"angle":21.9,"mi":1}},{"type":"Feature","geometry":{"type":"Point","coordinates":[30.610895,50.456575]},"properties":{"lines":"44","color":"#0059a9","mode":"bus","arr":["44"],"angle":66.4,"mi":4}},{"type":"Feature","geometry":{"type":"Point","coordinates":[30.611217,50.456038]},"properties":{"lines":"44","color":"#0059a9","mode":"bus","arr":["44"],"angle":-35.1,"mi":5}},{"type":"Feature","geometry":{"type":"Point","coordinates":[30.584362,50.505753]},"properties":{"lines":"4т, 21, 44, 73, 79","color":"#0059a9","mode":"bus","arr":["4т","21","44","73","79"],"angle":-63.7,"side":-1}},{"type":"Feature","geometry":{"type":"Point","coordinates":[30.584699,50.506151]},"properties":{"lines":"4т, 21, 44, 73","color":"#0059a9","mode":"bus","arr":["4т","21","44","73"],"angle":-60.2,"side":-1}},{"type":"Feature","geometry":{"type":"Point","coordinates":[30.584569,50.50617]},"properties":{"lines":"4т, 5т, 21, 44, 73","color":"#0059a9","mode":"bus","arr":["4т","5т","21","44","73"],"angle":-42.5}},{"type":"Feature","geometry":{"type":"Point","coordinates":[30.590371,50.508994]},"properties":{"lines":"4т, 5т, 21, 44, 73, 79","color":"#0059a9","mode":"bus","arr":["4т","5т","21","44","73","79"],"angle":-27.9}},{"type":"Feature","geometry":{"type":"Point","coordinates":[30.586268,50.507354]},"properties":{"lines":"4т, 5т, 21, 44, 73, 79","color":"#0059a9","mode":"bus","arr":["4т","5т","21","44","73","79"],"angle":-43.4,"extra":1,"ei":0}},{"type":"Feature","geometry":{"type":"Point","coordinates":[30.588696,50.508428]},"properties":{"lines":"4т, 5т, 21, 44, 73, 79","color":"#0059a9","mode":"bus","arr":["4т","5т","21","44","73","79"],"angle":-29.3,"extra":1,"ei":1}},{"type":"Feature","geometry":{"type":"Point","coordinates":[30.593934,50.510195]},"properties":{"lines":"4т, 5т, 21, 44, 73, 79","color":"#0059a9","mode":"bus","arr":["4т","5т","21","44","73","79"],"angle":-28,"extra":1,"ei":2}},{"type":"Feature","geometry":{"type":"Point","coordinates":[30.601377,50.513154]},"properties":{"lines":"4т, 5т, 6, 21, 37Д, 44, 73","color":"#0059a9","mode":"bus","arr":["4т","5т","6","21","37Д","44","73"],"angle":-41.8}},{"type":"Feature","geometry":{"type":"Point","coordinates":[30.597541,50.511419]},"properties":{"lines":"4т, 5т, 6, 21, 37Д, 44, 73","color":"#0059a9","mode":"bus","arr":["4т","5т","6","21","37Д","44","73"],"angle":-27.7,"extra":1,"ei":0}},{"type":"Feature","geometry":{"type":"Point","coordinates":[30.604137,50.515135]},"properties":{"lines":"4т, 5т, 6, 21, 37Д, 44, 73","color":"#0059a9","mode":"bus","arr":["4т","5т","6","21","37Д","44","73"],"angle":-55.9,"extra":1,"ei":1}},{"type":"Feature","geometry":{"type":"Point","coordinates":[30.608239,50.519678]},"properties":{"lines":"4т, 5т, 21, 98","color":"#0059a9","mode":"bus","arr":["4т","5т","21","98"],"angle":-68}},{"type":"Feature","geometry":{"type":"Point","coordinates":[30.606106,50.517098]},"properties":{"lines":"4т, 5т, 21, 98","color":"#0059a9","mode":"bus","arr":["4т","5т","21","98"],"angle":-57.6,"extra":1,"ei":0}},{"type":"Feature","geometry":{"type":"Point","coordinates":[30.609347,50.522319]},"properties":{"lines":"4т, 5т, 21, 98","color":"#0059a9","mode":"bus","arr":["4т","5т","21","98"],"angle":-81.7,"extra":1,"ei":1}},{"type":"Feature","geometry":{"type":"Point","coordinates":[30.610005,50.527985]},"properties":{"lines":"4т, 5т, 21","color":"#0059a9","mode":"bus","arr":["4т","5т","21"],"angle":-85.6}},{"type":"Feature","geometry":{"type":"Point","coordinates":[30.609613,50.524477]},"properties":{"lines":"4т, 5т, 21","color":"#0059a9","mode":"bus","arr":["4т","5т","21"],"angle":-86.9,"extra":1,"ei":0}},{"type":"Feature","geometry":{"type":"Point","coordinates":[30.60982,50.526361]},"properties":{"lines":"4т, 5т, 21","color":"#0059a9","mode":"bus","arr":["4т","5т","21"],"angle":-85.9,"extra":1,"ei":1}},{"type":"Feature","geometry":{"type":"Point","coordinates":[30.610257,50.530127]},"properties":{"lines":"4т, 5т, 21","color":"#0059a9","mode":"bus","arr":["4т","5т","21"],"angle":-86.7,"extra":1,"ei":2}},{"type":"Feature","geometry":{"type":"Point","coordinates":[30.610456,50.532012]},"properties":{"lines":"4т, 5т, 21","color":"#0059a9","mode":"bus","arr":["4т","5т","21"],"angle":-85.6,"extra":1,"ei":3}},{"type":"Feature","geometry":{"type":"Point","coordinates":[30.608541,50.523461]},"properties":{"lines":"4т, 21, 37Д, 98, 31Д, 37","color":"#0059a9","mode":"bus","arr":["4т","21","37Д","98","Тб31Д","Тб37"],"tLines":"31Д, 37","ntLines":"4т, 21, 37Д, 98","angle":2.1,"side":-1}},{"type":"Feature","geometry":{"type":"Point","coordinates":[30.608167,50.526263]},"properties":{"lines":"4т, 21, 98","color":"#0059a9","mode":"bus","arr":["4т","21","98"],"angle":-85.9}},{"type":"Feature","geometry":{"type":"Point","coordinates":[30.607957,50.52442]},"properties":{"lines":"4т, 21, 98","color":"#0059a9","mode":"bus","arr":["4т","21","98"],"angle":-86.5,"extra":1,"ei":0}},{"type":"Feature","geometry":{"type":"Point","coordinates":[30.60837,50.528188]},"properties":{"lines":"4т, 21, 98","color":"#0059a9","mode":"bus","arr":["4т","21","98"],"angle":-86.9,"extra":1,"ei":1}},{"type":"Feature","geometry":{"type":"Point","coordinates":[30.608695,50.531002]},"properties":{"lines":"4т, 21","color":"#0059a9","mode":"bus","arr":["4т","21"],"angle":-86.7}},{"type":"Feature","geometry":{"type":"Point","coordinates":[30.609576,50.532929]},"properties":{"lines":"4т, 21, 28т, 101, 114","color":"#0059a9","mode":"bus","arr":["4т","21","28т","101","114"],"angle":4}},{"type":"Feature","geometry":{"type":"Point","coordinates":[30.604633,50.516572]},"properties":{"lines":"4т, 6, 98, 110","color":"#0059a9","mode":"bus","arr":["4т","6","98","110"],"angle":32.1}},{"type":"Feature","geometry":{"type":"Point","coordinates":[30.604546,50.516489]},"properties":{"lines":"4т, 6, 37Д, 44, 73, 110","color":"#0059a9","mode":"bus","arr":["4т","6","37Д","44","73","110"],"angle":31.5,"side":-1}},{"type":"Feature","geometry":{"type":"Point","coordinates":[30.576458,50.495175]},"properties":{"lines":"4т, 5т, 44","color":"#0059a9","mode":"bus","arr":["4т","5т","44"],"angle":-57.4,"side":-1}},{"type":"Feature","geometry":{"type":"Point","coordinates":[30.577597,50.495408]},"properties":{"lines":"4т, 5т, 21, 44, 101, 114, 29, 30, 31Д, 47","color":"#0059a9","mode":"bus","arr":["4т","5т","21","44","101","114","Тб29","Тб30","Тб31Д","Тб47"],"tLines":"29, 30, 31Д, 47","ntLines":"4т, 5т, 21, 44, 101, 114","angle":0.3,"side":-1}},{"type":"Feature","geometry":{"type":"Point","coordinates":[30.578547,50.495405]},"properties":{"lines":"4т, 21, 101, 114, 29, 30, 31Д, 47","color":"#0059a9","mode":"bus","arr":["4т","21","101","114","Тб29","Тб30","Тб31Д","Тб47"],"tLines":"29, 30, 31Д, 47","ntLines":"4т, 21, 101, 114","angle":0.2}},{"type":"Feature","geometry":{"type":"Point","coordinates":[30.583157,50.495297]},"properties":{"lines":"21, 44, 101, 114, 29, 30, 31Д, 47","color":"#0059a9","mode":"bus","arr":["21","44","101","114","Тб29","Тб30","Тб31Д","Тб47"],"tLines":"29, 30, 31Д, 47","ntLines":"21, 44, 101, 114","angle":5.3,"side":-1}},{"type":"Feature","geometry":{"type":"Point","coordinates":[30.585935,50.495587]},"properties":{"lines":"21, 44, 101, 114, 29, 30, 31Д, 47","color":"#0059a9","mode":"bus","arr":["21","44","101","114","Тб29","Тб30","Тб31Д","Тб47"],"tLines":"29, 30, 31Д, 47","ntLines":"21, 44, 101, 114","angle":1,"mi":1}},{"type":"Feature","geometry":{"type":"Point","coordinates":[30.580427,50.495392]},"properties":{"lines":"21, 44, 101, 114, 29, 30, 31Д, 47","color":"#0059a9","mode":"bus","arr":["21","44","101","114","Тб29","Тб30","Тб31Д","Тб47"],"tLines":"29, 30, 31Д, 47","ntLines":"21, 44, 101, 114","angle":0.7,"extra":1,"ei":0}},{"type":"Feature","geometry":{"type":"Point","coordinates":[30.578678,50.495304]},"properties":{"lines":"4т, 44","color":"#0059a9","mode":"bus","arr":["4т","44"],"angle":-57.3,"side":-1}},{"type":"Feature","geometry":{"type":"Point","coordinates":[30.575122,50.492671]},"properties":{"lines":"4т, 5т, 70Д, 110, 112","color":"#0059a9","mode":"bus","arr":["4т","5т","70Д","110","112"],"angle":-84,"mi":1}},{"type":"Feature","geometry":{"type":"Point","coordinates":[30.577699,50.494587]},"properties":{"lines":"4т, 5т, 44, 70Д, 110, 112","color":"#0059a9","mode":"bus","arr":["4т","5т","44","70Д","110","112"],"angle":-37.9}},{"type":"Feature","geometry":{"type":"Point","coordinates":[30.574177,50.485063]},"properties":{"lines":"4т, 112","color":"#0059a9","mode":"bus","arr":["4т","112"],"angle":78.4}},{"type":"Feature","geometry":{"type":"Point","coordinates":[30.574557,50.483658]},"properties":{"lines":"110","color":"#0059a9","mode":"bus","arr":["110"],"angle":69.1,"mi":1}},{"type":"Feature","geometry":{"type":"Point","coordinates":[30.576127,50.481373]},"properties":{"lines":"110","color":"#0059a9","mode":"bus","arr":["110"],"angle":-87}},{"type":"Feature","geometry":{"type":"Point","coordinates":[30.572687,50.47993]},"properties":{"lines":"110","color":"#0059a9","mode":"bus","arr":["110"],"angle":11.7,"mi":2}},{"type":"Feature","geometry":{"type":"Point","coordinates":[30.574286,50.483892]},"properties":{"lines":"110, 112","color":"#0059a9","mode":"bus","arr":["110","112"],"angle":-37.5,"mi":1}},{"type":"Feature","geometry":{"type":"Point","coordinates":[30.5752,50.482608]},"properties":{"lines":"110, 112","color":"#0059a9","mode":"bus","arr":["110","112"],"angle":54.1}},{"type":"Feature","geometry":{"type":"Point","coordinates":[30.574089,50.480007]},"properties":{"lines":"110, 112","color":"#0059a9","mode":"bus","arr":["110","112"],"angle":-25.5,"mi":2}},{"type":"Feature","geometry":{"type":"Point","coordinates":[30.57569,50.480767]},"properties":{"lines":"110, 112","color":"#0059a9","mode":"bus","arr":["110","112"],"angle":-46.7,"extra":1,"ei":0}},{"type":"Feature","geometry":{"type":"Point","coordinates":[30.491292,50.44102]},"properties":{"lines":"5, 7, 24, 114, 12, 14","color":"#0059a9","mode":"bus","arr":["5","7","24","114","Тб12","Тб14"],"tLines":"12, 14","ntLines":"5, 7, 24, 114","angle":-54.4}},{"type":"Feature","geometry":{"type":"Point","coordinates":[30.491204,50.441469]},"properties":{"lines":"5, 7, 24, 50, 114, 12, 14","color":"#0059a9","mode":"bus","arr":["5","7","24","50","114","Тб12","Тб14"],"tLines":"12, 14","ntLines":"5, 7, 24, 50, 114","angle":-8.7}},{"type":"Feature","geometry":{"type":"Point","coordinates":[30.494472,50.442633]},"properties":{"lines":"5, 7, 24, 50, 114, 12, 14","color":"#0059a9","mode":"bus","arr":["5","7","24","50","114","Тб12","Тб14"],"tLines":"12, 14","ntLines":"5, 7, 24, 50, 114","angle":-33.4,"side":-1,"mi":1}},{"type":"Feature","geometry":{"type":"Point","coordinates":[30.496386,50.441588]},"properties":{"lines":"5, 12, 14","color":"#0059a9","mode":"bus","arr":["5","Тб12","Тб14"],"tLines":"12, 14","ntLines":"5","angle":55.8,"mi":1}},{"type":"Feature","geometry":{"type":"Point","coordinates":[30.497509,50.440515]},"properties":{"lines":"5, 12, 14","color":"#0059a9","mode":"bus","arr":["5","Тб12","Тб14"],"tLines":"12, 14","ntLines":"5","angle":56,"extra":1,"ei":0}},{"type":"Feature","geometry":{"type":"Point","coordinates":[30.504041,50.435406]},"properties":{"lines":"5, 69, 3, 12, 14","color":"#0059a9","mode":"bus","arr":["5","69","Тб3","Тб12","Тб14"],"tLines":"3, 12, 14","ntLines":"5, 69","angle":50.4,"mi":1}},{"type":"Feature","geometry":{"type":"Point","coordinates":[30.498655,50.439566]},"properties":{"lines":"5, 69, 3, 12, 14","color":"#0059a9","mode":"bus","arr":["5","69","Тб3","Тб12","Тб14"],"tLines":"3, 12, 14","ntLines":"5, 69","angle":50.3,"extra":1,"ei":0}},{"type":"Feature","geometry":{"type":"Point","coordinates":[30.500545,50.438112]},"properties":{"lines":"5, 69, 3, 12, 14","color":"#0059a9","mode":"bus","arr":["5","69","Тб3","Тб12","Тб14"],"tLines":"3, 12, 14","ntLines":"5, 69","angle":50.5,"extra":1,"ei":1}},{"type":"Feature","geometry":{"type":"Point","coordinates":[30.502431,50.436655]},"properties":{"lines":"5, 69, 3, 12, 14","color":"#0059a9","mode":"bus","arr":["5","69","Тб3","Тб12","Тб14"],"tLines":"3, 12, 14","ntLines":"5, 69","angle":50.5,"extra":1,"ei":2}},{"type":"Feature","geometry":{"type":"Point","coordinates":[30.506864,50.434373]},"properties":{"lines":"5, 69, 3, 12, 14","color":"#0059a9","mode":"bus","arr":["5","69","Тб3","Тб12","Тб14"],"tLines":"3, 12, 14","ntLines":"5, 69","angle":15.1,"extra":1,"ei":3}},{"type":"Feature","geometry":{"type":"Point","coordinates":[30.509765,50.434037]},"properties":{"lines":"5, 69, 3, 12, 14","color":"#0059a9","mode":"bus","arr":["5","69","Тб3","Тб12","Тб14"],"tLines":"3, 12, 14","ntLines":"5, 69","angle":1.2,"extra":1,"ei":4}},{"type":"Feature","geometry":{"type":"Point","coordinates":[30.512728,50.434001]},"properties":{"lines":"5, 69, 3, 12, 14","color":"#0059a9","mode":"bus","arr":["5","69","Тб3","Тб12","Тб14"],"tLines":"3, 12, 14","ntLines":"5, 69","angle":0.9,"extra":1,"ei":5}},{"type":"Feature","geometry":{"type":"Point","coordinates":[30.513559,50.43195]},"properties":{"lines":"5, 20, 109, 12, 40, 40к","color":"#0059a9","mode":"bus","arr":["5","20","109","Тб12","Тб40","Тб40к"],"tLines":"12, 40, 40к","ntLines":"5, 20, 109","angle":-89.7}},{"type":"Feature","geometry":{"type":"Point","coordinates":[30.517604,50.41408]},"properties":{"lines":"5","color":"#0059a9","mode":"bus","arr":["5"],"angle":-73.3,"mi":1}},{"type":"Feature","geometry":{"type":"Point","coordinates":[30.518723,50.409781]},"properties":{"lines":"5","color":"#0059a9","mode":"bus","arr":["5"],"angle":0.6,"mi":6}},{"type":"Feature","geometry":{"type":"Point","coordinates":[30.513581,50.428968]},"properties":{"lines":"5, 20, 25, 109, 12, 40, 40к","color":"#0059a9","mode":"bus","arr":["5","20","25","109","Тб12","Тб40","Тб40к"],"tLines":"12, 40, 40к","ntLines":"5, 20, 25, 109","angle":88.8}},{"type":"Feature","geometry":{"type":"Point","coordinates":[30.50931,50.427717]},"properties":{"lines":"25, 40, 40к","color":"#0059a9","mode":"bus","arr":["25","Тб40","Тб40к"],"tLines":"40, 40к","ntLines":"25","angle":-12}},{"type":"Feature","geometry":{"type":"Point","coordinates":[30.511964,50.427974]},"properties":{"lines":"25, 40, 40к","color":"#0059a9","mode":"bus","arr":["25","Тб40","Тб40к"],"tLines":"40, 40к","ntLines":"25","angle":-2.4,"extra":1,"ei":0}},{"type":"Feature","geometry":{"type":"Point","coordinates":[30.506358,50.426896]},"properties":{"lines":"25, 40, 40к","color":"#0059a9","mode":"bus","arr":["25","Тб40","Тб40к"],"tLines":"40, 40к","ntLines":"25","angle":-24.6,"extra":1,"ei":1}},{"type":"Feature","geometry":{"type":"Point","coordinates":[30.51525,50.42525]},"properties":{"lines":"5, 20, 25, 109, 12","color":"#0059a9","mode":"bus","arr":["5","20","25","109","Тб12"],"tLines":"12","ntLines":"5, 20, 25, 109","angle":68.4}},{"type":"Feature","geometry":{"type":"Point","coordinates":[30.514078,50.427135]},"properties":{"lines":"5, 20, 25, 109, 12","color":"#0059a9","mode":"bus","arr":["5","20","25","109","Тб12"],"tLines":"12","ntLines":"5, 20, 25, 109","angle":68.4,"extra":1,"ei":0}},{"type":"Feature","geometry":{"type":"Point","coordinates":[30.516282,50.423629]},"properties":{"lines":"5, 20, 25, 109, 12","color":"#0059a9","mode":"bus","arr":["5","20","25","109","Тб12"],"tLines":"12","ntLines":"5, 20, 25, 109","angle":67.9,"extra":1,"ei":1}},{"type":"Feature","geometry":{"type":"Point","coordinates":[30.51597,50.422164]},"properties":{"lines":"5","color":"#0059a9","mode":"bus","arr":["5"],"angle":-27,"mi":5}},{"type":"Feature","geometry":{"type":"Point","coordinates":[30.516031,50.420296]},"properties":{"lines":"5","color":"#0059a9","mode":"bus","arr":["5"],"angle":68,"mi":4}},{"type":"Feature","geometry":{"type":"Point","coordinates":[30.512771,50.417092]},"properties":{"lines":"5","color":"#0059a9","mode":"bus","arr":["5"],"angle":-21.5,"mi":2}},{"type":"Feature","geometry":{"type":"Point","coordinates":[30.515752,50.41825]},"properties":{"lines":"5","color":"#0059a9","mode":"bus","arr":["5"],"angle":-32.8,"extra":1,"ei":0}},{"type":"Feature","geometry":{"type":"Point","coordinates":[30.510573,50.416535]},"properties":{"lines":"5","color":"#0059a9","mode":"bus","arr":["5"],"angle":-21.2,"extra":1,"ei":1}},{"type":"Feature","geometry":{"type":"Point","coordinates":[30.516204,50.415836]},"properties":{"lines":"5","color":"#0059a9","mode":"bus","arr":["5"],"angle":54.2}},{"type":"Feature","geometry":{"type":"Point","coordinates":[30.515125,50.41682]},"properties":{"lines":"5","color":"#0059a9","mode":"bus","arr":["5"],"angle":56,"extra":1,"ei":0}},{"type":"Feature","geometry":{"type":"Point","coordinates":[30.516766,50.413494]},"properties":{"lines":"5","color":"#0059a9","mode":"bus","arr":["5"],"angle":-33.2,"mi":3}},{"type":"Feature","geometry":{"type":"Point","coordinates":[30.510918,50.411798]},"properties":{"lines":"12, 19","color":"#0059a9","mode":"bus","arr":["12","19"],"angle":-23.8}},{"type":"Feature","geometry":{"type":"Point","coordinates":[30.513997,50.412502]},"properties":{"lines":"12, 19","color":"#0059a9","mode":"bus","arr":["12","19"],"angle":-22.6,"extra":1,"ei":0}},{"type":"Feature","geometry":{"type":"Point","coordinates":[30.508552,50.411032]},"properties":{"lines":"12, 19","color":"#0059a9","mode":"bus","arr":["12","19"],"angle":-28.1,"extra":1,"ei":1}},{"type":"Feature","geometry":{"type":"Point","coordinates":[30.517167,50.411013]},"properties":{"lines":"5, 12, 19","color":"#0059a9","mode":"bus","arr":["5","12","19"],"angle":60.7}},{"type":"Feature","geometry":{"type":"Point","coordinates":[30.516181,50.412131]},"properties":{"lines":"5, 12, 19","color":"#0059a9","mode":"bus","arr":["5","12","19"],"angle":61,"extra":1,"ei":0}},{"type":"Feature","geometry":{"type":"Point","coordinates":[30.518126,50.422764]},"properties":{"lines":"5, 25","color":"#0059a9","mode":"bus","arr":["5","25"],"angle":-25.8}},{"type":"Feature","geometry":{"type":"Point","coordinates":[30.51764,50.425578]},"properties":{"lines":"5, 20, 25, 109, 12","color":"#0059a9","mode":"bus","arr":["5","20","25","109","Тб12"],"tLines":"12","ntLines":"5, 20, 25, 109","angle":68.5,"mi":1}},{"type":"Feature","geometry":{"type":"Point","coordinates":[30.518652,50.423975]},"properties":{"lines":"5, 20, 25, 109, 12","color":"#0059a9","mode":"bus","arr":["5","20","25","109","Тб12"],"tLines":"12","ntLines":"5, 20, 25, 109","angle":68.1,"extra":1,"ei":0}},{"type":"Feature","geometry":{"type":"Point","coordinates":[30.51646,50.427485]},"properties":{"lines":"5, 20, 25, 109, 12","color":"#0059a9","mode":"bus","arr":["5","20","25","109","Тб12"],"tLines":"12","ntLines":"5, 20, 25, 109","angle":68.5,"extra":1,"ei":1}},{"type":"Feature","geometry":{"type":"Point","coordinates":[30.516084,50.428992]},"properties":{"lines":"5, 20, 25, 109, 12, 40, 40к","color":"#0059a9","mode":"bus","arr":["5","20","25","109","Тб12","Тб40","Тб40к"],"tLines":"12, 40, 40к","ntLines":"5, 20, 25, 109","angle":89.3,"mi":1}},{"type":"Feature","geometry":{"type":"Point","coordinates":[30.51607,50.431933]},"properties":{"lines":"5, 20, 109, 12, 40, 40к","color":"#0059a9","mode":"bus","arr":["5","20","109","Тб12","Тб40","Тб40к"],"tLines":"12, 40, 40к","ntLines":"5, 20, 109","angle":89.9,"mi":1}},{"type":"Feature","geometry":{"type":"Point","coordinates":[30.516038,50.43488]},"properties":{"lines":"5, 20, 109","color":"#0059a9","mode":"bus","arr":["5","20","109"],"angle":89.4}},{"type":"Feature","geometry":{"type":"Point","coordinates":[30.51482,50.435956]},"properties":{"lines":"5, 20, 69, 109, 3, 12, 14, 40, 40к","color":"#0059a9","mode":"bus","arr":["5","20","69","109","Тб3","Тб12","Тб14","Тб40","Тб40к"],"tLines":"3, 12, 14, 40, 40к","ntLines":"5, 20, 69, 109","angle":0.5}},{"type":"Feature","geometry":{"type":"Point","coordinates":[30.505299,50.437034]},"properties":{"lines":"5, 69, 3, 12, 14","color":"#0059a9","mode":"bus","arr":["5","69","Тб3","Тб12","Тб14"],"tLines":"3, 12, 14","ntLines":"5, 69","angle":48.9}},{"type":"Feature","geometry":{"type":"Point","coordinates":[30.511918,50.435965]},"properties":{"lines":"5, 69, 3, 12, 14","color":"#0059a9","mode":"bus","arr":["5","69","Тб3","Тб12","Тб14"],"tLines":"3, 12, 14","ntLines":"5, 69","angle":0.2,"extra":1,"ei":0}},{"type":"Feature","geometry":{"type":"Point","coordinates":[30.50897,50.43606]},"properties":{"lines":"5, 69, 3, 12, 14","color":"#0059a9","mode":"bus","arr":["5","69","Тб3","Тб12","Тб14"],"tLines":"3, 12, 14","ntLines":"5, 69","angle":14.2,"extra":1,"ei":1}},{"type":"Feature","geometry":{"type":"Point","coordinates":[30.504087,50.437915]},"properties":{"lines":"5, 69, 3, 12, 14","color":"#0059a9","mode":"bus","arr":["5","69","Тб3","Тб12","Тб14"],"tLines":"3, 12, 14","ntLines":"5, 69","angle":48.8,"extra":1,"ei":2}},{"type":"Feature","geometry":{"type":"Point","coordinates":[30.502153,50.439346]},"properties":{"lines":"5, 69, 3, 12, 14","color":"#0059a9","mode":"bus","arr":["5","69","Тб3","Тб12","Тб14"],"tLines":"3, 12, 14","ntLines":"5, 69","angle":49.4,"extra":1,"ei":3}},{"type":"Feature","geometry":{"type":"Point","coordinates":[30.500242,50.440789]},"properties":{"lines":"5, 69, 3, 12, 14","color":"#0059a9","mode":"bus","arr":["5","69","Тб3","Тб12","Тб14"],"tLines":"3, 12, 14","ntLines":"5, 69","angle":50,"extra":1,"ei":4}},{"type":"Feature","geometry":{"type":"Point","coordinates":[30.498395,50.442442]},"properties":{"lines":"5, 12, 14","color":"#0059a9","mode":"bus","arr":["5","Тб12","Тб14"],"tLines":"12, 14","ntLines":"5","angle":56.1}},{"type":"Feature","geometry":{"type":"Point","coordinates":[30.497264,50.443514]},"properties":{"lines":"5, 12, 14","color":"#0059a9","mode":"bus","arr":["5","Тб12","Тб14"],"tLines":"12, 14","ntLines":"5","angle":56,"extra":1,"ei":0}},{"type":"Feature","geometry":{"type":"Point","coordinates":[30.57386,50.486837]},"properties":{"lines":"5т, 70Д, 110","color":"#0059a9","mode":"bus","arr":["5т","70Д","110"],"angle":-89.8}},{"type":"Feature","geometry":{"type":"Point","coordinates":[30.573732,50.485002]},"properties":{"lines":"5т, 70Д, 110","color":"#0059a9","mode":"bus","arr":["5т","70Д","110"],"angle":-85.6,"extra":1,"ei":0}},{"type":"Feature","geometry":{"type":"Point","coordinates":[30.573871,50.488775]},"properties":{"lines":"5т, 70Д, 110","color":"#0059a9","mode":"bus","arr":["5т","70Д","110"],"angle":-89.8,"extra":1,"ei":1}},{"type":"Feature","geometry":{"type":"Point","coordinates":[30.574083,50.483632]},"properties":{"lines":"5т, 110, 112","color":"#0059a9","mode":"bus","arr":["5т","110","112"],"angle":58.2}},{"type":"Feature","geometry":{"type":"Point","coordinates":[30.613079,50.532522]},"properties":{"lines":"5т","color":"#0059a9","mode":"bus","arr":["5т"],"angle":22.2,"side":-1}},{"type":"Feature","geometry":{"type":"Point","coordinates":[30.577549,50.499779]},"properties":{"lines":"5т","color":"#0059a9","mode":"bus","arr":["5т"],"angle":-35.2}},{"type":"Feature","geometry":{"type":"Point","coordinates":[30.616078,50.531386]},"properties":{"lines":"5т, 28т, 101, 114","color":"#0059a9","mode":"bus","arr":["5т","28т","101","114"],"angle":53.2}},{"type":"Feature","geometry":{"type":"Point","coordinates":[30.612035,50.532812]},"properties":{"lines":"5т, 28т, 101, 114","color":"#0059a9","mode":"bus","arr":["5т","28т","101","114"],"angle":4.7,"extra":1,"ei":0}},{"type":"Feature","geometry":{"type":"Point","coordinates":[30.614812,50.532303]},"properties":{"lines":"5т, 28т, 101, 114","color":"#0059a9","mode":"bus","arr":["5т","28т","101","114"],"angle":41,"extra":1,"ei":1}},{"type":"Feature","geometry":{"type":"Point","coordinates":[30.618379,50.529298]},"properties":{"lines":"5т, 28т, 101, 114","color":"#0059a9","mode":"bus","arr":["5т","28т","101","114"],"angle":50.7,"extra":1,"ei":2}},{"type":"Feature","geometry":{"type":"Point","coordinates":[30.624411,50.529071]},"properties":{"lines":"5т, 28т, 101","color":"#0059a9","mode":"bus","arr":["5т","28т","101"],"angle":-0.9}},{"type":"Feature","geometry":{"type":"Point","coordinates":[30.621818,50.528601]},"properties":{"lines":"5т, 28т, 101","color":"#0059a9","mode":"bus","arr":["5т","28т","101"],"angle":-14.2,"extra":1,"ei":0}},{"type":"Feature","geometry":{"type":"Point","coordinates":[30.627611,50.528947]},"properties":{"lines":"5т, 28т, 101","color":"#0059a9","mode":"bus","arr":["5т","28т","101"],"angle":4.2,"extra":1,"ei":1}},{"type":"Feature","geometry":{"type":"Point","coordinates":[30.627208,50.51889]},"properties":{"lines":"5т, 28т, 101","color":"#0059a9","mode":"bus","arr":["5т","28т","101"],"angle":-78.8}},{"type":"Feature","geometry":{"type":"Point","coordinates":[30.628547,50.527923]},"properties":{"lines":"5т, 28т, 101","color":"#0059a9","mode":"bus","arr":["5т","28т","101"],"angle":-85.5,"extra":1,"ei":0}},{"type":"Feature","geometry":{"type":"Point","coordinates":[30.628299,50.526041]},"properties":{"lines":"5т, 28т, 101","color":"#0059a9","mode":"bus","arr":["5т","28т","101"],"angle":-86.1,"extra":1,"ei":1}},{"type":"Feature","geometry":{"type":"Point","coordinates":[30.628132,50.524156]},"properties":{"lines":"5т, 28т, 101","color":"#0059a9","mode":"bus","arr":["5т","28т","101"],"angle":-86.1,"extra":1,"ei":2}},{"type":"Feature","geometry":{"type":"Point","coordinates":[30.627929,50.522272]},"properties":{"lines":"5т, 28т, 101","color":"#0059a9","mode":"bus","arr":["5т","28т","101"],"angle":-87.3,"extra":1,"ei":3}},{"type":"Feature","geometry":{"type":"Point","coordinates":[30.627607,50.520396]},"properties":{"lines":"5т, 28т, 101","color":"#0059a9","mode":"bus","arr":["5т","28т","101"],"angle":-81.3,"extra":1,"ei":4}},{"type":"Feature","geometry":{"type":"Point","coordinates":[30.62634,50.516711]},"properties":{"lines":"5т, 28т, 101","color":"#0059a9","mode":"bus","arr":["5т","28т","101"],"angle":-71.6,"extra":1,"ei":5}},{"type":"Feature","geometry":{"type":"Point","coordinates":[30.625383,50.514924]},"properties":{"lines":"5т, 28т, 101","color":"#0059a9","mode":"bus","arr":["5т","28т","101"],"angle":-69.1,"extra":1,"ei":6}},{"type":"Feature","geometry":{"type":"Point","coordinates":[30.624205,50.513192]},"properties":{"lines":"5т, 28т, 101","color":"#0059a9","mode":"bus","arr":["5т","28т","101"],"angle":-63.3,"extra":1,"ei":7}},{"type":"Feature","geometry":{"type":"Point","coordinates":[30.622815,50.511525]},"properties":{"lines":"5т, 28т, 101","color":"#0059a9","mode":"bus","arr":["5т","28т","101"],"angle":-60.6,"extra":1,"ei":8}},{"type":"Feature","geometry":{"type":"Point","coordinates":[30.62126,50.509918]},"properties":{"lines":"5т, 28т, 101","color":"#0059a9","mode":"bus","arr":["5т","28т","101"],"angle":-57.8,"extra":1,"ei":9}},{"type":"Feature","geometry":{"type":"Point","coordinates":[30.614626,50.512253]},"properties":{"lines":"110","color":"#0059a9","mode":"bus","arr":["110"],"angle":18.2,"side":-1}},{"type":"Feature","geometry":{"type":"Point","coordinates":[30.61793,50.510906]},"properties":{"lines":"35т, 110","color":"#0059a9","mode":"bus","arr":["35т","110"],"angle":33,"side":-1}},{"type":"Feature","geometry":{"type":"Point","coordinates":[30.616304,50.511589]},"properties":{"lines":"35т, 110","color":"#0059a9","mode":"bus","arr":["35т","110"],"angle":33.8,"extra":1,"ei":0,"side":-1}},{"type":"Feature","geometry":{"type":"Point","coordinates":[30.614789,50.503476]},"properties":{"lines":"28т, 35т, 79, 101, 110","color":"#0059a9","mode":"bus","arr":["28т","35т","79","101","110"],"angle":-57.3}},{"type":"Feature","geometry":{"type":"Point","coordinates":[30.620052,50.508718]},"properties":{"lines":"28т, 35т, 79, 101, 110","color":"#0059a9","mode":"bus","arr":["28т","35т","79","101","110"],"angle":-57.5,"extra":1,"ei":0}},{"type":"Feature","geometry":{"type":"Point","coordinates":[30.618459,50.507126]},"properties":{"lines":"28т, 35т, 79, 101, 110","color":"#0059a9","mode":"bus","arr":["28т","35т","79","101","110"],"angle":-57.4,"extra":1,"ei":1}},{"type":"Feature","geometry":{"type":"Point","coordinates":[30.61686,50.505536]},"properties":{"lines":"28т, 35т, 79, 101, 110","color":"#0059a9","mode":"bus","arr":["28т","35т","79","101","110"],"angle":-57.3,"extra":1,"ei":2}},{"type":"Feature","geometry":{"type":"Point","coordinates":[30.613579,50.502393]},"properties":{"lines":"28т, 35т, 79, 101, 110","color":"#0059a9","mode":"bus","arr":["28т","35т","79","101","110"],"angle":-50.3,"extra":1,"ei":3}},{"type":"Feature","geometry":{"type":"Point","coordinates":[30.611404,50.50112]},"properties":{"lines":"28т, 35т, 79, 101, 110","color":"#0059a9","mode":"bus","arr":["28т","35т","79","101","110"],"angle":-36,"extra":1,"ei":4}},{"type":"Feature","geometry":{"type":"Point","coordinates":[30.609005,50.500011]},"properties":{"lines":"28т, 35т, 79, 101, 110","color":"#0059a9","mode":"bus","arr":["28т","35т","79","101","110"],"angle":-36.1,"extra":1,"ei":5}},{"type":"Feature","geometry":{"type":"Point","coordinates":[30.606615,50.498895]},"properties":{"lines":"28т, 35т, 79, 101, 110","color":"#0059a9","mode":"bus","arr":["28т","35т","79","101","110"],"angle":-35.1,"extra":1,"ei":6,"side":-1}},{"type":"Feature","geometry":{"type":"Point","coordinates":[30.583278,50.505489]},"properties":{"lines":"5т, 44, 73","color":"#0059a9","mode":"bus","arr":["5т","44","73"],"angle":-42.5}},{"type":"Feature","geometry":{"type":"Point","coordinates":[30.578423,50.495294]},"properties":{"lines":"5т, 44","color":"#0059a9","mode":"bus","arr":["5т","44"],"angle":51.7,"side":-1}},{"type":"Feature","geometry":{"type":"Point","coordinates":[30.600132,50.52989]},"properties":{"lines":"6, 73, 98, 110, 31Д, 37","color":"#0059a9","mode":"bus","arr":["6","73","98","110","Тб31Д","Тб37"],"tLines":"31Д, 37","ntLines":"6, 73, 98, 110","angle":63.4}},{"type":"Feature","geometry":{"type":"Point","coordinates":[30.6011,50.528633]},"properties":{"lines":"6, 73, 98, 110, 31Д, 37","color":"#0059a9","mode":"bus","arr":["6","73","98","110","Тб31Д","Тб37"],"tLines":"31Д, 37","ntLines":"6, 73, 98, 110","angle":66,"extra":1,"ei":0,"side":-1}},{"type":"Feature","geometry":{"type":"Point","coordinates":[30.6017,50.526541]},"properties":{"lines":"6, 73, 110, 31Д, 37","color":"#0059a9","mode":"bus","arr":["6","73","110","Тб31Д","Тб37"],"tLines":"31Д, 37","ntLines":"6, 73, 110","angle":-85.8}},{"type":"Feature","geometry":{"type":"Point","coordinates":[30.601581,50.527708]},"properties":{"lines":"6, 73, 110, 31Д, 37","color":"#0059a9","mode":"bus","arr":["6","73","110","Тб31Д","Тб37"],"tLines":"31Д, 37","ntLines":"6, 73, 110","angle":77.9,"extra":1,"ei":0}},{"type":"Feature","geometry":{"type":"Point","coordinates":[30.599688,50.525032]},"properties":{"lines":"44","color":"#0059a9","mode":"bus","arr":["44"],"angle":38.1}},{"type":"Feature","geometry":{"type":"Point","coordinates":[30.595736,50.527118]},"properties":{"lines":"6, 44, 110","color":"#0059a9","mode":"bus","arr":["6","44","110"],"angle":41.1}},{"type":"Feature","geometry":{"type":"Point","coordinates":[30.599403,50.525095]},"properties":{"lines":"6, 44, 110","color":"#0059a9","mode":"bus","arr":["6","44","110"],"angle":42,"extra":1,"ei":0,"side":-1}},{"type":"Feature","geometry":{"type":"Point","coordinates":[30.597168,50.526335]},"properties":{"lines":"6, 44, 110","color":"#0059a9","mode":"bus","arr":["6","44","110"],"angle":40.3,"extra":1,"ei":1}},{"type":"Feature","geometry":{"type":"Point","coordinates":[30.593244,50.529101]},"properties":{"lines":"6, 44, 110","color":"#0059a9","mode":"bus","arr":["6","44","110"],"angle":64.8,"extra":1,"ei":2}},{"type":"Feature","geometry":{"type":"Point","coordinates":[30.58999,50.530091]},"properties":{"lines":"6","color":"#0059a9","mode":"bus","arr":["6"],"angle":-7.2,"mi":1}},{"type":"Feature","geometry":{"type":"Point","coordinates":[30.587845,50.530158]},"properties":{"lines":"6","color":"#0059a9","mode":"bus","arr":["6"],"angle":17.2,"extra":1,"ei":0}},{"type":"Feature","geometry":{"type":"Point","coordinates":[30.585987,50.521535]},"properties":{"lines":"6","color":"#0059a9","mode":"bus","arr":["6"],"angle":-76.1,"mi":2}},{"type":"Feature","geometry":{"type":"Point","coordinates":[30.580813,50.511729]},"properties":{"lines":"6","color":"#0059a9","mode":"bus","arr":["6"],"angle":-60.4,"mi":5}},{"type":"Feature","geometry":{"type":"Point","coordinates":[30.582782,50.513511]},"properties":{"lines":"6","color":"#0059a9","mode":"bus","arr":["6"],"angle":-58.7,"extra":1,"ei":0}},{"type":"Feature","geometry":{"type":"Point","coordinates":[30.584207,50.515166]},"properties":{"lines":"6","color":"#0059a9","mode":"bus","arr":["6"],"angle":-64.9,"extra":1,"ei":1}},{"type":"Feature","geometry":{"type":"Point","coordinates":[30.58478,50.517001]},"properties":{"lines":"6","color":"#0059a9","mode":"bus","arr":["6"],"angle":-84.4,"extra":1,"ei":2}},{"type":"Feature","geometry":{"type":"Point","coordinates":[30.585075,50.51888]},"properties":{"lines":"6","color":"#0059a9","mode":"bus","arr":["6"],"angle":-79.9,"extra":1,"ei":3}},{"type":"Feature","geometry":{"type":"Point","coordinates":[30.585184,50.524329]},"properties":{"lines":"6","color":"#0059a9","mode":"bus","arr":["6"],"angle":72.4,"extra":1,"ei":4}},{"type":"Feature","geometry":{"type":"Point","coordinates":[30.5847,50.526176]},"properties":{"lines":"6","color":"#0059a9","mode":"bus","arr":["6"],"angle":-83.1,"extra":1,"ei":5}},{"type":"Feature","geometry":{"type":"Point","coordinates":[30.585843,50.527885]},"properties":{"lines":"6","color":"#0059a9","mode":"bus","arr":["6"],"angle":-58.8,"extra":1,"ei":6}},{"type":"Feature","geometry":{"type":"Point","coordinates":[30.587216,50.529557]},"properties":{"lines":"6","color":"#0059a9","mode":"bus","arr":["6"],"angle":-62,"extra":1,"ei":7}},{"type":"Feature","geometry":{"type":"Point","coordinates":[30.578927,50.507859]},"properties":{"lines":"6","color":"#0059a9","mode":"bus","arr":["6"],"angle":84.9,"mi":2}},{"type":"Feature","geometry":{"type":"Point","coordinates":[30.579879,50.50598]},"properties":{"lines":"6","color":"#0059a9","mode":"bus","arr":["6"],"angle":66.4,"extra":1,"ei":0}},{"type":"Feature","geometry":{"type":"Point","coordinates":[30.579497,50.509604]},"properties":{"lines":"6","color":"#0059a9","mode":"bus","arr":["6"],"angle":-71.1,"extra":1,"ei":1}},{"type":"Feature","geometry":{"type":"Point","coordinates":[30.587343,50.509117]},"properties":{"lines":"6","color":"#0059a9","mode":"bus","arr":["6"],"angle":-30.5,"mi":4}},{"type":"Feature","geometry":{"type":"Point","coordinates":[30.59415,50.511435]},"properties":{"lines":"6","color":"#0059a9","mode":"bus","arr":["6"],"angle":-27.9,"extra":1,"ei":0}},{"type":"Feature","geometry":{"type":"Point","coordinates":[30.591533,50.510548]},"properties":{"lines":"6","color":"#0059a9","mode":"bus","arr":["6"],"angle":-28.3,"extra":1,"ei":1}},{"type":"Feature","geometry":{"type":"Point","coordinates":[30.584067,50.507526]},"properties":{"lines":"6","color":"#0059a9","mode":"bus","arr":["6"],"angle":-46.2,"extra":1,"ei":2}},{"type":"Feature","geometry":{"type":"Point","coordinates":[30.582024,50.506158]},"properties":{"lines":"6","color":"#0059a9","mode":"bus","arr":["6"],"angle":-46.1,"extra":1,"ei":3}},{"type":"Feature","geometry":{"type":"Point","coordinates":[30.581971,50.50669]},"properties":{"lines":"6","color":"#0059a9","mode":"bus","arr":["6"],"angle":-65,"mi":1}},{"type":"Feature","geometry":{"type":"Point","coordinates":[30.583379,50.507272]},"properties":{"lines":"6","color":"#0059a9","mode":"bus","arr":["6"],"angle":-46.2}},{"type":"Feature","geometry":{"type":"Point","coordinates":[30.581215,50.505838]},"properties":{"lines":"6","color":"#0059a9","mode":"bus","arr":["6"],"angle":-46.5,"mi":3}},{"type":"Feature","geometry":{"type":"Point","coordinates":[30.589172,50.529774]},"properties":{"lines":"6","color":"#0059a9","mode":"bus","arr":["6"],"angle":3.6}},{"type":"Feature","geometry":{"type":"Point","coordinates":[30.600231,50.513919]},"properties":{"lines":"6, 37Д, 44","color":"#0059a9","mode":"bus","arr":["6","37Д","44"],"angle":-42.2}},{"type":"Feature","geometry":{"type":"Point","coordinates":[30.596747,50.512344]},"properties":{"lines":"6, 37Д, 44","color":"#0059a9","mode":"bus","arr":["6","37Д","44"],"angle":-29.9,"extra":1,"ei":0}},{"type":"Feature","geometry":{"type":"Point","coordinates":[30.603222,50.516132]},"properties":{"lines":"6, 37Д, 44","color":"#0059a9","mode":"bus","arr":["6","37Д","44"],"angle":-56.6,"extra":1,"ei":1}},{"type":"Feature","geometry":{"type":"Point","coordinates":[30.59848,50.508241]},"properties":{"lines":"6, 37Д, 79","color":"#0059a9","mode":"bus","arr":["6","37Д","79"],"angle":62.4,"side":-1}},{"type":"Feature","geometry":{"type":"Point","coordinates":[30.596906,50.510141]},"properties":{"lines":"6, 37Д, 79","color":"#0059a9","mode":"bus","arr":["6","37Д","79"],"angle":62.8,"extra":1,"ei":0,"side":-1}},{"type":"Feature","geometry":{"type":"Point","coordinates":[30.599667,50.506799]},"properties":{"lines":"6, 37Д, 79","color":"#0059a9","mode":"bus","arr":["6","37Д","79"],"angle":62.1,"extra":1,"ei":1,"side":-1}},{"type":"Feature","geometry":{"type":"Point","coordinates":[30.603923,50.501924]},"properties":{"lines":"6, 37Д, 79, 37","color":"#0059a9","mode":"bus","arr":["6","37Д","79","Тб37"],"tLines":"37","ntLines":"6, 37Д, 79","angle":62.7}},{"type":"Feature","geometry":{"type":"Point","coordinates":[30.602082,50.503971]},"properties":{"lines":"6, 37Д, 79, 37","color":"#0059a9","mode":"bus","arr":["6","37Д","79","Тб37"],"tLines":"37","ntLines":"6, 37Д, 79","angle":62.5,"extra":1,"ei":0,"side":-1}},{"type":"Feature","geometry":{"type":"Point","coordinates":[30.604841,50.500628]},"properties":{"lines":"6, 37Д, 79, 37","color":"#0059a9","mode":"bus","arr":["6","37Д","79","Тб37"],"tLines":"37","ntLines":"6, 37Д, 79","angle":62,"extra":1,"ei":1,"side":-1}},{"type":"Feature","geometry":{"type":"Point","coordinates":[30.606251,50.498967]},"properties":{"lines":"6, 37Д, 79, 37","color":"#0059a9","mode":"bus","arr":["6","37Д","79","Тб37"],"tLines":"37","ntLines":"6, 37Д, 79","angle":61.4,"extra":1,"ei":2,"side":-1}},{"type":"Feature","geometry":{"type":"Point","coordinates":[30.607796,50.497019]},"properties":{"lines":"6, 28т, 35т, 37Д, 110, 37","color":"#0059a9","mode":"bus","arr":["6","28т","35т","37Д","110","Тб37"],"tLines":"37","ntLines":"6, 28т, 35т, 37Д, 110","angle":66.6,"side":-1}},{"type":"Feature","geometry":{"type":"Point","coordinates":[30.609625,50.490796]},"properties":{"lines":"6, 37Д, 79, 37","color":"#0059a9","mode":"bus","arr":["6","37Д","79","Тб37"],"tLines":"37","ntLines":"6, 37Д, 79","angle":75.7,"side":-1}},{"type":"Feature","geometry":{"type":"Point","coordinates":[30.608117,50.494014]},"properties":{"lines":"6, 37Д, 79, 37","color":"#0059a9","mode":"bus","arr":["6","37Д","79","Тб37"],"tLines":"37","ntLines":"6, 37Д, 79","angle":73.4,"extra":1,"ei":0,"side":-1}},{"type":"Feature","geometry":{"type":"Point","coordinates":[30.60898,50.492208]},"properties":{"lines":"6, 37Д, 79, 37","color":"#0059a9","mode":"bus","arr":["6","37Д","79","Тб37"],"tLines":"37","ntLines":"6, 37Д, 79","angle":73.4,"extra":1,"ei":1,"side":-1}},{"type":"Feature","geometry":{"type":"Point","coordinates":[30.610636,50.488585]},"properties":{"lines":"6, 37Д, 79, 37","color":"#0059a9","mode":"bus","arr":["6","37Д","79","Тб37"],"tLines":"37","ntLines":"6, 37Д, 79","angle":68.6,"extra":1,"ei":2,"side":-1}},{"type":"Feature","geometry":{"type":"Point","coordinates":[30.6118,50.486848]},"properties":{"lines":"6, 37Д, 79, 37","color":"#0059a9","mode":"bus","arr":["6","37Д","79","Тб37"],"tLines":"37","ntLines":"6, 37Д, 79","angle":66.7,"extra":1,"ei":3,"side":-1}},{"type":"Feature","geometry":{"type":"Point","coordinates":[30.614691,50.482566]},"properties":{"lines":"6, 79, 37","color":"#0059a9","mode":"bus","arr":["6","79","Тб37"],"tLines":"37","ntLines":"6, 79","angle":66.7,"side":-1}},{"type":"Feature","geometry":{"type":"Point","coordinates":[30.612445,50.485878]},"properties":{"lines":"6, 79, 37","color":"#0059a9","mode":"bus","arr":["6","79","Тб37"],"tLines":"37","ntLines":"6, 79","angle":67.1,"extra":1,"ei":0,"side":-1}},{"type":"Feature","geometry":{"type":"Point","coordinates":[30.613616,50.484144]},"properties":{"lines":"6, 79, 37","color":"#0059a9","mode":"bus","arr":["6","79","Тб37"],"tLines":"37","ntLines":"6, 79","angle":66.4,"extra":1,"ei":1,"side":-1}},{"type":"Feature","geometry":{"type":"Point","coordinates":[30.615966,50.480676]},"properties":{"lines":"6, 79, 37","color":"#0059a9","mode":"bus","arr":["6","79","Тб37"],"tLines":"37","ntLines":"6, 79","angle":66.8,"extra":1,"ei":2,"side":-1}},{"type":"Feature","geometry":{"type":"Point","coordinates":[30.617153,50.478946]},"properties":{"lines":"6, 79, 37","color":"#0059a9","mode":"bus","arr":["6","79","Тб37"],"tLines":"37","ntLines":"6, 79","angle":66.2,"extra":1,"ei":3,"side":-1}},{"type":"Feature","geometry":{"type":"Point","coordinates":[30.621381,50.472729]},"properties":{"lines":"6","color":"#0059a9","mode":"bus","arr":["6"],"angle":65.6,"side":-1}},{"type":"Feature","geometry":{"type":"Point","coordinates":[30.618247,50.47736]},"properties":{"lines":"6","color":"#0059a9","mode":"bus","arr":["6"],"angle":66.6,"extra":1,"ei":0,"side":-1}},{"type":"Feature","geometry":{"type":"Point","coordinates":[30.619417,50.475625]},"properties":{"lines":"6","color":"#0059a9","mode":"bus","arr":["6"],"angle":66.7,"extra":1,"ei":1,"side":-1}},{"type":"Feature","geometry":{"type":"Point","coordinates":[30.62059,50.47389]},"properties":{"lines":"6","color":"#0059a9","mode":"bus","arr":["6"],"angle":66.7,"extra":1,"ei":2,"side":-1}},{"type":"Feature","geometry":{"type":"Point","coordinates":[30.623062,50.470458]},"properties":{"lines":"6","color":"#0059a9","mode":"bus","arr":["6"],"angle":63.8,"extra":1,"ei":3,"side":-1}},{"type":"Feature","geometry":{"type":"Point","coordinates":[30.624373,50.468764]},"properties":{"lines":"6","color":"#0059a9","mode":"bus","arr":["6"],"angle":63.8,"extra":1,"ei":4,"side":-1}},{"type":"Feature","geometry":{"type":"Point","coordinates":[30.6223,50.471645]},"properties":{"lines":"6","color":"#0059a9","mode":"bus","arr":["6"],"angle":66.7,"extra":1,"ei":0}},{"type":"Feature","geometry":{"type":"Point","coordinates":[30.626578,50.465615]},"properties":{"lines":"6, 63","color":"#0059a9","mode":"bus","arr":["6","63"],"angle":66.8}},{"type":"Feature","geometry":{"type":"Point","coordinates":[30.627738,50.46366]},"properties":{"lines":"6, 22тк, 63","color":"#0059a9","mode":"bus","arr":["6","22тк","63"],"angle":86.1,"side":-1}},{"type":"Feature","geometry":{"type":"Point","coordinates":[30.628252,50.462695]},"properties":{"lines":"6, 22тк, 28т, 35т, 63","color":"#0059a9","mode":"bus","arr":["6","22тк","28т","35т","63"],"angle":66.9,"side":-1}},{"type":"Feature","geometry":{"type":"Point","coordinates":[30.62903,50.46156]},"properties":{"lines":"6, 28т, 35т, 63, 118д","color":"#0059a9","mode":"bus","arr":["6","28т","35т","63","118д"],"angle":65.8,"side":-1}},{"type":"Feature","geometry":{"type":"Point","coordinates":[30.629551,50.460811]},"properties":{"lines":"6, 28т, 33т, 35т, 63","color":"#0059a9","mode":"bus","arr":["6","28т","33т","35т","63"],"angle":66.5,"side":-1}},{"type":"Feature","geometry":{"type":"Point","coordinates":[30.629969,50.460207]},"properties":{"lines":"6, 28т, 33т, 63, 118д","color":"#0059a9","mode":"bus","arr":["6","28т","33т","63","118д"],"angle":65.6}},{"type":"Feature","geometry":{"type":"Point","coordinates":[30.632558,50.45671]},"properties":{"lines":"6, 33т, 63, 118д","color":"#0059a9","mode":"bus","arr":["6","33т","63","118д"],"angle":67.4,"mi":2}},{"type":"Feature","geometry":{"type":"Point","coordinates":[30.630686,50.45914]},"properties":{"lines":"6, 33т, 63, 118д","color":"#0059a9","mode":"bus","arr":["6","33т","63","118д"],"angle":65.7,"extra":1,"ei":0,"side":-1}},{"type":"Feature","geometry":{"type":"Point","coordinates":[30.634138,50.45427]},"properties":{"lines":"6, 33т, 63, 118д","color":"#0059a9","mode":"bus","arr":["6","33т","63","118д"],"angle":68.2,"extra":1,"ei":0}},{"type":"Feature","geometry":{"type":"Point","coordinates":[30.629525,50.449777]},"properties":{"lines":"6, 33т, 63, 118д","color":"#0059a9","mode":"bus","arr":["6","33т","63","118д"],"angle":-69.6,"mi":1}},{"type":"Feature","geometry":{"type":"Point","coordinates":[30.632542,50.454492]},"properties":{"lines":"6, 33т, 63, 118д","color":"#0059a9","mode":"bus","arr":["6","33т","63","118д"],"angle":-68.4,"extra":1,"ei":0}},{"type":"Feature","geometry":{"type":"Point","coordinates":[30.631449,50.452737]},"properties":{"lines":"6, 33т, 63, 118д","color":"#0059a9","mode":"bus","arr":["6","33т","63","118д"],"angle":-66.9,"extra":1,"ei":1}},{"type":"Feature","geometry":{"type":"Point","coordinates":[30.630234,50.451017]},"properties":{"lines":"6, 33т, 63, 118д","color":"#0059a9","mode":"bus","arr":["6","33т","63","118д"],"angle":-70,"extra":1,"ei":2}},{"type":"Feature","geometry":{"type":"Point","coordinates":[30.628137,50.447484]},"properties":{"lines":"6, 33т, 63, 118д","color":"#0059a9","mode":"bus","arr":["6","33т","63","118д"],"angle":-68.8,"extra":1,"ei":3}},{"type":"Feature","geometry":{"type":"Point","coordinates":[30.627071,50.445722]},"properties":{"lines":"6, 33т, 63, 118д","color":"#0059a9","mode":"bus","arr":["6","33т","63","118д"],"angle":-68.9,"extra":1,"ei":4}},{"type":"Feature","geometry":{"type":"Point","coordinates":[30.626748,50.443977]},"properties":{"lines":"6, 33т, 55, 63, 111, 43","color":"#0059a9","mode":"bus","arr":["6","33т","55","63","111","Тб43"],"tLines":"43","ntLines":"6, 33т, 55, 63, 111","angle":21.4}},{"type":"Feature","geometry":{"type":"Point","coordinates":[30.628177,50.44362]},"properties":{"lines":"6, 33т, 63, 111, 43","color":"#0059a9","mode":"bus","arr":["6","33т","63","111","Тб43"],"tLines":"43","ntLines":"6, 33т, 63, 111","angle":21.1}},{"type":"Feature","geometry":{"type":"Point","coordinates":[30.632367,50.452149]},"properties":{"lines":"6, 33т, 63, 118д","color":"#0059a9","mode":"bus","arr":["6","33т","63","118д"],"angle":-24.2}},{"type":"Feature","geometry":{"type":"Point","coordinates":[30.634865,50.452777]},"properties":{"lines":"6","color":"#0059a9","mode":"bus","arr":["6"],"angle":8.6,"side":-1}},{"type":"Feature","geometry":{"type":"Point","coordinates":[30.634951,50.453114]},"properties":{"lines":"6, 33т, 118д","color":"#0059a9","mode":"bus","arr":["6","33т","118д"],"angle":64.1}},{"type":"Feature","geometry":{"type":"Point","coordinates":[30.630145,50.460318]},"properties":{"lines":"6, 33т, 63","color":"#0059a9","mode":"bus","arr":["6","33т","63"],"angle":67,"mi":1}},{"type":"Feature","geometry":{"type":"Point","coordinates":[30.629771,50.460871]},"properties":{"lines":"6, 33т, 63","color":"#0059a9","mode":"bus","arr":["6","33т","63"],"angle":66.6}},{"type":"Feature","geometry":{"type":"Point","coordinates":[30.629244,50.461693]},"properties":{"lines":"6, 28т, 63, 118д","color":"#0059a9","mode":"bus","arr":["6","28т","63","118д"],"angle":69.4}},{"type":"Feature","geometry":{"type":"Point","coordinates":[30.628517,50.462979]},"properties":{"lines":"6, 22тк, 28т, 35т, 63","color":"#0059a9","mode":"bus","arr":["6","22тк","28т","35т","63"],"angle":67.2,"mi":1}},{"type":"Feature","geometry":{"type":"Point","coordinates":[30.626739,50.465603]},"properties":{"lines":"6, 22тк, 28т, 35т","color":"#0059a9","mode":"bus","arr":["6","22тк","28т","35т"],"angle":66.6}},{"type":"Feature","geometry":{"type":"Point","coordinates":[30.612438,50.486242]},"properties":{"lines":"6, 37Д, 37","color":"#0059a9","mode":"bus","arr":["6","37Д","Тб37"],"tLines":"37","ntLines":"6, 37Д","angle":66.7}},{"type":"Feature","geometry":{"type":"Point","coordinates":[30.617241,50.479144]},"properties":{"lines":"6, 37Д, 37","color":"#0059a9","mode":"bus","arr":["6","37Д","Тб37"],"tLines":"37","ntLines":"6, 37Д","angle":66.7,"extra":1,"ei":0}},{"type":"Feature","geometry":{"type":"Point","coordinates":[30.616073,50.48088]},"properties":{"lines":"6, 37Д, 37","color":"#0059a9","mode":"bus","arr":["6","37Д","Тб37"],"tLines":"37","ntLines":"6, 37Д","angle":66.7,"extra":1,"ei":1}},{"type":"Feature","geometry":{"type":"Point","coordinates":[30.614897,50.482614]},"properties":{"lines":"6, 37Д, 37","color":"#0059a9","mode":"bus","arr":["6","37Д","Тб37"],"tLines":"37","ntLines":"6, 37Д","angle":66.6,"extra":1,"ei":2}},{"type":"Feature","geometry":{"type":"Point","coordinates":[30.613721,50.484347]},"properties":{"lines":"6, 37Д, 37","color":"#0059a9","mode":"bus","arr":["6","37Д","Тб37"],"tLines":"37","ntLines":"6, 37Д","angle":66.6,"extra":1,"ei":3}},{"type":"Feature","geometry":{"type":"Point","coordinates":[30.611327,50.487802]},"properties":{"lines":"6, 37Д, 37","color":"#0059a9","mode":"bus","arr":["6","37Д","Тб37"],"tLines":"37","ntLines":"6, 37Д","angle":66.1,"extra":1,"ei":4}},{"type":"Feature","geometry":{"type":"Point","coordinates":[30.610296,50.489568]},"properties":{"lines":"6, 37Д, 37","color":"#0059a9","mode":"bus","arr":["6","37Д","Тб37"],"tLines":"37","ntLines":"6, 37Д","angle":75.8,"extra":1,"ei":5}},{"type":"Feature","geometry":{"type":"Point","coordinates":[30.609565,50.491398]},"properties":{"lines":"6, 37Д, 37","color":"#0059a9","mode":"bus","arr":["6","37Д","Тб37"],"tLines":"37","ntLines":"6, 37Д","angle":74.7,"extra":1,"ei":6}},{"type":"Feature","geometry":{"type":"Point","coordinates":[30.608706,50.493205]},"properties":{"lines":"6, 37Д, 37","color":"#0059a9","mode":"bus","arr":["6","37Д","Тб37"],"tLines":"37","ntLines":"6, 37Д","angle":72.6,"extra":1,"ei":7}},{"type":"Feature","geometry":{"type":"Point","coordinates":[30.607897,50.497125]},"properties":{"lines":"6, 28т, 37Д, 110, 37","color":"#0059a9","mode":"bus","arr":["6","28т","37Д","110","Тб37"],"tLines":"37","ntLines":"6, 28т, 37Д, 110","angle":66.7}},{"type":"Feature","geometry":{"type":"Point","coordinates":[30.598682,50.508234]},"properties":{"lines":"6, 37Д","color":"#0059a9","mode":"bus","arr":["6","37Д"],"angle":62.3}},{"type":"Feature","geometry":{"type":"Point","coordinates":[30.600298,50.506274]},"properties":{"lines":"6, 37Д","color":"#0059a9","mode":"bus","arr":["6","37Д"],"angle":62.3,"extra":1,"ei":0}},{"type":"Feature","geometry":{"type":"Point","coordinates":[30.597541,50.509618]},"properties":{"lines":"6, 37Д","color":"#0059a9","mode":"bus","arr":["6","37Д"],"angle":62.3,"extra":1,"ei":1}},{"type":"Feature","geometry":{"type":"Point","coordinates":[30.593788,50.52803]},"properties":{"lines":"6, 44","color":"#0059a9","mode":"bus","arr":["6","44"],"angle":54.9,"side":-1}},{"type":"Feature","geometry":{"type":"Point","coordinates":[30.598893,50.531709]},"properties":{"lines":"73, 98, 37","color":"#0059a9","mode":"bus","arr":["73","98","Тб37"],"tLines":"37","ntLines":"73, 98","angle":79.8}},{"type":"Feature","geometry":{"type":"Point","coordinates":[30.497777,50.450948]},"properties":{"lines":"7","color":"#0059a9","mode":"bus","arr":["7"],"angle":-33.8}},{"type":"Feature","geometry":{"type":"Point","coordinates":[30.503956,50.453544]},"properties":{"lines":"7","color":"#0059a9","mode":"bus","arr":["7"],"angle":-33.4,"extra":1,"ei":0}},{"type":"Feature","geometry":{"type":"Point","coordinates":[30.501476,50.45251]},"properties":{"lines":"7","color":"#0059a9","mode":"bus","arr":["7"],"angle":-32.5,"extra":1,"ei":1}},{"type":"Feature","geometry":{"type":"Point","coordinates":[30.494193,50.44927]},"properties":{"lines":"7","color":"#0059a9","mode":"bus","arr":["7"],"angle":-42.7,"extra":1,"ei":2}},{"type":"Feature","geometry":{"type":"Point","coordinates":[30.491806,50.448168]},"properties":{"lines":"7","color":"#0059a9","mode":"bus","arr":["7"],"angle":-33.2,"extra":1,"ei":3}},{"type":"Feature","geometry":{"type":"Point","coordinates":[30.493372,50.447854]},"properties":{"lines":"7","color":"#0059a9","mode":"bus","arr":["7"],"angle":58.1,"mi":2}},{"type":"Feature","geometry":{"type":"Point","coordinates":[30.493987,50.446965]},"properties":{"lines":"7, 8","color":"#0059a9","mode":"bus","arr":["7","Тб8"],"tLines":"8","ntLines":"7","angle":79.8}},{"type":"Feature","geometry":{"type":"Point","coordinates":[30.493684,50.44568]},"properties":{"lines":"7, 50","color":"#0059a9","mode":"bus","arr":["7","50"],"angle":-39.5,"mi":2}},{"type":"Feature","geometry":{"type":"Point","coordinates":[30.493797,50.44403]},"properties":{"lines":"7, 50","color":"#0059a9","mode":"bus","arr":["7","50"],"angle":56.3,"mi":1}},{"type":"Feature","geometry":{"type":"Point","coordinates":[30.495774,50.444895]},"properties":{"lines":"7, 50","color":"#0059a9","mode":"bus","arr":["7","50"],"angle":55.6}},{"type":"Feature","geometry":{"type":"Point","coordinates":[30.494545,50.446168]},"properties":{"lines":"7","color":"#0059a9","mode":"bus","arr":["7"],"angle":74.8,"side":-1,"mi":3}},{"type":"Feature","geometry":{"type":"Point","coordinates":[30.493859,50.446891]},"properties":{"lines":"7, 5, 17","color":"#0059a9","mode":"bus","arr":["7","Тб5","Тб17"],"tLines":"5, 17","ntLines":"7","angle":39.5,"side":-1}},{"type":"Feature","geometry":{"type":"Point","coordinates":[30.492484,50.447164]},"properties":{"lines":"7, 5, 8, 17","color":"#0059a9","mode":"bus","arr":["7","Тб5","Тб8","Тб17"],"tLines":"5, 8, 17","ntLines":"7","angle":14.4}},{"type":"Feature","geometry":{"type":"Point","coordinates":[30.501573,50.454384]},"properties":{"lines":"7","color":"#0059a9","mode":"bus","arr":["7"],"angle":-79.8,"mi":1}},{"type":"Feature","geometry":{"type":"Point","coordinates":[30.503467,50.456083]},"properties":{"lines":"7, 6, 16, 18","color":"#0059a9","mode":"bus","arr":["7","Тб6","Тб16","Тб18"],"tLines":"6, 16, 18","ntLines":"7","angle":23.1}},{"type":"Feature","geometry":{"type":"Point","coordinates":[30.505462,50.455542]},"properties":{"lines":"7, 6, 16, 18","color":"#0059a9","mode":"bus","arr":["7","Тб6","Тб16","Тб18"],"tLines":"6, 16, 18","ntLines":"7","angle":22.3,"mi":1}},{"type":"Feature","geometry":{"type":"Point","coordinates":[30.505794,50.454803]},"properties":{"lines":"7","color":"#0059a9","mode":"bus","arr":["7"],"angle":-71,"mi":4}},{"type":"Feature","geometry":{"type":"Point","coordinates":[30.426035,50.459665]},"properties":{"lines":"9","color":"#0059a9","mode":"bus","arr":["9"],"angle":-24.6,"mi":1}},{"type":"Feature","geometry":{"type":"Point","coordinates":[30.42285,50.458827]},"properties":{"lines":"9","color":"#0059a9","mode":"bus","arr":["9"],"angle":-16.4,"extra":1,"ei":0,"side":-1}},{"type":"Feature","geometry":{"type":"Point","coordinates":[30.421655,50.458541]},"properties":{"lines":"9","color":"#0059a9","mode":"bus","arr":["9"],"angle":-24.9,"side":-1}},{"type":"Feature","geometry":{"type":"Point","coordinates":[30.410251,50.436683]},"properties":{"lines":"9","color":"#0059a9","mode":"bus","arr":["9"],"angle":68,"side":-1,"mi":1}},{"type":"Feature","geometry":{"type":"Point","coordinates":[30.411244,50.43511]},"properties":{"lines":"9","color":"#0059a9","mode":"bus","arr":["9"],"angle":66.7,"side":-1}},{"type":"Feature","geometry":{"type":"Point","coordinates":[30.379515,50.421726]},"properties":{"lines":"9, 23, 69","color":"#0059a9","mode":"bus","arr":["9","23","69"],"angle":43}},{"type":"Feature","geometry":{"type":"Point","coordinates":[30.38646,50.415317]},"properties":{"lines":"69","color":"#0059a9","mode":"bus","arr":["69"],"angle":-55.1,"mi":2}},{"type":"Feature","geometry":{"type":"Point","coordinates":[30.404676,50.410492]},"properties":{"lines":"9","color":"#0059a9","mode":"bus","arr":["9"],"angle":-7.2}},{"type":"Feature","geometry":{"type":"Point","coordinates":[30.401415,50.409993]},"properties":{"lines":"9","color":"#0059a9","mode":"bus","arr":["9"],"angle":-45.6,"extra":1,"ei":0}},{"type":"Feature","geometry":{"type":"Point","coordinates":[30.407157,50.410724]},"properties":{"lines":"9","color":"#0059a9","mode":"bus","arr":["9"],"angle":-19.9,"extra":1,"ei":1}},{"type":"Feature","geometry":{"type":"Point","coordinates":[30.390402,50.417032]},"properties":{"lines":"9, 23","color":"#0059a9","mode":"bus","arr":["9","23"],"angle":-69.1,"mi":1}},{"type":"Feature","geometry":{"type":"Point","coordinates":[30.3899,50.417726]},"properties":{"lines":"9, 23","color":"#0059a9","mode":"bus","arr":["9","23"],"angle":20.7}},{"type":"Feature","geometry":{"type":"Point","coordinates":[30.388694,50.417398]},"properties":{"lines":"9, 23, 69","color":"#0059a9","mode":"bus","arr":["9","23","69"],"angle":-61.3,"side":-1,"mi":1}},{"type":"Feature","geometry":{"type":"Point","coordinates":[30.376334,50.423772]},"properties":{"lines":"9, 23, 90","color":"#0059a9","mode":"bus","arr":["9","23","90"],"angle":47.7}},{"type":"Feature","geometry":{"type":"Point","coordinates":[30.377618,50.422918]},"properties":{"lines":"9, 23, 90","color":"#0059a9","mode":"bus","arr":["9","23","90"],"angle":46.2,"extra":1,"ei":0}},{"type":"Feature","geometry":{"type":"Point","coordinates":[30.374536,50.426164]},"properties":{"lines":"9, 90","color":"#0059a9","mode":"bus","arr":["9","90"],"angle":-63.2}},{"type":"Feature","geometry":{"type":"Point","coordinates":[30.392937,50.428823]},"properties":{"lines":"69","color":"#0059a9","mode":"bus","arr":["69"],"angle":68.3,"mi":1}},{"type":"Feature","geometry":{"type":"Point","coordinates":[30.392219,50.429937]},"properties":{"lines":"69","color":"#0059a9","mode":"bus","arr":["69"],"angle":67.1,"extra":1,"ei":0}},{"type":"Feature","geometry":{"type":"Point","coordinates":[30.474037,50.46309]},"properties":{"lines":"9","color":"#0059a9","mode":"bus","arr":["9"],"angle":-85.4}},{"type":"Feature","geometry":{"type":"Point","coordinates":[30.477743,50.463206]},"properties":{"lines":"9, 31","color":"#0059a9","mode":"bus","arr":["9","31"],"angle":23}},{"type":"Feature","geometry":{"type":"Point","coordinates":[30.47569,50.46377]},"properties":{"lines":"9, 31","color":"#0059a9","mode":"bus","arr":["9","31"],"angle":23.4,"extra":1,"ei":0}},{"type":"Feature","geometry":{"type":"Point","coordinates":[30.480823,50.461924]},"properties":{"lines":"9, 31","color":"#0059a9","mode":"bus","arr":["9","31"],"angle":35.7,"extra":1,"ei":1}},{"type":"Feature","geometry":{"type":"Point","coordinates":[30.472057,50.465027]},"properties":{"lines":"31","color":"#0059a9","mode":"bus","arr":["31"],"angle":37.9}},{"type":"Feature","geometry":{"type":"Point","coordinates":[30.712288,50.47506]},"properties":{"lines":"10","color":"#0059a9","mode":"bus","arr":["10"],"angle":70.5}},{"type":"Feature","geometry":{"type":"Point","coordinates":[30.715555,50.468059]},"properties":{"lines":"10","color":"#0059a9","mode":"bus","arr":["10"],"angle":75.3,"extra":1,"ei":0}},{"type":"Feature","geometry":{"type":"Point","coordinates":[30.714799,50.469885]},"properties":{"lines":"10","color":"#0059a9","mode":"bus","arr":["10"],"angle":73.5,"extra":1,"ei":1}},{"type":"Feature","geometry":{"type":"Point","coordinates":[30.713986,50.471698]},"properties":{"lines":"10","color":"#0059a9","mode":"bus","arr":["10"],"angle":75,"extra":1,"ei":2}},{"type":"Feature","geometry":{"type":"Point","coordinates":[30.713289,50.473533]},"properties":{"lines":"10","color":"#0059a9","mode":"bus","arr":["10"],"angle":77.1,"extra":1,"ei":3}},{"type":"Feature","geometry":{"type":"Point","coordinates":[30.712309,50.477044]},"properties":{"lines":"10","color":"#0059a9","mode":"bus","arr":["10"],"angle":-66.8,"extra":1,"ei":4}},{"type":"Feature","geometry":{"type":"Point","coordinates":[30.711428,50.478759]},"properties":{"lines":"10","color":"#0059a9","mode":"bus","arr":["10"],"angle":64.1,"extra":1,"ei":5}},{"type":"Feature","geometry":{"type":"Point","coordinates":[30.710473,50.480518]},"properties":{"lines":"10","color":"#0059a9","mode":"bus","arr":["10"],"angle":89,"extra":1,"ei":6}},{"type":"Feature","geometry":{"type":"Point","coordinates":[30.710613,50.482398]},"properties":{"lines":"10","color":"#0059a9","mode":"bus","arr":["10"],"angle":-78.2,"extra":1,"ei":7}},{"type":"Feature","geometry":{"type":"Point","coordinates":[30.689107,50.476966]},"properties":{"lines":"10","color":"#0059a9","mode":"bus","arr":["10"],"angle":-23.3,"side":-1}},{"type":"Feature","geometry":{"type":"Point","coordinates":[30.723359,50.486359]},"properties":{"lines":"10","color":"#0059a9","mode":"bus","arr":["10"],"angle":-23.1,"extra":1,"ei":0,"side":-1}},{"type":"Feature","geometry":{"type":"Point","coordinates":[30.720633,50.485619]},"properties":{"lines":"10","color":"#0059a9","mode":"bus","arr":["10"],"angle":-23.1,"extra":1,"ei":1,"side":-1}},{"type":"Feature","geometry":{"type":"Point","coordinates":[30.717906,50.484878]},"properties":{"lines":"10","color":"#0059a9","mode":"bus","arr":["10"],"angle":-23.1,"extra":1,"ei":2,"side":-1}},{"type":"Feature","geometry":{"type":"Point","coordinates":[30.715179,50.484139]},"properties":{"lines":"10","color":"#0059a9","mode":"bus","arr":["10"],"angle":-23,"extra":1,"ei":3,"side":-1}},{"type":"Feature","geometry":{"type":"Point","coordinates":[30.712452,50.483399]},"properties":{"lines":"10","color":"#0059a9","mode":"bus","arr":["10"],"angle":-23,"extra":1,"ei":4,"side":-1}},{"type":"Feature","geometry":{"type":"Point","coordinates":[30.70973,50.482653]},"properties":{"lines":"10","color":"#0059a9","mode":"bus","arr":["10"],"angle":-23.7,"extra":1,"ei":5,"side":-1}},{"type":"Feature","geometry":{"type":"Point","coordinates":[30.707016,50.481894]},"properties":{"lines":"10","color":"#0059a9","mode":"bus","arr":["10"],"angle":-23.7,"extra":1,"ei":6,"side":-1}},{"type":"Feature","geometry":{"type":"Point","coordinates":[30.7043,50.481138]},"properties":{"lines":"10","color":"#0059a9","mode":"bus","arr":["10"],"angle":-23.3,"extra":1,"ei":7,"side":-1}},{"type":"Feature","geometry":{"type":"Point","coordinates":[30.701579,50.480391]},"properties":{"lines":"10","color":"#0059a9","mode":"bus","arr":["10"],"angle":-23.3,"extra":1,"ei":8,"side":-1}},{"type":"Feature","geometry":{"type":"Point","coordinates":[30.698857,50.479644]},"properties":{"lines":"10","color":"#0059a9","mode":"bus","arr":["10"],"angle":-23.3,"extra":1,"ei":9,"side":-1}},{"type":"Feature","geometry":{"type":"Point","coordinates":[30.696135,50.478896]},"properties":{"lines":"10","color":"#0059a9","mode":"bus","arr":["10"],"angle":-23.3,"extra":1,"ei":10,"side":-1}},{"type":"Feature","geometry":{"type":"Point","coordinates":[30.693413,50.478149]},"properties":{"lines":"10","color":"#0059a9","mode":"bus","arr":["10"],"angle":-23.3,"extra":1,"ei":11,"side":-1}},{"type":"Feature","geometry":{"type":"Point","coordinates":[30.685249,50.475906]},"properties":{"lines":"10","color":"#0059a9","mode":"bus","arr":["10"],"angle":-23.4,"extra":1,"ei":12,"side":-1}},{"type":"Feature","geometry":{"type":"Point","coordinates":[30.682531,50.475153]},"properties":{"lines":"10","color":"#0059a9","mode":"bus","arr":["10"],"angle":-23.6,"extra":1,"ei":13,"side":-1}},{"type":"Feature","geometry":{"type":"Point","coordinates":[30.679812,50.474401]},"properties":{"lines":"10","color":"#0059a9","mode":"bus","arr":["10"],"angle":-23.1,"extra":1,"ei":14,"side":-1}},{"type":"Feature","geometry":{"type":"Point","coordinates":[30.677095,50.473647]},"properties":{"lines":"10","color":"#0059a9","mode":"bus","arr":["10"],"angle":-23.6,"extra":1,"ei":15,"side":-1}},{"type":"Feature","geometry":{"type":"Point","coordinates":[30.674379,50.472892]},"properties":{"lines":"10","color":"#0059a9","mode":"bus","arr":["10"],"angle":-23.3,"extra":1,"ei":16,"side":-1}},{"type":"Feature","geometry":{"type":"Point","coordinates":[30.671657,50.472145]},"properties":{"lines":"10","color":"#0059a9","mode":"bus","arr":["10"],"angle":-23.2,"extra":1,"ei":17,"side":-1}},{"type":"Feature","geometry":{"type":"Point","coordinates":[30.66894,50.47139]},"properties":{"lines":"10","color":"#0059a9","mode":"bus","arr":["10"],"angle":-23.6,"extra":1,"ei":18,"side":-1}},{"type":"Feature","geometry":{"type":"Point","coordinates":[30.666221,50.470638]},"properties":{"lines":"10","color":"#0059a9","mode":"bus","arr":["10"],"angle":-23.4,"extra":1,"ei":19,"side":-1}},{"type":"Feature","geometry":{"type":"Point","coordinates":[30.663497,50.469894]},"properties":{"lines":"10","color":"#0059a9","mode":"bus","arr":["10"],"angle":-23.2,"extra":1,"ei":20,"side":-1}},{"type":"Feature","geometry":{"type":"Point","coordinates":[30.660774,50.46915]},"properties":{"lines":"10","color":"#0059a9","mode":"bus","arr":["10"],"angle":-23.2,"extra":1,"ei":21,"side":-1}},{"type":"Feature","geometry":{"type":"Point","coordinates":[30.65805,50.468405]},"properties":{"lines":"10","color":"#0059a9","mode":"bus","arr":["10"],"angle":-22.6,"extra":1,"ei":22,"side":-1}},{"type":"Feature","geometry":{"type":"Point","coordinates":[30.655302,50.467699]},"properties":{"lines":"10","color":"#0059a9","mode":"bus","arr":["10"],"angle":-22.9,"extra":1,"ei":23,"side":-1}},{"type":"Feature","geometry":{"type":"Point","coordinates":[30.662905,50.469886]},"properties":{"lines":"10, 11, 11д","color":"#0059a9","mode":"bus","arr":["10","11","11д"],"angle":-23.6}},{"type":"Feature","geometry":{"type":"Point","coordinates":[30.670901,50.472089]},"properties":{"lines":"10, 11, 11д","color":"#0059a9","mode":"bus","arr":["10","11","11д"],"angle":-23.5,"extra":1,"ei":0}},{"type":"Feature","geometry":{"type":"Point","coordinates":[30.668179,50.471341]},"properties":{"lines":"10, 11, 11д","color":"#0059a9","mode":"bus","arr":["10","11","11д"],"angle":-23.4,"extra":1,"ei":1}},{"type":"Feature","geometry":{"type":"Point","coordinates":[30.665462,50.470587]},"properties":{"lines":"10, 11, 11д","color":"#0059a9","mode":"bus","arr":["10","11","11д"],"angle":-23.4,"extra":1,"ei":2}},{"type":"Feature","geometry":{"type":"Point","coordinates":[30.660026,50.469083]},"properties":{"lines":"10, 11, 11д","color":"#0059a9","mode":"bus","arr":["10","11","11д"],"angle":-22.8,"extra":1,"ei":3}},{"type":"Feature","geometry":{"type":"Point","coordinates":[30.657301,50.468339]},"properties":{"lines":"10, 11, 11д","color":"#0059a9","mode":"bus","arr":["10","11","11д"],"angle":-21.9,"extra":1,"ei":4}},{"type":"Feature","geometry":{"type":"Point","coordinates":[30.654558,50.467625]},"properties":{"lines":"10, 11, 11д","color":"#0059a9","mode":"bus","arr":["10","11","11д"],"angle":-22.9,"extra":1,"ei":5}},{"type":"Feature","geometry":{"type":"Point","coordinates":[30.650967,50.466617]},"properties":{"lines":"10, 11, 11д, 35т","color":"#0059a9","mode":"bus","arr":["10","11","11д","35т"],"angle":-24.1,"mi":1}},{"type":"Feature","geometry":{"type":"Point","coordinates":[30.647739,50.466865]},"properties":{"lines":"10, 11, 11д, 79, 81","color":"#0059a9","mode":"bus","arr":["10","11","11д","79","81"],"angle":66.4}},{"type":"Feature","geometry":{"type":"Point","coordinates":[30.649776,50.467946]},"properties":{"lines":"10, 11, 11д","color":"#0059a9","mode":"bus","arr":["10","11","11д"],"angle":-23.3,"mi":1}},{"type":"Feature","geometry":{"type":"Point","coordinates":[30.651521,50.468426]},"properties":{"lines":"10, 11, 11д","color":"#0059a9","mode":"bus","arr":["10","11","11д"],"angle":-23,"extra":1,"ei":0}},{"type":"Feature","geometry":{"type":"Point","coordinates":[30.653436,50.468922]},"properties":{"lines":"10, 11, 11д, 35т","color":"#0059a9","mode":"bus","arr":["10","11","11д","35т"],"angle":-23.7}},{"type":"Feature","geometry":{"type":"Point","coordinates":[30.655652,50.467175]},"properties":{"lines":"10, 35т","color":"#0059a9","mode":"bus","arr":["10","35т"],"angle":67.5}},{"type":"Feature","geometry":{"type":"Point","coordinates":[30.6538,50.466751]},"properties":{"lines":"10, 35т","color":"#0059a9","mode":"bus","arr":["10","35т"],"angle":66.7,"mi":1}},{"type":"Feature","geometry":{"type":"Point","coordinates":[30.669231,50.478962]},"properties":{"lines":"11, 11д","color":"#0059a9","mode":"bus","arr":["11","11д"],"angle":-89.9,"mi":1}},{"type":"Feature","geometry":{"type":"Point","coordinates":[30.671663,50.473329]},"properties":{"lines":"11, 11д","color":"#0059a9","mode":"bus","arr":["11","11д"],"angle":66.1,"extra":1,"ei":0}},{"type":"Feature","geometry":{"type":"Point","coordinates":[30.670506,50.475067]},"properties":{"lines":"11, 11д","color":"#0059a9","mode":"bus","arr":["11","11д"],"angle":65.3,"extra":1,"ei":1}},{"type":"Feature","geometry":{"type":"Point","coordinates":[30.669383,50.476813]},"properties":{"lines":"11, 11д","color":"#0059a9","mode":"bus","arr":["11","11д"],"angle":74,"extra":1,"ei":2}},{"type":"Feature","geometry":{"type":"Point","coordinates":[30.669229,50.480581]},"properties":{"lines":"11, 11д","color":"#0059a9","mode":"bus","arr":["11","11д"],"angle":-89.8,"extra":1,"ei":3}},{"type":"Feature","geometry":{"type":"Point","coordinates":[30.669246,50.48247]},"properties":{"lines":"11, 11д","color":"#0059a9","mode":"bus","arr":["11","11д"],"angle":-89.7,"extra":1,"ei":4}},{"type":"Feature","geometry":{"type":"Point","coordinates":[30.669262,50.484358]},"properties":{"lines":"11, 11д","color":"#0059a9","mode":"bus","arr":["11","11д"],"angle":-89.7,"extra":1,"ei":5}},{"type":"Feature","geometry":{"type":"Point","coordinates":[30.656507,50.470239]},"properties":{"lines":"11, 11д","color":"#0059a9","mode":"bus","arr":["11","11д"],"angle":-38.9,"mi":2}},{"type":"Feature","geometry":{"type":"Point","coordinates":[30.658371,50.470825]},"properties":{"lines":"11, 11д","color":"#0059a9","mode":"bus","arr":["11","11д"],"angle":-14.8,"extra":1,"ei":0}},{"type":"Feature","geometry":{"type":"Point","coordinates":[30.668468,50.473205]},"properties":{"lines":"11, 11д","color":"#0059a9","mode":"bus","arr":["11","11д"],"angle":-23.3}},{"type":"Feature","geometry":{"type":"Point","coordinates":[30.660095,50.470931]},"properties":{"lines":"11, 11д","color":"#0059a9","mode":"bus","arr":["11","11д"],"angle":-11.8,"extra":1,"ei":0}},{"type":"Feature","geometry":{"type":"Point","coordinates":[30.662836,50.471643]},"properties":{"lines":"11, 11д","color":"#0059a9","mode":"bus","arr":["11","11д"],"angle":-23.3,"extra":1,"ei":1}},{"type":"Feature","geometry":{"type":"Point","coordinates":[30.665555,50.472394]},"properties":{"lines":"11, 11д","color":"#0059a9","mode":"bus","arr":["11","11д"],"angle":-23.7,"extra":1,"ei":2}},{"type":"Feature","geometry":{"type":"Point","coordinates":[30.670993,50.473897]},"properties":{"lines":"11, 11д","color":"#0059a9","mode":"bus","arr":["11","11д"],"angle":-23.4,"extra":1,"ei":3}},{"type":"Feature","geometry":{"type":"Point","coordinates":[30.673716,50.474642]},"properties":{"lines":"11, 11д","color":"#0059a9","mode":"bus","arr":["11","11д"],"angle":-23.1,"extra":1,"ei":4}},{"type":"Feature","geometry":{"type":"Point","coordinates":[30.67644,50.475386]},"properties":{"lines":"11, 11д","color":"#0059a9","mode":"bus","arr":["11","11д"],"angle":-23.3,"extra":1,"ei":5}},{"type":"Feature","geometry":{"type":"Point","coordinates":[30.679221,50.476148]},"properties":{"lines":"11д","color":"#0059a9","mode":"bus","arr":["11д"],"angle":-23.2,"mi":3}},{"type":"Feature","geometry":{"type":"Point","coordinates":[30.680521,50.484983]},"properties":{"lines":"11д","color":"#0059a9","mode":"bus","arr":["11д"],"angle":75,"mi":1}},{"type":"Feature","geometry":{"type":"Point","coordinates":[30.679676,50.487113]},"properties":{"lines":"11д","color":"#0059a9","mode":"bus","arr":["11д"],"angle":75.3,"mi":2}},{"type":"Feature","geometry":{"type":"Point","coordinates":[30.681718,50.479636]},"properties":{"lines":"11д","color":"#0059a9","mode":"bus","arr":["11д"],"angle":-89.8}},{"type":"Feature","geometry":{"type":"Point","coordinates":[30.681717,50.482508]},"properties":{"lines":"11д","color":"#0059a9","mode":"bus","arr":["11д"],"angle":87.4,"extra":1,"ei":0}},{"type":"Feature","geometry":{"type":"Point","coordinates":[30.681685,50.476842]},"properties":{"lines":"11д","color":"#0059a9","mode":"bus","arr":["11д"],"angle":-60.8,"extra":1,"ei":1}},{"type":"Feature","geometry":{"type":"Point","coordinates":[30.487914,50.437049]},"properties":{"lines":"12","color":"#0059a9","mode":"bus","arr":["12"],"angle":66.1,"mi":1}},{"type":"Feature","geometry":{"type":"Point","coordinates":[30.486216,50.438664]},"properties":{"lines":"12","color":"#0059a9","mode":"bus","arr":["12"],"angle":49.3,"mi":2}},{"type":"Feature","geometry":{"type":"Point","coordinates":[30.485344,50.439324]},"properties":{"lines":"12, 33","color":"#0059a9","mode":"bus","arr":["12","Тб33"],"tLines":"33","ntLines":"12","angle":50.3}},{"type":"Feature","geometry":{"type":"Point","coordinates":[30.484459,50.439592]},"properties":{"lines":"12","color":"#0059a9","mode":"bus","arr":["12"],"angle":-32.1,"mi":4}},{"type":"Feature","geometry":{"type":"Point","coordinates":[30.485292,50.438482]},"properties":{"lines":"12, 33","color":"#0059a9","mode":"bus","arr":["12","Тб33"],"tLines":"33","ntLines":"12","angle":49.5,"mi":1}},{"type":"Feature","geometry":{"type":"Point","coordinates":[30.487205,50.437285]},"properties":{"lines":"12","color":"#0059a9","mode":"bus","arr":["12"],"angle":34.3}},{"type":"Feature","geometry":{"type":"Point","coordinates":[30.481386,50.432964]},"properties":{"lines":"69, 3","color":"#0059a9","mode":"bus","arr":["69","Тб3"],"tLines":"3","ntLines":"69","angle":-15.9}},{"type":"Feature","geometry":{"type":"Point","coordinates":[30.490625,50.436808]},"properties":{"lines":"69, 3","color":"#0059a9","mode":"bus","arr":["69","Тб3"],"tLines":"3","ntLines":"69","angle":-19,"side":-1,"mi":1}},{"type":"Feature","geometry":{"type":"Point","coordinates":[30.48763,50.435344]},"properties":{"lines":"69, 3","color":"#0059a9","mode":"bus","arr":["69","Тб3"],"tLines":"3","ntLines":"69","angle":-39.6,"extra":1,"ei":0}},{"type":"Feature","geometry":{"type":"Point","coordinates":[30.485332,50.434152]},"properties":{"lines":"69, 3","color":"#0059a9","mode":"bus","arr":["69","Тб3"],"tLines":"3","ntLines":"69","angle":-38.8,"extra":1,"ei":1}},{"type":"Feature","geometry":{"type":"Point","coordinates":[30.477017,50.432425]},"properties":{"lines":"69, 3","color":"#0059a9","mode":"bus","arr":["69","Тб3"],"tLines":"3","ntLines":"69","angle":-8.3,"extra":1,"ei":2}},{"type":"Feature","geometry":{"type":"Point","coordinates":[30.474085,50.432146]},"properties":{"lines":"69, 3","color":"#0059a9","mode":"bus","arr":["69","Тб3"],"tLines":"3","ntLines":"69","angle":-7.9,"extra":1,"ei":3}},{"type":"Feature","geometry":{"type":"Point","coordinates":[30.488744,50.432962]},"properties":{"lines":"12","color":"#0059a9","mode":"bus","arr":["12"],"angle":-59.6,"mi":3}},{"type":"Feature","geometry":{"type":"Point","coordinates":[30.490018,50.435229]},"properties":{"lines":"12","color":"#0059a9","mode":"bus","arr":["12"],"angle":54.7,"extra":1,"ei":0}},{"type":"Feature","geometry":{"type":"Point","coordinates":[30.487686,50.430014]},"properties":{"lines":"12","color":"#0059a9","mode":"bus","arr":["12"],"angle":-82.3,"extra":1,"ei":1}},{"type":"Feature","geometry":{"type":"Point","coordinates":[30.481446,50.428898]},"properties":{"lines":"12","color":"#0059a9","mode":"bus","arr":["12"],"angle":-18,"mi":5}},{"type":"Feature","geometry":{"type":"Point","coordinates":[30.485887,50.429496]},"properties":{"lines":"12","color":"#0059a9","mode":"bus","arr":["12"],"angle":8.2,"extra":1,"ei":0}},{"type":"Feature","geometry":{"type":"Point","coordinates":[30.477386,50.428009]},"properties":{"lines":"12","color":"#0059a9","mode":"bus","arr":["12"],"angle":-23.8,"extra":1,"ei":1}},{"type":"Feature","geometry":{"type":"Point","coordinates":[30.478356,50.424256]},"properties":{"lines":"12, 3, 40, 40к","color":"#0059a9","mode":"bus","arr":["12","Тб3","Тб40","Тб40к"],"tLines":"3, 40, 40к","ntLines":"12","angle":39.1}},{"type":"Feature","geometry":{"type":"Point","coordinates":[30.476384,50.426572]},"properties":{"lines":"12, 3, 40, 40к","color":"#0059a9","mode":"bus","arr":["12","Тб3","Тб40","Тб40к"],"tLines":"3, 40, 40к","ntLines":"12","angle":67.8,"extra":1,"ei":0}},{"type":"Feature","geometry":{"type":"Point","coordinates":[30.482228,50.422562]},"properties":{"lines":"12, 3, 40, 40к","color":"#0059a9","mode":"bus","arr":["12","Тб3","Тб40","Тб40к"],"tLines":"3, 40, 40к","ntLines":"12","angle":33.6,"extra":1,"ei":1}},{"type":"Feature","geometry":{"type":"Point","coordinates":[30.486325,50.420853]},"properties":{"lines":"12, 25, 40, 40к","color":"#0059a9","mode":"bus","arr":["12","25","Тб40","Тб40к"],"tLines":"40, 40к","ntLines":"12, 25","angle":25.7}},{"type":"Feature","geometry":{"type":"Point","coordinates":[30.484476,50.421605]},"properties":{"lines":"12, 25, 40, 40к","color":"#0059a9","mode":"bus","arr":["12","25","Тб40","Тб40к"],"tLines":"40, 40к","ntLines":"12, 25","angle":33.9,"extra":1,"ei":0}},{"type":"Feature","geometry":{"type":"Point","coordinates":[30.483812,50.418236]},"properties":{"lines":"12","color":"#0059a9","mode":"bus","arr":["12"],"angle":-59.2,"mi":6}},{"type":"Feature","geometry":{"type":"Point","coordinates":[30.490378,50.420624]},"properties":{"lines":"12, 40, 40к","color":"#0059a9","mode":"bus","arr":["12","Тб40","Тб40к"],"tLines":"40, 40к","ntLines":"12","angle":23.9,"side":-1}},{"type":"Feature","geometry":{"type":"Point","coordinates":[30.492153,50.419936]},"properties":{"lines":"12","color":"#0059a9","mode":"bus","arr":["12"],"angle":34.3,"mi":5}},{"type":"Feature","geometry":{"type":"Point","coordinates":[30.486574,50.418475]},"properties":{"lines":"12","color":"#0059a9","mode":"bus","arr":["12"],"angle":27.2,"mi":4}},{"type":"Feature","geometry":{"type":"Point","coordinates":[30.492219,50.418883]},"properties":{"lines":"12","color":"#0059a9","mode":"bus","arr":["12"],"angle":-23.4,"mi":3}},{"type":"Feature","geometry":{"type":"Point","coordinates":[30.490483,50.418087]},"properties":{"lines":"12","color":"#0059a9","mode":"bus","arr":["12"],"angle":-54,"mi":1}},{"type":"Feature","geometry":{"type":"Point","coordinates":[30.490503,50.417424]},"properties":{"lines":"12","color":"#0059a9","mode":"bus","arr":["12"],"angle":34.4}},{"type":"Feature","geometry":{"type":"Point","coordinates":[30.490441,50.415558]},"properties":{"lines":"12","color":"#0059a9","mode":"bus","arr":["12"],"angle":-55.1,"mi":2}},{"type":"Feature","geometry":{"type":"Point","coordinates":[30.491557,50.416623]},"properties":{"lines":"12","color":"#0059a9","mode":"bus","arr":["12"],"angle":-58.5,"extra":1,"ei":0}},{"type":"Feature","geometry":{"type":"Point","coordinates":[30.498304,50.412525]},"properties":{"lines":"12","color":"#0059a9","mode":"bus","arr":["12"],"angle":9.4,"mi":8}},{"type":"Feature","geometry":{"type":"Point","coordinates":[30.491008,50.413456]},"properties":{"lines":"12","color":"#0059a9","mode":"bus","arr":["12"],"angle":25.9,"extra":1,"ei":0}},{"type":"Feature","geometry":{"type":"Point","coordinates":[30.493906,50.413074]},"properties":{"lines":"12","color":"#0059a9","mode":"bus","arr":["12"],"angle":11,"extra":1,"ei":1}},{"type":"Feature","geometry":{"type":"Point","coordinates":[30.502664,50.412297]},"properties":{"lines":"12","color":"#0059a9","mode":"bus","arr":["12"],"angle":22.9,"extra":1,"ei":2}},{"type":"Feature","geometry":{"type":"Point","coordinates":[30.505106,50.411245]},"properties":{"lines":"12","color":"#0059a9","mode":"bus","arr":["12"],"angle":41.1,"extra":1,"ei":3}},{"type":"Feature","geometry":{"type":"Point","coordinates":[30.482031,50.418702]},"properties":{"lines":"12","color":"#0059a9","mode":"bus","arr":["12"],"angle":33.9,"mi":7}},{"type":"Feature","geometry":{"type":"Point","coordinates":[30.481841,50.420756]},"properties":{"lines":"12, 25","color":"#0059a9","mode":"bus","arr":["12","25"],"angle":-56.6}},{"type":"Feature","geometry":{"type":"Point","coordinates":[30.482873,50.421758]},"properties":{"lines":"12, 25","color":"#0059a9","mode":"bus","arr":["12","25"],"angle":-57,"extra":1,"ei":0}},{"type":"Feature","geometry":{"type":"Point","coordinates":[30.36245,50.51389]},"properties":{"lines":"30","color":"#0059a9","mode":"bus","arr":["30"],"angle":82.8}},{"type":"Feature","geometry":{"type":"Point","coordinates":[30.365254,50.498781]},"properties":{"lines":"30","color":"#0059a9","mode":"bus","arr":["30"],"angle":85.9,"mi":2}},{"type":"Feature","geometry":{"type":"Point","coordinates":[30.364736,50.500822]},"properties":{"lines":"30","color":"#0059a9","mode":"bus","arr":["30"],"angle":82.9,"extra":1,"ei":0,"side":-1}},{"type":"Feature","geometry":{"type":"Point","coordinates":[30.36437,50.502696]},"properties":{"lines":"30","color":"#0059a9","mode":"bus","arr":["30"],"angle":83.1,"extra":1,"ei":1,"side":-1}},{"type":"Feature","geometry":{"type":"Point","coordinates":[30.364014,50.504571]},"properties":{"lines":"30","color":"#0059a9","mode":"bus","arr":["30"],"angle":83.1,"extra":1,"ei":2,"side":-1}},{"type":"Feature","geometry":{"type":"Point","coordinates":[30.363657,50.506446]},"properties":{"lines":"30","color":"#0059a9","mode":"bus","arr":["30"],"angle":83.1,"extra":1,"ei":3,"side":-1}},{"type":"Feature","geometry":{"type":"Point","coordinates":[30.363301,50.508321]},"properties":{"lines":"30","color":"#0059a9","mode":"bus","arr":["30"],"angle":83.1,"extra":1,"ei":4,"side":-1}},{"type":"Feature","geometry":{"type":"Point","coordinates":[30.362945,50.510196]},"properties":{"lines":"30","color":"#0059a9","mode":"bus","arr":["30"],"angle":83.1,"extra":1,"ei":5,"side":-1}},{"type":"Feature","geometry":{"type":"Point","coordinates":[30.362572,50.512069]},"properties":{"lines":"30","color":"#0059a9","mode":"bus","arr":["30"],"angle":82.6,"extra":1,"ei":6,"side":-1}},{"type":"Feature","geometry":{"type":"Point","coordinates":[30.361974,50.515857]},"properties":{"lines":"30","color":"#0059a9","mode":"bus","arr":["30"],"angle":82.1,"extra":1,"ei":0}},{"type":"Feature","geometry":{"type":"Point","coordinates":[30.361889,50.517744]},"properties":{"lines":"30","color":"#0059a9","mode":"bus","arr":["30"],"angle":-88.9,"extra":1,"ei":1}},{"type":"Feature","geometry":{"type":"Point","coordinates":[30.361945,50.519632]},"properties":{"lines":"30","color":"#0059a9","mode":"bus","arr":["30"],"angle":-88.9,"extra":1,"ei":2}},{"type":"Feature","geometry":{"type":"Point","coordinates":[30.361964,50.521521]},"properties":{"lines":"30","color":"#0059a9","mode":"bus","arr":["30"],"angle":-89.5,"extra":1,"ei":3}},{"type":"Feature","geometry":{"type":"Point","coordinates":[30.362067,50.523405]},"properties":{"lines":"30","color":"#0059a9","mode":"bus","arr":["30"],"angle":-76.5,"extra":1,"ei":4}},{"type":"Feature","geometry":{"type":"Point","coordinates":[30.363966,50.52481]},"properties":{"lines":"30","color":"#0059a9","mode":"bus","arr":["30"],"angle":-39.6,"extra":1,"ei":5}},{"type":"Feature","geometry":{"type":"Point","coordinates":[30.366223,50.526033]},"properties":{"lines":"30","color":"#0059a9","mode":"bus","arr":["30"],"angle":-40.7,"extra":1,"ei":6}},{"type":"Feature","geometry":{"type":"Point","coordinates":[30.364961,50.499106]},"properties":{"lines":"14, 30","color":"#0059a9","mode":"bus","arr":["14","30"],"angle":86.2,"side":-1}},{"type":"Feature","geometry":{"type":"Point","coordinates":[30.365121,50.497711]},"properties":{"lines":"14, 30, 56, 103","color":"#0059a9","mode":"bus","arr":["14","30","56","103"],"angle":85.5,"side":-1}},{"type":"Feature","geometry":{"type":"Point","coordinates":[30.365622,50.493987]},"properties":{"lines":"14, 30, 56, 103","color":"#0059a9","mode":"bus","arr":["14","30","56","103"],"angle":-89.9,"mi":1}},{"type":"Feature","geometry":{"type":"Point","coordinates":[30.3654,50.495873]},"properties":{"lines":"14, 30, 56, 103","color":"#0059a9","mode":"bus","arr":["14","30","56","103"],"angle":83.7,"extra":1,"ei":0,"side":-1}},{"type":"Feature","geometry":{"type":"Point","coordinates":[30.365417,50.492109]},"properties":{"lines":"14, 30, 56, 103","color":"#0059a9","mode":"bus","arr":["14","30","56","103"],"angle":-81.7,"extra":1,"ei":1}},{"type":"Feature","geometry":{"type":"Point","coordinates":[30.361415,50.482419]},"properties":{"lines":"30, 56, 103","color":"#0059a9","mode":"bus","arr":["30","56","103"],"angle":-73.5}},{"type":"Feature","geometry":{"type":"Point","coordinates":[30.365024,50.490205]},"properties":{"lines":"30, 56, 103","color":"#0059a9","mode":"bus","arr":["30","56","103"],"angle":-74.1,"extra":1,"ei":0,"side":-1}},{"type":"Feature","geometry":{"type":"Point","coordinates":[30.364224,50.488387]},"properties":{"lines":"30, 56, 103","color":"#0059a9","mode":"bus","arr":["30","56","103"],"angle":-74.2,"extra":1,"ei":1,"side":-1}},{"type":"Feature","geometry":{"type":"Point","coordinates":[30.363416,50.48657]},"properties":{"lines":"30, 56, 103","color":"#0059a9","mode":"bus","arr":["30","56","103"],"angle":-74.2,"extra":1,"ei":2,"side":-1}},{"type":"Feature","geometry":{"type":"Point","coordinates":[30.362641,50.484747]},"properties":{"lines":"30, 56, 103","color":"#0059a9","mode":"bus","arr":["30","56","103"],"angle":-74.5,"extra":1,"ei":3,"side":-1}},{"type":"Feature","geometry":{"type":"Point","coordinates":[30.36106,50.481107]},"properties":{"lines":"30, 56, 103","color":"#0059a9","mode":"bus","arr":["30","56","103"],"angle":-74.8,"extra":1,"ei":4,"side":-1}},{"type":"Feature","geometry":{"type":"Point","coordinates":[30.36023,50.479294]},"properties":{"lines":"30, 56, 103","color":"#0059a9","mode":"bus","arr":["30","56","103"],"angle":-71.1,"extra":1,"ei":5,"side":-1}},{"type":"Feature","geometry":{"type":"Point","coordinates":[30.359274,50.477507]},"properties":{"lines":"30, 56, 103","color":"#0059a9","mode":"bus","arr":["30","56","103"],"angle":-73.6,"extra":1,"ei":6,"side":-1}},{"type":"Feature","geometry":{"type":"Point","coordinates":[30.358483,50.475688]},"properties":{"lines":"30, 56, 103","color":"#0059a9","mode":"bus","arr":["30","56","103"],"angle":-77.2,"extra":1,"ei":7}},{"type":"Feature","geometry":{"type":"Point","coordinates":[30.357837,50.473845]},"properties":{"lines":"30, 56, 103","color":"#0059a9","mode":"bus","arr":["30","56","103"],"angle":-78.3,"extra":1,"ei":8,"side":-1}},{"type":"Feature","geometry":{"type":"Point","coordinates":[30.366052,50.496907]},"properties":{"lines":"14, 56, 103","color":"#0059a9","mode":"bus","arr":["14","56","103"],"angle":-27.3}},{"type":"Feature","geometry":{"type":"Point","coordinates":[30.373322,50.495574]},"properties":{"lines":"14, 103","color":"#0059a9","mode":"bus","arr":["14","103"],"angle":31.9,"mi":1}},{"type":"Feature","geometry":{"type":"Point","coordinates":[30.368707,50.49706]},"properties":{"lines":"14, 103","color":"#0059a9","mode":"bus","arr":["14","103"],"angle":9.5,"side":-1}},{"type":"Feature","geometry":{"type":"Point","coordinates":[30.377735,50.493842]},"properties":{"lines":"14, 103","color":"#0059a9","mode":"bus","arr":["14","103"],"angle":31.6,"extra":1,"ei":0}},{"type":"Feature","geometry":{"type":"Point","coordinates":[30.375211,50.494832]},"properties":{"lines":"14, 103","color":"#0059a9","mode":"bus","arr":["14","103"],"angle":31.6,"extra":1,"ei":1}},{"type":"Feature","geometry":{"type":"Point","coordinates":[30.386806,50.490309]},"properties":{"lines":"14","color":"#0059a9","mode":"bus","arr":["14"],"angle":31.2,"mi":1}},{"type":"Feature","geometry":{"type":"Point","coordinates":[30.394619,50.487244]},"properties":{"lines":"14","color":"#0059a9","mode":"bus","arr":["14"],"angle":-25.9}},{"type":"Feature","geometry":{"type":"Point","coordinates":[30.380261,50.492854]},"properties":{"lines":"14","color":"#0059a9","mode":"bus","arr":["14"],"angle":31.8,"extra":1,"ei":0}},{"type":"Feature","geometry":{"type":"Point","coordinates":[30.382791,50.49187]},"properties":{"lines":"14","color":"#0059a9","mode":"bus","arr":["14"],"angle":31.4,"extra":1,"ei":1}},{"type":"Feature","geometry":{"type":"Point","coordinates":[30.390382,50.488922]},"properties":{"lines":"14","color":"#0059a9","mode":"bus","arr":["14"],"angle":31.9,"extra":1,"ei":2}},{"type":"Feature","geometry":{"type":"Point","coordinates":[30.392895,50.48792]},"properties":{"lines":"14","color":"#0059a9","mode":"bus","arr":["14"],"angle":31.6,"extra":1,"ei":3}},{"type":"Feature","geometry":{"type":"Point","coordinates":[30.396551,50.486231]},"properties":{"lines":"14, 90, 90к","color":"#0059a9","mode":"bus","arr":["14","90","90к"],"angle":14.7,"side":-1}},{"type":"Feature","geometry":{"type":"Point","coordinates":[30.403406,50.482562]},"properties":{"lines":"14, 90, 90к","color":"#0059a9","mode":"bus","arr":["14","90","90к"],"angle":50.4,"side":-1,"mi":1}},{"type":"Feature","geometry":{"type":"Point","coordinates":[30.399958,50.484473]},"properties":{"lines":"14, 90, 90к, 16, 23Д","color":"#0059a9","mode":"bus","arr":["14","90","90к","Тб16","Тб23Д"],"tLines":"16, 23Д","ntLines":"14, 90, 90к","angle":40.3}},{"type":"Feature","geometry":{"type":"Point","coordinates":[30.404042,50.482181]},"properties":{"lines":"14, 90, 90к, 16, 23Д","color":"#0059a9","mode":"bus","arr":["14","90","90к","Тб16","Тб23Д"],"tLines":"16, 23Д","ntLines":"14, 90, 90к","angle":39.4,"side":-1,"mi":1}},{"type":"Feature","geometry":{"type":"Point","coordinates":[30.402654,50.483014]},"properties":{"lines":"14, 90, 90к, 16, 23Д","color":"#0059a9","mode":"bus","arr":["14","90","90к","Тб16","Тб23Д"],"tLines":"16, 23Д","ntLines":"14, 90, 90к","angle":40.3,"extra":1,"ei":0}},{"type":"Feature","geometry":{"type":"Point","coordinates":[30.398136,50.485459]},"properties":{"lines":"14, 90, 90к, 16, 23Д","color":"#0059a9","mode":"bus","arr":["14","90","90к","Тб16","Тб23Д"],"tLines":"16, 23Д","ntLines":"14, 90, 90к","angle":40.3,"extra":1,"ei":1}},{"type":"Feature","geometry":{"type":"Point","coordinates":[30.406078,50.481655]},"properties":{"lines":"14, 90, 90к, 16, 23Д, 35","color":"#0059a9","mode":"bus","arr":["14","90","90к","Тб16","Тб23Д","Тб35"],"tLines":"16, 23Д, 35","ntLines":"14, 90, 90к","angle":40.9}},{"type":"Feature","geometry":{"type":"Point","coordinates":[30.405831,50.476582]},"properties":{"lines":"14, 32, 36тр, 4, 5, 26","color":"#0059a9","mode":"bus","arr":["14","32","36тр","Тб4","Тб5","Тб26"],"tLines":"4, 5, 26","ntLines":"14, 32, 36тр","angle":89.9}},{"type":"Feature","geometry":{"type":"Point","coordinates":[30.405824,50.480283]},"properties":{"lines":"14, 32, 36тр, 4, 5, 26","color":"#0059a9","mode":"bus","arr":["14","32","36тр","Тб4","Тб5","Тб26"],"tLines":"4, 5, 26","ntLines":"14, 32, 36тр","angle":89.9,"extra":1,"ei":0}},{"type":"Feature","geometry":{"type":"Point","coordinates":[30.405828,50.478394]},"properties":{"lines":"14, 32, 36тр, 4, 5, 26","color":"#0059a9","mode":"bus","arr":["14","32","36тр","Тб4","Тб5","Тб26"],"tLines":"4, 5, 26","ntLines":"14, 32, 36тр","angle":-90,"extra":1,"ei":1}},{"type":"Feature","geometry":{"type":"Point","coordinates":[30.405835,50.474617]},"properties":{"lines":"14, 32, 36тр, 4, 5, 26","color":"#0059a9","mode":"bus","arr":["14","32","36тр","Тб4","Тб5","Тб26"],"tLines":"4, 5, 26","ntLines":"14, 32, 36тр","angle":90,"extra":1,"ei":2}},{"type":"Feature","geometry":{"type":"Point","coordinates":[30.405838,50.472728]},"properties":{"lines":"14, 32, 36тр, 4, 5, 26","color":"#0059a9","mode":"bus","arr":["14","32","36тр","Тб4","Тб5","Тб26"],"tLines":"4, 5, 26","ntLines":"14, 32, 36тр","angle":90,"extra":1,"ei":3}},{"type":"Feature","geometry":{"type":"Point","coordinates":[30.405838,50.470895]},"properties":{"lines":"14, 23, 32, 36тр, 4, 5, 26","color":"#0059a9","mode":"bus","arr":["14","23","32","36тр","Тб4","Тб5","Тб26"],"tLines":"4, 5, 26","ntLines":"14, 23, 32, 36тр","angle":-90}},{"type":"Feature","geometry":{"type":"Point","coordinates":[30.405857,50.464823]},"properties":{"lines":"14, 23, 32, 36тр, 47, 4, 5, 26","color":"#0059a9","mode":"bus","arr":["14","23","32","36тр","47","Тб4","Тб5","Тб26"],"tLines":"4, 5, 26","ntLines":"14, 23, 32, 36тр, 47","angle":89.8}},{"type":"Feature","geometry":{"type":"Point","coordinates":[30.405842,50.46891]},"properties":{"lines":"14, 23, 32, 36тр, 47, 4, 5, 26","color":"#0059a9","mode":"bus","arr":["14","23","32","36тр","47","Тб4","Тб5","Тб26"],"tLines":"4, 5, 26","ntLines":"14, 23, 32, 36тр, 47","angle":90,"extra":1,"ei":0}},{"type":"Feature","geometry":{"type":"Point","coordinates":[30.405861,50.467021]},"properties":{"lines":"14, 23, 32, 36тр, 47, 4, 5, 26","color":"#0059a9","mode":"bus","arr":["14","23","32","36тр","47","Тб4","Тб5","Тб26"],"tLines":"4, 5, 26","ntLines":"14, 23, 32, 36тр, 47","angle":-89.8,"extra":1,"ei":1}},{"type":"Feature","geometry":{"type":"Point","coordinates":[30.405865,50.463244]},"properties":{"lines":"14, 23, 32, 36тр, 47, 4, 5, 26","color":"#0059a9","mode":"bus","arr":["14","23","32","36тр","47","Тб4","Тб5","Тб26"],"tLines":"4, 5, 26","ntLines":"14, 23, 32, 36тр, 47","angle":89.9,"extra":1,"ei":2}},{"type":"Feature","geometry":{"type":"Point","coordinates":[30.40587,50.461356]},"properties":{"lines":"14, 23, 32, 36тр, 47, 4, 5, 26","color":"#0059a9","mode":"bus","arr":["14","23","32","36тр","47","Тб4","Тб5","Тб26"],"tLines":"4, 5, 26","ntLines":"14, 23, 32, 36тр, 47","angle":-90,"extra":1,"ei":3,"side":-1}},{"type":"Feature","geometry":{"type":"Point","coordinates":[30.405656,50.459279]},"properties":{"lines":"36тр, 47, 4, 5, 26","color":"#0059a9","mode":"bus","arr":["36тр","47","Тб4","Тб5","Тб26"],"tLines":"4, 5, 26","ntLines":"36тр, 47","angle":-62.4}},{"type":"Feature","geometry":{"type":"Point","coordinates":[30.407152,50.480685]},"properties":{"lines":"14, 90, 90к, 23Д","color":"#0059a9","mode":"bus","arr":["14","90","90к","Тб23Д"],"tLines":"23Д","ntLines":"14, 90, 90к","angle":-26.3}},{"type":"Feature","geometry":{"type":"Point","coordinates":[30.404421,50.482321]},"properties":{"lines":"14, 90, 16, 23Д","color":"#0059a9","mode":"bus","arr":["14","90","Тб16","Тб23Д"],"tLines":"16, 23Д","ntLines":"14, 90","angle":11.5}},{"type":"Feature","geometry":{"type":"Point","coordinates":[30.365597,50.498624]},"properties":{"lines":"14","color":"#0059a9","mode":"bus","arr":["14"],"angle":52.2}},{"type":"Feature","geometry":{"type":"Point","coordinates":[30.636256,50.415048]},"properties":{"lines":"17","color":"#0059a9","mode":"bus","arr":["17"],"angle":74.6,"mi":1}},{"type":"Feature","geometry":{"type":"Point","coordinates":[30.634094,50.420056]},"properties":{"lines":"17","color":"#0059a9","mode":"bus","arr":["17"],"angle":72.6}},{"type":"Feature","geometry":{"type":"Point","coordinates":[30.635051,50.417906]},"properties":{"lines":"17","color":"#0059a9","mode":"bus","arr":["17"],"angle":74.9,"extra":1,"ei":0}},{"type":"Feature","geometry":{"type":"Point","coordinates":[30.637388,50.41244]},"properties":{"lines":"17","color":"#0059a9","mode":"bus","arr":["17"],"angle":75,"extra":1,"ei":1}},{"type":"Feature","geometry":{"type":"Point","coordinates":[30.636367,50.422243]},"properties":{"lines":"17","color":"#0059a9","mode":"bus","arr":["17"],"angle":-59.9,"mi":2}},{"type":"Feature","geometry":{"type":"Point","coordinates":[30.635107,50.421007]},"properties":{"lines":"17","color":"#0059a9","mode":"bus","arr":["17"],"angle":-44.9,"extra":1,"ei":0}},{"type":"Feature","geometry":{"type":"Point","coordinates":[30.638205,50.424219]},"properties":{"lines":"17","color":"#0059a9","mode":"bus","arr":["17"],"angle":-55.1,"extra":1,"ei":1}},{"type":"Feature","geometry":{"type":"Point","coordinates":[30.639103,50.425076]},"properties":{"lines":"18","color":"#0059a9","mode":"bus","arr":["18"],"angle":-60.1,"side":-1,"mi":3}},{"type":"Feature","geometry":{"type":"Point","coordinates":[30.64056,50.421159]},"properties":{"lines":"17, 18","color":"#0059a9","mode":"bus","arr":["17","18"],"angle":69.2,"mi":2}},{"type":"Feature","geometry":{"type":"Point","coordinates":[30.64435,50.414271]},"properties":{"lines":"17, 18","color":"#0059a9","mode":"bus","arr":["17","18"],"angle":70.2}},{"type":"Feature","geometry":{"type":"Point","coordinates":[30.647078,50.410193]},"properties":{"lines":"17, 18","color":"#0059a9","mode":"bus","arr":["17","18"],"angle":58.6,"mi":1}},{"type":"Feature","geometry":{"type":"Point","coordinates":[30.639079,50.423553]},"properties":{"lines":"17, 18","color":"#0059a9","mode":"bus","arr":["17","18"],"angle":68.3,"extra":1,"ei":0}},{"type":"Feature","geometry":{"type":"Point","coordinates":[30.641204,50.420027]},"properties":{"lines":"17, 18","color":"#0059a9","mode":"bus","arr":["17","18"],"angle":69.5,"extra":1,"ei":1}},{"type":"Feature","geometry":{"type":"Point","coordinates":[30.642268,50.418264]},"properties":{"lines":"17, 18","color":"#0059a9","mode":"bus","arr":["17","18"],"angle":68.8,"extra":1,"ei":2}},{"type":"Feature","geometry":{"type":"Point","coordinates":[30.643024,50.416537]},"properties":{"lines":"17","color":"#0059a9","mode":"bus","arr":["17"],"angle":69.9,"side":-1,"mi":3}},{"type":"Feature","geometry":{"type":"Point","coordinates":[30.646038,50.411668]},"properties":{"lines":"17, 18, 91","color":"#0059a9","mode":"bus","arr":["17","18","91"],"angle":70.2}},{"type":"Feature","geometry":{"type":"Point","coordinates":[30.648496,50.40809]},"properties":{"lines":"17, 18, 22","color":"#0059a9","mode":"bus","arr":["17","18","22"],"angle":69.4,"mi":3}},{"type":"Feature","geometry":{"type":"Point","coordinates":[30.651407,50.40282]},"properties":{"lines":"17, 18, 22","color":"#0059a9","mode":"bus","arr":["17","18","22"],"angle":76}},{"type":"Feature","geometry":{"type":"Point","coordinates":[30.650672,50.404392]},"properties":{"lines":"17, 18, 22","color":"#0059a9","mode":"bus","arr":["17","18","22"],"angle":69.4,"extra":1,"ei":0}},{"type":"Feature","geometry":{"type":"Point","coordinates":[30.649632,50.40616]},"properties":{"lines":"17, 18, 22","color":"#0059a9","mode":"bus","arr":["17","18","22"],"angle":69.4,"extra":1,"ei":1}},{"type":"Feature","geometry":{"type":"Point","coordinates":[30.647543,50.409695]},"properties":{"lines":"17, 18, 22","color":"#0059a9","mode":"bus","arr":["17","18","22"],"angle":72.7,"extra":1,"ei":2}},{"type":"Feature","geometry":{"type":"Point","coordinates":[30.646748,50.41151]},"properties":{"lines":"17, 18, 22","color":"#0059a9","mode":"bus","arr":["17","18","22"],"angle":69.4,"extra":1,"ei":3,"side":-1}},{"type":"Feature","geometry":{"type":"Point","coordinates":[30.651223,50.403284]},"properties":{"lines":"17, 18, 22, 91","color":"#0059a9","mode":"bus","arr":["17","18","22","91"],"angle":75.8}},{"type":"Feature","geometry":{"type":"Point","coordinates":[30.65194,50.401467]},"properties":{"lines":"17, 18, 22, 45","color":"#0059a9","mode":"bus","arr":["17","18","22","45"],"angle":76.8}},{"type":"Feature","geometry":{"type":"Point","coordinates":[30.651125,50.400025]},"properties":{"lines":"17, 18","color":"#0059a9","mode":"bus","arr":["17","18"],"angle":34.9}},{"type":"Feature","geometry":{"type":"Point","coordinates":[30.652173,50.401064]},"properties":{"lines":"17, 18, 22","color":"#0059a9","mode":"bus","arr":["17","18","22"],"angle":-13.7,"side":-1,"mi":1}},{"type":"Feature","geometry":{"type":"Point","coordinates":[30.653678,50.400478]},"properties":{"lines":"17, 18, 22","color":"#0059a9","mode":"bus","arr":["17","18","22"],"angle":-54.3,"mi":2}},{"type":"Feature","geometry":{"type":"Point","coordinates":[30.64137,50.412168]},"properties":{"lines":"17, 108, 109","color":"#0059a9","mode":"bus","arr":["17","108","109"],"angle":-22.6}},{"type":"Feature","geometry":{"type":"Point","coordinates":[30.643486,50.412706]},"properties":{"lines":"17, 108, 109","color":"#0059a9","mode":"bus","arr":["17","108","109"],"angle":-21.6,"extra":1,"ei":0}},{"type":"Feature","geometry":{"type":"Point","coordinates":[30.637979,50.41131]},"properties":{"lines":"17, 108, 109","color":"#0059a9","mode":"bus","arr":["17","108","109"],"angle":-21.5,"extra":1,"ei":1}},{"type":"Feature","geometry":{"type":"Point","coordinates":[30.641798,50.422407]},"properties":{"lines":"18","color":"#0059a9","mode":"bus","arr":["18"],"angle":-20.8}},{"type":"Feature","geometry":{"type":"Point","coordinates":[30.64559,50.423351]},"properties":{"lines":"18","color":"#0059a9","mode":"bus","arr":["18"],"angle":-21.5,"mi":1}},{"type":"Feature","geometry":{"type":"Point","coordinates":[30.644647,50.414975]},"properties":{"lines":"18","color":"#0059a9","mode":"bus","arr":["18"],"angle":66.5,"mi":4}},{"type":"Feature","geometry":{"type":"Point","coordinates":[30.643137,50.416857]},"properties":{"lines":"18","color":"#0059a9","mode":"bus","arr":["18"],"angle":68.4,"mi":2}},{"type":"Feature","geometry":{"type":"Point","coordinates":[30.645332,50.413859]},"properties":{"lines":"18","color":"#0059a9","mode":"bus","arr":["18"],"angle":64.8,"extra":1,"ei":0}},{"type":"Feature","geometry":{"type":"Point","coordinates":[30.643022,50.424862]},"properties":{"lines":"18, 45","color":"#0059a9","mode":"bus","arr":["18","45"],"angle":25.4}},{"type":"Feature","geometry":{"type":"Point","coordinates":[30.641119,50.425429]},"properties":{"lines":"18, 45","color":"#0059a9","mode":"bus","arr":["18","45"],"angle":24.8,"extra":1,"ei":0}},{"type":"Feature","geometry":{"type":"Point","coordinates":[30.488097,50.393287]},"properties":{"lines":"19, 38, 78, 119, 120, 12","color":"#0059a9","mode":"bus","arr":["19","38","78","119","120","Тб12"],"tLines":"12","ntLines":"19, 38, 78, 119, 120","angle":-14.7}},{"type":"Feature","geometry":{"type":"Point","coordinates":[30.49094,50.393752]},"properties":{"lines":"19, 38, 78, 119, 120, 12, 45","color":"#0059a9","mode":"bus","arr":["19","38","78","119","120","Тб12","Тб45"],"tLines":"12, 45","ntLines":"19, 38, 78, 119, 120","angle":-13.5,"mi":1}},{"type":"Feature","geometry":{"type":"Point","coordinates":[30.485979,50.392933]},"properties":{"lines":"19, 38, 78, 119, 120, 12, 45","color":"#0059a9","mode":"bus","arr":["19","38","78","119","120","Тб12","Тб45"],"tLines":"12, 45","ntLines":"19, 38, 78, 119, 120","angle":-19.3}},{"type":"Feature","geometry":{"type":"Point","coordinates":[30.488826,50.393407]},"properties":{"lines":"19, 38, 78, 119, 120, 12, 45","color":"#0059a9","mode":"bus","arr":["19","38","78","119","120","Тб12","Тб45"],"tLines":"12, 45","ntLines":"19, 38, 78, 119, 120","angle":-14.6,"extra":1,"ei":0}},{"type":"Feature","geometry":{"type":"Point","coordinates":[30.484598,50.392829]},"properties":{"lines":"19, 78, 120, 12, 45","color":"#0059a9","mode":"bus","arr":["19","78","120","Тб12","Тб45"],"tLines":"12, 45","ntLines":"19, 78, 120","angle":42.9,"mi":3}},{"type":"Feature","geometry":{"type":"Point","coordinates":[30.48561,50.394371]},"properties":{"lines":"19, 78, 120, 12, 45","color":"#0059a9","mode":"bus","arr":["19","78","120","Тб12","Тб45"],"tLines":"12, 45","ntLines":"19, 78, 120","angle":-56.3}},{"type":"Feature","geometry":{"type":"Point","coordinates":[30.484527,50.393338]},"properties":{"lines":"19, 78, 120, 12, 45","color":"#0059a9","mode":"bus","arr":["19","78","120","Тб12","Тб45"],"tLines":"12, 45","ntLines":"19, 78, 120","angle":-55.6,"extra":1,"ei":0}},{"type":"Feature","geometry":{"type":"Point","coordinates":[30.488047,50.396654]},"properties":{"lines":"19","color":"#0059a9","mode":"bus","arr":["19"],"angle":-55.7,"mi":6}},{"type":"Feature","geometry":{"type":"Point","coordinates":[30.488715,50.398117]},"properties":{"lines":"19","color":"#0059a9","mode":"bus","arr":["19"],"angle":64.7,"mi":2}},{"type":"Feature","geometry":{"type":"Point","coordinates":[30.487838,50.399201]},"properties":{"lines":"19","color":"#0059a9","mode":"bus","arr":["19"],"angle":53.8,"extra":1,"ei":0}},{"type":"Feature","geometry":{"type":"Point","coordinates":[30.483027,50.398167]},"properties":{"lines":"19","color":"#0059a9","mode":"bus","arr":["19"],"angle":-19.7,"mi":5}},{"type":"Feature","geometry":{"type":"Point","coordinates":[30.491141,50.407399]},"properties":{"lines":"19","color":"#0059a9","mode":"bus","arr":["19"],"angle":-68.3,"mi":1}},{"type":"Feature","geometry":{"type":"Point","coordinates":[30.480241,50.397564]},"properties":{"lines":"19","color":"#0059a9","mode":"bus","arr":["19"],"angle":-17.8,"extra":1,"ei":0}},{"type":"Feature","geometry":{"type":"Point","coordinates":[30.485611,50.399101]},"properties":{"lines":"19","color":"#0059a9","mode":"bus","arr":["19"],"angle":-39.7,"extra":1,"ei":1}},{"type":"Feature","geometry":{"type":"Point","coordinates":[30.479078,50.398958]},"properties":{"lines":"19","color":"#0059a9","mode":"bus","arr":["19"],"angle":-88.9,"mi":7}},{"type":"Feature","geometry":{"type":"Point","coordinates":[30.485419,50.403429]},"properties":{"lines":"19","color":"#0059a9","mode":"bus","arr":["19"],"angle":-43.9}},{"type":"Feature","geometry":{"type":"Point","coordinates":[30.480562,50.401241]},"properties":{"lines":"19","color":"#0059a9","mode":"bus","arr":["19"],"angle":-42.5,"extra":1,"ei":0}},{"type":"Feature","geometry":{"type":"Point","coordinates":[30.483051,50.402238]},"properties":{"lines":"19","color":"#0059a9","mode":"bus","arr":["19"],"angle":-23.7,"extra":1,"ei":1}},{"type":"Feature","geometry":{"type":"Point","coordinates":[30.486804,50.404873]},"properties":{"lines":"19","color":"#0059a9","mode":"bus","arr":["19"],"angle":-50.4,"extra":1,"ei":2}},{"type":"Feature","geometry":{"type":"Point","coordinates":[30.488948,50.406043]},"properties":{"lines":"19","color":"#0059a9","mode":"bus","arr":["19"],"angle":-11.9,"extra":1,"ei":3}},{"type":"Feature","geometry":{"type":"Point","coordinates":[30.499089,50.410715]},"properties":{"lines":"19","color":"#0059a9","mode":"bus","arr":["19"],"angle":-1.5,"mi":8}},{"type":"Feature","geometry":{"type":"Point","coordinates":[30.492551,50.409111]},"properties":{"lines":"19","color":"#0059a9","mode":"bus","arr":["19"],"angle":-48,"side":-1,"mi":4}},{"type":"Feature","geometry":{"type":"Point","coordinates":[30.50516,50.410397]},"properties":{"lines":"19","color":"#0059a9","mode":"bus","arr":["19"],"angle":-4.8,"extra":1,"ei":0}},{"type":"Feature","geometry":{"type":"Point","coordinates":[30.502218,50.410568]},"properties":{"lines":"19","color":"#0059a9","mode":"bus","arr":["19"],"angle":8.4,"extra":1,"ei":1}},{"type":"Feature","geometry":{"type":"Point","coordinates":[30.496365,50.41042]},"properties":{"lines":"19","color":"#0059a9","mode":"bus","arr":["19"],"angle":-21.2,"extra":1,"ei":2}},{"type":"Feature","geometry":{"type":"Point","coordinates":[30.492277,50.409071]},"properties":{"lines":"19","color":"#0059a9","mode":"bus","arr":["19"],"angle":67.6,"side":-1,"mi":3}},{"type":"Feature","geometry":{"type":"Point","coordinates":[30.490895,50.396271]},"properties":{"lines":"19, 78, 120, 12, 45","color":"#0059a9","mode":"bus","arr":["19","78","120","Тб12","Тб45"],"tLines":"12, 45","ntLines":"19, 78, 120","angle":-14.4,"mi":1}},{"type":"Feature","geometry":{"type":"Point","coordinates":[30.492627,50.395291]},"properties":{"lines":"19, 78, 120, 12, 45","color":"#0059a9","mode":"bus","arr":["19","78","120","Тб12","Тб45"],"tLines":"12, 45","ntLines":"19, 78, 120","angle":75.1,"mi":2}},{"type":"Feature","geometry":{"type":"Point","coordinates":[30.554831,50.363242]},"properties":{"lines":"20","color":"#0059a9","mode":"bus","arr":["20"],"angle":44.8,"mi":4}},{"type":"Feature","geometry":{"type":"Point","coordinates":[30.55756,50.36157]},"properties":{"lines":"20","color":"#0059a9","mode":"bus","arr":["20"],"angle":43.6,"extra":1,"ei":0}},{"type":"Feature","geometry":{"type":"Point","coordinates":[30.552905,50.36374]},"properties":{"lines":"20","color":"#0059a9","mode":"bus","arr":["20"],"angle":3.8,"extra":1,"ei":1}},{"type":"Feature","geometry":{"type":"Point","coordinates":[30.549961,50.363609]},"properties":{"lines":"20","color":"#0059a9","mode":"bus","arr":["20"],"angle":7.3,"extra":1,"ei":2,"side":-1}},{"type":"Feature","geometry":{"type":"Point","coordinates":[30.549922,50.367343]},"properties":{"lines":"20","color":"#0059a9","mode":"bus","arr":["20"],"angle":-88.8,"side":-1}},{"type":"Feature","geometry":{"type":"Point","coordinates":[30.549834,50.364572]},"properties":{"lines":"20","color":"#0059a9","mode":"bus","arr":["20"],"angle":-89.3,"extra":1,"ei":0,"side":-1}},{"type":"Feature","geometry":{"type":"Point","coordinates":[30.550006,50.370237]},"properties":{"lines":"20","color":"#0059a9","mode":"bus","arr":["20"],"angle":-88.9,"extra":1,"ei":1,"side":-1}},{"type":"Feature","geometry":{"type":"Point","coordinates":[30.542215,50.373088]},"properties":{"lines":"20","color":"#0059a9","mode":"bus","arr":["20"],"angle":15.1,"side":-1,"mi":5}},{"type":"Feature","geometry":{"type":"Point","coordinates":[30.550353,50.370838]},"properties":{"lines":"20","color":"#0059a9","mode":"bus","arr":["20"],"angle":-2.9,"mi":1}},{"type":"Feature","geometry":{"type":"Point","coordinates":[30.549114,50.371263]},"properties":{"lines":"20","color":"#0059a9","mode":"bus","arr":["20"],"angle":26.7,"mi":2}},{"type":"Feature","geometry":{"type":"Point","coordinates":[30.546604,50.372178]},"properties":{"lines":"20, 27","color":"#0059a9","mode":"bus","arr":["20","27"],"angle":28.8}},{"type":"Feature","geometry":{"type":"Point","coordinates":[30.543513,50.370865]},"properties":{"lines":"52","color":"#0059a9","mode":"bus","arr":["52"],"angle":-12.4}},{"type":"Feature","geometry":{"type":"Point","coordinates":[30.543578,50.372829]},"properties":{"lines":"20, 27, 52","color":"#0059a9","mode":"bus","arr":["20","27","52"],"angle":15.2}},{"type":"Feature","geometry":{"type":"Point","coordinates":[30.539228,50.376218]},"properties":{"lines":"20, 27, 52","color":"#0059a9","mode":"bus","arr":["20","27","52"],"angle":36.1,"mi":1}},{"type":"Feature","geometry":{"type":"Point","coordinates":[30.541148,50.373525]},"properties":{"lines":"20, 27, 52","color":"#0059a9","mode":"bus","arr":["20","27","52"],"angle":67.1,"extra":1,"ei":0}},{"type":"Feature","geometry":{"type":"Point","coordinates":[30.541255,50.375213]},"properties":{"lines":"20, 27, 52","color":"#0059a9","mode":"bus","arr":["20","27","52"],"angle":44.8,"extra":1,"ei":1}},{"type":"Feature","geometry":{"type":"Point","coordinates":[30.536724,50.377636]},"properties":{"lines":"20, 27, 52","color":"#0059a9","mode":"bus","arr":["20","27","52"],"angle":45,"extra":1,"ei":2}},{"type":"Feature","geometry":{"type":"Point","coordinates":[30.5348,50.379066]},"properties":{"lines":"20, 27, 52","color":"#0059a9","mode":"bus","arr":["20","27","52"],"angle":56.5,"extra":1,"ei":3}},{"type":"Feature","geometry":{"type":"Point","coordinates":[30.530139,50.387767]},"properties":{"lines":"20, 27, 52, 1, 11","color":"#0059a9","mode":"bus","arr":["20","27","52","Тб1","Тб11"],"tLines":"1, 11","ntLines":"20, 27, 52","angle":77.3}},{"type":"Feature","geometry":{"type":"Point","coordinates":[30.527488,50.401865]},"properties":{"lines":"20, 27, 52, 1, 11","color":"#0059a9","mode":"bus","arr":["20","27","52","Тб1","Тб11"],"tLines":"1, 11","ntLines":"20, 27, 52","angle":59.5}},{"type":"Feature","geometry":{"type":"Point","coordinates":[30.533775,50.380287]},"properties":{"lines":"20, 27, 52, 1, 11","color":"#0059a9","mode":"bus","arr":["20","27","52","Тб1","Тб11"],"tLines":"1, 11","ntLines":"20, 27, 52","angle":64.7,"extra":1,"ei":0}},{"type":"Feature","geometry":{"type":"Point","coordinates":[30.532615,50.382024]},"properties":{"lines":"20, 27, 52, 1, 11","color":"#0059a9","mode":"bus","arr":["20","27","52","Тб1","Тб11"],"tLines":"1, 11","ntLines":"20, 27, 52","angle":71.1,"extra":1,"ei":1}},{"type":"Feature","geometry":{"type":"Point","coordinates":[30.531747,50.383829]},"properties":{"lines":"20, 27, 52, 1, 11","color":"#0059a9","mode":"bus","arr":["20","27","52","Тб1","Тб11"],"tLines":"1, 11","ntLines":"20, 27, 52","angle":73.1,"extra":1,"ei":2}},{"type":"Feature","geometry":{"type":"Point","coordinates":[30.530908,50.385641]},"properties":{"lines":"20, 27, 52, 1, 11","color":"#0059a9","mode":"bus","arr":["20","27","52","Тб1","Тб11"],"tLines":"1, 11","ntLines":"20, 27, 52","angle":74.7,"extra":1,"ei":3}},{"type":"Feature","geometry":{"type":"Point","coordinates":[30.529567,50.38932]},"properties":{"lines":"20, 27, 52, 1, 11","color":"#0059a9","mode":"bus","arr":["20","27","52","Тб1","Тб11"],"tLines":"1, 11","ntLines":"20, 27, 52","angle":77.1,"extra":1,"ei":4}},{"type":"Feature","geometry":{"type":"Point","coordinates":[30.529876,50.391152]},"properties":{"lines":"20, 27, 52, 1, 11","color":"#0059a9","mode":"bus","arr":["20","27","52","Тб1","Тб11"],"tLines":"1, 11","ntLines":"20, 27, 52","angle":-70.9,"extra":1,"ei":5}},{"type":"Feature","geometry":{"type":"Point","coordinates":[30.530818,50.392942]},"properties":{"lines":"20, 27, 52, 1, 11","color":"#0059a9","mode":"bus","arr":["20","27","52","Тб1","Тб11"],"tLines":"1, 11","ntLines":"20, 27, 52","angle":-71.5,"extra":1,"ei":6}},{"type":"Feature","geometry":{"type":"Point","coordinates":[30.531441,50.394784]},"properties":{"lines":"20, 27, 52, 1, 11","color":"#0059a9","mode":"bus","arr":["20","27","52","Тб1","Тб11"],"tLines":"1, 11","ntLines":"20, 27, 52","angle":-84.6,"extra":1,"ei":7}},{"type":"Feature","geometry":{"type":"Point","coordinates":[30.528845,50.400304]},"properties":{"lines":"20, 27, 52, 1, 11","color":"#0059a9","mode":"bus","arr":["20","27","52","Тб1","Тб11"],"tLines":"1, 11","ntLines":"20, 27, 52","angle":60.9,"extra":1,"ei":0}},{"type":"Feature","geometry":{"type":"Point","coordinates":[30.525473,50.403381]},"properties":{"lines":"20, 27, 52, 1, 11","color":"#0059a9","mode":"bus","arr":["20","27","52","Тб1","Тб11"],"tLines":"1, 11","ntLines":"20, 27, 52","angle":47.4,"extra":1,"ei":1,"side":-1}},{"type":"Feature","geometry":{"type":"Point","coordinates":[30.53075,50.397957]},"properties":{"lines":"20, 27, 1, 11","color":"#0059a9","mode":"bus","arr":["20","27","Тб1","Тб11"],"tLines":"1, 11","ntLines":"20, 27","angle":69.6}},{"type":"Feature","geometry":{"type":"Point","coordinates":[30.52499,50.404013]},"properties":{"lines":"20, 27, 52, 11","color":"#0059a9","mode":"bus","arr":["20","27","52","Тб11"],"tLines":"11","ntLines":"20, 27, 52","angle":52.4}},{"type":"Feature","geometry":{"type":"Point","coordinates":[30.526487,50.402845]},"properties":{"lines":"20, 27, 52, 11","color":"#0059a9","mode":"bus","arr":["20","27","52","Тб11"],"tLines":"11","ntLines":"20, 27, 52","angle":51.7,"extra":1,"ei":0}},{"type":"Feature","geometry":{"type":"Point","coordinates":[30.522467,50.405598]},"properties":{"lines":"20, 27, 52, 11","color":"#0059a9","mode":"bus","arr":["20","27","52","Тб11"],"tLines":"11","ntLines":"20, 27, 52","angle":42.1,"extra":1,"ei":1}},{"type":"Feature","geometry":{"type":"Point","coordinates":[30.521629,50.406181]},"properties":{"lines":"20, 22, 27, 52, 91, 1, 11","color":"#0059a9","mode":"bus","arr":["20","22","27","52","91","Тб1","Тб11"],"tLines":"1, 11","ntLines":"20, 22, 27, 52, 91","angle":49}},{"type":"Feature","geometry":{"type":"Point","coordinates":[30.520755,50.407615]},"properties":{"lines":"20, 27, 52, 1","color":"#0059a9","mode":"bus","arr":["20","27","52","Тб1"],"tLines":"1","ntLines":"20, 27, 52","angle":-51.2,"side":-1}},{"type":"Feature","geometry":{"type":"Point","coordinates":[30.522276,50.408538]},"properties":{"lines":"20, 27, 52, 1","color":"#0059a9","mode":"bus","arr":["20","27","52","Тб1"],"tLines":"1","ntLines":"20, 27, 52","angle":-53.1,"extra":1,"ei":0,"side":-1}},{"type":"Feature","geometry":{"type":"Point","coordinates":[30.517407,50.405567]},"properties":{"lines":"20, 27, 52, 1","color":"#0059a9","mode":"bus","arr":["20","27","52","Тб1"],"tLines":"1","ntLines":"20, 27, 52","angle":-9.3,"side":-1,"mi":1}},{"type":"Feature","geometry":{"type":"Point","coordinates":[30.523041,50.408992]},"properties":{"lines":"20, 27, 52, 1, 12, 42, 43","color":"#0059a9","mode":"bus","arr":["20","27","52","Тб1","Тб12","Тб42","Тб43"],"tLines":"1, 12, 42, 43","ntLines":"20, 27, 52","angle":-38.4,"side":-1,"mi":2}},{"type":"Feature","geometry":{"type":"Point","coordinates":[30.527165,50.409355]},"properties":{"lines":"20, 27, 52, 1, 12, 42, 43","color":"#0059a9","mode":"bus","arr":["20","27","52","Тб1","Тб12","Тб42","Тб43"],"tLines":"1, 12, 42, 43","ntLines":"20, 27, 52","angle":-47.2,"side":-1,"mi":1}},{"type":"Feature","geometry":{"type":"Point","coordinates":[30.525324,50.409404]},"properties":{"lines":"20, 27, 52, 1, 12, 42, 43","color":"#0059a9","mode":"bus","arr":["20","27","52","Тб1","Тб12","Тб42","Тб43"],"tLines":"1, 12, 42, 43","ntLines":"20, 27, 52","angle":31.9,"extra":1,"ei":0}},{"type":"Feature","geometry":{"type":"Point","coordinates":[30.525089,50.410209]},"properties":{"lines":"20, 27, 52, 1, 12, 42, 43","color":"#0059a9","mode":"bus","arr":["20","27","52","Тб1","Тб12","Тб42","Тб43"],"tLines":"1, 12, 42, 43","ntLines":"20, 27, 52","angle":-39}},{"type":"Feature","geometry":{"type":"Point","coordinates":[30.52613,50.412065]},"properties":{"lines":"20, 27, 52, 109, 1, 12, 42, 43, 50","color":"#0059a9","mode":"bus","arr":["20","27","52","109","Тб1","Тб12","Тб42","Тб43","Тб50"],"tLines":"1, 12, 42, 43, 50","ntLines":"20, 27, 52, 109","angle":68.8}},{"type":"Feature","geometry":{"type":"Point","coordinates":[30.525725,50.412714]},"properties":{"lines":"20, 27, 52, 109, 1, 12, 42, 43","color":"#0059a9","mode":"bus","arr":["20","27","52","109","Тб1","Тб12","Тб42","Тб43"],"tLines":"1, 12, 42, 43","ntLines":"20, 27, 52, 109","angle":67.6}},{"type":"Feature","geometry":{"type":"Point","coordinates":[30.525474,50.41311]},"properties":{"lines":"20, 109, 12, 42, 43","color":"#0059a9","mode":"bus","arr":["20","109","Тб12","Тб42","Тб43"],"tLines":"12, 42, 43","ntLines":"20, 109","angle":68}},{"type":"Feature","geometry":{"type":"Point","coordinates":[30.522305,50.418222]},"properties":{"lines":"20, 109, 12","color":"#0059a9","mode":"bus","arr":["20","109","Тб12"],"tLines":"12","ntLines":"20, 109","angle":67.7,"mi":1}},{"type":"Feature","geometry":{"type":"Point","coordinates":[30.524802,50.414209]},"properties":{"lines":"20, 109, 12","color":"#0059a9","mode":"bus","arr":["20","109","Тб12"],"tLines":"12","ntLines":"20, 109","angle":69.5,"extra":1,"ei":0}},{"type":"Feature","geometry":{"type":"Point","coordinates":[30.523731,50.41597]},"properties":{"lines":"20, 109, 12","color":"#0059a9","mode":"bus","arr":["20","109","Тб12"],"tLines":"12","ntLines":"20, 109","angle":68.3,"extra":1,"ei":1}},{"type":"Feature","geometry":{"type":"Point","coordinates":[30.521507,50.419471]},"properties":{"lines":"20, 109, 12","color":"#0059a9","mode":"bus","arr":["20","109","Тб12"],"tLines":"12","ntLines":"20, 109","angle":68,"extra":1,"ei":2}},{"type":"Feature","geometry":{"type":"Point","coordinates":[30.520403,50.421223]},"properties":{"lines":"20, 109, 12","color":"#0059a9","mode":"bus","arr":["20","109","Тб12"],"tLines":"12","ntLines":"20, 109","angle":68,"extra":1,"ei":3}},{"type":"Feature","geometry":{"type":"Point","coordinates":[30.519277,50.42297]},"properties":{"lines":"20, 109, 12","color":"#0059a9","mode":"bus","arr":["20","109","Тб12"],"tLines":"12","ntLines":"20, 109","angle":67.7,"extra":1,"ei":4}},{"type":"Feature","geometry":{"type":"Point","coordinates":[30.517381,50.435947]},"properties":{"lines":"69, 3, 12, 14, 40, 40к","color":"#0059a9","mode":"bus","arr":["69","Тб3","Тб12","Тб14","Тб40","Тб40к"],"tLines":"3, 12, 14, 40, 40к","ntLines":"69","angle":0.1,"mi":1}},{"type":"Feature","geometry":{"type":"Point","coordinates":[30.513776,50.437909]},"properties":{"lines":"20, 109","color":"#0059a9","mode":"bus","arr":["20","109"],"angle":-89.9}},{"type":"Feature","geometry":{"type":"Point","coordinates":[30.514848,50.439699]},"properties":{"lines":"20, 110, 5, 7, 17","color":"#0059a9","mode":"bus","arr":["20","110","Тб5","Тб7","Тб17"],"tLines":"5, 7, 17","ntLines":"20, 110","angle":14.2,"side":-1}},{"type":"Feature","geometry":{"type":"Point","coordinates":[30.515918,50.439304]},"properties":{"lines":"20","color":"#0059a9","mode":"bus","arr":["20"],"angle":88.1}},{"type":"Feature","geometry":{"type":"Point","coordinates":[30.515931,50.437396]},"properties":{"lines":"20","color":"#0059a9","mode":"bus","arr":["20"],"angle":-90,"mi":1}},{"type":"Feature","geometry":{"type":"Point","coordinates":[30.515991,50.436022]},"properties":{"lines":"20","color":"#0059a9","mode":"bus","arr":["20"],"angle":80.9,"extra":1,"ei":0,"side":-1}},{"type":"Feature","geometry":{"type":"Point","coordinates":[30.513609,50.434977]},"properties":{"lines":"20, 109, 40, 40к","color":"#0059a9","mode":"bus","arr":["20","109","Тб40","Тб40к"],"tLines":"40, 40к","ntLines":"20, 109","angle":-89.7}},{"type":"Feature","geometry":{"type":"Point","coordinates":[30.517435,50.421846]},"properties":{"lines":"20, 25, 109, 12","color":"#0059a9","mode":"bus","arr":["20","25","109","Тб12"],"tLines":"12","ntLines":"20, 25, 109","angle":67.3}},{"type":"Feature","geometry":{"type":"Point","coordinates":[30.520533,50.416965]},"properties":{"lines":"20, 109, 12","color":"#0059a9","mode":"bus","arr":["20","109","Тб12"],"tLines":"12","ntLines":"20, 109","angle":68.2}},{"type":"Feature","geometry":{"type":"Point","coordinates":[30.518433,50.420322]},"properties":{"lines":"20, 109, 12","color":"#0059a9","mode":"bus","arr":["20","109","Тб12"],"tLines":"12","ntLines":"20, 109","angle":68.3,"extra":1,"ei":0}},{"type":"Feature","geometry":{"type":"Point","coordinates":[30.519521,50.418565]},"properties":{"lines":"20, 109, 12","color":"#0059a9","mode":"bus","arr":["20","109","Тб12"],"tLines":"12","ntLines":"20, 109","angle":68,"extra":1,"ei":1}},{"type":"Feature","geometry":{"type":"Point","coordinates":[30.521759,50.415068]},"properties":{"lines":"20, 109, 12","color":"#0059a9","mode":"bus","arr":["20","109","Тб12"],"tLines":"12","ntLines":"20, 109","angle":67.5,"extra":1,"ei":2}},{"type":"Feature","geometry":{"type":"Point","coordinates":[30.523095,50.413398]},"properties":{"lines":"20, 109, 12","color":"#0059a9","mode":"bus","arr":["20","109","Тб12"],"tLines":"12","ntLines":"20, 109","angle":50.6,"extra":1,"ei":3}},{"type":"Feature","geometry":{"type":"Point","coordinates":[30.524018,50.41267]},"properties":{"lines":"20, 109, 1, 12, 42, 43, 50","color":"#0059a9","mode":"bus","arr":["20","109","Тб1","Тб12","Тб42","Тб43","Тб50"],"tLines":"1, 12, 42, 43, 50","ntLines":"20, 109","angle":51.8,"side":-1}},{"type":"Feature","geometry":{"type":"Point","coordinates":[30.525102,50.411785]},"properties":{"lines":"20, 27, 51, 52, 109, 1, 12, 42, 43, 50","color":"#0059a9","mode":"bus","arr":["20","27","51","52","109","Тб1","Тб12","Тб42","Тб43","Тб50"],"tLines":"1, 12, 42, 43, 50","ntLines":"20, 27, 51, 52, 109","angle":52.4,"side":-1}},{"type":"Feature","geometry":{"type":"Point","coordinates":[30.525689,50.411735]},"properties":{"lines":"20","color":"#0059a9","mode":"bus","arr":["20"],"angle":-15.3}},{"type":"Feature","geometry":{"type":"Point","coordinates":[30.525354,50.413008]},"properties":{"lines":"20, 27, 52, 1","color":"#0059a9","mode":"bus","arr":["20","27","52","Тб1"],"tLines":"1","ntLines":"20, 27, 52","angle":21.1,"side":-1,"mi":2}},{"type":"Feature","geometry":{"type":"Point","coordinates":[30.524284,50.412639]},"properties":{"lines":"20, 27, 51, 52, 1","color":"#0059a9","mode":"bus","arr":["20","27","51","52","Тб1"],"tLines":"1","ntLines":"20, 27, 51, 52","angle":-79.7,"side":-1}},{"type":"Feature","geometry":{"type":"Point","coordinates":[30.52069,50.407931]},"properties":{"lines":"20, 43","color":"#0059a9","mode":"bus","arr":["20","Тб43"],"tLines":"43","ntLines":"20","angle":-40.3}},{"type":"Feature","geometry":{"type":"Point","coordinates":[30.518557,50.406625]},"properties":{"lines":"20, 42, 43","color":"#0059a9","mode":"bus","arr":["20","Тб42","Тб43"],"tLines":"42, 43","ntLines":"20","angle":-42.4}},{"type":"Feature","geometry":{"type":"Point","coordinates":[30.517859,50.406505]},"properties":{"lines":"20, 27, 28, 52, 91, 1, 11, 12","color":"#0059a9","mode":"bus","arr":["20","27","28","52","91","Тб1","Тб11","Тб12"],"tLines":"1, 11, 12","ntLines":"20, 27, 28, 52, 91","angle":-63.2}},{"type":"Feature","geometry":{"type":"Point","coordinates":[30.517384,50.405923]},"properties":{"lines":"20, 27, 28, 52, 91, 1, 11, 12, 43","color":"#0059a9","mode":"bus","arr":["20","27","28","52","91","Тб1","Тб11","Тб12","Тб43"],"tLines":"1, 11, 12, 43","ntLines":"20, 27, 28, 52, 91","angle":-66.3}},{"type":"Feature","geometry":{"type":"Point","coordinates":[30.510977,50.398336]},"properties":{"lines":"38, 91, 11, 12, 43","color":"#0059a9","mode":"bus","arr":["38","91","Тб11","Тб12","Тб43"],"tLines":"11, 12, 43","ntLines":"38, 91","angle":-54.2,"side":-1,"mi":1}},{"type":"Feature","geometry":{"type":"Point","coordinates":[30.516997,50.405244]},"properties":{"lines":"38, 91, 11, 12, 43","color":"#0059a9","mode":"bus","arr":["38","91","Тб11","Тб12","Тб43"],"tLines":"11, 12, 43","ntLines":"38, 91","angle":-72.5}},{"type":"Feature","geometry":{"type":"Point","coordinates":[30.516294,50.403858]},"properties":{"lines":"28, 38, 91, 11, 12, 43","color":"#0059a9","mode":"bus","arr":["28","38","91","Тб11","Тб12","Тб43"],"tLines":"11, 12, 43","ntLines":"28, 38, 91","angle":-69.6,"side":-1}},{"type":"Feature","geometry":{"type":"Point","coordinates":[30.520247,50.40574]},"properties":{"lines":"20, 27, 39, 52, 91, 1, 11, 42","color":"#0059a9","mode":"bus","arr":["20","27","39","52","91","Тб1","Тб11","Тб42"],"tLines":"1, 11, 42","ntLines":"20, 27, 39, 52, 91","angle":-39}},{"type":"Feature","geometry":{"type":"Point","coordinates":[30.522896,50.405019]},"properties":{"lines":"20, 22, 27, 39, 52, 91, 1, 11","color":"#0059a9","mode":"bus","arr":["20","22","27","39","52","91","Тб1","Тб11"],"tLines":"1, 11","ntLines":"20, 22, 27, 39, 52, 91","angle":49.1,"side":-1}},{"type":"Feature","geometry":{"type":"Point","coordinates":[30.524074,50.404183]},"properties":{"lines":"20, 39, 1, 11","color":"#0059a9","mode":"bus","arr":["20","39","Тб1","Тб11"],"tLines":"1, 11","ntLines":"20, 39","angle":44.5,"side":-1}},{"type":"Feature","geometry":{"type":"Point","coordinates":[30.557339,50.365948]},"properties":{"lines":"20","color":"#0059a9","mode":"bus","arr":["20"],"angle":41.4,"mi":3}},{"type":"Feature","geometry":{"type":"Point","coordinates":[30.55191,50.3701]},"properties":{"lines":"20","color":"#0059a9","mode":"bus","arr":["20"],"angle":65.3,"extra":1,"ei":0}},{"type":"Feature","geometry":{"type":"Point","coordinates":[30.553343,50.368457]},"properties":{"lines":"20","color":"#0059a9","mode":"bus","arr":["20"],"angle":51.2,"extra":1,"ei":1}},{"type":"Feature","geometry":{"type":"Point","coordinates":[30.555368,50.367084]},"properties":{"lines":"20","color":"#0059a9","mode":"bus","arr":["20"],"angle":42.3,"extra":1,"ei":2}},{"type":"Feature","geometry":{"type":"Point","coordinates":[30.559648,50.364527]},"properties":{"lines":"20","color":"#0059a9","mode":"bus","arr":["20"],"angle":72.2,"extra":1,"ei":3}},{"type":"Feature","geometry":{"type":"Point","coordinates":[30.560277,50.362704]},"properties":{"lines":"20","color":"#0059a9","mode":"bus","arr":["20"],"angle":64.4,"extra":1,"ei":4}},{"type":"Feature","geometry":{"type":"Point","coordinates":[30.559479,50.360998]},"properties":{"lines":"20","color":"#0059a9","mode":"bus","arr":["20"],"angle":-30.2,"extra":1,"ei":5}},{"type":"Feature","geometry":{"type":"Point","coordinates":[30.585188,50.501798]},"properties":{"lines":"21, 79","color":"#0059a9","mode":"bus","arr":["21","79"],"angle":49.5}},{"type":"Feature","geometry":{"type":"Point","coordinates":[30.589177,50.500358]},"properties":{"lines":"21, 79","color":"#0059a9","mode":"bus","arr":["21","79"],"angle":20.2,"extra":1,"ei":0}},{"type":"Feature","geometry":{"type":"Point","coordinates":[30.583862,50.504309]},"properties":{"lines":"21, 79","color":"#0059a9","mode":"bus","arr":["21","79"],"angle":-86.1,"extra":1,"ei":1}},{"type":"Feature","geometry":{"type":"Point","coordinates":[30.589601,50.497832]},"properties":{"lines":"21, 114, 30, 31Д, 47, 50, 50к","color":"#0059a9","mode":"bus","arr":["21","114","Тб30","Тб31Д","Тб47","Тб50","Тб50к"],"tLines":"30, 31Д, 47, 50, 50к","ntLines":"21, 114","angle":-80.3,"side":-1}},{"type":"Feature","geometry":{"type":"Point","coordinates":[30.590048,50.499156]},"properties":{"lines":"21, 114, 30, 31Д, 47, 50, 50к","color":"#0059a9","mode":"bus","arr":["21","114","Тб30","Тб31Д","Тб47","Тб50","Тб50к"],"tLines":"30, 31Д, 47, 50, 50к","ntLines":"21, 114","angle":-69.3,"extra":1,"ei":0}},{"type":"Feature","geometry":{"type":"Point","coordinates":[30.589562,50.496502]},"properties":{"lines":"21, 114, 30, 31Д, 47, 50, 50к","color":"#0059a9","mode":"bus","arr":["21","114","Тб30","Тб31Д","Тб47","Тб50","Тб50к"],"tLines":"30, 31Д, 47, 50, 50к","ntLines":"21, 114","angle":87.3,"extra":1,"ei":0}},{"type":"Feature","geometry":{"type":"Point","coordinates":[30.589562,50.49823]},"properties":{"lines":"21, 114, 30, 47, 50, 50к","color":"#0059a9","mode":"bus","arr":["21","114","Тб30","Тб47","Тб50","Тб50к"],"tLines":"30, 47, 50, 50к","ntLines":"21, 114","angle":-75.2}},{"type":"Feature","geometry":{"type":"Point","coordinates":[30.589362,50.497105]},"properties":{"lines":"21, 101, 114, 30, 31Д, 47, 50, 50к","color":"#0059a9","mode":"bus","arr":["21","101","114","Тб30","Тб31Д","Тб47","Тб50","Тб50к"],"tLines":"30, 31Д, 47, 50, 50к","ntLines":"21, 101, 114","angle":-88.6}},{"type":"Feature","geometry":{"type":"Point","coordinates":[30.58865,50.495959]},"properties":{"lines":"21, 101, 114, 30, 31Д, 47","color":"#0059a9","mode":"bus","arr":["21","101","114","Тб30","Тб31Д","Тб47"],"tLines":"30, 31Д, 47","ntLines":"21, 101, 114","angle":-41.4,"mi":1}},{"type":"Feature","geometry":{"type":"Point","coordinates":[30.58383,50.495601]},"properties":{"lines":"21, 44, 114, 29, 30, 31Д, 47","color":"#0059a9","mode":"bus","arr":["21","44","114","Тб29","Тб30","Тб31Д","Тб47"],"tLines":"29, 30, 31Д, 47","ntLines":"21, 44, 114","angle":-1.6,"side":-1}},{"type":"Feature","geometry":{"type":"Point","coordinates":[30.577058,50.495547]},"properties":{"lines":"21, 101, 114, 29, 30, 31Д, 47","color":"#0059a9","mode":"bus","arr":["21","101","114","Тб29","Тб30","Тб31Д","Тб47"],"tLines":"29, 30, 31Д, 47","ntLines":"21, 101, 114","angle":1.2}},{"type":"Feature","geometry":{"type":"Point","coordinates":[30.53593,50.490649]},"properties":{"lines":"21, 73, 101, 114, 29, 30, 31Д, 47","color":"#0059a9","mode":"bus","arr":["21","73","101","114","Тб29","Тб30","Тб31Д","Тб47"],"tLines":"29, 30, 31Д, 47","ntLines":"21, 73, 101, 114","angle":-25.5,"side":-1}},{"type":"Feature","geometry":{"type":"Point","coordinates":[30.539559,50.491858]},"properties":{"lines":"21, 73, 101, 114, 29, 30, 31Д, 47","color":"#0059a9","mode":"bus","arr":["21","73","101","114","Тб29","Тб30","Тб31Д","Тб47"],"tLines":"29, 30, 31Д, 47","ntLines":"21, 73, 101, 114","angle":-25.3,"extra":1,"ei":0}},{"type":"Feature","geometry":{"type":"Point","coordinates":[30.534199,50.490245]},"properties":{"lines":"21, 73, 101, 114, 29, 30, 31Д, 47","color":"#0059a9","mode":"bus","arr":["21","73","101","114","Тб29","Тб30","Тб31Д","Тб47"],"tLines":"29, 30, 31Д, 47","ntLines":"21, 73, 101, 114","angle":-25.3,"extra":1,"ei":1}},{"type":"Feature","geometry":{"type":"Point","coordinates":[30.531519,50.489439]},"properties":{"lines":"21, 73, 101, 114, 29, 30, 31Д, 47","color":"#0059a9","mode":"bus","arr":["21","73","101","114","Тб29","Тб30","Тб31Д","Тб47"],"tLines":"29, 30, 31Д, 47","ntLines":"21, 73, 101, 114","angle":-25.2,"extra":1,"ei":2}},{"type":"Feature","geometry":{"type":"Point","coordinates":[30.537587,50.491152]},"properties":{"lines":"21, 73, 101, 114, 29, 30, 31Д, 47","color":"#0059a9","mode":"bus","arr":["21","73","101","114","Тб29","Тб30","Тб31Д","Тб47"],"tLines":"29, 30, 31Д, 47","ntLines":"21, 73, 101, 114","angle":-25.5,"extra":1,"ei":0,"side":-1}},{"type":"Feature","geometry":{"type":"Point","coordinates":[30.53049,50.489005]},"properties":{"lines":"21, 73, 101, 114, 29, 30, 31Д, 47","color":"#0059a9","mode":"bus","arr":["21","73","101","114","Тб29","Тб30","Тб31Д","Тб47"],"tLines":"29, 30, 31Д, 47","ntLines":"21, 73, 101, 114","angle":-24.3,"side":-1,"mi":1}},{"type":"Feature","geometry":{"type":"Point","coordinates":[30.527567,50.488519]},"properties":{"lines":"21, 101, 114, 29, 30, 31Д","color":"#0059a9","mode":"bus","arr":["21","101","114","Тб29","Тб30","Тб31Д"],"tLines":"29, 30, 31Д","ntLines":"21, 101, 114","angle":-13.5}},{"type":"Feature","geometry":{"type":"Point","coordinates":[30.525731,50.488313]},"properties":{"lines":"21, 101, 114, 29, 30, 31Д","color":"#0059a9","mode":"bus","arr":["21","101","114","Тб29","Тб30","Тб31Д"],"tLines":"29, 30, 31Д","ntLines":"21, 101, 114","angle":-7.2,"extra":1,"ei":0}},{"type":"Feature","geometry":{"type":"Point","coordinates":[30.516359,50.488531]},"properties":{"lines":"21, 101, 29, 30, 31Д","color":"#0059a9","mode":"bus","arr":["21","101","Тб29","Тб30","Тб31Д"],"tLines":"29, 30, 31Д","ntLines":"21, 101","angle":3.7}},{"type":"Feature","geometry":{"type":"Point","coordinates":[30.523538,50.488255]},"properties":{"lines":"21, 101, 29, 30, 31Д","color":"#0059a9","mode":"bus","arr":["21","101","Тб29","Тб30","Тб31Д"],"tLines":"29, 30, 31Д","ntLines":"21, 101","angle":0.9,"extra":1,"ei":0}},{"type":"Feature","geometry":{"type":"Point","coordinates":[30.52058,50.488363]},"properties":{"lines":"21, 101, 29, 30, 31Д","color":"#0059a9","mode":"bus","arr":["21","101","Тб29","Тб30","Тб31Д"],"tLines":"29, 30, 31Д","ntLines":"21, 101","angle":3.5,"extra":1,"ei":1}},{"type":"Feature","geometry":{"type":"Point","coordinates":[30.511706,50.488718]},"properties":{"lines":"21, 101, 29, 30, 31Д","color":"#0059a9","mode":"bus","arr":["21","101","Тб29","Тб30","Тб31Д"],"tLines":"29, 30, 31Д","ntLines":"21, 101","angle":3.5,"extra":1,"ei":2}},{"type":"Feature","geometry":{"type":"Point","coordinates":[30.508748,50.488834]},"properties":{"lines":"21, 101, 29, 30, 31Д","color":"#0059a9","mode":"bus","arr":["21","101","Тб29","Тб30","Тб31Д"],"tLines":"29, 30, 31Д","ntLines":"21, 101","angle":3.5,"extra":1,"ei":3}},{"type":"Feature","geometry":{"type":"Point","coordinates":[30.515288,50.488422]},"properties":{"lines":"21, 101, 29, 30, 31Д, 34","color":"#0059a9","mode":"bus","arr":["21","101","Тб29","Тб30","Тб31Д","Тб34"],"tLines":"29, 30, 31Д, 34","ntLines":"21, 101","angle":3.2,"side":-1}},{"type":"Feature","geometry":{"type":"Point","coordinates":[30.506221,50.48892]},"properties":{"lines":"21, 101, 29, 30, 31Д, 34","color":"#0059a9","mode":"bus","arr":["21","101","Тб29","Тб30","Тб31Д","Тб34"],"tLines":"29, 30, 31Д, 34","ntLines":"21, 101","angle":3.3,"extra":1,"ei":0}},{"type":"Feature","geometry":{"type":"Point","coordinates":[30.509298,50.48868]},"properties":{"lines":"21, 101, 29, 30, 31Д, 34","color":"#0059a9","mode":"bus","arr":["21","101","Тб29","Тб30","Тб31Д","Тб34"],"tLines":"29, 30, 31Д, 34","ntLines":"21, 101","angle":3.5,"extra":1,"ei":0,"side":-1}},{"type":"Feature","geometry":{"type":"Point","coordinates":[30.512255,50.488549]},"properties":{"lines":"21, 101, 29, 30, 31Д, 34","color":"#0059a9","mode":"bus","arr":["21","101","Тб29","Тб30","Тб31Д","Тб34"],"tLines":"29, 30, 31Д, 34","ntLines":"21, 101","angle":4.1,"extra":1,"ei":1,"side":-1}},{"type":"Feature","geometry":{"type":"Point","coordinates":[30.518171,50.488317]},"properties":{"lines":"21, 101, 29, 30, 31Д, 34","color":"#0059a9","mode":"bus","arr":["21","101","Тб29","Тб30","Тб31Д","Тб34"],"tLines":"29, 30, 31Д, 34","ntLines":"21, 101","angle":3.6,"extra":1,"ei":2,"side":-1}},{"type":"Feature","geometry":{"type":"Point","coordinates":[30.521128,50.488194]},"properties":{"lines":"21, 101, 29, 30, 31Д, 34","color":"#0059a9","mode":"bus","arr":["21","101","Тб29","Тб30","Тб31Д","Тб34"],"tLines":"29, 30, 31Д, 34","ntLines":"21, 101","angle":3.9,"extra":1,"ei":3,"side":-1}},{"type":"Feature","geometry":{"type":"Point","coordinates":[30.524087,50.488107]},"properties":{"lines":"21, 101, 29, 30, 31Д, 34","color":"#0059a9","mode":"bus","arr":["21","101","Тб29","Тб30","Тб31Д","Тб34"],"tLines":"29, 30, 31Д, 34","ntLines":"21, 101","angle":-1.1,"extra":1,"ei":4,"side":-1}},{"type":"Feature","geometry":{"type":"Point","coordinates":[30.501788,50.489384]},"properties":{"lines":"21, 101","color":"#0059a9","mode":"bus","arr":["21","101"],"angle":26,"mi":2}},{"type":"Feature","geometry":{"type":"Point","coordinates":[30.49707,50.492832]},"properties":{"lines":"21, 101","color":"#0059a9","mode":"bus","arr":["21","101"],"angle":31.5,"mi":3}},{"type":"Feature","geometry":{"type":"Point","coordinates":[30.498258,50.491216]},"properties":{"lines":"21, 101","color":"#0059a9","mode":"bus","arr":["21","101"],"angle":47.2}},{"type":"Feature","geometry":{"type":"Point","coordinates":[30.497647,50.490753]},"properties":{"lines":"21, 50, 101","color":"#0059a9","mode":"bus","arr":["21","50","101"],"angle":-89.9}},{"type":"Feature","geometry":{"type":"Point","coordinates":[30.497661,50.487132]},"properties":{"lines":"21, 50, 101, 27","color":"#0059a9","mode":"bus","arr":["21","50","101","Тб27"],"tLines":"27","ntLines":"21, 50, 101","angle":89.4}},{"type":"Feature","geometry":{"type":"Point","coordinates":[30.497662,50.488792]},"properties":{"lines":"21, 101","color":"#0059a9","mode":"bus","arr":["21","101"],"angle":89.8,"mi":1}},{"type":"Feature","geometry":{"type":"Point","coordinates":[30.498117,50.4879]},"properties":{"lines":"21, 50, 101, 25, 27, 34","color":"#0059a9","mode":"bus","arr":["21","50","101","Тб25","Тб27","Тб34"],"tLines":"25, 27, 34","ntLines":"21, 50, 101","angle":89.7}},{"type":"Feature","geometry":{"type":"Point","coordinates":[30.498085,50.485971]},"properties":{"lines":"25","color":"#149a3f","mode":"bus","arr":["Тб25"],"angle":-87.6}},{"type":"Feature","geometry":{"type":"Point","coordinates":[30.501334,50.488857]},"properties":{"lines":"21, 101, 34","color":"#0059a9","mode":"bus","arr":["21","101","Тб34"],"tLines":"34","ntLines":"21, 101","angle":-0.2,"side":-1}},{"type":"Feature","geometry":{"type":"Point","coordinates":[30.499288,50.488866]},"properties":{"lines":"21, 101, 34","color":"#0059a9","mode":"bus","arr":["21","101","Тб34"],"tLines":"34","ntLines":"21, 101","angle":-0.6,"extra":1,"ei":0,"side":-1}},{"type":"Feature","geometry":{"type":"Point","coordinates":[30.526642,50.488265]},"properties":{"lines":"21, 73, 101, 29, 30, 31Д, 34, 47","color":"#0059a9","mode":"bus","arr":["21","73","101","Тб29","Тб30","Тб31Д","Тб34","Тб47"],"tLines":"29, 30, 31Д, 34, 47","ntLines":"21, 73, 101","angle":-8.9,"side":-1}},{"type":"Feature","geometry":{"type":"Point","coordinates":[30.528832,50.488611]},"properties":{"lines":"21, 73, 101, 29, 30, 31Д, 47","color":"#0059a9","mode":"bus","arr":["21","73","101","Тб29","Тб30","Тб31Д","Тб47"],"tLines":"29, 30, 31Д, 47","ntLines":"21, 73, 101","angle":-17,"side":-1}},{"type":"Feature","geometry":{"type":"Point","coordinates":[30.588453,50.495219]},"properties":{"lines":"21, 101, 114, 30, 31Д, 47","color":"#0059a9","mode":"bus","arr":["21","101","114","Тб30","Тб31Д","Тб47"],"tLines":"30, 31Д, 47","ntLines":"21, 101, 114","angle":1.4}},{"type":"Feature","geometry":{"type":"Point","coordinates":[30.460234,50.407827]},"properties":{"lines":"22","color":"#0059a9","mode":"bus","arr":["22"],"angle":4.6,"side":-1,"mi":2}},{"type":"Feature","geometry":{"type":"Point","coordinates":[30.459668,50.408224]},"properties":{"lines":"22","color":"#0059a9","mode":"bus","arr":["22"],"angle":39.7,"mi":1}},{"type":"Feature","geometry":{"type":"Point","coordinates":[30.459304,50.424591]},"properties":{"lines":"22","color":"#0059a9","mode":"bus","arr":["22"],"angle":-67.4,"mi":1}},{"type":"Feature","geometry":{"type":"Point","coordinates":[30.599393,50.393951]},"properties":{"lines":"22","color":"#0059a9","mode":"bus","arr":["22"],"angle":-2.2}},{"type":"Feature","geometry":{"type":"Point","coordinates":[30.654115,50.403336]},"properties":{"lines":"22","color":"#0059a9","mode":"bus","arr":["22"],"angle":16}},{"type":"Feature","geometry":{"type":"Point","coordinates":[30.455001,50.413031]},"properties":{"lines":"22","color":"#0059a9","mode":"bus","arr":["22"],"angle":-88.3,"mi":3}},{"type":"Feature","geometry":{"type":"Point","coordinates":[30.458249,50.409335]},"properties":{"lines":"22","color":"#0059a9","mode":"bus","arr":["22"],"angle":55.6}},{"type":"Feature","geometry":{"type":"Point","coordinates":[30.457881,50.422337]},"properties":{"lines":"22","color":"#0059a9","mode":"bus","arr":["22"],"angle":-71.7}},{"type":"Feature","geometry":{"type":"Point","coordinates":[30.455447,50.415081]},"properties":{"lines":"22","color":"#0059a9","mode":"bus","arr":["22"],"angle":-87.8,"extra":1,"ei":0,"side":-1}},{"type":"Feature","geometry":{"type":"Point","coordinates":[30.45608,50.411419]},"properties":{"lines":"22","color":"#0059a9","mode":"bus","arr":["22"],"angle":56.5,"extra":1,"ei":1}},{"type":"Feature","geometry":{"type":"Point","coordinates":[30.456928,50.419935]},"properties":{"lines":"22, 22к, 30, 35, 40, 40к","color":"#0059a9","mode":"bus","arr":["22","Тб22к","Тб30","Тб35","Тб40","Тб40к"],"tLines":"22к, 30, 35, 40, 40к","ntLines":"22","angle":-71.6,"side":-1}},{"type":"Feature","geometry":{"type":"Point","coordinates":[30.45561,50.417129]},"properties":{"lines":"22, 22к, 30, 35, 40, 40к","color":"#0059a9","mode":"bus","arr":["22","Тб22к","Тб30","Тб35","Тб40","Тб40к"],"tLines":"22к, 30, 35, 40, 40к","ntLines":"22","angle":-84.2,"extra":1,"ei":0,"side":-1}},{"type":"Feature","geometry":{"type":"Point","coordinates":[30.458273,50.422529]},"properties":{"lines":"22, 22к, 30, 35, 40, 40к","color":"#0059a9","mode":"bus","arr":["22","Тб22к","Тб30","Тб35","Тб40","Тб40к"],"tLines":"22к, 30, 35, 40, 40к","ntLines":"22","angle":-71.6,"extra":1,"ei":1,"side":-1}},{"type":"Feature","geometry":{"type":"Point","coordinates":[30.458568,50.424728]},"properties":{"lines":"22, 25, 69, 119, 8, 22к, 30, 35, 40, 40к, 42","color":"#0059a9","mode":"bus","arr":["22","25","69","119","Тб8","Тб22к","Тб30","Тб35","Тб40","Тб40к","Тб42"],"tLines":"8, 22к, 30, 35, 40, 40к, 42","ntLines":"22, 25, 69, 119","angle":-65.3}},{"type":"Feature","geometry":{"type":"Point","coordinates":[30.468865,50.421564]},"properties":{"lines":"22, 25, 119, 42","color":"#0059a9","mode":"bus","arr":["22","25","119","Тб42"],"tLines":"42","ntLines":"22, 25, 119","angle":34.9,"side":-1}},{"type":"Feature","geometry":{"type":"Point","coordinates":[30.460825,50.424946]},"properties":{"lines":"22, 25, 119, 42","color":"#0059a9","mode":"bus","arr":["22","25","119","Тб42"],"tLines":"42","ntLines":"22, 25, 119","angle":31.6,"extra":1,"ei":0,"side":-1}},{"type":"Feature","geometry":{"type":"Point","coordinates":[30.463343,50.423961]},"properties":{"lines":"22, 25, 119, 42","color":"#0059a9","mode":"bus","arr":["22","25","119","Тб42"],"tLines":"42","ntLines":"22, 25, 119","angle":33.1,"extra":1,"ei":1,"side":-1}},{"type":"Feature","geometry":{"type":"Point","coordinates":[30.465786,50.422892]},"properties":{"lines":"22, 25, 119, 42","color":"#0059a9","mode":"bus","arr":["22","25","119","Тб42"],"tLines":"42","ntLines":"22, 25, 119","angle":34.1,"extra":1,"ei":2,"side":-1}},{"type":"Feature","geometry":{"type":"Point","coordinates":[30.470682,50.420764]},"properties":{"lines":"22, 25, 119, 42","color":"#0059a9","mode":"bus","arr":["22","25","119","Тб42"],"tLines":"42","ntLines":"22, 25, 119","angle":34,"extra":1,"ei":3,"side":-1}},{"type":"Feature","geometry":{"type":"Point","coordinates":[30.47313,50.419699]},"properties":{"lines":"22, 25, 119, 42","color":"#0059a9","mode":"bus","arr":["22","25","119","Тб42"],"tLines":"42","ntLines":"22, 25, 119","angle":34.5,"extra":1,"ei":4,"side":-1}},{"type":"Feature","geometry":{"type":"Point","coordinates":[30.475571,50.418627]},"properties":{"lines":"22, 25, 119, 42","color":"#0059a9","mode":"bus","arr":["22","25","119","Тб42"],"tLines":"42","ntLines":"22, 25, 119","angle":34,"extra":1,"ei":5,"side":-1}},{"type":"Feature","geometry":{"type":"Point","coordinates":[30.478007,50.417553]},"properties":{"lines":"22, 25, 119, 42","color":"#0059a9","mode":"bus","arr":["22","25","119","Тб42"],"tLines":"42","ntLines":"22, 25, 119","angle":37.5,"extra":1,"ei":6,"side":-1}},{"type":"Feature","geometry":{"type":"Point","coordinates":[30.487345,50.410657]},"properties":{"lines":"22, 119, 42","color":"#0059a9","mode":"bus","arr":["22","119","Тб42"],"tLines":"42","ntLines":"22, 119","angle":38.1,"side":-1}},{"type":"Feature","geometry":{"type":"Point","coordinates":[30.498083,50.407688]},"properties":{"lines":"22, 119, 42","color":"#0059a9","mode":"bus","arr":["22","119","Тб42"],"tLines":"42","ntLines":"22, 119","angle":-2.1,"side":-1,"mi":2}},{"type":"Feature","geometry":{"type":"Point","coordinates":[30.479105,50.415934]},"properties":{"lines":"22, 119, 42","color":"#0059a9","mode":"bus","arr":["22","119","Тб42"],"tLines":"42","ntLines":"22, 119","angle":66.5,"side":-1,"mi":1}},{"type":"Feature","geometry":{"type":"Point","coordinates":[30.482021,50.413285]},"properties":{"lines":"22, 119, 42","color":"#0059a9","mode":"bus","arr":["22","119","Тб42"],"tLines":"42","ntLines":"22, 119","angle":37.8,"extra":1,"ei":0,"side":-1}},{"type":"Feature","geometry":{"type":"Point","coordinates":[30.484359,50.412125]},"properties":{"lines":"22, 119, 42","color":"#0059a9","mode":"bus","arr":["22","119","Тб42"],"tLines":"42","ntLines":"22, 119","angle":37.7,"extra":1,"ei":1,"side":-1}},{"type":"Feature","geometry":{"type":"Point","coordinates":[30.489042,50.409809]},"properties":{"lines":"22, 119, 42","color":"#0059a9","mode":"bus","arr":["22","119","Тб42"],"tLines":"42","ntLines":"22, 119","angle":37.5,"extra":1,"ei":2,"side":-1}},{"type":"Feature","geometry":{"type":"Point","coordinates":[30.49141,50.408674]},"properties":{"lines":"22, 119, 42","color":"#0059a9","mode":"bus","arr":["22","119","Тб42"],"tLines":"42","ntLines":"22, 119","angle":34.9,"extra":1,"ei":3,"side":-1}},{"type":"Feature","geometry":{"type":"Point","coordinates":[30.494031,50.407818]},"properties":{"lines":"22, 119, 42","color":"#0059a9","mode":"bus","arr":["22","119","Тб42"],"tLines":"42","ntLines":"22, 119","angle":17.9,"extra":1,"ei":4}},{"type":"Feature","geometry":{"type":"Point","coordinates":[30.461787,50.42482]},"properties":{"lines":"22, 119","color":"#0059a9","mode":"bus","arr":["22","119"],"angle":33.4}},{"type":"Feature","geometry":{"type":"Point","coordinates":[30.494697,50.407728]},"properties":{"lines":"22, 119","color":"#0059a9","mode":"bus","arr":["22","119"],"angle":8.1}},{"type":"Feature","geometry":{"type":"Point","coordinates":[30.4806,50.414128]},"properties":{"lines":"22, 119","color":"#0059a9","mode":"bus","arr":["22","119"],"angle":50.6}},{"type":"Feature","geometry":{"type":"Point","coordinates":[30.480474,50.414051]},"properties":{"lines":"22, 42","color":"#0059a9","mode":"bus","arr":["22","Тб42"],"tLines":"42","ntLines":"22","angle":52.3,"side":-1}},{"type":"Feature","geometry":{"type":"Point","coordinates":[30.499681,50.406862]},"properties":{"lines":"28","color":"#0059a9","mode":"bus","arr":["28"],"angle":-26.1,"mi":4}},{"type":"Feature","geometry":{"type":"Point","coordinates":[30.507226,50.407556]},"properties":{"lines":"22, 28, 119, 42","color":"#0059a9","mode":"bus","arr":["22","28","119","Тб42"],"tLines":"42","ntLines":"22, 28, 119","angle":2.2,"side":-1}},{"type":"Feature","geometry":{"type":"Point","coordinates":[30.502404,50.407714]},"properties":{"lines":"22, 28, 119, 42","color":"#0059a9","mode":"bus","arr":["22","28","119","Тб42"],"tLines":"42","ntLines":"22, 28, 119","angle":2.4,"extra":1,"ei":0,"side":-1}},{"type":"Feature","geometry":{"type":"Point","coordinates":[30.505363,50.407614]},"properties":{"lines":"22, 28, 119, 42","color":"#0059a9","mode":"bus","arr":["22","28","119","Тб42"],"tLines":"42","ntLines":"22, 28, 119","angle":3.4,"extra":1,"ei":1,"side":-1}},{"type":"Feature","geometry":{"type":"Point","coordinates":[30.511268,50.407312]},"properties":{"lines":"22, 28, 119, 42","color":"#0059a9","mode":"bus","arr":["22","28","119","Тб42"],"tLines":"42","ntLines":"22, 28, 119","angle":6.4,"extra":1,"ei":2,"side":-1}},{"type":"Feature","geometry":{"type":"Point","coordinates":[30.514883,50.407054]},"properties":{"lines":"22, 28, 42","color":"#0059a9","mode":"bus","arr":["22","28","Тб42"],"tLines":"42","ntLines":"22, 28","angle":7.6,"side":-1}},{"type":"Feature","geometry":{"type":"Point","coordinates":[30.516996,50.406969]},"properties":{"lines":"22, 27, 28, 52, 91, 1, 11, 12, 42","color":"#0059a9","mode":"bus","arr":["22","27","28","52","91","Тб1","Тб11","Тб12","Тб42"],"tLines":"1, 11, 12, 42","ntLines":"22, 27, 28, 52, 91","angle":-3.6}},{"type":"Feature","geometry":{"type":"Point","coordinates":[30.518147,50.407035]},"properties":{"lines":"22, 27, 52, 91, 1, 12, 42","color":"#0059a9","mode":"bus","arr":["22","27","52","91","Тб1","Тб12","Тб42"],"tLines":"1, 12, 42","ntLines":"22, 27, 52, 91","angle":-3.8}},{"type":"Feature","geometry":{"type":"Point","coordinates":[30.519782,50.406921]},"properties":{"lines":"22, 42","color":"#0059a9","mode":"bus","arr":["22","Тб42"],"tLines":"42","ntLines":"22","angle":18.2,"side":-1,"mi":1}},{"type":"Feature","geometry":{"type":"Point","coordinates":[30.521462,50.406167]},"properties":{"lines":"22, 42","color":"#0059a9","mode":"bus","arr":["22","Тб42"],"tLines":"42","ntLines":"22","angle":48}},{"type":"Feature","geometry":{"type":"Point","coordinates":[30.524143,50.40424]},"properties":{"lines":"22, 27, 52, 91","color":"#0059a9","mode":"bus","arr":["22","27","52","91"],"angle":24.4}},{"type":"Feature","geometry":{"type":"Point","coordinates":[30.525399,50.404061]},"properties":{"lines":"22","color":"#0059a9","mode":"bus","arr":["22"],"angle":-19.6,"side":-1}},{"type":"Feature","geometry":{"type":"Point","coordinates":[30.525372,50.404148]},"properties":{"lines":"91","color":"#0059a9","mode":"bus","arr":["91"],"angle":-5.8}},{"type":"Feature","geometry":{"type":"Point","coordinates":[30.539353,50.402691]},"properties":{"lines":"22, 91","color":"#0059a9","mode":"bus","arr":["22","91"],"angle":13.6}},{"type":"Feature","geometry":{"type":"Point","coordinates":[30.527418,50.404521]},"properties":{"lines":"22, 91","color":"#0059a9","mode":"bus","arr":["22","91"],"angle":-16.4,"extra":1,"ei":0,"side":-1}},{"type":"Feature","geometry":{"type":"Point","coordinates":[30.530347,50.404671]},"properties":{"lines":"22, 91","color":"#0059a9","mode":"bus","arr":["22","91"],"angle":9.4,"extra":1,"ei":1,"side":-1}},{"type":"Feature","geometry":{"type":"Point","coordinates":[30.533196,50.404166]},"properties":{"lines":"22, 91","color":"#0059a9","mode":"bus","arr":["22","91"],"angle":22.8,"extra":1,"ei":2,"side":-1}},{"type":"Feature","geometry":{"type":"Point","coordinates":[30.535869,50.403351]},"properties":{"lines":"22, 91","color":"#0059a9","mode":"bus","arr":["22","91"],"angle":24.4,"extra":1,"ei":3,"side":-1}},{"type":"Feature","geometry":{"type":"Point","coordinates":[30.541527,50.402281]},"properties":{"lines":"22, 91","color":"#0059a9","mode":"bus","arr":["22","91"],"angle":7.1,"extra":1,"ei":4,"side":-1}},{"type":"Feature","geometry":{"type":"Point","coordinates":[30.54447,50.402063]},"properties":{"lines":"22, 91","color":"#0059a9","mode":"bus","arr":["22","91"],"angle":8.8,"extra":1,"ei":5,"side":-1}},{"type":"Feature","geometry":{"type":"Point","coordinates":[30.547381,50.401708]},"properties":{"lines":"22, 91","color":"#0059a9","mode":"bus","arr":["22","91"],"angle":11.2,"extra":1,"ei":6,"side":-1}},{"type":"Feature","geometry":{"type":"Point","coordinates":[30.550284,50.401329]},"properties":{"lines":"22, 91","color":"#0059a9","mode":"bus","arr":["22","91"],"angle":11.3,"extra":1,"ei":7,"side":-1}},{"type":"Feature","geometry":{"type":"Point","coordinates":[30.5532,50.400993]},"properties":{"lines":"22, 91","color":"#0059a9","mode":"bus","arr":["22","91"],"angle":10.1,"extra":1,"ei":8,"side":-1}},{"type":"Feature","geometry":{"type":"Point","coordinates":[30.524589,50.404282]},"properties":{"lines":"22, 91","color":"#0059a9","mode":"bus","arr":["22","91"],"angle":1,"extra":1,"ei":0}},{"type":"Feature","geometry":{"type":"Point","coordinates":[30.575325,50.395559]},"properties":{"lines":"22, 91","color":"#0059a9","mode":"bus","arr":["22","91"],"angle":11.9,"side":-1}},{"type":"Feature","geometry":{"type":"Point","coordinates":[30.556134,50.40078]},"properties":{"lines":"22, 91","color":"#0059a9","mode":"bus","arr":["22","91"],"angle":2.8,"extra":1,"ei":0,"side":-1}},{"type":"Feature","geometry":{"type":"Point","coordinates":[30.559094,50.400682]},"properties":{"lines":"22, 91","color":"#0059a9","mode":"bus","arr":["22","91"],"angle":3.9,"extra":1,"ei":1,"side":-1}},{"type":"Feature","geometry":{"type":"Point","coordinates":[30.561968,50.400267]},"properties":{"lines":"22, 91","color":"#0059a9","mode":"bus","arr":["22","91"],"angle":23.3,"extra":1,"ei":2,"side":-1}},{"type":"Feature","geometry":{"type":"Point","coordinates":[30.56454,50.399334]},"properties":{"lines":"22, 91","color":"#0059a9","mode":"bus","arr":["22","91"],"angle":31.1,"extra":1,"ei":3,"side":-1}},{"type":"Feature","geometry":{"type":"Point","coordinates":[30.567082,50.398363]},"properties":{"lines":"22, 91","color":"#0059a9","mode":"bus","arr":["22","91"],"angle":30.9,"extra":1,"ei":4,"side":-1}},{"type":"Feature","geometry":{"type":"Point","coordinates":[30.569629,50.397398]},"properties":{"lines":"22, 91","color":"#0059a9","mode":"bus","arr":["22","91"],"angle":30.7,"extra":1,"ei":5,"side":-1}},{"type":"Feature","geometry":{"type":"Point","coordinates":[30.572177,50.396433]},"properties":{"lines":"22, 91","color":"#0059a9","mode":"bus","arr":["22","91"],"angle":30.7,"extra":1,"ei":6,"side":-1}},{"type":"Feature","geometry":{"type":"Point","coordinates":[30.577782,50.395379]},"properties":{"lines":"22, 91","color":"#0059a9","mode":"bus","arr":["22","91"],"angle":5.1,"extra":1,"ei":7,"side":-1}},{"type":"Feature","geometry":{"type":"Point","coordinates":[30.580734,50.395208]},"properties":{"lines":"22, 91","color":"#0059a9","mode":"bus","arr":["22","91"],"angle":4.6,"extra":1,"ei":8,"side":-1}},{"type":"Feature","geometry":{"type":"Point","coordinates":[30.583688,50.395058]},"properties":{"lines":"22, 91","color":"#0059a9","mode":"bus","arr":["22","91"],"angle":4.6,"extra":1,"ei":9,"side":-1}},{"type":"Feature","geometry":{"type":"Point","coordinates":[30.586642,50.394908]},"properties":{"lines":"22, 91","color":"#0059a9","mode":"bus","arr":["22","91"],"angle":4.6,"extra":1,"ei":10,"side":-1}},{"type":"Feature","geometry":{"type":"Point","coordinates":[30.589597,50.394758]},"properties":{"lines":"22, 91","color":"#0059a9","mode":"bus","arr":["22","91"],"angle":4.5,"extra":1,"ei":11,"side":-1}},{"type":"Feature","geometry":{"type":"Point","coordinates":[30.592551,50.394612]},"properties":{"lines":"22, 91","color":"#0059a9","mode":"bus","arr":["22","91"],"angle":4.4,"extra":1,"ei":12,"side":-1}},{"type":"Feature","geometry":{"type":"Point","coordinates":[30.595506,50.394466]},"properties":{"lines":"22, 91","color":"#0059a9","mode":"bus","arr":["22","91"],"angle":4.5,"extra":1,"ei":13,"side":-1}},{"type":"Feature","geometry":{"type":"Point","coordinates":[30.624073,50.396892]},"properties":{"lines":"22, 91","color":"#0059a9","mode":"bus","arr":["22","91"],"angle":-13.8}},{"type":"Feature","geometry":{"type":"Point","coordinates":[30.64342,50.399884]},"properties":{"lines":"22, 91","color":"#0059a9","mode":"bus","arr":["22","91"],"angle":-13.5}},{"type":"Feature","geometry":{"type":"Point","coordinates":[30.600674,50.394499]},"properties":{"lines":"22, 91","color":"#0059a9","mode":"bus","arr":["22","91"],"angle":3.8,"mi":1}},{"type":"Feature","geometry":{"type":"Point","coordinates":[30.605681,50.394176]},"properties":{"lines":"22, 91","color":"#0059a9","mode":"bus","arr":["22","91"],"angle":-3.5,"mi":2}},{"type":"Feature","geometry":{"type":"Point","coordinates":[30.618924,50.395947]},"properties":{"lines":"22, 91","color":"#0059a9","mode":"bus","arr":["22","91"],"angle":-13.6,"extra":1,"ei":0,"side":-1}},{"type":"Feature","geometry":{"type":"Point","coordinates":[30.621803,50.396394]},"properties":{"lines":"22, 91","color":"#0059a9","mode":"bus","arr":["22","91"],"angle":-13.7,"extra":1,"ei":1,"side":-1}},{"type":"Feature","geometry":{"type":"Point","coordinates":[30.627563,50.397285]},"properties":{"lines":"22, 91","color":"#0059a9","mode":"bus","arr":["22","91"],"angle":-13.4,"extra":1,"ei":2,"side":-1}},{"type":"Feature","geometry":{"type":"Point","coordinates":[30.630445,50.397725]},"properties":{"lines":"22, 91","color":"#0059a9","mode":"bus","arr":["22","91"],"angle":-13.6,"extra":1,"ei":3,"side":-1}},{"type":"Feature","geometry":{"type":"Point","coordinates":[30.647693,50.400538]},"properties":{"lines":"22, 91","color":"#0059a9","mode":"bus","arr":["22","91"],"angle":-13.5,"extra":1,"ei":0}},{"type":"Feature","geometry":{"type":"Point","coordinates":[30.639052,50.399204]},"properties":{"lines":"22, 91","color":"#0059a9","mode":"bus","arr":["22","91"],"angle":-13.5,"extra":1,"ei":1}},{"type":"Feature","geometry":{"type":"Point","coordinates":[30.59946,50.394289]},"properties":{"lines":"91","color":"#0059a9","mode":"bus","arr":["91"],"angle":3.8,"side":-1}},{"type":"Feature","geometry":{"type":"Point","coordinates":[30.601793,50.393964]},"properties":{"lines":"22, 91","color":"#0059a9","mode":"bus","arr":["22","91"],"angle":19.5}},{"type":"Feature","geometry":{"type":"Point","coordinates":[30.59741,50.394768]},"properties":{"lines":"35","color":"#0059a9","mode":"bus","arr":["35"],"angle":-82.2,"mi":2}},{"type":"Feature","geometry":{"type":"Point","coordinates":[30.601104,50.3936]},"properties":{"lines":"35","color":"#0059a9","mode":"bus","arr":["35"],"angle":-16.5,"extra":1,"ei":0}},{"type":"Feature","geometry":{"type":"Point","coordinates":[30.598182,50.393366]},"properties":{"lines":"35","color":"#0059a9","mode":"bus","arr":["35"],"angle":17,"extra":1,"ei":1}},{"type":"Feature","geometry":{"type":"Point","coordinates":[30.599991,50.395305]},"properties":{"lines":"35","color":"#0059a9","mode":"bus","arr":["35"],"angle":16.6,"extra":1,"ei":2}},{"type":"Feature","geometry":{"type":"Point","coordinates":[30.60272,50.39458]},"properties":{"lines":"35","color":"#0059a9","mode":"bus","arr":["35"],"angle":26.2,"extra":1,"ei":3}},{"type":"Feature","geometry":{"type":"Point","coordinates":[30.608093,50.418262]},"properties":{"lines":"35","color":"#0059a9","mode":"bus","arr":["35"],"angle":69.7,"mi":5}},{"type":"Feature","geometry":{"type":"Point","coordinates":[30.611532,50.412544]},"properties":{"lines":"35","color":"#0059a9","mode":"bus","arr":["35"],"angle":76,"side":-1,"mi":2}},{"type":"Feature","geometry":{"type":"Point","coordinates":[30.613861,50.411554]},"properties":{"lines":"35","color":"#0059a9","mode":"bus","arr":["35"],"angle":8.3,"side":-1,"mi":4}},{"type":"Feature","geometry":{"type":"Point","coordinates":[30.605254,50.392157]},"properties":{"lines":"35","color":"#0059a9","mode":"bus","arr":["35"],"angle":78.1,"side":-1,"mi":1}},{"type":"Feature","geometry":{"type":"Point","coordinates":[30.603103,50.394053]},"properties":{"lines":"22, 35, 91","color":"#0059a9","mode":"bus","arr":["22","35","91"],"angle":-16.2}},{"type":"Feature","geometry":{"type":"Point","coordinates":[30.609204,50.394649]},"properties":{"lines":"22, 35, 91","color":"#0059a9","mode":"bus","arr":["22","35","91"],"angle":-10.4,"mi":1}},{"type":"Feature","geometry":{"type":"Point","coordinates":[30.613362,50.395087]},"properties":{"lines":"22, 35, 91","color":"#0059a9","mode":"bus","arr":["22","35","91"],"angle":-13.6,"extra":1,"ei":0,"side":-1}},{"type":"Feature","geometry":{"type":"Point","coordinates":[30.604724,50.394363]},"properties":{"lines":"22, 35, 91","color":"#0059a9","mode":"bus","arr":["22","35","91"],"angle":-0.8,"extra":1,"ei":0}},{"type":"Feature","geometry":{"type":"Point","coordinates":[30.616182,50.395521]},"properties":{"lines":"22, 35, 42, 87, 91","color":"#0059a9","mode":"bus","arr":["22","35","42","87","91"],"angle":-13.9,"side":-1}},{"type":"Feature","geometry":{"type":"Point","coordinates":[30.640796,50.39932]},"properties":{"lines":"22","color":"#0059a9","mode":"bus","arr":["22"],"angle":-13.6,"side":-1}},{"type":"Feature","geometry":{"type":"Point","coordinates":[30.631911,50.397952]},"properties":{"lines":"22","color":"#0059a9","mode":"bus","arr":["22"],"angle":-13.6,"extra":1,"ei":0}},{"type":"Feature","geometry":{"type":"Point","coordinates":[30.634791,50.398397]},"properties":{"lines":"22","color":"#0059a9","mode":"bus","arr":["22"],"angle":-13.6,"extra":1,"ei":1}},{"type":"Feature","geometry":{"type":"Point","coordinates":[30.637671,50.398842]},"properties":{"lines":"22","color":"#0059a9","mode":"bus","arr":["22"],"angle":-13.5,"extra":1,"ei":2,"side":-1}},{"type":"Feature","geometry":{"type":"Point","coordinates":[30.643434,50.399726]},"properties":{"lines":"22","color":"#0059a9","mode":"bus","arr":["22"],"angle":-13.6,"extra":1,"ei":3,"side":-1}},{"type":"Feature","geometry":{"type":"Point","coordinates":[30.646315,50.400169]},"properties":{"lines":"22","color":"#0059a9","mode":"bus","arr":["22"],"angle":-13.6,"extra":1,"ei":4,"side":-1}},{"type":"Feature","geometry":{"type":"Point","coordinates":[30.649196,50.400612]},"properties":{"lines":"22","color":"#0059a9","mode":"bus","arr":["22"],"angle":-13.3,"extra":1,"ei":5,"side":-1}},{"type":"Feature","geometry":{"type":"Point","coordinates":[30.646269,50.413665]},"properties":{"lines":"108, 109","color":"#0059a9","mode":"bus","arr":["108","109"],"angle":-39.7,"mi":2}},{"type":"Feature","geometry":{"type":"Point","coordinates":[30.648274,50.414596]},"properties":{"lines":"22, 105, 108, 109","color":"#0059a9","mode":"bus","arr":["22","105","108","109"],"angle":-43.5,"side":-1}},{"type":"Feature","geometry":{"type":"Point","coordinates":[30.651693,50.411267]},"properties":{"lines":"22, 105, 108, 109","color":"#0059a9","mode":"bus","arr":["22","105","108","109"],"angle":67.7,"mi":1}},{"type":"Feature","geometry":{"type":"Point","coordinates":[30.650052,50.41451]},"properties":{"lines":"22, 105, 108, 109","color":"#0059a9","mode":"bus","arr":["22","105","108","109"],"angle":72.5,"extra":1,"ei":0}},{"type":"Feature","geometry":{"type":"Point","coordinates":[30.650926,50.412706]},"properties":{"lines":"22, 105, 108, 109","color":"#0059a9","mode":"bus","arr":["22","105","108","109"],"angle":71.7,"extra":1,"ei":1}},{"type":"Feature","geometry":{"type":"Point","coordinates":[30.653971,50.409597]},"properties":{"lines":"22, 105, 108, 109","color":"#0059a9","mode":"bus","arr":["22","105","108","109"],"angle":33.9,"extra":1,"ei":2}},{"type":"Feature","geometry":{"type":"Point","coordinates":[30.656241,50.40846]},"properties":{"lines":"22, 105, 108, 109","color":"#0059a9","mode":"bus","arr":["22","105","108","109"],"angle":68.5,"extra":1,"ei":3}},{"type":"Feature","geometry":{"type":"Point","coordinates":[30.593377,50.43143]},"properties":{"lines":"109","color":"#0059a9","mode":"bus","arr":["109"],"angle":22.8,"mi":1}},{"type":"Feature","geometry":{"type":"Point","coordinates":[30.656366,50.40786]},"properties":{"lines":"22, 45, 104, 105, 108, 109","color":"#0059a9","mode":"bus","arr":["22","45","104","105","108","109"],"angle":86.6,"side":-1}},{"type":"Feature","geometry":{"type":"Point","coordinates":[30.655114,50.405466]},"properties":{"lines":"22, 45, 104, 108, 109","color":"#0059a9","mode":"bus","arr":["22","45","104","108","109"],"angle":-68.5}},{"type":"Feature","geometry":{"type":"Point","coordinates":[30.655852,50.406663]},"properties":{"lines":"22, 45, 104, 108, 109","color":"#0059a9","mode":"bus","arr":["22","45","104","108","109"],"angle":-68.6,"extra":1,"ei":0}},{"type":"Feature","geometry":{"type":"Point","coordinates":[30.653705,50.403161]},"properties":{"lines":"22, 45, 108, 109","color":"#0059a9","mode":"bus","arr":["22","45","108","109"],"angle":-84.9,"side":-1}},{"type":"Feature","geometry":{"type":"Point","coordinates":[30.65446,50.402234]},"properties":{"lines":"22, 45","color":"#0059a9","mode":"bus","arr":["22","45"],"angle":-1.4,"mi":1}},{"type":"Feature","geometry":{"type":"Point","coordinates":[30.652964,50.401344]},"properties":{"lines":"22, 45","color":"#0059a9","mode":"bus","arr":["22","45"],"angle":-13.7}},{"type":"Feature","geometry":{"type":"Point","coordinates":[30.6162,50.395695]},"properties":{"lines":"22, 35, 42, 91","color":"#0059a9","mode":"bus","arr":["22","35","42","91"],"angle":-13.7}},{"type":"Feature","geometry":{"type":"Point","coordinates":[30.523278,50.4049]},"properties":{"lines":"22, 91, 1","color":"#0059a9","mode":"bus","arr":["22","91","Тб1"],"tLines":"1","ntLines":"22, 91","angle":47.7}},{"type":"Feature","geometry":{"type":"Point","coordinates":[30.520045,50.40699]},"properties":{"lines":"22, 91, 11","color":"#0059a9","mode":"bus","arr":["22","91","Тб11"],"tLines":"11","ntLines":"22, 91","angle":25}},{"type":"Feature","geometry":{"type":"Point","coordinates":[30.518329,50.407325]},"properties":{"lines":"22, 27, 52, 91, 1, 11, 12, 42","color":"#0059a9","mode":"bus","arr":["22","27","52","91","Тб1","Тб11","Тб12","Тб42"],"tLines":"1, 11, 12, 42","ntLines":"22, 27, 52, 91","angle":5.1,"mi":1}},{"type":"Feature","geometry":{"type":"Point","coordinates":[30.517139,50.40729]},"properties":{"lines":"22, 27, 52, 91, 1, 11, 12, 42","color":"#0059a9","mode":"bus","arr":["22","27","52","91","Тб1","Тб11","Тб12","Тб42"],"tLines":"1, 11, 12, 42","ntLines":"22, 27, 52, 91","angle":-7.8}},{"type":"Feature","geometry":{"type":"Point","coordinates":[30.473004,50.419852]},"properties":{"lines":"22, 25, 42","color":"#0059a9","mode":"bus","arr":["22","25","Тб42"],"tLines":"42","ntLines":"22, 25","angle":34.7}},{"type":"Feature","geometry":{"type":"Point","coordinates":[30.476906,50.418138]},"properties":{"lines":"22, 25, 42","color":"#0059a9","mode":"bus","arr":["22","25","Тб42"],"tLines":"42","ntLines":"22, 25","angle":34.6,"extra":1,"ei":0}},{"type":"Feature","geometry":{"type":"Point","coordinates":[30.469566,50.421334]},"properties":{"lines":"22, 25, 42","color":"#0059a9","mode":"bus","arr":["22","25","Тб42"],"tLines":"42","ntLines":"22, 25","angle":34.2,"extra":1,"ei":1}},{"type":"Feature","geometry":{"type":"Point","coordinates":[30.459338,50.425717]},"properties":{"lines":"22, 69, 119, 8, 35, 40, 40к","color":"#0059a9","mode":"bus","arr":["22","69","119","Тб8","Тб35","Тб40","Тб40к"],"tLines":"8, 35, 40, 40к","ntLines":"22, 69, 119","angle":-36.7,"side":-1}},{"type":"Feature","geometry":{"type":"Point","coordinates":[30.458064,50.423767]},"properties":{"lines":"22, 25, 69, 119, 8, 42","color":"#0059a9","mode":"bus","arr":["22","25","69","119","Тб8","Тб42"],"tLines":"8, 42","ntLines":"22, 25, 69, 119","angle":64.5}},{"type":"Feature","geometry":{"type":"Point","coordinates":[30.456295,50.419246]},"properties":{"lines":"22, 78, 22к, 30, 35, 40, 40к","color":"#0059a9","mode":"bus","arr":["22","78","Тб22к","Тб30","Тб35","Тб40","Тб40к"],"tLines":"22к, 30, 35, 40, 40к","ntLines":"22, 78","angle":-71.6}},{"type":"Feature","geometry":{"type":"Point","coordinates":[30.647493,50.465558]},"properties":{"lines":"28т, 35т","color":"#0059a9","mode":"bus","arr":["28т","35т"],"angle":-23.2,"side":-1}},{"type":"Feature","geometry":{"type":"Point","coordinates":[30.645632,50.465135]},"properties":{"lines":"28т, 35т","color":"#0059a9","mode":"bus","arr":["28т","35т"],"angle":-23.4,"extra":1,"ei":0}},{"type":"Feature","geometry":{"type":"Point","coordinates":[30.643781,50.464633]},"properties":{"lines":"22тк, 28т, 35т","color":"#0059a9","mode":"bus","arr":["22тк","28т","35т"],"angle":-22.1}},{"type":"Feature","geometry":{"type":"Point","coordinates":[30.637477,50.462951]},"properties":{"lines":"22тк, 28т, 35т, 118д","color":"#0059a9","mode":"bus","arr":["22тк","28т","35т","118д"],"angle":-23.1}},{"type":"Feature","geometry":{"type":"Point","coordinates":[30.641917,50.464151]},"properties":{"lines":"22тк, 28т, 35т, 118д","color":"#0059a9","mode":"bus","arr":["22тк","28т","35т","118д"],"angle":-22.1,"extra":1,"ei":0}},{"type":"Feature","geometry":{"type":"Point","coordinates":[30.639187,50.463416]},"properties":{"lines":"22тк, 28т, 35т, 118д","color":"#0059a9","mode":"bus","arr":["22тк","28т","35т","118д"],"angle":-23.1,"extra":1,"ei":1}},{"type":"Feature","geometry":{"type":"Point","coordinates":[30.633734,50.461935]},"properties":{"lines":"22тк, 28т, 35т, 118д","color":"#0059a9","mode":"bus","arr":["22тк","28т","35т","118д"],"angle":-23,"extra":1,"ei":2}},{"type":"Feature","geometry":{"type":"Point","coordinates":[30.630293,50.4617]},"properties":{"lines":"22тк, 35т, 118д","color":"#0059a9","mode":"bus","arr":["22тк","35т","118д"],"angle":18.8}},{"type":"Feature","geometry":{"type":"Point","coordinates":[30.625035,50.468261]},"properties":{"lines":"22тк, 28т, 35т","color":"#0059a9","mode":"bus","arr":["22тк","28т","35т"],"angle":65.9}},{"type":"Feature","geometry":{"type":"Point","coordinates":[30.624074,50.469558]},"properties":{"lines":"22тк, 28т, 35т, 63","color":"#0059a9","mode":"bus","arr":["22тк","28т","35т","63"],"angle":63.1}},{"type":"Feature","geometry":{"type":"Point","coordinates":[30.622127,50.469755]},"properties":{"lines":"22тк, 28т","color":"#0059a9","mode":"bus","arr":["22тк","28т"],"angle":-23.4}},{"type":"Feature","geometry":{"type":"Point","coordinates":[30.625369,50.466777]},"properties":{"lines":"22тк, 28т, 35т","color":"#0059a9","mode":"bus","arr":["22тк","28т","35т"],"angle":65.5,"side":-1,"mi":1}},{"type":"Feature","geometry":{"type":"Point","coordinates":[30.616637,50.47088]},"properties":{"lines":"22тк, 28т, 35т","color":"#0059a9","mode":"bus","arr":["22тк","28т","35т"],"angle":27.5,"mi":2}},{"type":"Feature","geometry":{"type":"Point","coordinates":[30.619731,50.46987]},"properties":{"lines":"22тк, 28т, 35т","color":"#0059a9","mode":"bus","arr":["22тк","28т","35т"],"angle":27.1,"extra":1,"ei":0}},{"type":"Feature","geometry":{"type":"Point","coordinates":[30.61446,50.471598]},"properties":{"lines":"22тк, 28т, 35т","color":"#0059a9","mode":"bus","arr":["22тк","28т","35т"],"angle":27.2,"extra":1,"ei":1}},{"type":"Feature","geometry":{"type":"Point","coordinates":[30.622534,50.468775]},"properties":{"lines":"22тк, 28т, 35т","color":"#0059a9","mode":"bus","arr":["22тк","28т","35т"],"angle":30.4,"extra":1,"ei":0}},{"type":"Feature","geometry":{"type":"Point","coordinates":[30.627266,50.464119]},"properties":{"lines":"22тк, 28т, 35т","color":"#0059a9","mode":"bus","arr":["22тк","28т","35т"],"angle":65.5,"extra":1,"ei":1,"side":-1}},{"type":"Feature","geometry":{"type":"Point","coordinates":[30.60942,50.476355]},"properties":{"lines":"22тк, 35т","color":"#0059a9","mode":"bus","arr":["22тк","35т"],"angle":64.1}},{"type":"Feature","geometry":{"type":"Point","coordinates":[30.611734,50.473325]},"properties":{"lines":"22тк, 35т","color":"#0059a9","mode":"bus","arr":["22тк","35т"],"angle":63.9,"extra":1,"ei":0}},{"type":"Feature","geometry":{"type":"Point","coordinates":[30.610434,50.475022]},"properties":{"lines":"22тк, 35т","color":"#0059a9","mode":"bus","arr":["22тк","35т"],"angle":64.1,"extra":1,"ei":1}},{"type":"Feature","geometry":{"type":"Point","coordinates":[30.607862,50.478425]},"properties":{"lines":"22тк, 35т","color":"#0059a9","mode":"bus","arr":["22тк","35т"],"angle":64.5,"extra":1,"ei":2}},{"type":"Feature","geometry":{"type":"Point","coordinates":[30.606558,50.480121]},"properties":{"lines":"22тк, 35т","color":"#0059a9","mode":"bus","arr":["22тк","35т"],"angle":63,"extra":1,"ei":3}},{"type":"Feature","geometry":{"type":"Point","coordinates":[30.605476,50.481539]},"properties":{"lines":"35т","color":"#0059a9","mode":"bus","arr":["35т"],"angle":63.9,"mi":2}},{"type":"Feature","geometry":{"type":"Point","coordinates":[30.603913,50.484004]},"properties":{"lines":"35т","color":"#0059a9","mode":"bus","arr":["35т"],"angle":77,"mi":1}},{"type":"Feature","geometry":{"type":"Point","coordinates":[30.604528,50.482785]},"properties":{"lines":"35т","color":"#0059a9","mode":"bus","arr":["35т"],"angle":64.2,"extra":1,"ei":0}},{"type":"Feature","geometry":{"type":"Point","coordinates":[30.606948,50.479336]},"properties":{"lines":"22тк, 28т, 35т","color":"#0059a9","mode":"bus","arr":["22тк","28т","35т"],"angle":64.1,"side":-1}},{"type":"Feature","geometry":{"type":"Point","coordinates":[30.611584,50.47324]},"properties":{"lines":"22тк, 28т, 35т","color":"#0059a9","mode":"bus","arr":["22тк","28т","35т"],"angle":64.1,"extra":1,"ei":0,"side":-1}},{"type":"Feature","geometry":{"type":"Point","coordinates":[30.610288,50.474938]},"properties":{"lines":"22тк, 28т, 35т","color":"#0059a9","mode":"bus","arr":["22тк","28т","35т"],"angle":64,"extra":1,"ei":1,"side":-1}},{"type":"Feature","geometry":{"type":"Point","coordinates":[30.608989,50.476636]},"properties":{"lines":"22тк, 28т, 35т","color":"#0059a9","mode":"bus","arr":["22тк","28т","35т"],"angle":64.1,"extra":1,"ei":2,"side":-1}},{"type":"Feature","geometry":{"type":"Point","coordinates":[30.605119,50.481736]},"properties":{"lines":"22тк, 28т, 35т","color":"#0059a9","mode":"bus","arr":["22тк","28т","35т"],"angle":64.2,"extra":1,"ei":3,"side":-1}},{"type":"Feature","geometry":{"type":"Point","coordinates":[30.603895,50.483452]},"properties":{"lines":"22тк, 28т, 35т","color":"#0059a9","mode":"bus","arr":["22тк","28т","35т"],"angle":74.9,"extra":1,"ei":4,"side":-1}},{"type":"Feature","geometry":{"type":"Point","coordinates":[30.60326,50.485297]},"properties":{"lines":"22тк, 28т, 35т","color":"#0059a9","mode":"bus","arr":["22тк","28т","35т"],"angle":78.5,"extra":1,"ei":5,"side":-1}},{"type":"Feature","geometry":{"type":"Point","coordinates":[30.602049,50.48887]},"properties":{"lines":"28т, 35т","color":"#0059a9","mode":"bus","arr":["28т","35т"],"angle":76.6,"side":-1}},{"type":"Feature","geometry":{"type":"Point","coordinates":[30.603289,50.485809]},"properties":{"lines":"28т, 35т","color":"#0059a9","mode":"bus","arr":["28т","35т"],"angle":78.1,"mi":1}},{"type":"Feature","geometry":{"type":"Point","coordinates":[30.601528,50.490268]},"properties":{"lines":"28т, 35т","color":"#0059a9","mode":"bus","arr":["28т","35т"],"angle":76.7,"extra":1,"ei":0,"side":-1}},{"type":"Feature","geometry":{"type":"Point","coordinates":[30.597876,50.485857]},"properties":{"lines":"22тк","color":"#0059a9","mode":"bus","arr":["22тк"],"angle":-12}},{"type":"Feature","geometry":{"type":"Point","coordinates":[30.601414,50.486344]},"properties":{"lines":"22тк","color":"#0059a9","mode":"bus","arr":["22тк"],"angle":-12.3,"extra":1,"ei":0}},{"type":"Feature","geometry":{"type":"Point","coordinates":[30.59562,50.485549]},"properties":{"lines":"22тк","color":"#0059a9","mode":"bus","arr":["22тк"],"angle":-12.7,"extra":1,"ei":1}},{"type":"Feature","geometry":{"type":"Point","coordinates":[30.593162,50.484404]},"properties":{"lines":"22тк, 44, 46, 29, 50, 50к","color":"#0059a9","mode":"bus","arr":["22тк","44","46","Тб29","Тб50","Тб50к"],"tLines":"29, 50, 50к","ntLines":"22тк, 44, 46","angle":77.9,"side":-1}},{"type":"Feature","geometry":{"type":"Point","coordinates":[30.595265,50.478252]},"properties":{"lines":"44, 46, 29, 50, 50к","color":"#0059a9","mode":"bus","arr":["44","46","Тб29","Тб50","Тб50к"],"tLines":"29, 50, 50к","ntLines":"44, 46","angle":77.5,"side":-1}},{"type":"Feature","geometry":{"type":"Point","coordinates":[30.593752,50.482669]},"properties":{"lines":"44, 46, 29, 50, 50к","color":"#0059a9","mode":"bus","arr":["44","46","Тб29","Тб50","Тб50к"],"tLines":"29, 50, 50к","ntLines":"44, 46","angle":77.3,"extra":1,"ei":0,"side":-1}},{"type":"Feature","geometry":{"type":"Point","coordinates":[30.594407,50.480827]},"properties":{"lines":"44, 46, 29, 50, 50к","color":"#0059a9","mode":"bus","arr":["44","46","Тб29","Тб50","Тб50к"],"tLines":"29, 50, 50к","ntLines":"44, 46","angle":77,"extra":1,"ei":1,"side":-1}},{"type":"Feature","geometry":{"type":"Point","coordinates":[30.596294,50.47529]},"properties":{"lines":"44, 46, 29, 50, 50к","color":"#0059a9","mode":"bus","arr":["44","46","Тб29","Тб50","Тб50к"],"tLines":"29, 50, 50к","ntLines":"44, 46","angle":77.5,"extra":1,"ei":2,"side":-1}},{"type":"Feature","geometry":{"type":"Point","coordinates":[30.596926,50.473445]},"properties":{"lines":"44, 46, 29, 50, 50к","color":"#0059a9","mode":"bus","arr":["44","46","Тб29","Тб50","Тб50к"],"tLines":"29, 50, 50к","ntLines":"44, 46","angle":77.4,"extra":1,"ei":3,"side":-1}},{"type":"Feature","geometry":{"type":"Point","coordinates":[30.595009,50.479544]},"properties":{"lines":"44, 46, 29, 50, 50к","color":"#0059a9","mode":"bus","arr":["44","46","Тб29","Тб50","Тб50к"],"tLines":"29, 50, 50к","ntLines":"44, 46","angle":77.5,"extra":1,"ei":0}},{"type":"Feature","geometry":{"type":"Point","coordinates":[30.589581,50.483075]},"properties":{"lines":"110, 112","color":"#0059a9","mode":"bus","arr":["110","112"],"angle":-12,"mi":1}},{"type":"Feature","geometry":{"type":"Point","coordinates":[30.591763,50.483367]},"properties":{"lines":"110, 112","color":"#0059a9","mode":"bus","arr":["110","112"],"angle":-11.8,"extra":1,"ei":0}},{"type":"Feature","geometry":{"type":"Point","coordinates":[30.585963,50.482588]},"properties":{"lines":"110, 112","color":"#0059a9","mode":"bus","arr":["110","112"],"angle":-11.9,"extra":1,"ei":1}},{"type":"Feature","geometry":{"type":"Point","coordinates":[30.616939,50.470642]},"properties":{"lines":"28т, 35т","color":"#0059a9","mode":"bus","arr":["28т","35т"],"angle":26.7,"side":-1}},{"type":"Feature","geometry":{"type":"Point","coordinates":[30.613966,50.47163]},"properties":{"lines":"28т, 35т","color":"#0059a9","mode":"bus","arr":["28т","35т"],"angle":27.1,"extra":1,"ei":0,"side":-1}},{"type":"Feature","geometry":{"type":"Point","coordinates":[30.619222,50.469885]},"properties":{"lines":"28т, 35т","color":"#0059a9","mode":"bus","arr":["28т","35т"],"angle":27.2,"extra":1,"ei":1,"side":-1}},{"type":"Feature","geometry":{"type":"Point","coordinates":[30.628071,50.463964]},"properties":{"lines":"22тк","color":"#0059a9","mode":"bus","arr":["22тк"],"angle":-7.9,"mi":1}},{"type":"Feature","geometry":{"type":"Point","coordinates":[30.629027,50.463134]},"properties":{"lines":"22тк","color":"#0059a9","mode":"bus","arr":["22тк"],"angle":65.9}},{"type":"Feature","geometry":{"type":"Point","coordinates":[30.632894,50.463238]},"properties":{"lines":"22тк","color":"#0059a9","mode":"bus","arr":["22тк"],"angle":-23,"mi":2}},{"type":"Feature","geometry":{"type":"Point","coordinates":[30.631026,50.462727]},"properties":{"lines":"22тк","color":"#0059a9","mode":"bus","arr":["22тк"],"angle":-23.3,"extra":1,"ei":0}},{"type":"Feature","geometry":{"type":"Point","coordinates":[30.640072,50.465232]},"properties":{"lines":"22тк, 33, 37Д, 37","color":"#0059a9","mode":"bus","arr":["22тк","33","37Д","Тб37"],"tLines":"37","ntLines":"22тк, 33, 37Д","angle":-23.6}},{"type":"Feature","geometry":{"type":"Point","coordinates":[30.63776,50.464587]},"properties":{"lines":"22тк, 33, 37Д, 37","color":"#0059a9","mode":"bus","arr":["22тк","33","37Д","Тб37"],"tLines":"37","ntLines":"22тк, 33, 37Д","angle":-23.6,"extra":1,"ei":0}},{"type":"Feature","geometry":{"type":"Point","coordinates":[30.64319,50.466101]},"properties":{"lines":"22тк, 33, 37Д, 37","color":"#0059a9","mode":"bus","arr":["22тк","33","37Д","Тб37"],"tLines":"37","ntLines":"22тк, 33, 37Д","angle":-23.7,"extra":1,"ei":1}},{"type":"Feature","geometry":{"type":"Point","coordinates":[30.644259,50.466399]},"properties":{"lines":"22тк, 37Д, 37","color":"#0059a9","mode":"bus","arr":["22тк","37Д","Тб37"],"tLines":"37","ntLines":"22тк, 37Д","angle":-23.6}},{"type":"Feature","geometry":{"type":"Point","coordinates":[30.396209,50.47194]},"properties":{"lines":"23, 90","color":"#0059a9","mode":"bus","arr":["23","90"],"angle":0}},{"type":"Feature","geometry":{"type":"Point","coordinates":[30.400398,50.471939]},"properties":{"lines":"23","color":"#0059a9","mode":"bus","arr":["23"],"angle":0}},{"type":"Feature","geometry":{"type":"Point","coordinates":[30.397988,50.471941]},"properties":{"lines":"23","color":"#0059a9","mode":"bus","arr":["23"],"angle":0.1,"extra":1,"ei":0}},{"type":"Feature","geometry":{"type":"Point","coordinates":[30.403915,50.471937]},"properties":{"lines":"23","color":"#0059a9","mode":"bus","arr":["23"],"angle":0,"extra":1,"ei":1}},{"type":"Feature","geometry":{"type":"Point","coordinates":[30.396039,50.465007]},"properties":{"lines":"23, 90, 90к","color":"#0059a9","mode":"bus","arr":["23","90","90к"],"angle":89.3}},{"type":"Feature","geometry":{"type":"Point","coordinates":[30.395929,50.470997]},"properties":{"lines":"23, 90, 90к","color":"#0059a9","mode":"bus","arr":["23","90","90к"],"angle":89.3,"extra":1,"ei":0}},{"type":"Feature","geometry":{"type":"Point","coordinates":[30.395964,50.469108]},"properties":{"lines":"23, 90, 90к","color":"#0059a9","mode":"bus","arr":["23","90","90к"],"angle":89.3,"extra":1,"ei":1}},{"type":"Feature","geometry":{"type":"Point","coordinates":[30.395998,50.46722]},"properties":{"lines":"23, 90, 90к","color":"#0059a9","mode":"bus","arr":["23","90","90к"],"angle":89.3,"extra":1,"ei":2}},{"type":"Feature","geometry":{"type":"Point","coordinates":[30.396052,50.463443]},"properties":{"lines":"23, 90, 90к","color":"#0059a9","mode":"bus","arr":["23","90","90к"],"angle":89.9,"extra":1,"ei":3}},{"type":"Feature","geometry":{"type":"Point","coordinates":[30.396059,50.461554]},"properties":{"lines":"23, 90, 90к","color":"#0059a9","mode":"bus","arr":["23","90","90к"],"angle":89.9,"extra":1,"ei":4}},{"type":"Feature","geometry":{"type":"Point","coordinates":[30.396066,50.459666]},"properties":{"lines":"23, 90, 90к","color":"#0059a9","mode":"bus","arr":["23","90","90к"],"angle":89.9,"extra":1,"ei":5}},{"type":"Feature","geometry":{"type":"Point","coordinates":[30.395862,50.457934]},"properties":{"lines":"23, 36тр, 90, 90к, 7","color":"#0059a9","mode":"bus","arr":["23","36тр","90","90к","Тб7"],"tLines":"7","ntLines":"23, 36тр, 90, 90к","angle":-5.8,"side":-1}},{"type":"Feature","geometry":{"type":"Point","coordinates":[30.391651,50.457776]},"properties":{"lines":"23, 36тр, 90, 90к, 7","color":"#0059a9","mode":"bus","arr":["23","36тр","90","90к","Тб7"],"tLines":"7","ntLines":"23, 36тр, 90, 90к","angle":-6.2,"extra":1,"ei":0}},{"type":"Feature","geometry":{"type":"Point","coordinates":[30.388705,50.457573]},"properties":{"lines":"23, 36тр, 90, 90к, 7","color":"#0059a9","mode":"bus","arr":["23","36тр","90","90к","Тб7"],"tLines":"7","ntLines":"23, 36тр, 90, 90к","angle":-6,"extra":1,"ei":1}},{"type":"Feature","geometry":{"type":"Point","coordinates":[30.399954,50.458196]},"properties":{"lines":"23, 36тр, 90, 90к, 7","color":"#0059a9","mode":"bus","arr":["23","36тр","90","90к","Тб7"],"tLines":"7","ntLines":"23, 36тр, 90, 90к","angle":-5.8,"extra":1,"ei":0,"side":-1}},{"type":"Feature","geometry":{"type":"Point","coordinates":[30.402908,50.458342]},"properties":{"lines":"23, 36тр, 90, 90к, 7","color":"#0059a9","mode":"bus","arr":["23","36тр","90","90к","Тб7"],"tLines":"7","ntLines":"23, 36тр, 90, 90к","angle":-4.5,"extra":1,"ei":1,"side":-1}},{"type":"Feature","geometry":{"type":"Point","coordinates":[30.387405,50.457486]},"properties":{"lines":"23, 36тр, 90, 7","color":"#0059a9","mode":"bus","arr":["23","36тр","90","Тб7"],"tLines":"7","ntLines":"23, 36тр, 90","angle":-6}},{"type":"Feature","geometry":{"type":"Point","coordinates":[30.385684,50.457237]},"properties":{"lines":"23, 36тр, 7","color":"#0059a9","mode":"bus","arr":["23","36тр","Тб7"],"tLines":"7","ntLines":"23, 36тр","angle":-6.1,"side":-1}},{"type":"Feature","geometry":{"type":"Point","coordinates":[30.382184,50.457131]},"properties":{"lines":"23, 36тр, 37, 37а, 97, 7","color":"#0059a9","mode":"bus","arr":["23","36тр","37","37а","97","Тб7"],"tLines":"7","ntLines":"23, 36тр, 37, 37а, 97","angle":-6}},{"type":"Feature","geometry":{"type":"Point","coordinates":[30.38401,50.457255]},"properties":{"lines":"23, 36тр, 37, 37а, 97, 7","color":"#0059a9","mode":"bus","arr":["23","36тр","37","37а","97","Тб7"],"tLines":"7","ntLines":"23, 36тр, 37, 37а, 97","angle":-6.2,"extra":1,"ei":0}},{"type":"Feature","geometry":{"type":"Point","coordinates":[30.37236,50.456332]},"properties":{"lines":"23, 36тр, 37, 37а, 7","color":"#0059a9","mode":"bus","arr":["23","36тр","37","37а","Тб7"],"tLines":"7","ntLines":"23, 36тр, 37, 37а","angle":-6.3,"side":-1}},{"type":"Feature","geometry":{"type":"Point","coordinates":[30.377411,50.456807]},"properties":{"lines":"23, 36тр, 37, 37а, 7","color":"#0059a9","mode":"bus","arr":["23","36тр","37","37а","Тб7"],"tLines":"7","ntLines":"23, 36тр, 37, 37а","angle":-6.1,"extra":1,"ei":0}},{"type":"Feature","geometry":{"type":"Point","coordinates":[30.374464,50.456609]},"properties":{"lines":"23, 36тр, 37, 37а, 7","color":"#0059a9","mode":"bus","arr":["23","36тр","37","37а","Тб7"],"tLines":"7","ntLines":"23, 36тр, 37, 37а","angle":-6,"extra":1,"ei":1}},{"type":"Feature","geometry":{"type":"Point","coordinates":[30.368568,50.456222]},"properties":{"lines":"23, 36тр, 37, 37а, 7","color":"#0059a9","mode":"bus","arr":["23","36тр","37","37а","Тб7"],"tLines":"7","ntLines":"23, 36тр, 37, 37а","angle":-6,"extra":1,"ei":2}},{"type":"Feature","geometry":{"type":"Point","coordinates":[30.365621,50.456021]},"properties":{"lines":"23, 36тр, 37, 37а, 7","color":"#0059a9","mode":"bus","arr":["23","36тр","37","37а","Тб7"],"tLines":"7","ntLines":"23, 36тр, 37, 37а","angle":-6.5,"extra":1,"ei":3}},{"type":"Feature","geometry":{"type":"Point","coordinates":[30.362673,50.455824]},"properties":{"lines":"23, 36тр, 37, 37а, 7","color":"#0059a9","mode":"bus","arr":["23","36тр","37","37а","Тб7"],"tLines":"7","ntLines":"23, 36тр, 37, 37а","angle":-5.8,"extra":1,"ei":4}},{"type":"Feature","geometry":{"type":"Point","coordinates":[30.359725,50.455637]},"properties":{"lines":"23, 36тр, 37, 37а, 7","color":"#0059a9","mode":"bus","arr":["23","36тр","37","37а","Тб7"],"tLines":"7","ntLines":"23, 36тр, 37, 37а","angle":-6.2,"extra":1,"ei":5}},{"type":"Feature","geometry":{"type":"Point","coordinates":[30.356778,50.455436]},"properties":{"lines":"23, 36тр, 37, 37а, 7","color":"#0059a9","mode":"bus","arr":["23","36тр","37","37а","Тб7"],"tLines":"7","ntLines":"23, 36тр, 37, 37а","angle":-5.7,"extra":1,"ei":6}},{"type":"Feature","geometry":{"type":"Point","coordinates":[30.381715,50.456972]},"properties":{"lines":"23, 36тр, 37, 37а, 7","color":"#0059a9","mode":"bus","arr":["23","36тр","37","37а","Тб7"],"tLines":"7","ntLines":"23, 36тр, 37, 37а","angle":-6,"extra":1,"ei":0,"side":-1}},{"type":"Feature","geometry":{"type":"Point","coordinates":[30.384663,50.457168]},"properties":{"lines":"23, 36тр, 37, 37а, 7","color":"#0059a9","mode":"bus","arr":["23","36тр","37","37а","Тб7"],"tLines":"7","ntLines":"23, 36тр, 37, 37а","angle":-5.9,"extra":1,"ei":1,"side":-1}},{"type":"Feature","geometry":{"type":"Point","coordinates":[30.354847,50.456437]},"properties":{"lines":"23","color":"#0059a9","mode":"bus","arr":["23"],"angle":-24.6}},{"type":"Feature","geometry":{"type":"Point","coordinates":[30.356787,50.456194]},"properties":{"lines":"23","color":"#0059a9","mode":"bus","arr":["23"],"angle":52.5,"extra":1,"ei":0,"side":-1}},{"type":"Feature","geometry":{"type":"Point","coordinates":[30.366589,50.423254]},"properties":{"lines":"23","color":"#0059a9","mode":"bus","arr":["23"],"angle":33.6,"mi":2}},{"type":"Feature","geometry":{"type":"Point","coordinates":[30.370209,50.421432]},"properties":{"lines":"23","color":"#0059a9","mode":"bus","arr":["23"],"angle":18.8}},{"type":"Feature","geometry":{"type":"Point","coordinates":[30.358988,50.454226]},"properties":{"lines":"23","color":"#0059a9","mode":"bus","arr":["23"],"angle":-59.3,"mi":1}},{"type":"Feature","geometry":{"type":"Point","coordinates":[30.359596,50.455479]},"properties":{"lines":"23","color":"#0059a9","mode":"bus","arr":["23"],"angle":-37.5,"extra":1,"ei":0,"side":-1}},{"type":"Feature","geometry":{"type":"Point","coordinates":[30.356918,50.455751]},"properties":{"lines":"23, 36тр, 56, 57, 7, 39","color":"#0059a9","mode":"bus","arr":["23","36тр","56","57","Тб7","Тб39"],"tLines":"7, 39","ntLines":"23, 36тр, 56, 57","angle":83.6,"side":-1}},{"type":"Feature","geometry":{"type":"Point","coordinates":[30.35702,50.455129]},"properties":{"lines":"23, 36тр, 56, 57, 7, 39","color":"#0059a9","mode":"bus","arr":["23","36тр","56","57","Тб7","Тб39"],"tLines":"7, 39","ntLines":"23, 36тр, 56, 57","angle":84.9,"side":-1,"mi":1}},{"type":"Feature","geometry":{"type":"Point","coordinates":[30.359314,50.441138]},"properties":{"lines":"23, 56, 57, 39","color":"#0059a9","mode":"bus","arr":["23","56","57","Тб39"],"tLines":"39","ntLines":"23, 56, 57","angle":85.5}},{"type":"Feature","geometry":{"type":"Point","coordinates":[30.357533,50.450055]},"properties":{"lines":"23, 56, 57, 39","color":"#0059a9","mode":"bus","arr":["23","56","57","Тб39"],"tLines":"39","ntLines":"23, 56, 57","angle":89.1,"side":-1,"mi":2}},{"type":"Feature","geometry":{"type":"Point","coordinates":[30.36686,50.424448]},"properties":{"lines":"23, 56, 57, 39","color":"#0059a9","mode":"bus","arr":["23","56","57","Тб39"],"tLines":"39","ntLines":"23, 56, 57","angle":64.3,"side":-1}},{"type":"Feature","geometry":{"type":"Point","coordinates":[30.357171,50.45394]},"properties":{"lines":"23, 56, 57, 39","color":"#0059a9","mode":"bus","arr":["23","56","57","Тб39"],"tLines":"39","ntLines":"23, 56, 57","angle":85.5,"extra":1,"ei":0,"side":-1}},{"type":"Feature","geometry":{"type":"Point","coordinates":[30.357414,50.452057]},"properties":{"lines":"23, 56, 57, 39","color":"#0059a9","mode":"bus","arr":["23","56","57","Тб39"],"tLines":"39","ntLines":"23, 56, 57","angle":85.2,"extra":1,"ei":1,"side":-1}},{"type":"Feature","geometry":{"type":"Point","coordinates":[30.357626,50.448283]},"properties":{"lines":"23, 56, 57, 39","color":"#0059a9","mode":"bus","arr":["23","56","57","Тб39"],"tLines":"39","ntLines":"23, 56, 57","angle":86.9,"extra":1,"ei":2}},{"type":"Feature","geometry":{"type":"Point","coordinates":[30.357893,50.446403]},"properties":{"lines":"23, 56, 57, 39","color":"#0059a9","mode":"bus","arr":["23","56","57","Тб39"],"tLines":"39","ntLines":"23, 56, 57","angle":83.7,"extra":1,"ei":3}},{"type":"Feature","geometry":{"type":"Point","coordinates":[30.36294,50.430312]},"properties":{"lines":"23, 56, 57, 39","color":"#0059a9","mode":"bus","arr":["23","56","57","Тб39"],"tLines":"39","ntLines":"23, 56, 57","angle":63.4,"extra":1,"ei":0}},{"type":"Feature","geometry":{"type":"Point","coordinates":[30.361608,50.431999]},"properties":{"lines":"23, 56, 57, 39","color":"#0059a9","mode":"bus","arr":["23","56","57","Тб39"],"tLines":"39","ntLines":"23, 56, 57","angle":66.4,"extra":1,"ei":1}},{"type":"Feature","geometry":{"type":"Point","coordinates":[30.360633,50.43378]},"properties":{"lines":"23, 56, 57, 39","color":"#0059a9","mode":"bus","arr":["23","56","57","Тб39"],"tLines":"39","ntLines":"23, 56, 57","angle":75.8,"extra":1,"ei":2}},{"type":"Feature","geometry":{"type":"Point","coordinates":[30.360143,50.43564]},"properties":{"lines":"23, 56, 57, 39","color":"#0059a9","mode":"bus","arr":["23","56","57","Тб39"],"tLines":"39","ntLines":"23, 56, 57","angle":83.5,"extra":1,"ei":3}},{"type":"Feature","geometry":{"type":"Point","coordinates":[30.359849,50.437519]},"properties":{"lines":"23, 56, 57, 39","color":"#0059a9","mode":"bus","arr":["23","56","57","Тб39"],"tLines":"39","ntLines":"23, 56, 57","angle":84,"extra":1,"ei":4}},{"type":"Feature","geometry":{"type":"Point","coordinates":[30.359539,50.439398]},"properties":{"lines":"23, 56, 57, 39","color":"#0059a9","mode":"bus","arr":["23","56","57","Тб39"],"tLines":"39","ntLines":"23, 56, 57","angle":84.4,"extra":1,"ei":5}},{"type":"Feature","geometry":{"type":"Point","coordinates":[30.359021,50.44316]},"properties":{"lines":"23, 56, 57, 39","color":"#0059a9","mode":"bus","arr":["23","56","57","Тб39"],"tLines":"39","ntLines":"23, 56, 57","angle":84.9,"extra":1,"ei":6}},{"type":"Feature","geometry":{"type":"Point","coordinates":[30.358686,50.445036]},"properties":{"lines":"23, 56, 57, 39","color":"#0059a9","mode":"bus","arr":["23","56","57","Тб39"],"tLines":"39","ntLines":"23, 56, 57","angle":83.2,"extra":1,"ei":7}},{"type":"Feature","geometry":{"type":"Point","coordinates":[30.35886,50.440504]},"properties":{"lines":"23, 56, 57, 39","color":"#0059a9","mode":"bus","arr":["23","56","57","Тб39"],"tLines":"39","ntLines":"23, 56, 57","angle":84.3,"mi":1}},{"type":"Feature","geometry":{"type":"Point","coordinates":[30.35825,50.444295]},"properties":{"lines":"23, 56, 57, 39","color":"#0059a9","mode":"bus","arr":["23","56","57","Тб39"],"tLines":"39","ntLines":"23, 56, 57","angle":84.4,"extra":1,"ei":0}},{"type":"Feature","geometry":{"type":"Point","coordinates":[30.358565,50.442417]},"properties":{"lines":"23, 56, 57, 39","color":"#0059a9","mode":"bus","arr":["23","56","57","Тб39"],"tLines":"39","ntLines":"23, 56, 57","angle":83.7,"extra":1,"ei":1}},{"type":"Feature","geometry":{"type":"Point","coordinates":[30.359137,50.438657]},"properties":{"lines":"23, 56, 57, 39","color":"#0059a9","mode":"bus","arr":["23","56","57","Тб39"],"tLines":"39","ntLines":"23, 56, 57","angle":84.6,"extra":1,"ei":2}},{"type":"Feature","geometry":{"type":"Point","coordinates":[30.359438,50.436778]},"properties":{"lines":"23, 56, 57, 39","color":"#0059a9","mode":"bus","arr":["23","56","57","Тб39"],"tLines":"39","ntLines":"23, 56, 57","angle":84.3,"extra":1,"ei":3}},{"type":"Feature","geometry":{"type":"Point","coordinates":[30.362416,50.430173]},"properties":{"lines":"23, 56, 57, 39","color":"#0059a9","mode":"bus","arr":["23","56","57","Тб39"],"tLines":"39","ntLines":"23, 56, 57","angle":64.4,"mi":1}},{"type":"Feature","geometry":{"type":"Point","coordinates":[30.359774,50.434836]},"properties":{"lines":"23, 56, 57, 39","color":"#0059a9","mode":"bus","arr":["23","56","57","Тб39"],"tLines":"39","ntLines":"23, 56, 57","angle":82.5,"extra":1,"ei":0}},{"type":"Feature","geometry":{"type":"Point","coordinates":[30.360365,50.432988]},"properties":{"lines":"23, 56, 57, 39","color":"#0059a9","mode":"bus","arr":["23","56","57","Тб39"],"tLines":"39","ntLines":"23, 56, 57","angle":70,"extra":1,"ei":1}},{"type":"Feature","geometry":{"type":"Point","coordinates":[30.361586,50.431268]},"properties":{"lines":"23, 56, 57, 39","color":"#0059a9","mode":"bus","arr":["23","56","57","Тб39"],"tLines":"39","ntLines":"23, 56, 57","angle":64.3,"extra":1,"ei":2}},{"type":"Feature","geometry":{"type":"Point","coordinates":[30.364166,50.427868]},"properties":{"lines":"23, 56, 57, 39","color":"#0059a9","mode":"bus","arr":["23","56","57","Тб39"],"tLines":"39","ntLines":"23, 56, 57","angle":63.9,"extra":1,"ei":3}},{"type":"Feature","geometry":{"type":"Point","coordinates":[30.365523,50.426189]},"properties":{"lines":"23, 56, 57, 39","color":"#0059a9","mode":"bus","arr":["23","56","57","Тб39"],"tLines":"39","ntLines":"23, 56, 57","angle":62.7,"extra":1,"ei":4,"side":-1}},{"type":"Feature","geometry":{"type":"Point","coordinates":[30.367408,50.424203]},"properties":{"lines":"23, 56, 57","color":"#0059a9","mode":"bus","arr":["23","56","57"],"angle":64.9}},{"type":"Feature","geometry":{"type":"Point","coordinates":[30.368861,50.422412]},"properties":{"lines":"23, 56, 57","color":"#0059a9","mode":"bus","arr":["23","56","57"],"angle":58.1,"extra":1,"ei":0}},{"type":"Feature","geometry":{"type":"Point","coordinates":[30.366233,50.425796]},"properties":{"lines":"23, 56, 57","color":"#0059a9","mode":"bus","arr":["23","56","57"],"angle":65.4,"extra":1,"ei":1}},{"type":"Feature","geometry":{"type":"Point","coordinates":[30.369332,50.425136]},"properties":{"lines":"23","color":"#0059a9","mode":"bus","arr":["23"],"angle":-21.1,"side":-1,"mi":1}},{"type":"Feature","geometry":{"type":"Point","coordinates":[30.367366,50.42462]},"properties":{"lines":"23","color":"#0059a9","mode":"bus","arr":["23"],"angle":-22,"extra":1,"ei":0}},{"type":"Feature","geometry":{"type":"Point","coordinates":[30.37369,50.425905]},"properties":{"lines":"23","color":"#0059a9","mode":"bus","arr":["23"],"angle":16.6,"mi":4}},{"type":"Feature","geometry":{"type":"Point","coordinates":[30.377581,50.421547]},"properties":{"lines":"23, 69, 90","color":"#0059a9","mode":"bus","arr":["23","69","90"],"angle":-45.5}},{"type":"Feature","geometry":{"type":"Point","coordinates":[30.375115,50.419947]},"properties":{"lines":"23, 69, 90","color":"#0059a9","mode":"bus","arr":["23","69","90"],"angle":-45.5,"mi":1}},{"type":"Feature","geometry":{"type":"Point","coordinates":[30.37195,50.420602]},"properties":{"lines":"23","color":"#0059a9","mode":"bus","arr":["23"],"angle":45,"mi":3}},{"type":"Feature","geometry":{"type":"Point","coordinates":[30.36444,50.428285]},"properties":{"lines":"23, 56, 57, 39, 41","color":"#0059a9","mode":"bus","arr":["23","56","57","Тб39","Тб41"],"tLines":"39, 41","ntLines":"23, 56, 57","angle":64.9}},{"type":"Feature","geometry":{"type":"Point","coordinates":[30.406121,50.459199]},"properties":{"lines":"23, 36тр, 47, 4, 5","color":"#0059a9","mode":"bus","arr":["23","36тр","47","Тб4","Тб5"],"tLines":"4, 5","ntLines":"23, 36тр, 47","angle":57.8}},{"type":"Feature","geometry":{"type":"Point","coordinates":[30.499093,50.444621]},"properties":{"lines":"24, 114","color":"#0059a9","mode":"bus","arr":["24","114"],"angle":-35.3}},{"type":"Feature","geometry":{"type":"Point","coordinates":[30.500701,50.445332]},"properties":{"lines":"24, 114","color":"#0059a9","mode":"bus","arr":["24","114"],"angle":-37.7,"extra":1,"ei":0}},{"type":"Feature","geometry":{"type":"Point","coordinates":[30.506788,50.444628]},"properties":{"lines":"24, 114, 118д, 4, 5, 7, 8, 17","color":"#0059a9","mode":"bus","arr":["24","114","118д","Тб4","Тб5","Тб7","Тб8","Тб17"],"tLines":"4, 5, 7, 8, 17","ntLines":"24, 114, 118д","angle":14.2}},{"type":"Feature","geometry":{"type":"Point","coordinates":[30.50223,50.445143]},"properties":{"lines":"24, 114, 118д, 4, 5, 7, 8, 17","color":"#0059a9","mode":"bus","arr":["24","114","118д","Тб4","Тб5","Тб7","Тб8","Тб17"],"tLines":"4, 5, 7, 8, 17","ntLines":"24, 114, 118д","angle":14.1,"extra":1,"ei":0,"side":-1}},{"type":"Feature","geometry":{"type":"Point","coordinates":[30.510845,50.443742]},"properties":{"lines":"24, 114, 118д, 4, 5, 7, 8, 17","color":"#0059a9","mode":"bus","arr":["24","114","118д","Тб4","Тб5","Тб7","Тб8","Тб17"],"tLines":"4, 5, 7, 8, 17","ntLines":"24, 114, 118д","angle":14.5,"extra":1,"ei":1,"side":-1}},{"type":"Feature","geometry":{"type":"Point","coordinates":[30.516256,50.44284]},"properties":{"lines":"24, 110, 111, 114, 118д, 4, 5, 7, 8, 17","color":"#0059a9","mode":"bus","arr":["24","110","111","114","118д","Тб4","Тб5","Тб7","Тб8","Тб17"],"tLines":"4, 5, 7, 8, 17","ntLines":"24, 110, 111, 114, 118д","angle":14.2,"side":-1}},{"type":"Feature","geometry":{"type":"Point","coordinates":[30.51382,50.443242]},"properties":{"lines":"24, 110, 111, 114, 118д, 4, 5, 7, 8, 17","color":"#0059a9","mode":"bus","arr":["24","110","111","114","118д","Тб4","Тб5","Тб7","Тб8","Тб17"],"tLines":"4, 5, 7, 8, 17","ntLines":"24, 110, 111, 114, 118д","angle":15,"extra":1,"ei":0,"side":-1}},{"type":"Feature","geometry":{"type":"Point","coordinates":[30.519565,50.442315]},"properties":{"lines":"24, 110, 111, 114, 118д, 4, 5, 7, 8, 17","color":"#0059a9","mode":"bus","arr":["24","110","111","114","118д","Тб4","Тб5","Тб7","Тб8","Тб17"],"tLines":"4, 5, 7, 8, 17","ntLines":"24, 110, 111, 114, 118д","angle":14,"extra":1,"ei":1,"side":-1}},{"type":"Feature","geometry":{"type":"Point","coordinates":[30.519922,50.441598]},"properties":{"lines":"24, 62, 109, 110, 111, 118д, 4, 5, 7, 8, 17","color":"#0059a9","mode":"bus","arr":["24","62","109","110","111","118д","Тб4","Тб5","Тб7","Тб8","Тб17"],"tLines":"4, 5, 7, 8, 17","ntLines":"24, 62, 109, 110, 111, 118д","angle":-78.1}},{"type":"Feature","geometry":{"type":"Point","coordinates":[30.520874,50.440776]},"properties":{"lines":"24, 62, 118д","color":"#0059a9","mode":"bus","arr":["24","62","118д"],"angle":0.7}},{"type":"Feature","geometry":{"type":"Point","coordinates":[30.522572,50.44051]},"properties":{"lines":"24, 62, 118д","color":"#0059a9","mode":"bus","arr":["24","62","118д"],"angle":65.8,"side":-1,"mi":1}},{"type":"Feature","geometry":{"type":"Point","coordinates":[30.521477,50.439638]},"properties":{"lines":"55, 14, 15","color":"#0059a9","mode":"bus","arr":["55","Тб14","Тб15"],"tLines":"14, 15","ntLines":"55","angle":-35.6}},{"type":"Feature","geometry":{"type":"Point","coordinates":[30.523763,50.439404]},"properties":{"lines":"24, 55, 62, 118д, 14, 15","color":"#0059a9","mode":"bus","arr":["24","55","62","118д","Тб14","Тб15"],"tLines":"14, 15","ntLines":"24, 55, 62, 118д","angle":48.4}},{"type":"Feature","geometry":{"type":"Point","coordinates":[30.532228,50.433276]},"properties":{"lines":"118д, 14, 15","color":"#0059a9","mode":"bus","arr":["118д","Тб14","Тб15"],"tLines":"14, 15","ntLines":"118д","angle":51.8}},{"type":"Feature","geometry":{"type":"Point","coordinates":[30.526031,50.437767]},"properties":{"lines":"118д, 14, 15","color":"#0059a9","mode":"bus","arr":["118д","Тб14","Тб15"],"tLines":"14, 15","ntLines":"118д","angle":48.1,"extra":1,"ei":0,"side":-1}},{"type":"Feature","geometry":{"type":"Point","coordinates":[30.527976,50.436342]},"properties":{"lines":"118д, 14, 15","color":"#0059a9","mode":"bus","arr":["118д","Тб14","Тб15"],"tLines":"14, 15","ntLines":"118д","angle":50,"extra":1,"ei":1,"side":-1}},{"type":"Feature","geometry":{"type":"Point","coordinates":[30.529808,50.434858]},"properties":{"lines":"118д, 14, 15","color":"#0059a9","mode":"bus","arr":["118д","Тб14","Тб15"],"tLines":"14, 15","ntLines":"118д","angle":52.5,"extra":1,"ei":2,"side":-1}},{"type":"Feature","geometry":{"type":"Point","coordinates":[30.533455,50.431881]},"properties":{"lines":"118д, 14, 15","color":"#0059a9","mode":"bus","arr":["118д","Тб14","Тб15"],"tLines":"14, 15","ntLines":"118д","angle":51.7,"extra":1,"ei":3,"side":-1}},{"type":"Feature","geometry":{"type":"Point","coordinates":[30.535292,50.430399]},"properties":{"lines":"118д, 14, 15","color":"#0059a9","mode":"bus","arr":["118д","Тб14","Тб15"],"tLines":"14, 15","ntLines":"118д","angle":51.6,"extra":1,"ei":4,"side":-1}},{"type":"Feature","geometry":{"type":"Point","coordinates":[30.537131,50.428918]},"properties":{"lines":"118д, 14, 15","color":"#0059a9","mode":"bus","arr":["118д","Тб14","Тб15"],"tLines":"14, 15","ntLines":"118д","angle":51.7,"extra":1,"ei":5,"side":-1}},{"type":"Feature","geometry":{"type":"Point","coordinates":[30.52535,50.438578]},"properties":{"lines":"24, 55, 62","color":"#0059a9","mode":"bus","arr":["24","55","62"],"angle":0.4,"side":-1,"mi":5}},{"type":"Feature","geometry":{"type":"Point","coordinates":[30.531862,50.437076]},"properties":{"lines":"24, 55, 62","color":"#0059a9","mode":"bus","arr":["24","55","62"],"angle":-13.5,"mi":4}},{"type":"Feature","geometry":{"type":"Point","coordinates":[30.527122,50.43803]},"properties":{"lines":"24, 55, 62","color":"#0059a9","mode":"bus","arr":["24","55","62"],"angle":28.5,"extra":1,"ei":0}},{"type":"Feature","geometry":{"type":"Point","coordinates":[30.529848,50.437311]},"properties":{"lines":"24, 55, 62","color":"#0059a9","mode":"bus","arr":["24","55","62"],"angle":14.2,"extra":1,"ei":1}},{"type":"Feature","geometry":{"type":"Point","coordinates":[30.535435,50.43799]},"properties":{"lines":"24, 55, 62","color":"#0059a9","mode":"bus","arr":["24","55","62"],"angle":-21.7,"extra":1,"ei":2}},{"type":"Feature","geometry":{"type":"Point","coordinates":[30.555548,50.433055]},"properties":{"lines":"24","color":"#0059a9","mode":"bus","arr":["24"],"angle":43.8}},{"type":"Feature","geometry":{"type":"Point","coordinates":[30.538418,50.441049]},"properties":{"lines":"24, 55, 62","color":"#0059a9","mode":"bus","arr":["24","55","62"],"angle":-82.7}},{"type":"Feature","geometry":{"type":"Point","coordinates":[30.538114,50.439564]},"properties":{"lines":"24, 55, 62","color":"#0059a9","mode":"bus","arr":["24","55","62"],"angle":-82.4,"extra":1,"ei":0}},{"type":"Feature","geometry":{"type":"Point","coordinates":[30.538838,50.443313]},"properties":{"lines":"24, 55, 62","color":"#0059a9","mode":"bus","arr":["24","55","62"],"angle":-87.2,"extra":1,"ei":1}},{"type":"Feature","geometry":{"type":"Point","coordinates":[30.538493,50.443754]},"properties":{"lines":"24, 55, 62","color":"#0059a9","mode":"bus","arr":["24","55","62"],"angle":43.9,"mi":1}},{"type":"Feature","geometry":{"type":"Point","coordinates":[30.538948,50.444655]},"properties":{"lines":"24, 55, 62","color":"#0059a9","mode":"bus","arr":["24","55","62"],"angle":-49.5,"mi":2}},{"type":"Feature","geometry":{"type":"Point","coordinates":[30.542093,50.444174]},"properties":{"lines":"24, 55, 62","color":"#0059a9","mode":"bus","arr":["24","55","62"],"angle":23.7,"mi":3}},{"type":"Feature","geometry":{"type":"Point","coordinates":[30.547959,50.442236]},"properties":{"lines":"24, 25, 55, 38","color":"#0059a9","mode":"bus","arr":["24","25","55","Тб38"],"tLines":"38","ntLines":"24, 25, 55","angle":46.1}},{"type":"Feature","geometry":{"type":"Point","coordinates":[30.546522,50.443148]},"properties":{"lines":"24, 25, 55, 38","color":"#0059a9","mode":"bus","arr":["24","25","55","Тб38"],"tLines":"38","ntLines":"24, 25, 55","angle":45.1,"extra":1,"ei":0}},{"type":"Feature","geometry":{"type":"Point","coordinates":[30.552881,50.436967]},"properties":{"lines":"24, 25, 38","color":"#0059a9","mode":"bus","arr":["24","25","Тб38"],"tLines":"38","ntLines":"24, 25","angle":64.3}},{"type":"Feature","geometry":{"type":"Point","coordinates":[30.550846,50.439667]},"properties":{"lines":"24, 25, 38","color":"#0059a9","mode":"bus","arr":["24","25","Тб38"],"tLines":"38","ntLines":"24, 25","angle":64.3,"extra":1,"ei":0}},{"type":"Feature","geometry":{"type":"Point","coordinates":[30.554537,50.43452]},"properties":{"lines":"24, 25, 38","color":"#0059a9","mode":"bus","arr":["24","25","Тб38"],"tLines":"38","ntLines":"24, 25","angle":76.8,"extra":1,"ei":1}},{"type":"Feature","geometry":{"type":"Point","coordinates":[30.525286,50.438873]},"properties":{"lines":"24, 14, 15","color":"#0059a9","mode":"bus","arr":["24","Тб14","Тб15"],"tLines":"14, 15","ntLines":"24","angle":58.2,"side":-1}},{"type":"Feature","geometry":{"type":"Point","coordinates":[30.524564,50.439354]},"properties":{"lines":"24, 55, 62, 14, 15","color":"#0059a9","mode":"bus","arr":["24","55","62","Тб14","Тб15"],"tLines":"14, 15","ntLines":"24, 55, 62","angle":43.3,"side":-1}},{"type":"Feature","geometry":{"type":"Point","coordinates":[30.523222,50.440144]},"properties":{"lines":"24, 62","color":"#0059a9","mode":"bus","arr":["24","62"],"angle":43.6}},{"type":"Feature","geometry":{"type":"Point","coordinates":[30.522436,50.441526]},"properties":{"lines":"24, 118д","color":"#0059a9","mode":"bus","arr":["24","118д"],"angle":81.3}},{"type":"Feature","geometry":{"type":"Point","coordinates":[30.521531,50.442769]},"properties":{"lines":"24, 118д","color":"#0059a9","mode":"bus","arr":["24","118д"],"angle":13.5,"mi":1}},{"type":"Feature","geometry":{"type":"Point","coordinates":[30.522408,50.44824]},"properties":{"lines":"62, 110, 111, 114","color":"#0059a9","mode":"bus","arr":["62","110","111","114"],"angle":-71.1,"side":-1,"mi":2}},{"type":"Feature","geometry":{"type":"Point","coordinates":[30.520778,50.443504]},"properties":{"lines":"62, 110, 111, 114","color":"#0059a9","mode":"bus","arr":["62","110","111","114"],"angle":-78,"extra":1,"ei":0,"side":-1}},{"type":"Feature","geometry":{"type":"Point","coordinates":[30.521389,50.445349]},"properties":{"lines":"62, 110, 111, 114","color":"#0059a9","mode":"bus","arr":["62","110","111","114"],"angle":-79.8,"extra":1,"ei":1,"side":-1}},{"type":"Feature","geometry":{"type":"Point","coordinates":[30.524751,50.450462]},"properties":{"lines":"62, 110, 111, 114","color":"#0059a9","mode":"bus","arr":["62","110","111","114"],"angle":-48.7,"extra":1,"ei":2,"side":-1}},{"type":"Feature","geometry":{"type":"Point","coordinates":[30.526714,50.451877]},"properties":{"lines":"62, 110, 111, 114","color":"#0059a9","mode":"bus","arr":["62","110","111","114"],"angle":-48.6,"extra":1,"ei":3,"side":-1}},{"type":"Feature","geometry":{"type":"Point","coordinates":[30.516465,50.443064]},"properties":{"lines":"24, 114, 118д","color":"#0059a9","mode":"bus","arr":["24","114","118д"],"angle":13.7}},{"type":"Feature","geometry":{"type":"Point","coordinates":[30.518838,50.442688]},"properties":{"lines":"24, 114, 118д","color":"#0059a9","mode":"bus","arr":["24","114","118д"],"angle":14.2,"extra":1,"ei":0}},{"type":"Feature","geometry":{"type":"Point","coordinates":[30.513088,50.443605]},"properties":{"lines":"24, 114, 118д","color":"#0059a9","mode":"bus","arr":["24","114","118д"],"angle":14.3,"extra":1,"ei":1}},{"type":"Feature","geometry":{"type":"Point","coordinates":[30.490243,50.441092]},"properties":{"lines":"50","color":"#0059a9","mode":"bus","arr":["50"],"angle":63.9,"mi":3}},{"type":"Feature","geometry":{"type":"Point","coordinates":[30.432847,50.432648]},"properties":{"lines":"25, 27","color":"#0059a9","mode":"bus","arr":["25","Тб27"],"tLines":"27","ntLines":"25","angle":-67.5,"mi":3}},{"type":"Feature","geometry":{"type":"Point","coordinates":[30.430889,50.429635]},"properties":{"lines":"25, 27","color":"#0059a9","mode":"bus","arr":["25","Тб27"],"tLines":"27","ntLines":"25","angle":-67.5,"extra":1,"ei":0}},{"type":"Feature","geometry":{"type":"Point","coordinates":[30.432023,50.43138]},"properties":{"lines":"25, 27","color":"#0059a9","mode":"bus","arr":["25","Тб27"],"tLines":"27","ntLines":"25","angle":-67.5,"extra":1,"ei":1}},{"type":"Feature","geometry":{"type":"Point","coordinates":[30.434286,50.434871]},"properties":{"lines":"25, 27","color":"#0059a9","mode":"bus","arr":["25","Тб27"],"tLines":"27","ntLines":"25","angle":-68.1,"extra":1,"ei":2}},{"type":"Feature","geometry":{"type":"Point","coordinates":[30.433831,50.438929]},"properties":{"lines":"25, 27","color":"#0059a9","mode":"bus","arr":["25","Тб27"],"tLines":"27","ntLines":"25","angle":68.6,"mi":1}},{"type":"Feature","geometry":{"type":"Point","coordinates":[30.434783,50.437381]},"properties":{"lines":"25, 27","color":"#0059a9","mode":"bus","arr":["25","Тб27"],"tLines":"27","ntLines":"25","angle":69,"extra":1,"ei":0}},{"type":"Feature","geometry":{"type":"Point","coordinates":[30.432583,50.440888]},"properties":{"lines":"25, 27","color":"#0059a9","mode":"bus","arr":["25","Тб27"],"tLines":"27","ntLines":"25","angle":67.7,"extra":1,"ei":1}},{"type":"Feature","geometry":{"type":"Point","coordinates":[30.441287,50.443135]},"properties":{"lines":"25","color":"#0059a9","mode":"bus","arr":["25"],"angle":-18.5}},{"type":"Feature","geometry":{"type":"Point","coordinates":[30.440848,50.444199]},"properties":{"lines":"25","color":"#0059a9","mode":"bus","arr":["25"],"angle":-28.3,"mi":1}},{"type":"Feature","geometry":{"type":"Point","coordinates":[30.442135,50.443648]},"properties":{"lines":"25, 22к, 27, 30, 42","color":"#0059a9","mode":"bus","arr":["25","Тб22к","Тб27","Тб30","Тб42"],"tLines":"22к, 27, 30, 42","ntLines":"25","angle":77.2}},{"type":"Feature","geometry":{"type":"Point","coordinates":[30.442606,50.443172]},"properties":{"lines":"25, 69, 22к, 27, 30, 42","color":"#0059a9","mode":"bus","arr":["25","69","Тб22к","Тб27","Тб30","Тб42"],"tLines":"22к, 27, 30, 42","ntLines":"25, 69","angle":71.7}},{"type":"Feature","geometry":{"type":"Point","coordinates":[30.445603,50.439602]},"properties":{"lines":"25, 69, 22к, 30, 42","color":"#0059a9","mode":"bus","arr":["25","69","Тб22к","Тб30","Тб42"],"tLines":"22к, 30, 42","ntLines":"25, 69","angle":40.2,"mi":1}},{"type":"Feature","geometry":{"type":"Point","coordinates":[30.447178,50.438827]},"properties":{"lines":"25, 69, 22к, 30, 42","color":"#0059a9","mode":"bus","arr":["25","69","Тб22к","Тб30","Тб42"],"tLines":"22к, 30, 42","ntLines":"25, 69","angle":26.2,"extra":1,"ei":0,"side":-1}},{"type":"Feature","geometry":{"type":"Point","coordinates":[30.443616,50.441474]},"properties":{"lines":"25, 69, 22к, 30, 42","color":"#0059a9","mode":"bus","arr":["25","69","Тб22к","Тб30","Тб42"],"tLines":"22к, 30, 42","ntLines":"25, 69","angle":68.4,"extra":1,"ei":0}},{"type":"Feature","geometry":{"type":"Point","coordinates":[30.449354,50.438347]},"properties":{"lines":"25, 69, 22к, 30, 42","color":"#0059a9","mode":"bus","arr":["25","69","Тб22к","Тб30","Тб42"],"tLines":"22к, 30, 42","ntLines":"25, 69","angle":23}},{"type":"Feature","geometry":{"type":"Point","coordinates":[30.454844,50.432144]},"properties":{"lines":"25, 69, 22к, 30, 42","color":"#0059a9","mode":"bus","arr":["25","69","Тб22к","Тб30","Тб42"],"tLines":"22к, 30, 42","ntLines":"25, 69","angle":74.2,"side":-1,"mi":2}},{"type":"Feature","geometry":{"type":"Point","coordinates":[30.451047,50.437752]},"properties":{"lines":"25, 69, 22к, 30, 42","color":"#0059a9","mode":"bus","arr":["25","69","Тб22к","Тб30","Тб42"],"tLines":"22к, 30, 42","ntLines":"25, 69","angle":23.9,"extra":1,"ei":0,"side":-1}},{"type":"Feature","geometry":{"type":"Point","coordinates":[30.452936,50.436439]},"properties":{"lines":"25, 69, 22к, 30, 42","color":"#0059a9","mode":"bus","arr":["25","69","Тб22к","Тб30","Тб42"],"tLines":"22к, 30, 42","ntLines":"25, 69","angle":73.4,"extra":1,"ei":1,"side":-1}},{"type":"Feature","geometry":{"type":"Point","coordinates":[30.453745,50.434622]},"properties":{"lines":"25, 69, 22к, 30, 42","color":"#0059a9","mode":"bus","arr":["25","69","Тб22к","Тб30","Тб42"],"tLines":"22к, 30, 42","ntLines":"25, 69","angle":74.6,"extra":1,"ei":2,"side":-1}},{"type":"Feature","geometry":{"type":"Point","coordinates":[30.455489,50.431017]},"properties":{"lines":"25, 69, 22к, 30, 42","color":"#0059a9","mode":"bus","arr":["25","69","Тб22к","Тб30","Тб42"],"tLines":"22к, 30, 42","ntLines":"25, 69","angle":65.2,"extra":1,"ei":3,"side":-1}},{"type":"Feature","geometry":{"type":"Point","coordinates":[30.456752,50.429309]},"properties":{"lines":"25, 69, 22к, 30, 42","color":"#0059a9","mode":"bus","arr":["25","69","Тб22к","Тб30","Тб42"],"tLines":"22к, 30, 42","ntLines":"25, 69","angle":65.1,"extra":1,"ei":4,"side":-1}},{"type":"Feature","geometry":{"type":"Point","coordinates":[30.458008,50.427598]},"properties":{"lines":"25, 69, 22к, 30, 42","color":"#0059a9","mode":"bus","arr":["25","69","Тб22к","Тб30","Тб42"],"tLines":"22к, 30, 42","ntLines":"25, 69","angle":67.1,"extra":1,"ei":5,"side":-1}},{"type":"Feature","geometry":{"type":"Point","coordinates":[30.459147,50.425858]},"properties":{"lines":"25, 69, 22к, 30, 42","color":"#0059a9","mode":"bus","arr":["25","69","Тб22к","Тб30","Тб42"],"tLines":"22к, 30, 42","ntLines":"25, 69","angle":76.8,"extra":1,"ei":6,"side":-1}},{"type":"Feature","geometry":{"type":"Point","coordinates":[30.479463,50.418458]},"properties":{"lines":"25","color":"#0059a9","mode":"bus","arr":["25"],"angle":-56.5}},{"type":"Feature","geometry":{"type":"Point","coordinates":[30.497934,50.423074]},"properties":{"lines":"25, 40, 40к","color":"#0059a9","mode":"bus","arr":["25","Тб40","Тб40к"],"tLines":"40, 40к","ntLines":"25","angle":-75.8,"mi":1}},{"type":"Feature","geometry":{"type":"Point","coordinates":[30.49139,50.420624]},"properties":{"lines":"25, 40, 40к","color":"#0059a9","mode":"bus","arr":["25","Тб40","Тб40к"],"tLines":"40, 40к","ntLines":"25","angle":9.5,"extra":1,"ei":0}},{"type":"Feature","geometry":{"type":"Point","coordinates":[30.494322,50.420551]},"properties":{"lines":"25, 40, 40к","color":"#0059a9","mode":"bus","arr":["25","Тб40","Тб40к"],"tLines":"40, 40к","ntLines":"25","angle":-15.6,"extra":1,"ei":1}},{"type":"Feature","geometry":{"type":"Point","coordinates":[30.496811,50.421548]},"properties":{"lines":"25, 40, 40к","color":"#0059a9","mode":"bus","arr":["25","Тб40","Тб40к"],"tLines":"40, 40к","ntLines":"25","angle":-44.6,"extra":1,"ei":2}},{"type":"Feature","geometry":{"type":"Point","coordinates":[30.499352,50.424899]},"properties":{"lines":"25, 40, 40к","color":"#0059a9","mode":"bus","arr":["25","Тб40","Тб40к"],"tLines":"40, 40к","ntLines":"25","angle":-50.6,"extra":1,"ei":3}},{"type":"Feature","geometry":{"type":"Point","coordinates":[30.501804,50.425871]},"properties":{"lines":"25, 40, 40к","color":"#0059a9","mode":"bus","arr":["25","Тб40","Тб40к"],"tLines":"40, 40к","ntLines":"25","angle":-14.6,"extra":1,"ei":4}},{"type":"Feature","geometry":{"type":"Point","coordinates":[30.504615,50.42646]},"properties":{"lines":"25, 40, 40к","color":"#0059a9","mode":"bus","arr":["25","Тб40","Тб40к"],"tLines":"40, 40к","ntLines":"25","angle":-21.3,"extra":1,"ei":5}},{"type":"Feature","geometry":{"type":"Point","coordinates":[30.527774,50.426124]},"properties":{"lines":"25","color":"#0059a9","mode":"bus","arr":["25"],"angle":-47.7}},{"type":"Feature","geometry":{"type":"Point","coordinates":[30.520551,50.42348]},"properties":{"lines":"25","color":"#0059a9","mode":"bus","arr":["25"],"angle":-24.2,"extra":1,"ei":0}},{"type":"Feature","geometry":{"type":"Point","coordinates":[30.523264,50.424239]},"properties":{"lines":"25","color":"#0059a9","mode":"bus","arr":["25"],"angle":-23.8,"extra":1,"ei":1}},{"type":"Feature","geometry":{"type":"Point","coordinates":[30.52584,50.425169]},"properties":{"lines":"25","color":"#0059a9","mode":"bus","arr":["25"],"angle":-31.5,"extra":1,"ei":2}},{"type":"Feature","geometry":{"type":"Point","coordinates":[30.530126,50.427736]},"properties":{"lines":"25","color":"#0059a9","mode":"bus","arr":["25"],"angle":-28.9,"extra":1,"ei":3}},{"type":"Feature","geometry":{"type":"Point","coordinates":[30.533034,50.427806]},"properties":{"lines":"25","color":"#0059a9","mode":"bus","arr":["25"],"angle":13.1,"extra":1,"ei":4}},{"type":"Feature","geometry":{"type":"Point","coordinates":[30.535263,50.426668]},"properties":{"lines":"25","color":"#0059a9","mode":"bus","arr":["25"],"angle":52.5,"extra":1,"ei":5}},{"type":"Feature","geometry":{"type":"Point","coordinates":[30.537056,50.427114]},"properties":{"lines":"25","color":"#0059a9","mode":"bus","arr":["25"],"angle":-37.5,"mi":1}},{"type":"Feature","geometry":{"type":"Point","coordinates":[30.540343,50.428683]},"properties":{"lines":"25, 62, 38","color":"#0059a9","mode":"bus","arr":["25","62","Тб38"],"tLines":"38","ntLines":"25, 62","angle":-45.3,"side":-1}},{"type":"Feature","geometry":{"type":"Point","coordinates":[30.543413,50.430911]},"properties":{"lines":"25, 55, 62, 38","color":"#0059a9","mode":"bus","arr":["25","55","62","Тб38"],"tLines":"38","ntLines":"25, 55, 62","angle":-49.3,"side":-1,"mi":1}},{"type":"Feature","geometry":{"type":"Point","coordinates":[30.544778,50.437845]},"properties":{"lines":"25, 55, 62, 38","color":"#0059a9","mode":"bus","arr":["25","55","62","Тб38"],"tLines":"38","ntLines":"25, 55, 62","angle":88.1}},{"type":"Feature","geometry":{"type":"Point","coordinates":[30.54504,50.432815]},"properties":{"lines":"25, 55, 62, 38","color":"#0059a9","mode":"bus","arr":["25","55","62","Тб38"],"tLines":"38","ntLines":"25, 55, 62","angle":-85.3,"extra":1,"ei":0}},{"type":"Feature","geometry":{"type":"Point","coordinates":[30.545059,50.434703]},"properties":{"lines":"25, 55, 62, 38","color":"#0059a9","mode":"bus","arr":["25","55","62","Тб38"],"tLines":"38","ntLines":"25, 55, 62","angle":89.2,"extra":1,"ei":1}},{"type":"Feature","geometry":{"type":"Point","coordinates":[30.544846,50.436583]},"properties":{"lines":"25, 55, 62, 38","color":"#0059a9","mode":"bus","arr":["25","55","62","Тб38"],"tLines":"38","ntLines":"25, 55, 62","angle":87.9,"extra":1,"ei":2}},{"type":"Feature","geometry":{"type":"Point","coordinates":[30.544714,50.440359]},"properties":{"lines":"25, 55, 62, 38","color":"#0059a9","mode":"bus","arr":["25","55","62","Тб38"],"tLines":"38","ntLines":"25, 55, 62","angle":-89.2,"extra":1,"ei":3}},{"type":"Feature","geometry":{"type":"Point","coordinates":[30.544789,50.442246]},"properties":{"lines":"25, 55, 62, 38","color":"#0059a9","mode":"bus","arr":["25","55","62","Тб38"],"tLines":"38","ntLines":"25, 55, 62","angle":-86.5,"extra":1,"ei":4}},{"type":"Feature","geometry":{"type":"Point","coordinates":[30.545141,50.435731]},"properties":{"lines":"25, 55","color":"#0059a9","mode":"bus","arr":["25","55"],"angle":-67.6,"side":-1}},{"type":"Feature","geometry":{"type":"Point","coordinates":[30.547568,50.438316]},"properties":{"lines":"55","color":"#0059a9","mode":"bus","arr":["55"],"angle":-56.9}},{"type":"Feature","geometry":{"type":"Point","coordinates":[30.546081,50.436765]},"properties":{"lines":"55","color":"#0059a9","mode":"bus","arr":["55"],"angle":-59.2,"extra":1,"ei":0}},{"type":"Feature","geometry":{"type":"Point","coordinates":[30.549354,50.43991]},"properties":{"lines":"55","color":"#0059a9","mode":"bus","arr":["55"],"angle":-52.9,"extra":1,"ei":1}},{"type":"Feature","geometry":{"type":"Point","coordinates":[30.5148,50.429916]},"properties":{"lines":"25","color":"#0059a9","mode":"bus","arr":["25"],"angle":-0.5}},{"type":"Feature","geometry":{"type":"Point","coordinates":[30.462021,50.424634]},"properties":{"lines":"25, 42","color":"#0059a9","mode":"bus","arr":["25","Тб42"],"tLines":"42","ntLines":"25","angle":32.9,"mi":2}},{"type":"Feature","geometry":{"type":"Point","coordinates":[30.459869,50.425564]},"properties":{"lines":"25, 42","color":"#0059a9","mode":"bus","arr":["25","Тб42"],"tLines":"42","ntLines":"25","angle":42.7,"side":-1}},{"type":"Feature","geometry":{"type":"Point","coordinates":[30.458682,50.42686]},"properties":{"lines":"25, 42","color":"#0059a9","mode":"bus","arr":["25","Тб42"],"tLines":"42","ntLines":"25","angle":66,"mi":1}},{"type":"Feature","geometry":{"type":"Point","coordinates":[30.456717,50.429595]},"properties":{"lines":"25, 22к, 30, 42","color":"#0059a9","mode":"bus","arr":["25","Тб22к","Тб30","Тб42"],"tLines":"22к, 30, 42","ntLines":"25","angle":64.8}},{"type":"Feature","geometry":{"type":"Point","coordinates":[30.453233,50.436157]},"properties":{"lines":"25, 22к, 30, 42","color":"#0059a9","mode":"bus","arr":["25","Тб22к","Тб30","Тб42"],"tLines":"22к, 30, 42","ntLines":"25","angle":74.4,"mi":1}},{"type":"Feature","geometry":{"type":"Point","coordinates":[30.457595,50.428408]},"properties":{"lines":"25, 22к, 30, 42","color":"#0059a9","mode":"bus","arr":["25","Тб22к","Тб30","Тб42"],"tLines":"22к, 30, 42","ntLines":"25","angle":65.2,"extra":1,"ei":0}},{"type":"Feature","geometry":{"type":"Point","coordinates":[30.452542,50.437274]},"properties":{"lines":"25, 22к, 30, 42","color":"#0059a9","mode":"bus","arr":["25","Тб22к","Тб30","Тб42"],"tLines":"22к, 30, 42","ntLines":"25","angle":50.8,"extra":1,"ei":0}},{"type":"Feature","geometry":{"type":"Point","coordinates":[30.454455,50.433396]},"properties":{"lines":"25, 17, 19, 22к, 30, 42","color":"#0059a9","mode":"bus","arr":["25","Тб17","Тб19","Тб22к","Тб30","Тб42"],"tLines":"17, 19, 22к, 30, 42","ntLines":"25","angle":74.3}},{"type":"Feature","geometry":{"type":"Point","coordinates":[30.443035,50.444901]},"properties":{"lines":"25, 69","color":"#0059a9","mode":"bus","arr":["25","69"],"angle":67.1}},{"type":"Feature","geometry":{"type":"Point","coordinates":[30.440165,50.439679]},"properties":{"lines":"25, 27","color":"#0059a9","mode":"bus","arr":["25","Тб27"],"tLines":"27","ntLines":"25","angle":-22.4,"mi":2}},{"type":"Feature","geometry":{"type":"Point","coordinates":[30.442563,50.440338]},"properties":{"lines":"25, 27","color":"#0059a9","mode":"bus","arr":["25","Тб27"],"tLines":"27","ntLines":"25","angle":-21.9,"extra":1,"ei":0}},{"type":"Feature","geometry":{"type":"Point","coordinates":[30.437226,50.438733]},"properties":{"lines":"25, 27","color":"#0059a9","mode":"bus","arr":["25","Тб27"],"tLines":"27","ntLines":"25","angle":-43.6,"extra":1,"ei":1}},{"type":"Feature","geometry":{"type":"Point","coordinates":[30.436058,50.43744]},"properties":{"lines":"25, 27","color":"#0059a9","mode":"bus","arr":["25","Тб27"],"tLines":"27","ntLines":"25","angle":-65.9}},{"type":"Feature","geometry":{"type":"Point","coordinates":[30.543822,50.358473]},"properties":{"lines":"27","color":"#0059a9","mode":"bus","arr":["27"],"angle":-75.4}},{"type":"Feature","geometry":{"type":"Point","coordinates":[30.547766,50.370784]},"properties":{"lines":"27","color":"#0059a9","mode":"bus","arr":["27"],"angle":-82.1,"extra":1,"ei":0}},{"type":"Feature","geometry":{"type":"Point","coordinates":[30.547358,50.368913]},"properties":{"lines":"27","color":"#0059a9","mode":"bus","arr":["27"],"angle":-81.9,"extra":1,"ei":1}},{"type":"Feature","geometry":{"type":"Point","coordinates":[30.546938,50.367044]},"properties":{"lines":"27","color":"#0059a9","mode":"bus","arr":["27"],"angle":-81.9,"extra":1,"ei":2}},{"type":"Feature","geometry":{"type":"Point","coordinates":[30.546516,50.365175]},"properties":{"lines":"27","color":"#0059a9","mode":"bus","arr":["27"],"angle":-81.8,"extra":1,"ei":3}},{"type":"Feature","geometry":{"type":"Point","coordinates":[30.545974,50.36332]},"properties":{"lines":"27","color":"#0059a9","mode":"bus","arr":["27"],"angle":-75.1,"extra":1,"ei":4}},{"type":"Feature","geometry":{"type":"Point","coordinates":[30.545209,50.361496]},"properties":{"lines":"27","color":"#0059a9","mode":"bus","arr":["27"],"angle":-73.8,"extra":1,"ei":5}},{"type":"Feature","geometry":{"type":"Point","coordinates":[30.544338,50.359691]},"properties":{"lines":"27","color":"#0059a9","mode":"bus","arr":["27"],"angle":-73,"extra":1,"ei":6}},{"type":"Feature","geometry":{"type":"Point","coordinates":[30.542576,50.356093]},"properties":{"lines":"27","color":"#0059a9","mode":"bus","arr":["27"],"angle":-68.2,"extra":1,"ei":7}},{"type":"Feature","geometry":{"type":"Point","coordinates":[30.541596,50.354311]},"properties":{"lines":"27","color":"#0059a9","mode":"bus","arr":["27"],"angle":-72.2,"extra":1,"ei":8}},{"type":"Feature","geometry":{"type":"Point","coordinates":[30.540779,50.352496]},"properties":{"lines":"27","color":"#0059a9","mode":"bus","arr":["27"],"angle":-74.7,"extra":1,"ei":9}},{"type":"Feature","geometry":{"type":"Point","coordinates":[30.539909,50.350696]},"properties":{"lines":"27","color":"#0059a9","mode":"bus","arr":["27"],"angle":-63.6,"extra":1,"ei":10}},{"type":"Feature","geometry":{"type":"Point","coordinates":[30.538246,50.349136]},"properties":{"lines":"27","color":"#0059a9","mode":"bus","arr":["27"],"angle":-55.9,"extra":1,"ei":11}},{"type":"Feature","geometry":{"type":"Point","coordinates":[30.536592,50.347569]},"properties":{"lines":"27","color":"#0059a9","mode":"bus","arr":["27"],"angle":-55.4,"extra":1,"ei":12}},{"type":"Feature","geometry":{"type":"Point","coordinates":[30.534,50.390352]},"properties":{"lines":"39","color":"#0059a9","mode":"bus","arr":["39"],"angle":9.6,"mi":1}},{"type":"Feature","geometry":{"type":"Point","coordinates":[30.540864,50.389171]},"properties":{"lines":"39","color":"#0059a9","mode":"bus","arr":["39"],"angle":22.9,"mi":3}},{"type":"Feature","geometry":{"type":"Point","coordinates":[30.531164,50.390592]},"properties":{"lines":"39","color":"#0059a9","mode":"bus","arr":["39"],"angle":-9.7,"extra":1,"ei":0}},{"type":"Feature","geometry":{"type":"Point","coordinates":[30.537006,50.390035]},"properties":{"lines":"39","color":"#0059a9","mode":"bus","arr":["39"],"angle":9.2,"extra":1,"ei":1}},{"type":"Feature","geometry":{"type":"Point","coordinates":[30.542652,50.388696]},"properties":{"lines":"39","color":"#0059a9","mode":"bus","arr":["39"],"angle":21.1,"extra":1,"ei":0}},{"type":"Feature","geometry":{"type":"Point","coordinates":[30.520445,50.407949]},"properties":{"lines":"27, 52, 1, 12, 42","color":"#0059a9","mode":"bus","arr":["27","52","Тб1","Тб12","Тб42"],"tLines":"1, 12, 42","ntLines":"27, 52","angle":-38.4}},{"type":"Feature","geometry":{"type":"Point","coordinates":[30.513538,50.400838]},"properties":{"lines":"28, 38, 91, 12, 43","color":"#0059a9","mode":"bus","arr":["28","38","91","Тб12","Тб43"],"tLines":"12, 43","ntLines":"28, 38, 91","angle":-53.2}},{"type":"Feature","geometry":{"type":"Point","coordinates":[30.514731,50.401919]},"properties":{"lines":"28, 38, 91, 12, 43","color":"#0059a9","mode":"bus","arr":["28","38","91","Тб12","Тб43"],"tLines":"12, 43","ntLines":"28, 38, 91","angle":-55.7,"extra":1,"ei":0}},{"type":"Feature","geometry":{"type":"Point","coordinates":[30.510488,50.398355]},"properties":{"lines":"28, 38, 91","color":"#0059a9","mode":"bus","arr":["28","38","91"],"angle":-49}},{"type":"Feature","geometry":{"type":"Point","coordinates":[30.509063,50.397654]},"properties":{"lines":"28, 38","color":"#0059a9","mode":"bus","arr":["28","38"],"angle":-29.7}},{"type":"Feature","geometry":{"type":"Point","coordinates":[30.50412,50.396231]},"properties":{"lines":"28, 38","color":"#0059a9","mode":"bus","arr":["28","38"],"angle":-22.1,"mi":1}},{"type":"Feature","geometry":{"type":"Point","coordinates":[30.507357,50.397125]},"properties":{"lines":"28, 38","color":"#0059a9","mode":"bus","arr":["28","38"],"angle":-25.7,"extra":1,"ei":0}},{"type":"Feature","geometry":{"type":"Point","coordinates":[30.501902,50.395651]},"properties":{"lines":"28, 38","color":"#0059a9","mode":"bus","arr":["28","38"],"angle":-21.4,"extra":1,"ei":1}},{"type":"Feature","geometry":{"type":"Point","coordinates":[30.498548,50.396397]},"properties":{"lines":"28, 119","color":"#0059a9","mode":"bus","arr":["28","119"],"angle":66.2}},{"type":"Feature","geometry":{"type":"Point","coordinates":[30.498169,50.398287]},"properties":{"lines":"28, 119","color":"#0059a9","mode":"bus","arr":["28","119"],"angle":-64.2,"mi":1}},{"type":"Feature","geometry":{"type":"Point","coordinates":[30.500186,50.400802]},"properties":{"lines":"28","color":"#0059a9","mode":"bus","arr":["28"],"angle":-65.6,"mi":1}},{"type":"Feature","geometry":{"type":"Point","coordinates":[30.494841,50.397045]},"properties":{"lines":"28","color":"#0059a9","mode":"bus","arr":["28"],"angle":-18.2,"mi":2}},{"type":"Feature","geometry":{"type":"Point","coordinates":[30.491799,50.397406]},"properties":{"lines":"28","color":"#0059a9","mode":"bus","arr":["28"],"angle":77.2,"mi":3}},{"type":"Feature","geometry":{"type":"Point","coordinates":[30.494713,50.401991]},"properties":{"lines":"28","color":"#0059a9","mode":"bus","arr":["28"],"angle":78.1}},{"type":"Feature","geometry":{"type":"Point","coordinates":[30.493141,50.398444]},"properties":{"lines":"28","color":"#0059a9","mode":"bus","arr":["28"],"angle":-9.7,"extra":1,"ei":0}},{"type":"Feature","geometry":{"type":"Point","coordinates":[30.495561,50.399227]},"properties":{"lines":"28","color":"#0059a9","mode":"bus","arr":["28"],"angle":-80.1,"extra":1,"ei":1}},{"type":"Feature","geometry":{"type":"Point","coordinates":[30.495327,50.404694]},"properties":{"lines":"28","color":"#0059a9","mode":"bus","arr":["28"],"angle":-48.1,"extra":1,"ei":2}},{"type":"Feature","geometry":{"type":"Point","coordinates":[30.497078,50.405727]},"properties":{"lines":"28","color":"#0059a9","mode":"bus","arr":["28"],"angle":-76.2,"extra":1,"ei":3}},{"type":"Feature","geometry":{"type":"Point","coordinates":[30.629801,50.460778]},"properties":{"lines":"28т","color":"#0059a9","mode":"bus","arr":["28т"],"angle":-22.5}},{"type":"Feature","geometry":{"type":"Point","coordinates":[30.630352,50.461639]},"properties":{"lines":"28т, 33т","color":"#0059a9","mode":"bus","arr":["28т","33т"],"angle":33.5,"side":-1}},{"type":"Feature","geometry":{"type":"Point","coordinates":[30.60276,50.487348]},"properties":{"lines":"28т, 35т, 46, 112","color":"#0059a9","mode":"bus","arr":["28т","35т","46","112"],"angle":77.1}},{"type":"Feature","geometry":{"type":"Point","coordinates":[30.601935,50.489636]},"properties":{"lines":"28т","color":"#0059a9","mode":"bus","arr":["28т"],"angle":77.1}},{"type":"Feature","geometry":{"type":"Point","coordinates":[30.601487,50.490881]},"properties":{"lines":"28т","color":"#0059a9","mode":"bus","arr":["28т"],"angle":77.4,"extra":1,"ei":0}},{"type":"Feature","geometry":{"type":"Point","coordinates":[30.603046,50.492125]},"properties":{"lines":"28т, 35т, 46, 110, 112","color":"#0059a9","mode":"bus","arr":["28т","35т","46","110","112"],"angle":-37.2}},{"type":"Feature","geometry":{"type":"Point","coordinates":[30.601352,50.491315]},"properties":{"lines":"28т, 35т, 46, 110, 112","color":"#0059a9","mode":"bus","arr":["28т","35т","46","110","112"],"angle":-31.4,"extra":1,"ei":0}},{"type":"Feature","geometry":{"type":"Point","coordinates":[30.605447,50.494]},"properties":{"lines":"28т, 35т, 110","color":"#0059a9","mode":"bus","arr":["28т","35т","110"],"angle":82.8}},{"type":"Feature","geometry":{"type":"Point","coordinates":[30.606444,50.495382]},"properties":{"lines":"28т, 35т, 110","color":"#0059a9","mode":"bus","arr":["28т","35т","110"],"angle":9.6,"mi":1}},{"type":"Feature","geometry":{"type":"Point","coordinates":[30.603961,50.533217]},"properties":{"lines":"28т, 101, 114","color":"#0059a9","mode":"bus","arr":["28т","101","114"],"angle":4.6}},{"type":"Feature","geometry":{"type":"Point","coordinates":[30.607426,50.533039]},"properties":{"lines":"28т, 101, 114","color":"#0059a9","mode":"bus","arr":["28т","101","114"],"angle":5.1,"extra":1,"ei":0}},{"type":"Feature","geometry":{"type":"Point","coordinates":[30.601516,50.533282]},"properties":{"lines":"28т, 101, 114","color":"#0059a9","mode":"bus","arr":["28т","101","114"],"angle":-8.6,"extra":1,"ei":1}},{"type":"Feature","geometry":{"type":"Point","coordinates":[30.599045,50.532665]},"properties":{"lines":"28т, 101","color":"#0059a9","mode":"bus","arr":["28т","101"],"angle":-24.5}},{"type":"Feature","geometry":{"type":"Point","coordinates":[30.620117,50.527802]},"properties":{"lines":"114, 50к","color":"#0059a9","mode":"bus","arr":["114","Тб50к"],"tLines":"50к","ntLines":"114","angle":-85.7}},{"type":"Feature","geometry":{"type":"Point","coordinates":[30.598168,50.497454]},"properties":{"lines":"101","color":"#0059a9","mode":"bus","arr":["101"],"angle":-0.2}},{"type":"Feature","geometry":{"type":"Point","coordinates":[30.591007,50.49745]},"properties":{"lines":"101","color":"#0059a9","mode":"bus","arr":["101"],"angle":0.4,"extra":1,"ei":0}},{"type":"Feature","geometry":{"type":"Point","coordinates":[30.59397,50.497447]},"properties":{"lines":"101","color":"#0059a9","mode":"bus","arr":["101"],"angle":-0.2,"extra":1,"ei":1}},{"type":"Feature","geometry":{"type":"Point","coordinates":[30.602859,50.497479]},"properties":{"lines":"101","color":"#0059a9","mode":"bus","arr":["101"],"angle":-8.8,"extra":1,"ei":2}},{"type":"Feature","geometry":{"type":"Point","coordinates":[30.605432,50.498369]},"properties":{"lines":"101","color":"#0059a9","mode":"bus","arr":["101"],"angle":-36.4,"extra":1,"ei":3}},{"type":"Feature","geometry":{"type":"Point","coordinates":[30.611712,50.472752]},"properties":{"lines":"28т","color":"#0059a9","mode":"bus","arr":["28т"],"angle":64.1,"side":-1}},{"type":"Feature","geometry":{"type":"Point","coordinates":[30.629181,50.460019]},"properties":{"lines":"28т, 35т, 118д","color":"#0059a9","mode":"bus","arr":["28т","35т","118д"],"angle":14.7}},{"type":"Feature","geometry":{"type":"Point","coordinates":[30.638171,50.463027]},"properties":{"lines":"28т, 35т, 118д","color":"#0059a9","mode":"bus","arr":["28т","35т","118д"],"angle":-22.9,"side":-1,"mi":2}},{"type":"Feature","geometry":{"type":"Point","coordinates":[30.628357,50.460392]},"properties":{"lines":"28т, 35т, 118д","color":"#0059a9","mode":"bus","arr":["28т","35т","118д"],"angle":-23.3,"side":-1,"mi":1}},{"type":"Feature","geometry":{"type":"Point","coordinates":[30.633092,50.461659]},"properties":{"lines":"28т, 35т, 118д","color":"#0059a9","mode":"bus","arr":["28т","35т","118д"],"angle":-22.5,"extra":1,"ei":0,"side":-1}},{"type":"Feature","geometry":{"type":"Point","coordinates":[30.635822,50.462394]},"properties":{"lines":"28т, 35т, 118д","color":"#0059a9","mode":"bus","arr":["28т","35т","118д"],"angle":-22.9,"extra":1,"ei":1,"side":-1}},{"type":"Feature","geometry":{"type":"Point","coordinates":[30.641281,50.463866]},"properties":{"lines":"28т, 35т, 118д","color":"#0059a9","mode":"bus","arr":["28т","35т","118д"],"angle":-22.9,"extra":1,"ei":2,"side":-1}},{"type":"Feature","geometry":{"type":"Point","coordinates":[30.644011,50.464601]},"properties":{"lines":"28т, 35т, 118д","color":"#0059a9","mode":"bus","arr":["28т","35т","118д"],"angle":-22.9,"extra":1,"ei":3,"side":-1}},{"type":"Feature","geometry":{"type":"Point","coordinates":[30.628927,50.460019]},"properties":{"lines":"28т, 35т","color":"#0059a9","mode":"bus","arr":["28т","35т"],"angle":11.1,"side":-1}},{"type":"Feature","geometry":{"type":"Point","coordinates":[30.604713,50.482961]},"properties":{"lines":"35т","color":"#0059a9","mode":"bus","arr":["35т"],"angle":64.1}},{"type":"Feature","geometry":{"type":"Point","coordinates":[30.631187,50.461153]},"properties":{"lines":"28т, 118д","color":"#0059a9","mode":"bus","arr":["28т","118д"],"angle":-23.5}},{"type":"Feature","geometry":{"type":"Point","coordinates":[30.651935,50.466775]},"properties":{"lines":"35т","color":"#0059a9","mode":"bus","arr":["35т"],"angle":-23.3,"side":-1}},{"type":"Feature","geometry":{"type":"Point","coordinates":[30.358438,50.543641]},"properties":{"lines":"30","color":"#0059a9","mode":"bus","arr":["30"],"angle":-40.7,"mi":2}},{"type":"Feature","geometry":{"type":"Point","coordinates":[30.360699,50.54729]},"properties":{"lines":"30","color":"#0059a9","mode":"bus","arr":["30"],"angle":-25.2,"extra":1,"ei":0}},{"type":"Feature","geometry":{"type":"Point","coordinates":[30.36048,50.545542]},"properties":{"lines":"30","color":"#0059a9","mode":"bus","arr":["30"],"angle":85.3,"extra":1,"ei":1}},{"type":"Feature","geometry":{"type":"Point","coordinates":[30.356961,50.542831]},"properties":{"lines":"30","color":"#0059a9","mode":"bus","arr":["30"],"angle":-40.7,"extra":1,"ei":2}},{"type":"Feature","geometry":{"type":"Point","coordinates":[30.354714,50.541599]},"properties":{"lines":"30","color":"#0059a9","mode":"bus","arr":["30"],"angle":-40.7,"extra":1,"ei":3}},{"type":"Feature","geometry":{"type":"Point","coordinates":[30.352468,50.540367]},"properties":{"lines":"30","color":"#0059a9","mode":"bus","arr":["30"],"angle":-40.7,"extra":1,"ei":4}},{"type":"Feature","geometry":{"type":"Point","coordinates":[30.347464,50.545788]},"properties":{"lines":"30","color":"#0059a9","mode":"bus","arr":["30"],"angle":49.7,"mi":3}},{"type":"Feature","geometry":{"type":"Point","coordinates":[30.33795,50.55293]},"properties":{"lines":"30","color":"#0059a9","mode":"bus","arr":["30"],"angle":49.7,"extra":1,"ei":0}},{"type":"Feature","geometry":{"type":"Point","coordinates":[30.339873,50.551493]},"properties":{"lines":"30","color":"#0059a9","mode":"bus","arr":["30"],"angle":49.3,"extra":1,"ei":1}},{"type":"Feature","geometry":{"type":"Point","coordinates":[30.341794,50.550055]},"properties":{"lines":"30","color":"#0059a9","mode":"bus","arr":["30"],"angle":50.1,"extra":1,"ei":2}},{"type":"Feature","geometry":{"type":"Point","coordinates":[30.343698,50.548607]},"properties":{"lines":"30","color":"#0059a9","mode":"bus","arr":["30"],"angle":49.8,"extra":1,"ei":3}},{"type":"Feature","geometry":{"type":"Point","coordinates":[30.345611,50.547165]},"properties":{"lines":"30","color":"#0059a9","mode":"bus","arr":["30"],"angle":49.4,"extra":1,"ei":4}},{"type":"Feature","geometry":{"type":"Point","coordinates":[30.349448,50.544286]},"properties":{"lines":"30","color":"#0059a9","mode":"bus","arr":["30"],"angle":49.8,"extra":1,"ei":5}},{"type":"Feature","geometry":{"type":"Point","coordinates":[30.351372,50.54285]},"properties":{"lines":"30","color":"#0059a9","mode":"bus","arr":["30"],"angle":49.5,"extra":1,"ei":6}},{"type":"Feature","geometry":{"type":"Point","coordinates":[30.353299,50.541414]},"properties":{"lines":"30","color":"#0059a9","mode":"bus","arr":["30"],"angle":49.4,"extra":1,"ei":7}},{"type":"Feature","geometry":{"type":"Point","coordinates":[30.355211,50.539972]},"properties":{"lines":"30","color":"#0059a9","mode":"bus","arr":["30"],"angle":50,"extra":1,"ei":8}},{"type":"Feature","geometry":{"type":"Point","coordinates":[30.357119,50.538526]},"properties":{"lines":"30","color":"#0059a9","mode":"bus","arr":["30"],"angle":49.9,"extra":1,"ei":9}},{"type":"Feature","geometry":{"type":"Point","coordinates":[30.33598,50.553128]},"properties":{"lines":"30","color":"#0059a9","mode":"bus","arr":["30"],"angle":-39}},{"type":"Feature","geometry":{"type":"Point","coordinates":[30.356166,50.53692]},"properties":{"lines":"30","color":"#0059a9","mode":"bus","arr":["30"],"angle":-43,"side":-1,"mi":1}},{"type":"Feature","geometry":{"type":"Point","coordinates":[30.354655,50.536003]},"properties":{"lines":"30","color":"#0059a9","mode":"bus","arr":["30"],"angle":-61.5,"extra":1,"ei":0,"side":-1}},{"type":"Feature","geometry":{"type":"Point","coordinates":[30.354164,50.53856]},"properties":{"lines":"30","color":"#0059a9","mode":"bus","arr":["30"],"angle":50.2}},{"type":"Feature","geometry":{"type":"Point","coordinates":[30.360683,50.531248]},"properties":{"lines":"30","color":"#0059a9","mode":"bus","arr":["30"],"angle":49.7,"mi":4}},{"type":"Feature","geometry":{"type":"Point","coordinates":[30.355299,50.535307]},"properties":{"lines":"30","color":"#0059a9","mode":"bus","arr":["30"],"angle":50.8,"extra":1,"ei":0}},{"type":"Feature","geometry":{"type":"Point","coordinates":[30.357211,50.533864]},"properties":{"lines":"30","color":"#0059a9","mode":"bus","arr":["30"],"angle":49.8,"extra":1,"ei":1}},{"type":"Feature","geometry":{"type":"Point","coordinates":[30.359125,50.532422]},"properties":{"lines":"30","color":"#0059a9","mode":"bus","arr":["30"],"angle":49.8,"extra":1,"ei":2}},{"type":"Feature","geometry":{"type":"Point","coordinates":[30.362976,50.529552]},"properties":{"lines":"30","color":"#0059a9","mode":"bus","arr":["30"],"angle":49.5,"extra":1,"ei":3}},{"type":"Feature","geometry":{"type":"Point","coordinates":[30.364918,50.528125]},"properties":{"lines":"30","color":"#0059a9","mode":"bus","arr":["30"],"angle":49.2,"extra":1,"ei":4}},{"type":"Feature","geometry":{"type":"Point","coordinates":[30.36685,50.526693]},"properties":{"lines":"30","color":"#0059a9","mode":"bus","arr":["30"],"angle":49.5,"extra":1,"ei":5}},{"type":"Feature","geometry":{"type":"Point","coordinates":[30.355951,50.469449]},"properties":{"lines":"30, 56, 97, 97к, 103","color":"#0059a9","mode":"bus","arr":["30","56","97","97к","103"],"angle":-81.5}},{"type":"Feature","geometry":{"type":"Point","coordinates":[30.357131,50.472784]},"properties":{"lines":"30, 56, 97, 97к, 103","color":"#0059a9","mode":"bus","arr":["30","56","97","97к","103"],"angle":-75.4,"extra":1,"ei":0}},{"type":"Feature","geometry":{"type":"Point","coordinates":[30.35642,50.470951]},"properties":{"lines":"30, 56, 97, 97к, 103","color":"#0059a9","mode":"bus","arr":["30","56","97","97к","103"],"angle":-76.1,"extra":1,"ei":1}},{"type":"Feature","geometry":{"type":"Point","coordinates":[30.355531,50.467222]},"properties":{"lines":"30, 56, 97, 97к, 103","color":"#0059a9","mode":"bus","arr":["30","56","97","97к","103"],"angle":-86,"extra":1,"ei":2}},{"type":"Feature","geometry":{"type":"Point","coordinates":[30.355466,50.465334]},"properties":{"lines":"30, 56, 97, 97к, 103","color":"#0059a9","mode":"bus","arr":["30","56","97","97к","103"],"angle":89.3,"extra":1,"ei":3,"side":-1}},{"type":"Feature","geometry":{"type":"Point","coordinates":[30.35463,50.464766]},"properties":{"lines":"30, 97, 97к, 103, 39","color":"#0059a9","mode":"bus","arr":["30","97","97к","103","Тб39"],"tLines":"39","ntLines":"30, 97, 97к, 103","angle":-0.3,"side":-1}},{"type":"Feature","geometry":{"type":"Point","coordinates":[30.349638,50.46459]},"properties":{"lines":"30, 97к, 103, 39","color":"#0059a9","mode":"bus","arr":["30","97к","103","Тб39"],"tLines":"39","ntLines":"30, 97к, 103","angle":-5.7,"mi":1}},{"type":"Feature","geometry":{"type":"Point","coordinates":[30.345973,50.46442]},"properties":{"lines":"30, 97к, 103, 39","color":"#0059a9","mode":"bus","arr":["30","97к","103","Тб39"],"tLines":"39","ntLines":"30, 97к, 103","angle":21}},{"type":"Feature","geometry":{"type":"Point","coordinates":[30.353109,50.464865]},"properties":{"lines":"30, 97к, 103, 39","color":"#0059a9","mode":"bus","arr":["30","97к","103","Тб39"],"tLines":"39","ntLines":"30, 97к, 103","angle":-10,"extra":1,"ei":0}},{"type":"Feature","geometry":{"type":"Point","coordinates":[30.365487,50.496651]},"properties":{"lines":"30","color":"#0059a9","mode":"bus","arr":["30"],"angle":85.4,"mi":1}},{"type":"Feature","geometry":{"type":"Point","coordinates":[30.365372,50.497647]},"properties":{"lines":"30","color":"#0059a9","mode":"bus","arr":["30"],"angle":86.1}},{"type":"Feature","geometry":{"type":"Point","coordinates":[30.470406,50.454021]},"properties":{"lines":"31","color":"#0059a9","mode":"bus","arr":["31"],"angle":-40.5,"mi":15}},{"type":"Feature","geometry":{"type":"Point","coordinates":[30.467809,50.452537]},"properties":{"lines":"31","color":"#0059a9","mode":"bus","arr":["31"],"angle":-51.2,"extra":1,"ei":0}},{"type":"Feature","geometry":{"type":"Point","coordinates":[30.472226,50.455051]},"properties":{"lines":"31","color":"#0059a9","mode":"bus","arr":["31"],"angle":-41.7,"extra":1,"ei":1}},{"type":"Feature","geometry":{"type":"Point","coordinates":[30.473535,50.458937]},"properties":{"lines":"31","color":"#0059a9","mode":"bus","arr":["31"],"angle":-85,"mi":10}},{"type":"Feature","geometry":{"type":"Point","coordinates":[30.473779,50.461059]},"properties":{"lines":"31","color":"#0059a9","mode":"bus","arr":["31"],"angle":-85.5,"extra":1,"ei":0}},{"type":"Feature","geometry":{"type":"Point","coordinates":[30.473295,50.457295]},"properties":{"lines":"31","color":"#0059a9","mode":"bus","arr":["31"],"angle":-87.5,"extra":1,"ei":1}},{"type":"Feature","geometry":{"type":"Point","coordinates":[30.470852,50.466853]},"properties":{"lines":"31","color":"#0059a9","mode":"bus","arr":["31"],"angle":-54.1,"mi":2}},{"type":"Feature","geometry":{"type":"Point","coordinates":[30.472422,50.468291]},"properties":{"lines":"31","color":"#0059a9","mode":"bus","arr":["31"],"angle":-54.1,"mi":1}},{"type":"Feature","geometry":{"type":"Point","coordinates":[30.474005,50.466594]},"properties":{"lines":"50, 16, 19, 23Д, 28Д, 31Д, 35","color":"#0059a9","mode":"bus","arr":["50","Тб16","Тб19","Тб23Д","Тб28Д","Тб31Д","Тб35"],"tLines":"16, 19, 23Д, 28Д, 31Д, 35","ntLines":"50","angle":36.2}},{"type":"Feature","geometry":{"type":"Point","coordinates":[30.46677,50.469931]},"properties":{"lines":"50, 16, 19, 23Д, 31Д, 35","color":"#0059a9","mode":"bus","arr":["50","Тб16","Тб19","Тб23Д","Тб31Д","Тб35"],"tLines":"16, 19, 23Д, 31Д, 35","ntLines":"50","angle":36.4,"side":-1}},{"type":"Feature","geometry":{"type":"Point","coordinates":[30.472708,50.467202]},"properties":{"lines":"50, 16, 19, 23Д, 31Д, 35","color":"#0059a9","mode":"bus","arr":["50","Тб16","Тб19","Тб23Д","Тб31Д","Тб35"],"tLines":"16, 19, 23Д, 31Д, 35","ntLines":"50","angle":36.5,"mi":1}},{"type":"Feature","geometry":{"type":"Point","coordinates":[30.469871,50.468596]},"properties":{"lines":"31, 50, 16, 19, 35","color":"#0059a9","mode":"bus","arr":["31","50","Тб16","Тб19","Тб35"],"tLines":"16, 19, 35","ntLines":"31, 50","angle":36}},{"type":"Feature","geometry":{"type":"Point","coordinates":[30.468093,50.469423]},"properties":{"lines":"31, 50, 16, 19, 35","color":"#0059a9","mode":"bus","arr":["31","50","Тб16","Тб19","Тб35"],"tLines":"16, 19, 35","ntLines":"31, 50","angle":36.1,"extra":1,"ei":0}},{"type":"Feature","geometry":{"type":"Point","coordinates":[30.469707,50.470782]},"properties":{"lines":"31","color":"#0059a9","mode":"bus","arr":["31"],"angle":-53,"mi":9}},{"type":"Feature","geometry":{"type":"Point","coordinates":[30.477678,50.470533]},"properties":{"lines":"31","color":"#0059a9","mode":"bus","arr":["31"],"angle":12.2,"mi":6}},{"type":"Feature","geometry":{"type":"Point","coordinates":[30.472473,50.47161]},"properties":{"lines":"31","color":"#0059a9","mode":"bus","arr":["31"],"angle":36.6,"extra":1,"ei":0}},{"type":"Feature","geometry":{"type":"Point","coordinates":[30.475089,50.470833]},"properties":{"lines":"31","color":"#0059a9","mode":"bus","arr":["31"],"angle":10.3,"extra":1,"ei":1}},{"type":"Feature","geometry":{"type":"Point","coordinates":[30.480859,50.470162]},"properties":{"lines":"31","color":"#0059a9","mode":"bus","arr":["31"],"angle":-8.5,"extra":1,"ei":2}},{"type":"Feature","geometry":{"type":"Point","coordinates":[30.483815,50.470122]},"properties":{"lines":"31","color":"#0059a9","mode":"bus","arr":["31"],"angle":2.9,"extra":1,"ei":3}},{"type":"Feature","geometry":{"type":"Point","coordinates":[30.480236,50.461997]},"properties":{"lines":"31","color":"#0059a9","mode":"bus","arr":["31"],"angle":41.9,"mi":4}},{"type":"Feature","geometry":{"type":"Point","coordinates":[30.484518,50.469037]},"properties":{"lines":"31","color":"#0059a9","mode":"bus","arr":["31"],"angle":-85.4,"mi":8}},{"type":"Feature","geometry":{"type":"Point","coordinates":[30.484744,50.467965]},"properties":{"lines":"31","color":"#0059a9","mode":"bus","arr":["31"],"angle":3.8,"mi":7}},{"type":"Feature","geometry":{"type":"Point","coordinates":[30.486516,50.470038]},"properties":{"lines":"31","color":"#0059a9","mode":"bus","arr":["31"],"angle":-87.9,"mi":11}},{"type":"Feature","geometry":{"type":"Point","coordinates":[30.486434,50.46884]},"properties":{"lines":"31","color":"#0059a9","mode":"bus","arr":["31"],"angle":-87,"extra":1,"ei":0}},{"type":"Feature","geometry":{"type":"Point","coordinates":[30.482075,50.47374]},"properties":{"lines":"31","color":"#0059a9","mode":"bus","arr":["31"],"angle":53.2,"mi":13}},{"type":"Feature","geometry":{"type":"Point","coordinates":[30.479896,50.474803]},"properties":{"lines":"31","color":"#0059a9","mode":"bus","arr":["31"],"angle":6.9,"extra":1,"ei":0}},{"type":"Feature","geometry":{"type":"Point","coordinates":[30.483883,50.472219]},"properties":{"lines":"31","color":"#0059a9","mode":"bus","arr":["31"],"angle":52.8,"extra":1,"ei":1}},{"type":"Feature","geometry":{"type":"Point","coordinates":[30.477703,50.474219]},"properties":{"lines":"31","color":"#0059a9","mode":"bus","arr":["31"],"angle":-54,"mi":12}},{"type":"Feature","geometry":{"type":"Point","coordinates":[30.472714,50.469862]},"properties":{"lines":"31","color":"#0059a9","mode":"bus","arr":["31"],"angle":-53,"mi":5}},{"type":"Feature","geometry":{"type":"Point","coordinates":[30.475116,50.471969]},"properties":{"lines":"31, 6, 18, 28Д, 33","color":"#0059a9","mode":"bus","arr":["31","Тб6","Тб18","Тб28Д","Тб33"],"tLines":"6, 18, 28Д, 33","ntLines":"31","angle":-53.2}},{"type":"Feature","geometry":{"type":"Point","coordinates":[30.472691,50.469412]},"properties":{"lines":"31","color":"#0059a9","mode":"bus","arr":["31"],"angle":36.5,"mi":3}},{"type":"Feature","geometry":{"type":"Point","coordinates":[30.476695,50.455579]},"properties":{"lines":"31","color":"#0059a9","mode":"bus","arr":["31"],"angle":14.7,"mi":14}},{"type":"Feature","geometry":{"type":"Point","coordinates":[30.474854,50.455887]},"properties":{"lines":"31","color":"#0059a9","mode":"bus","arr":["31"],"angle":17.1,"extra":1,"ei":0}},{"type":"Feature","geometry":{"type":"Point","coordinates":[30.47777,50.452385]},"properties":{"lines":"31","color":"#0059a9","mode":"bus","arr":["31"],"angle":-65.8,"mi":16}},{"type":"Feature","geometry":{"type":"Point","coordinates":[30.476799,50.450491]},"properties":{"lines":"31","color":"#0059a9","mode":"bus","arr":["31"],"angle":-75.3,"extra":1,"ei":0}},{"type":"Feature","geometry":{"type":"Point","coordinates":[30.478637,50.454073]},"properties":{"lines":"31","color":"#0059a9","mode":"bus","arr":["31"],"angle":-74,"extra":1,"ei":1}},{"type":"Feature","geometry":{"type":"Point","coordinates":[30.471691,50.450361]},"properties":{"lines":"31, 4, 5, 7","color":"#0059a9","mode":"bus","arr":["31","Тб4","Тб5","Тб7"],"tLines":"4, 5, 7","ntLines":"31","angle":14.3}},{"type":"Feature","geometry":{"type":"Point","coordinates":[30.474978,50.449826]},"properties":{"lines":"31, 4, 5, 7","color":"#0059a9","mode":"bus","arr":["31","Тб4","Тб5","Тб7"],"tLines":"4, 5, 7","ntLines":"31","angle":14.7,"extra":1,"ei":0}},{"type":"Feature","geometry":{"type":"Point","coordinates":[30.469237,50.450764]},"properties":{"lines":"31, 4, 5, 7","color":"#0059a9","mode":"bus","arr":["31","Тб4","Тб5","Тб7"],"tLines":"4, 5, 7","ntLines":"31","angle":14.6,"extra":1,"ei":1}},{"type":"Feature","geometry":{"type":"Point","coordinates":[30.405834,50.481507]},"properties":{"lines":"32, 36тр, 4, 5, 26","color":"#0059a9","mode":"bus","arr":["32","36тр","Тб4","Тб5","Тб26"],"tLines":"4, 5, 26","ntLines":"32, 36тр","angle":-89.5}},{"type":"Feature","geometry":{"type":"Point","coordinates":[30.405819,50.486333]},"properties":{"lines":"32, 36тр, 4, 5, 26, 35","color":"#0059a9","mode":"bus","arr":["32","36тр","Тб4","Тб5","Тб26","Тб35"],"tLines":"4, 5, 26, 35","ntLines":"32, 36тр","angle":89.9}},{"type":"Feature","geometry":{"type":"Point","coordinates":[30.405827,50.482731]},"properties":{"lines":"32, 36тр, 4, 5, 26, 35","color":"#0059a9","mode":"bus","arr":["32","36тр","Тб4","Тб5","Тб26","Тб35"],"tLines":"4, 5, 26, 35","ntLines":"32, 36тр","angle":90,"extra":1,"ei":0}},{"type":"Feature","geometry":{"type":"Point","coordinates":[30.405824,50.48462]},"properties":{"lines":"32, 36тр, 4, 5, 26, 35","color":"#0059a9","mode":"bus","arr":["32","36тр","Тб4","Тб5","Тб26","Тб35"],"tLines":"4, 5, 26, 35","ntLines":"32, 36тр","angle":89.6,"extra":1,"ei":1}},{"type":"Feature","geometry":{"type":"Point","coordinates":[30.405819,50.488397]},"properties":{"lines":"32, 36тр, 4, 5, 26, 35","color":"#0059a9","mode":"bus","arr":["32","36тр","Тб4","Тб5","Тб26","Тб35"],"tLines":"4, 5, 26, 35","ntLines":"32, 36тр","angle":89.9,"extra":1,"ei":2}},{"type":"Feature","geometry":{"type":"Point","coordinates":[30.405833,50.490285]},"properties":{"lines":"32, 36тр, 4, 5, 26, 35","color":"#0059a9","mode":"bus","arr":["32","36тр","Тб4","Тб5","Тб26","Тб35"],"tLines":"4, 5, 26, 35","ntLines":"32, 36тр","angle":-88.7,"extra":1,"ei":3}},{"type":"Feature","geometry":{"type":"Point","coordinates":[30.414505,50.490879]},"properties":{"lines":"32, 5","color":"#0059a9","mode":"bus","arr":["32","Тб5"],"tLines":"5","ntLines":"32","angle":0}},{"type":"Feature","geometry":{"type":"Point","coordinates":[30.407632,50.490874]},"properties":{"lines":"32, 5","color":"#0059a9","mode":"bus","arr":["32","Тб5"],"tLines":"5","ntLines":"32","angle":-0.2,"extra":1,"ei":0}},{"type":"Feature","geometry":{"type":"Point","coordinates":[30.410595,50.490877]},"properties":{"lines":"32, 5","color":"#0059a9","mode":"bus","arr":["32","Тб5"],"tLines":"5","ntLines":"32","angle":0.3,"extra":1,"ei":1}},{"type":"Feature","geometry":{"type":"Point","coordinates":[30.41644,50.490581]},"properties":{"lines":"32, 5","color":"#0059a9","mode":"bus","arr":["32","Тб5"],"tLines":"5","ntLines":"32","angle":21.6,"extra":1,"ei":2}},{"type":"Feature","geometry":{"type":"Point","coordinates":[30.419201,50.489895]},"properties":{"lines":"32, 5","color":"#0059a9","mode":"bus","arr":["32","Тб5"],"tLines":"5","ntLines":"32","angle":21.4,"extra":1,"ei":3}},{"type":"Feature","geometry":{"type":"Point","coordinates":[30.421953,50.489195]},"properties":{"lines":"32, 5","color":"#0059a9","mode":"bus","arr":["32","Тб5"],"tLines":"5","ntLines":"32","angle":22.5,"extra":1,"ei":4}},{"type":"Feature","geometry":{"type":"Point","coordinates":[30.439212,50.492537]},"properties":{"lines":"32","color":"#0059a9","mode":"bus","arr":["32"],"angle":-8}},{"type":"Feature","geometry":{"type":"Point","coordinates":[30.423077,50.489865]},"properties":{"lines":"32","color":"#0059a9","mode":"bus","arr":["32"],"angle":-34.4,"extra":1,"ei":0}},{"type":"Feature","geometry":{"type":"Point","coordinates":[30.425555,50.490901]},"properties":{"lines":"32","color":"#0059a9","mode":"bus","arr":["32"],"angle":-33.3,"extra":1,"ei":1}},{"type":"Feature","geometry":{"type":"Point","coordinates":[30.428329,50.491474]},"properties":{"lines":"32","color":"#0059a9","mode":"bus","arr":["32"],"angle":-7.2,"extra":1,"ei":2}},{"type":"Feature","geometry":{"type":"Point","coordinates":[30.431266,50.491724]},"properties":{"lines":"32","color":"#0059a9","mode":"bus","arr":["32"],"angle":-8.7,"extra":1,"ei":3}},{"type":"Feature","geometry":{"type":"Point","coordinates":[30.434191,50.492029]},"properties":{"lines":"32","color":"#0059a9","mode":"bus","arr":["32"],"angle":-9.3,"extra":1,"ei":4}},{"type":"Feature","geometry":{"type":"Point","coordinates":[30.437117,50.492329]},"properties":{"lines":"32","color":"#0059a9","mode":"bus","arr":["32"],"angle":-8.9,"extra":1,"ei":5}},{"type":"Feature","geometry":{"type":"Point","coordinates":[30.442977,50.492896]},"properties":{"lines":"32","color":"#0059a9","mode":"bus","arr":["32"],"angle":-8.7,"extra":1,"ei":6}},{"type":"Feature","geometry":{"type":"Point","coordinates":[30.445883,50.493246]},"properties":{"lines":"32","color":"#0059a9","mode":"bus","arr":["32"],"angle":-22.4,"extra":1,"ei":7}},{"type":"Feature","geometry":{"type":"Point","coordinates":[30.448522,50.494105]},"properties":{"lines":"32","color":"#0059a9","mode":"bus","arr":["32"],"angle":-27.2,"extra":1,"ei":8}},{"type":"Feature","geometry":{"type":"Point","coordinates":[30.451151,50.494976]},"properties":{"lines":"32","color":"#0059a9","mode":"bus","arr":["32"],"angle":-27.1,"extra":1,"ei":9}},{"type":"Feature","geometry":{"type":"Point","coordinates":[30.453789,50.495836]},"properties":{"lines":"32","color":"#0059a9","mode":"bus","arr":["32"],"angle":-27.4,"extra":1,"ei":10}},{"type":"Feature","geometry":{"type":"Point","coordinates":[30.45391,50.498604]},"properties":{"lines":"32, 72, 6, 18, 25, 28Д, 33","color":"#0059a9","mode":"bus","arr":["32","72","Тб6","Тб18","Тб25","Тб28Д","Тб33"],"tLines":"6, 18, 25, 28Д, 33","ntLines":"32, 72","angle":50.4}},{"type":"Feature","geometry":{"type":"Point","coordinates":[30.455425,50.497457]},"properties":{"lines":"32, 72, 6, 18, 25, 28Д, 33","color":"#0059a9","mode":"bus","arr":["32","72","Тб6","Тб18","Тб25","Тб28Д","Тб33"],"tLines":"6, 18, 25, 28Д, 33","ntLines":"32, 72","angle":49.5,"extra":1,"ei":0}},{"type":"Feature","geometry":{"type":"Point","coordinates":[30.451754,50.500414]},"properties":{"lines":"32, 72, 6, 18, 25, 28Д, 33","color":"#0059a9","mode":"bus","arr":["32","72","Тб6","Тб18","Тб25","Тб28Д","Тб33"],"tLines":"6, 18, 25, 28Д, 33","ntLines":"32, 72","angle":68.3,"extra":1,"ei":1}},{"type":"Feature","geometry":{"type":"Point","coordinates":[30.450809,50.506674]},"properties":{"lines":"32, 72, 6, 18, 33","color":"#0059a9","mode":"bus","arr":["32","72","Тб6","Тб18","Тб33"],"tLines":"6, 18, 33","ntLines":"32, 72","angle":88.3}},{"type":"Feature","geometry":{"type":"Point","coordinates":[30.451554,50.501783]},"properties":{"lines":"32, 72, 6, 18, 33","color":"#0059a9","mode":"bus","arr":["32","72","Тб6","Тб18","Тб33"],"tLines":"6, 18, 33","ntLines":"32, 72","angle":84.1,"extra":1,"ei":0}},{"type":"Feature","geometry":{"type":"Point","coordinates":[30.451268,50.503663]},"properties":{"lines":"32, 72, 6, 18, 33","color":"#0059a9","mode":"bus","arr":["32","72","Тб6","Тб18","Тб33"],"tLines":"6, 18, 33","ntLines":"32, 72","angle":83.9,"extra":1,"ei":1}},{"type":"Feature","geometry":{"type":"Point","coordinates":[30.450618,50.50931]},"properties":{"lines":"32, 72, 6, 18, 33","color":"#0059a9","mode":"bus","arr":["32","72","Тб6","Тб18","Тб33"],"tLines":"6, 18, 33","ntLines":"32, 72","angle":85.8,"extra":1,"ei":2}},{"type":"Feature","geometry":{"type":"Point","coordinates":[30.450359,50.511191]},"properties":{"lines":"32, 72, 6, 18, 33","color":"#0059a9","mode":"bus","arr":["32","72","Тб6","Тб18","Тб33"],"tLines":"6, 18, 33","ntLines":"32, 72","angle":85.1,"extra":1,"ei":3}},{"type":"Feature","geometry":{"type":"Point","coordinates":[30.449678,50.516951]},"properties":{"lines":"32, 6, 18, 33","color":"#0059a9","mode":"bus","arr":["32","Тб6","Тб18","Тб33"],"tLines":"6, 18, 33","ntLines":"32","angle":28.2,"mi":1}},{"type":"Feature","geometry":{"type":"Point","coordinates":[30.449932,50.514727]},"properties":{"lines":"32, 6, 18, 33","color":"#0059a9","mode":"bus","arr":["32","Тб6","Тб18","Тб33"],"tLines":"6, 18, 33","ntLines":"32","angle":85.8}},{"type":"Feature","geometry":{"type":"Point","coordinates":[30.450061,50.513459]},"properties":{"lines":"32, 6, 18, 33","color":"#0059a9","mode":"bus","arr":["32","Тб6","Тб18","Тб33"],"tLines":"6, 18, 33","ntLines":"32","angle":85.8,"extra":1,"ei":0}},{"type":"Feature","geometry":{"type":"Point","coordinates":[30.449467,50.519757]},"properties":{"lines":"32, 6, 18, 33","color":"#0059a9","mode":"bus","arr":["32","Тб6","Тб18","Тб33"],"tLines":"6, 18, 33","ntLines":"32","angle":85.1,"extra":1,"ei":0}},{"type":"Feature","geometry":{"type":"Point","coordinates":[30.4536,50.520171]},"properties":{"lines":"32, 40, 6, 33","color":"#0059a9","mode":"bus","arr":["32","40","Тб6","Тб32","Тб33"],"tLines":"6, 32, 33","ntLines":"32, 40","angle":12.3}},{"type":"Feature","geometry":{"type":"Point","coordinates":[30.451197,50.52051]},"properties":{"lines":"32, 40, 6, 33","color":"#0059a9","mode":"bus","arr":["32","40","Тб6","Тб32","Тб33"],"tLines":"6, 32, 33","ntLines":"32, 40","angle":13.2,"extra":1,"ei":0,"side":-1}},{"type":"Feature","geometry":{"type":"Point","coordinates":[30.456878,50.519461]},"properties":{"lines":"32, 40, 6, 33","color":"#0059a9","mode":"bus","arr":["32","40","Тб6","Тб32","Тб33"],"tLines":"6, 32, 33","ntLines":"32, 40","angle":19.8,"extra":1,"ei":1,"side":-1}},{"type":"Feature","geometry":{"type":"Point","coordinates":[30.459026,50.522318]},"properties":{"lines":"32, 99, 6, 33","color":"#0059a9","mode":"bus","arr":["32","99","Тб6","Тб33"],"tLines":"6, 33","ntLines":"32, 99","angle":-70.1}},{"type":"Feature","geometry":{"type":"Point","coordinates":[30.458125,50.520286]},"properties":{"lines":"32, 99, 6, 33","color":"#0059a9","mode":"bus","arr":["32","99","Тб6","Тб33"],"tLines":"6, 33","ntLines":"32, 99","angle":-70.3,"extra":1,"ei":0,"side":-1}},{"type":"Feature","geometry":{"type":"Point","coordinates":[30.46015,50.523836]},"properties":{"lines":"32, 99, 6, 33","color":"#0059a9","mode":"bus","arr":["32","99","Тб6","Тб33"],"tLines":"6, 33","ntLines":"32, 99","angle":-70,"extra":1,"ei":1,"side":-1}},{"type":"Feature","geometry":{"type":"Point","coordinates":[30.461028,50.5252]},"properties":{"lines":"32, 99, 6, 33","color":"#0059a9","mode":"bus","arr":["32","99","Тб6","Тб33"],"tLines":"6, 33","ntLines":"32, 99","angle":-53.9,"side":-1,"mi":1}},{"type":"Feature","geometry":{"type":"Point","coordinates":[30.462721,50.524842]},"properties":{"lines":"32, 99, 6","color":"#0059a9","mode":"bus","arr":["32","99","Тб6"],"tLines":"6","ntLines":"32, 99","angle":-51.7}},{"type":"Feature","geometry":{"type":"Point","coordinates":[30.4631,50.524823]},"properties":{"lines":"32, 99","color":"#0059a9","mode":"bus","arr":["32","99"],"angle":-59.5,"mi":3}},{"type":"Feature","geometry":{"type":"Point","coordinates":[30.454785,50.526782]},"properties":{"lines":"32, 99","color":"#0059a9","mode":"bus","arr":["32","99"],"angle":-12.3,"mi":1}},{"type":"Feature","geometry":{"type":"Point","coordinates":[30.486119,50.517858]},"properties":{"lines":"99","color":"#0059a9","mode":"bus","arr":["99"],"angle":1.9,"mi":1}},{"type":"Feature","geometry":{"type":"Point","coordinates":[30.457468,50.525963]},"properties":{"lines":"32, 99","color":"#0059a9","mode":"bus","arr":["32","99"],"angle":19.7}},{"type":"Feature","geometry":{"type":"Point","coordinates":[30.455689,50.526369]},"properties":{"lines":"32, 99","color":"#0059a9","mode":"bus","arr":["32","99"],"angle":19.7,"extra":1,"ei":0}},{"type":"Feature","geometry":{"type":"Point","coordinates":[30.452067,50.524754]},"properties":{"lines":"32, 99","color":"#0059a9","mode":"bus","arr":["32","99"],"angle":-70.5,"side":-1,"mi":2}},{"type":"Feature","geometry":{"type":"Point","coordinates":[30.451295,50.523385]},"properties":{"lines":"32, 99","color":"#0059a9","mode":"bus","arr":["32","99"],"angle":-70.1,"extra":1,"ei":0,"side":-1}},{"type":"Feature","geometry":{"type":"Point","coordinates":[30.454204,50.526509]},"properties":{"lines":"32, 99","color":"#0059a9","mode":"bus","arr":["32","99"],"angle":-35.2,"extra":1,"ei":1}},{"type":"Feature","geometry":{"type":"Point","coordinates":[30.450665,50.522261]},"properties":{"lines":"32","color":"#0059a9","mode":"bus","arr":["32"],"angle":-76.1,"side":-1}},{"type":"Feature","geometry":{"type":"Point","coordinates":[30.453862,50.520261]},"properties":{"lines":"32, 40","color":"#0059a9","mode":"bus","arr":["32","40","Тб32"],"tLines":"32","ntLines":"32, 40","angle":16.3}},{"type":"Feature","geometry":{"type":"Point","coordinates":[30.450619,50.520716]},"properties":{"lines":"32, 40, 6, 33","color":"#0059a9","mode":"bus","arr":["32","40","Тб6","Тб33"],"tLines":"6, 33","ntLines":"32, 40","angle":13.9}},{"type":"Feature","geometry":{"type":"Point","coordinates":[30.634669,50.483032]},"properties":{"lines":"33","color":"#0059a9","mode":"bus","arr":["33"],"angle":2.7}},{"type":"Feature","geometry":{"type":"Point","coordinates":[30.639051,50.484151]},"properties":{"lines":"33, 81","color":"#0059a9","mode":"bus","arr":["33","81"],"angle":-23.5,"mi":1}},{"type":"Feature","geometry":{"type":"Point","coordinates":[30.641705,50.484885]},"properties":{"lines":"33, 81","color":"#0059a9","mode":"bus","arr":["33","81"],"angle":-22.9,"extra":1,"ei":0}},{"type":"Feature","geometry":{"type":"Point","coordinates":[30.63627,50.483379]},"properties":{"lines":"33, 81","color":"#0059a9","mode":"bus","arr":["33","81"],"angle":-23.5,"extra":1,"ei":1}},{"type":"Feature","geometry":{"type":"Point","coordinates":[30.633345,50.482665]},"properties":{"lines":"33, 37Д, 63, 79","color":"#0059a9","mode":"bus","arr":["33","37Д","63","79"],"angle":-45.3}},{"type":"Feature","geometry":{"type":"Point","coordinates":[30.626009,50.480633]},"properties":{"lines":"33, 37Д, 63, 79","color":"#0059a9","mode":"bus","arr":["33","37Д","63","79"],"angle":3,"mi":1}},{"type":"Feature","geometry":{"type":"Point","coordinates":[30.629688,50.481571]},"properties":{"lines":"33, 37Д, 63, 79, 37","color":"#0059a9","mode":"bus","arr":["33","37Д","63","79","Тб37"],"tLines":"37","ntLines":"33, 37Д, 63, 79","angle":-24}},{"type":"Feature","geometry":{"type":"Point","coordinates":[30.631666,50.48212]},"properties":{"lines":"33, 37Д, 63, 79, 37","color":"#0059a9","mode":"bus","arr":["33","37Д","63","79","Тб37"],"tLines":"37","ntLines":"33, 37Д, 63, 79","angle":-23,"extra":1,"ei":0}},{"type":"Feature","geometry":{"type":"Point","coordinates":[30.630504,50.472628]},"properties":{"lines":"33, 37Д, 63","color":"#0059a9","mode":"bus","arr":["33","37Д","63"],"angle":-86.8}},{"type":"Feature","geometry":{"type":"Point","coordinates":[30.625525,50.479973]},"properties":{"lines":"33, 37Д, 63","color":"#0059a9","mode":"bus","arr":["33","37Д","63"],"angle":38.2,"side":-1,"mi":1}},{"type":"Feature","geometry":{"type":"Point","coordinates":[30.628141,50.476347]},"properties":{"lines":"33, 37Д, 63, 37","color":"#0059a9","mode":"bus","arr":["33","37Д","63","Тб37"],"tLines":"37","ntLines":"33, 37Д, 63","angle":66.7}},{"type":"Feature","geometry":{"type":"Point","coordinates":[30.626378,50.478942]},"properties":{"lines":"33, 37Д, 63, 37","color":"#0059a9","mode":"bus","arr":["33","37Д","63","Тб37"],"tLines":"37","ntLines":"33, 37Д, 63","angle":66.7,"extra":1,"ei":0}},{"type":"Feature","geometry":{"type":"Point","coordinates":[30.629916,50.473744]},"properties":{"lines":"33, 37Д, 63, 37","color":"#0059a9","mode":"bus","arr":["33","37Д","63","Тб37"],"tLines":"37","ntLines":"33, 37Д, 63","angle":66.5,"extra":1,"ei":1}},{"type":"Feature","geometry":{"type":"Point","coordinates":[30.631266,50.471552]},"properties":{"lines":"33, 37Д","color":"#0059a9","mode":"bus","arr":["33","37Д"],"angle":43.6,"side":-1}},{"type":"Feature","geometry":{"type":"Point","coordinates":[30.633983,50.467769]},"properties":{"lines":"33, 37Д, 37","color":"#0059a9","mode":"bus","arr":["33","37Д","Тб37"],"tLines":"37","ntLines":"33, 37Д","angle":66.6}},{"type":"Feature","geometry":{"type":"Point","coordinates":[30.632155,50.470463]},"properties":{"lines":"33, 37Д, 37","color":"#0059a9","mode":"bus","arr":["33","37Д","Тб37"],"tLines":"37","ntLines":"33, 37Д","angle":66.6,"extra":1,"ei":0}},{"type":"Feature","geometry":{"type":"Point","coordinates":[30.635686,50.465264]},"properties":{"lines":"33, 37Д, 37","color":"#0059a9","mode":"bus","arr":["33","37Д","Тб37"],"tLines":"37","ntLines":"33, 37Д","angle":66.6,"extra":1,"ei":1}},{"type":"Feature","geometry":{"type":"Point","coordinates":[30.631483,50.471654]},"properties":{"lines":"33, 37","color":"#0059a9","mode":"bus","arr":["33","Тб37"],"tLines":"37","ntLines":"33","angle":-89.2,"side":-1}},{"type":"Feature","geometry":{"type":"Point","coordinates":[30.630797,50.472703]},"properties":{"lines":"33, 63, 37","color":"#0059a9","mode":"bus","arr":["33","63","Тб37"],"tLines":"37","ntLines":"33, 63","angle":40.7}},{"type":"Feature","geometry":{"type":"Point","coordinates":[30.625788,50.480048]},"properties":{"lines":"33, 63, 37","color":"#0059a9","mode":"bus","arr":["33","63","Тб37"],"tLines":"37","ntLines":"33, 63","angle":-85.5,"side":-1,"mi":1}},{"type":"Feature","geometry":{"type":"Point","coordinates":[30.633441,50.482536]},"properties":{"lines":"33, 63, 79, 37","color":"#0059a9","mode":"bus","arr":["33","63","79","Тб37"],"tLines":"37","ntLines":"33, 63, 79","angle":-2.3,"side":-1,"mi":1}},{"type":"Feature","geometry":{"type":"Point","coordinates":[30.626104,50.480496]},"properties":{"lines":"33, 63, 79, 37","color":"#0059a9","mode":"bus","arr":["33","63","79","Тб37"],"tLines":"37","ntLines":"33, 63, 79","angle":-44.8,"side":-1}},{"type":"Feature","geometry":{"type":"Point","coordinates":[30.637015,50.478447]},"properties":{"lines":"37Д, 79, 81, 37","color":"#0059a9","mode":"bus","arr":["37Д","79","81","Тб37"],"tLines":"37","ntLines":"37Д, 79, 81","angle":66.5}},{"type":"Feature","geometry":{"type":"Point","coordinates":[30.642853,50.469875]},"properties":{"lines":"37Д, 79, 81, 37","color":"#0059a9","mode":"bus","arr":["37Д","79","81","Тб37"],"tLines":"37","ntLines":"37Д, 79, 81","angle":66.6}},{"type":"Feature","geometry":{"type":"Point","coordinates":[30.634895,50.481585]},"properties":{"lines":"37Д, 79, 81, 37","color":"#0059a9","mode":"bus","arr":["37Д","79","81","Тб37"],"tLines":"37","ntLines":"37Д, 79, 81","angle":66.7,"extra":1,"ei":0}},{"type":"Feature","geometry":{"type":"Point","coordinates":[30.636067,50.47985]},"properties":{"lines":"37Д, 79, 81, 37","color":"#0059a9","mode":"bus","arr":["37Д","79","81","Тб37"],"tLines":"37","ntLines":"37Д, 79, 81","angle":66.7,"extra":1,"ei":1}},{"type":"Feature","geometry":{"type":"Point","coordinates":[30.638421,50.476384]},"properties":{"lines":"37Д, 79, 81, 37","color":"#0059a9","mode":"bus","arr":["37Д","79","81","Тб37"],"tLines":"37","ntLines":"37Д, 79, 81","angle":66,"extra":1,"ei":2}},{"type":"Feature","geometry":{"type":"Point","coordinates":[30.639575,50.474645]},"properties":{"lines":"37Д, 79, 81, 37","color":"#0059a9","mode":"bus","arr":["37Д","79","81","Тб37"],"tLines":"37","ntLines":"37Д, 79, 81","angle":66.3,"extra":1,"ei":3}},{"type":"Feature","geometry":{"type":"Point","coordinates":[30.644475,50.46749]},"properties":{"lines":"37Д, 79, 81, 37","color":"#0059a9","mode":"bus","arr":["37Д","79","81","Тб37"],"tLines":"37","ntLines":"37Д, 79, 81","angle":66.9,"extra":1,"ei":0}},{"type":"Feature","geometry":{"type":"Point","coordinates":[30.642117,50.470956]},"properties":{"lines":"37Д, 79, 81, 37","color":"#0059a9","mode":"bus","arr":["37Д","79","81","Тб37"],"tLines":"37","ntLines":"37Д, 79, 81","angle":66.4,"extra":1,"ei":1}},{"type":"Feature","geometry":{"type":"Point","coordinates":[30.640931,50.472686]},"properties":{"lines":"37Д, 79, 81, 37","color":"#0059a9","mode":"bus","arr":["37Д","79","81","Тб37"],"tLines":"37","ntLines":"37Д, 79, 81","angle":66.2,"extra":1,"ei":2}},{"type":"Feature","geometry":{"type":"Point","coordinates":[30.630661,50.488042]},"properties":{"lines":"33, 63","color":"#0059a9","mode":"bus","arr":["33","63"],"angle":86.2}},{"type":"Feature","geometry":{"type":"Point","coordinates":[30.633922,50.483224]},"properties":{"lines":"33, 63","color":"#0059a9","mode":"bus","arr":["33","63"],"angle":41.3,"mi":1}},{"type":"Feature","geometry":{"type":"Point","coordinates":[30.632207,50.485552]},"properties":{"lines":"33, 63, 81","color":"#0059a9","mode":"bus","arr":["33","63","81"],"angle":66.7}},{"type":"Feature","geometry":{"type":"Point","coordinates":[30.633094,50.484238]},"properties":{"lines":"33, 63, 81","color":"#0059a9","mode":"bus","arr":["33","63","81"],"angle":66.7,"extra":1,"ei":0}},{"type":"Feature","geometry":{"type":"Point","coordinates":[30.63075,50.487708]},"properties":{"lines":"33, 63, 81","color":"#0059a9","mode":"bus","arr":["33","63","81"],"angle":66.7,"extra":1,"ei":1}},{"type":"Feature","geometry":{"type":"Point","coordinates":[30.644278,50.486356]},"properties":{"lines":"33","color":"#0059a9","mode":"bus","arr":["33"],"angle":58.2,"side":-1,"mi":2}},{"type":"Feature","geometry":{"type":"Point","coordinates":[30.631108,50.488796]},"properties":{"lines":"33","color":"#0059a9","mode":"bus","arr":["33"],"angle":-42.3,"side":-1,"mi":1}},{"type":"Feature","geometry":{"type":"Point","coordinates":[30.637765,50.488747]},"properties":{"lines":"33, 81","color":"#0059a9","mode":"bus","arr":["33","81"],"angle":15.9}},{"type":"Feature","geometry":{"type":"Point","coordinates":[30.633102,50.489107]},"properties":{"lines":"33, 81","color":"#0059a9","mode":"bus","arr":["33","81"],"angle":-1.2,"extra":1,"ei":0}},{"type":"Feature","geometry":{"type":"Point","coordinates":[30.641539,50.487627]},"properties":{"lines":"33, 81","color":"#0059a9","mode":"bus","arr":["33","81"],"angle":33.8,"extra":1,"ei":1}},{"type":"Feature","geometry":{"type":"Point","coordinates":[30.628308,50.461158]},"properties":{"lines":"33т, 118д","color":"#0059a9","mode":"bus","arr":["33т","118д"],"angle":-62.8,"mi":1}},{"type":"Feature","geometry":{"type":"Point","coordinates":[30.628577,50.4426]},"properties":{"lines":"33т, 63","color":"#0059a9","mode":"bus","arr":["33т","63"],"angle":-70.7,"side":-1}},{"type":"Feature","geometry":{"type":"Point","coordinates":[30.677,50.450163]},"properties":{"lines":"33т","color":"#0059a9","mode":"bus","arr":["33т"],"angle":-44.8}},{"type":"Feature","geometry":{"type":"Point","coordinates":[30.681338,50.452]},"properties":{"lines":"33т","color":"#0059a9","mode":"bus","arr":["33т"],"angle":-31.7,"mi":1}},{"type":"Feature","geometry":{"type":"Point","coordinates":[30.679532,50.451224]},"properties":{"lines":"33т","color":"#0059a9","mode":"bus","arr":["33т"],"angle":-31.6,"extra":1,"ei":0}},{"type":"Feature","geometry":{"type":"Point","coordinates":[30.67538,50.448641]},"properties":{"lines":"33т","color":"#0059a9","mode":"bus","arr":["33т"],"angle":-57.5,"extra":1,"ei":1}},{"type":"Feature","geometry":{"type":"Point","coordinates":[30.634499,50.452851]},"properties":{"lines":"33т, 63, 118д","color":"#0059a9","mode":"bus","arr":["33т","63","118д"],"angle":-54.2}},{"type":"Feature","geometry":{"type":"Point","coordinates":[30.629678,50.460862]},"properties":{"lines":"33т","color":"#0059a9","mode":"bus","arr":["33т"],"angle":-22.8,"side":-1}},{"type":"Feature","geometry":{"type":"Point","coordinates":[30.628301,50.460489]},"properties":{"lines":"33т, 118д","color":"#0059a9","mode":"bus","arr":["33т","118д"],"angle":-23.3}},{"type":"Feature","geometry":{"type":"Point","coordinates":[30.615194,50.421734]},"properties":{"lines":"35","color":"#0059a9","mode":"bus","arr":["35"],"angle":-24,"mi":8}},{"type":"Feature","geometry":{"type":"Point","coordinates":[30.609133,50.420015]},"properties":{"lines":"35","color":"#0059a9","mode":"bus","arr":["35"],"angle":-24,"mi":6}},{"type":"Feature","geometry":{"type":"Point","coordinates":[30.612365,50.420931]},"properties":{"lines":"35","color":"#0059a9","mode":"bus","arr":["35"],"angle":-24,"extra":1,"ei":0}},{"type":"Feature","geometry":{"type":"Point","coordinates":[30.617861,50.422327]},"properties":{"lines":"35","color":"#0059a9","mode":"bus","arr":["35"],"angle":-7.9,"extra":1,"ei":1}},{"type":"Feature","geometry":{"type":"Point","coordinates":[30.609882,50.415687]},"properties":{"lines":"35","color":"#0059a9","mode":"bus","arr":["35"],"angle":70}},{"type":"Feature","geometry":{"type":"Point","coordinates":[30.604754,50.41256]},"properties":{"lines":"108","color":"#0059a9","mode":"bus","arr":["108"],"angle":-21.5}},{"type":"Feature","geometry":{"type":"Point","coordinates":[30.609282,50.413662]},"properties":{"lines":"108","color":"#0059a9","mode":"bus","arr":["108"],"angle":-20.8,"extra":1,"ei":0}},{"type":"Feature","geometry":{"type":"Point","coordinates":[30.606513,50.412989]},"properties":{"lines":"108","color":"#0059a9","mode":"bus","arr":["108"],"angle":-21,"extra":1,"ei":1}},{"type":"Feature","geometry":{"type":"Point","coordinates":[30.600977,50.411639]},"properties":{"lines":"108","color":"#0059a9","mode":"bus","arr":["108"],"angle":-21.2,"extra":1,"ei":2}},{"type":"Feature","geometry":{"type":"Point","coordinates":[30.616255,50.41572]},"properties":{"lines":"35, 108","color":"#0059a9","mode":"bus","arr":["35","108"],"angle":-25.9}},{"type":"Feature","geometry":{"type":"Point","coordinates":[30.612004,50.414404]},"properties":{"lines":"35, 108","color":"#0059a9","mode":"bus","arr":["35","108"],"angle":-26.1,"extra":1,"ei":0}},{"type":"Feature","geometry":{"type":"Point","coordinates":[30.620002,50.416879]},"properties":{"lines":"35, 108","color":"#0059a9","mode":"bus","arr":["35","108"],"angle":-25.9,"extra":1,"ei":1}},{"type":"Feature","geometry":{"type":"Point","coordinates":[30.611464,50.413025]},"properties":{"lines":"35","color":"#0059a9","mode":"bus","arr":["35"],"angle":68.3,"mi":1}},{"type":"Feature","geometry":{"type":"Point","coordinates":[30.617191,50.409849]},"properties":{"lines":"35","color":"#0059a9","mode":"bus","arr":["35"],"angle":44.8,"mi":7}},{"type":"Feature","geometry":{"type":"Point","coordinates":[30.613556,50.411923]},"properties":{"lines":"35","color":"#0059a9","mode":"bus","arr":["35"],"angle":13.5,"extra":1,"ei":0}},{"type":"Feature","geometry":{"type":"Point","coordinates":[30.615804,50.410734]},"properties":{"lines":"35","color":"#0059a9","mode":"bus","arr":["35"],"angle":45,"extra":1,"ei":1}},{"type":"Feature","geometry":{"type":"Point","coordinates":[30.619918,50.408018]},"properties":{"lines":"35","color":"#0059a9","mode":"bus","arr":["35"],"angle":52.7,"extra":1,"ei":2}},{"type":"Feature","geometry":{"type":"Point","coordinates":[30.613684,50.41168]},"properties":{"lines":"35","color":"#0059a9","mode":"bus","arr":["35"],"angle":-61.1,"mi":3}},{"type":"Feature","geometry":{"type":"Point","coordinates":[30.622244,50.404584]},"properties":{"lines":"35, 42","color":"#0059a9","mode":"bus","arr":["35","42"],"angle":67.7,"mi":2}},{"type":"Feature","geometry":{"type":"Point","coordinates":[30.622986,50.403431]},"properties":{"lines":"35, 42","color":"#0059a9","mode":"bus","arr":["35","42"],"angle":68.5,"extra":1,"ei":0}},{"type":"Feature","geometry":{"type":"Point","coordinates":[30.619298,50.401868]},"properties":{"lines":"35, 42","color":"#0059a9","mode":"bus","arr":["35","42"],"angle":-13.6,"mi":1}},{"type":"Feature","geometry":{"type":"Point","coordinates":[30.62207,50.402304]},"properties":{"lines":"35, 42","color":"#0059a9","mode":"bus","arr":["35","42"],"angle":-14.2,"extra":1,"ei":0}},{"type":"Feature","geometry":{"type":"Point","coordinates":[30.616294,50.401461]},"properties":{"lines":"35, 42","color":"#0059a9","mode":"bus","arr":["35","42"],"angle":-9.1,"extra":1,"ei":1}},{"type":"Feature","geometry":{"type":"Point","coordinates":[30.61542,50.397924]},"properties":{"lines":"35, 42, 87","color":"#0059a9","mode":"bus","arr":["35","42","87"],"angle":84.6,"side":-1,"mi":1}},{"type":"Feature","geometry":{"type":"Point","coordinates":[30.615136,50.400394]},"properties":{"lines":"35, 42, 87","color":"#0059a9","mode":"bus","arr":["35","42","87"],"angle":85.8,"extra":1,"ei":0,"side":-1}},{"type":"Feature","geometry":{"type":"Point","coordinates":[30.61568,50.396634]},"properties":{"lines":"35, 42, 87","color":"#0059a9","mode":"bus","arr":["35","42","87"],"angle":81,"extra":1,"ei":1,"side":-1}},{"type":"Feature","geometry":{"type":"Point","coordinates":[30.616284,50.394786]},"properties":{"lines":"35, 42, 87","color":"#0059a9","mode":"bus","arr":["35","42","87"],"angle":77.7,"extra":1,"ei":2,"side":-1}},{"type":"Feature","geometry":{"type":"Point","coordinates":[30.616948,50.39325]},"properties":{"lines":"35, 42","color":"#0059a9","mode":"bus","arr":["35","42"],"angle":-23.5,"mi":3}},{"type":"Feature","geometry":{"type":"Point","coordinates":[30.61673,50.394486]},"properties":{"lines":"35, 42","color":"#0059a9","mode":"bus","arr":["35","42"],"angle":79.4,"extra":1,"ei":0}},{"type":"Feature","geometry":{"type":"Point","coordinates":[30.617214,50.396681]},"properties":{"lines":"35, 42","color":"#0059a9","mode":"bus","arr":["35","42"],"angle":34}},{"type":"Feature","geometry":{"type":"Point","coordinates":[30.619324,50.423616]},"properties":{"lines":"35, 42","color":"#0059a9","mode":"bus","arr":["35","42"],"angle":-28.8,"mi":1}},{"type":"Feature","geometry":{"type":"Point","coordinates":[30.605657,50.393299]},"properties":{"lines":"35","color":"#0059a9","mode":"bus","arr":["35"],"angle":-89.1}},{"type":"Feature","geometry":{"type":"Point","coordinates":[30.604514,50.3927]},"properties":{"lines":"35, 35к","color":"#0059a9","mode":"bus","arr":["35","35к"],"angle":35}},{"type":"Feature","geometry":{"type":"Point","coordinates":[30.603482,50.387663]},"properties":{"lines":"35, 35к, 74","color":"#0059a9","mode":"bus","arr":["35","35к","74"],"angle":80.2}},{"type":"Feature","geometry":{"type":"Point","coordinates":[30.604751,50.391389]},"properties":{"lines":"35, 35к, 74","color":"#0059a9","mode":"bus","arr":["35","35к","74"],"angle":-57.3,"extra":1,"ei":0}},{"type":"Feature","geometry":{"type":"Point","coordinates":[30.603024,50.389919]},"properties":{"lines":"35, 35к, 74","color":"#0059a9","mode":"bus","arr":["35","35к","74"],"angle":-74.4,"extra":1,"ei":1}},{"type":"Feature","geometry":{"type":"Point","coordinates":[30.603889,50.386187]},"properties":{"lines":"35, 35к, 74","color":"#0059a9","mode":"bus","arr":["35","35к","74"],"angle":79.1,"extra":1,"ei":2}},{"type":"Feature","geometry":{"type":"Point","coordinates":[30.604408,50.384328]},"properties":{"lines":"35, 35к, 74","color":"#0059a9","mode":"bus","arr":["35","35к","74"],"angle":81.1,"extra":1,"ei":3}},{"type":"Feature","geometry":{"type":"Point","coordinates":[30.600269,50.382134]},"properties":{"lines":"35, 35к","color":"#0059a9","mode":"bus","arr":["35","35к"],"angle":-8.8,"mi":1}},{"type":"Feature","geometry":{"type":"Point","coordinates":[30.597201,50.381686]},"properties":{"lines":"35, 35к","color":"#0059a9","mode":"bus","arr":["35","35к"],"angle":-11.1,"extra":1,"ei":0}},{"type":"Feature","geometry":{"type":"Point","coordinates":[30.603007,50.382413]},"properties":{"lines":"35, 35к","color":"#0059a9","mode":"bus","arr":["35","35к"],"angle":-9.6,"extra":1,"ei":1}},{"type":"Feature","geometry":{"type":"Point","coordinates":[30.593258,50.378794]},"properties":{"lines":"35, 35к","color":"#0059a9","mode":"bus","arr":["35","35к"],"angle":-78}},{"type":"Feature","geometry":{"type":"Point","coordinates":[30.594554,50.380994]},"properties":{"lines":"35, 35к","color":"#0059a9","mode":"bus","arr":["35","35к"],"angle":-51.2,"extra":1,"ei":0}},{"type":"Feature","geometry":{"type":"Point","coordinates":[30.59357,50.377489]},"properties":{"lines":"35, 35к","color":"#0059a9","mode":"bus","arr":["35","35к"],"angle":77.6,"extra":1,"ei":1}},{"type":"Feature","geometry":{"type":"Point","coordinates":[30.593617,50.375602]},"properties":{"lines":"35, 35к","color":"#0059a9","mode":"bus","arr":["35","35к"],"angle":-89.3,"extra":1,"ei":2}},{"type":"Feature","geometry":{"type":"Point","coordinates":[30.617829,50.39494]},"properties":{"lines":"35, 42, 87","color":"#0059a9","mode":"bus","arr":["35","42","87"],"angle":-57}},{"type":"Feature","geometry":{"type":"Point","coordinates":[30.622641,50.417673]},"properties":{"lines":"35, 42, 108","color":"#0059a9","mode":"bus","arr":["35","42","108"],"angle":-24.1}},{"type":"Feature","geometry":{"type":"Point","coordinates":[30.621674,50.420696]},"properties":{"lines":"35, 42","color":"#0059a9","mode":"bus","arr":["35","42"],"angle":69.6,"mi":2}},{"type":"Feature","geometry":{"type":"Point","coordinates":[30.62285,50.418765]},"properties":{"lines":"35, 42","color":"#0059a9","mode":"bus","arr":["35","42"],"angle":67,"extra":1,"ei":0}},{"type":"Feature","geometry":{"type":"Point","coordinates":[30.620741,50.422294]},"properties":{"lines":"35, 42","color":"#0059a9","mode":"bus","arr":["35","42"],"angle":69.8,"extra":1,"ei":1}},{"type":"Feature","geometry":{"type":"Point","coordinates":[30.619321,50.422743]},"properties":{"lines":"35, 42","color":"#0059a9","mode":"bus","arr":["35","42"],"angle":69.1}},{"type":"Feature","geometry":{"type":"Point","coordinates":[30.627049,50.471128]},"properties":{"lines":"63","color":"#0059a9","mode":"bus","arr":["63"],"angle":-23.4,"mi":2}},{"type":"Feature","geometry":{"type":"Point","coordinates":[30.629148,50.47171]},"properties":{"lines":"63","color":"#0059a9","mode":"bus","arr":["63"],"angle":-23.6,"extra":1,"ei":0}},{"type":"Feature","geometry":{"type":"Point","coordinates":[30.623716,50.470198]},"properties":{"lines":"63","color":"#0059a9","mode":"bus","arr":["63"],"angle":-24.5,"extra":1,"ei":1}},{"type":"Feature","geometry":{"type":"Point","coordinates":[30.622415,50.469656]},"properties":{"lines":"35т","color":"#0059a9","mode":"bus","arr":["35т"],"angle":-24.4,"side":-1}},{"type":"Feature","geometry":{"type":"Point","coordinates":[30.623784,50.508573]},"properties":{"lines":"98","color":"#0059a9","mode":"bus","arr":["98"],"angle":33.2}},{"type":"Feature","geometry":{"type":"Point","coordinates":[30.609261,50.514668]},"properties":{"lines":"98, 110","color":"#0059a9","mode":"bus","arr":["98","110"],"angle":33.9,"mi":1}},{"type":"Feature","geometry":{"type":"Point","coordinates":[30.614685,50.512447]},"properties":{"lines":"98, 110","color":"#0059a9","mode":"bus","arr":["98","110"],"angle":56.6}},{"type":"Feature","geometry":{"type":"Point","coordinates":[30.606929,50.515537]},"properties":{"lines":"98, 110","color":"#0059a9","mode":"bus","arr":["98","110"],"angle":33.4,"extra":1,"ei":0,"side":-1}},{"type":"Feature","geometry":{"type":"Point","coordinates":[30.611865,50.513448]},"properties":{"lines":"98, 110","color":"#0059a9","mode":"bus","arr":["98","110"],"angle":32.6,"extra":1,"ei":1,"side":-1}},{"type":"Feature","geometry":{"type":"Point","coordinates":[30.617932,50.51104]},"properties":{"lines":"35т, 98, 110","color":"#0059a9","mode":"bus","arr":["35т","98","110"],"angle":33}},{"type":"Feature","geometry":{"type":"Point","coordinates":[30.619651,50.510326]},"properties":{"lines":"35т, 98, 110","color":"#0059a9","mode":"bus","arr":["35т","98","110"],"angle":33.1,"extra":1,"ei":0}},{"type":"Feature","geometry":{"type":"Point","coordinates":[30.631131,50.460659]},"properties":{"lines":"35т, 118д","color":"#0059a9","mode":"bus","arr":["35т","118д"],"angle":-57.5}},{"type":"Feature","geometry":{"type":"Point","coordinates":[30.653152,50.467819]},"properties":{"lines":"35т","color":"#0059a9","mode":"bus","arr":["35т"],"angle":62.9,"mi":1}},{"type":"Feature","geometry":{"type":"Point","coordinates":[30.450576,50.47297]},"properties":{"lines":"36, 16, 35","color":"#0059a9","mode":"bus","arr":["36","Тб16","Тб35"],"tLines":"16, 35","ntLines":"36","angle":13,"side":-1}},{"type":"Feature","geometry":{"type":"Point","coordinates":[30.451133,50.471382]},"properties":{"lines":"36","color":"#0059a9","mode":"bus","arr":["36"],"angle":-70.3}},{"type":"Feature","geometry":{"type":"Point","coordinates":[30.450407,50.470102]},"properties":{"lines":"36","color":"#0059a9","mode":"bus","arr":["36"],"angle":-71,"extra":1,"ei":0}},{"type":"Feature","geometry":{"type":"Point","coordinates":[30.449023,50.470131]},"properties":{"lines":"36","color":"#0059a9","mode":"bus","arr":["36"],"angle":5.7,"mi":1}},{"type":"Feature","geometry":{"type":"Point","coordinates":[30.447289,50.470132]},"properties":{"lines":"36, 19, 23Д, 31Д","color":"#0059a9","mode":"bus","arr":["36","Тб19","Тб23Д","Тб31Д"],"tLines":"19, 23Д, 31Д","ntLines":"36","angle":4.7}},{"type":"Feature","geometry":{"type":"Point","coordinates":[30.446979,50.470621]},"properties":{"lines":"36, 22к, 30, 31Д, 42","color":"#0059a9","mode":"bus","arr":["36","Тб22к","Тб30","Тб31Д","Тб42"],"tLines":"22к, 30, 31Д, 42","ntLines":"36","angle":-76.4,"side":-1}},{"type":"Feature","geometry":{"type":"Point","coordinates":[30.44794,50.473446]},"properties":{"lines":"36","color":"#0059a9","mode":"bus","arr":["36"],"angle":-76.3,"side":-1,"mi":2}},{"type":"Feature","geometry":{"type":"Point","coordinates":[30.447459,50.47201]},"properties":{"lines":"36","color":"#0059a9","mode":"bus","arr":["36"],"angle":-79.6,"extra":1,"ei":0,"side":-1}},{"type":"Feature","geometry":{"type":"Point","coordinates":[30.449055,50.47564]},"properties":{"lines":"36","color":"#0059a9","mode":"bus","arr":["36"],"angle":-66.5,"extra":1,"ei":1,"side":-1}},{"type":"Feature","geometry":{"type":"Point","coordinates":[30.449801,50.476618]},"properties":{"lines":"36, 50, 22к, 30, 31Д, 42","color":"#0059a9","mode":"bus","arr":["36","50","Тб22к","Тб30","Тб31Д","Тб42"],"tLines":"22к, 30, 31Д, 42","ntLines":"36, 50","angle":-59.8,"side":-1}},{"type":"Feature","geometry":{"type":"Point","coordinates":[30.458943,50.481731]},"properties":{"lines":"50, 27, 30, 31Д","color":"#0059a9","mode":"bus","arr":["50","Тб27","Тб30","Тб31Д"],"tLines":"27, 30, 31Д","ntLines":"50","angle":-20.3,"side":-1,"mi":1}},{"type":"Feature","geometry":{"type":"Point","coordinates":[30.470878,50.484416]},"properties":{"lines":"50, 27, 30, 31Д","color":"#0059a9","mode":"bus","arr":["50","Тб27","Тб30","Тб31Д"],"tLines":"27, 30, 31Д","ntLines":"50","angle":-52.9,"side":-1}},{"type":"Feature","geometry":{"type":"Point","coordinates":[30.451728,50.478457]},"properties":{"lines":"50, 27, 30, 31Д","color":"#0059a9","mode":"bus","arr":["50","Тб27","Тб30","Тб31Д"],"tLines":"27, 30, 31Д","ntLines":"50","angle":-54.7,"extra":1,"ei":0,"side":-1}},{"type":"Feature","geometry":{"type":"Point","coordinates":[30.453684,50.479868]},"properties":{"lines":"50, 27, 30, 31Д","color":"#0059a9","mode":"bus","arr":["50","Тб27","Тб30","Тб31Д"],"tLines":"27, 30, 31Д","ntLines":"50","angle":-41.3,"extra":1,"ei":1,"side":-1}},{"type":"Feature","geometry":{"type":"Point","coordinates":[30.456085,50.480969]},"properties":{"lines":"50, 27, 30, 31Д","color":"#0059a9","mode":"bus","arr":["50","Тб27","Тб30","Тб31Д"],"tLines":"27, 30, 31Д","ntLines":"50","angle":-28.1,"extra":1,"ei":2,"side":-1}},{"type":"Feature","geometry":{"type":"Point","coordinates":[30.461557,50.482411]},"properties":{"lines":"50, 27, 30, 31Д","color":"#0059a9","mode":"bus","arr":["50","Тб27","Тб30","Тб31Д"],"tLines":"27, 30, 31Д","ntLines":"50","angle":-21.9,"extra":1,"ei":3,"side":-1}},{"type":"Feature","geometry":{"type":"Point","coordinates":[30.464398,50.482927]},"properties":{"lines":"50, 27, 30, 31Д","color":"#0059a9","mode":"bus","arr":["50","Тб27","Тб30","Тб31Д"],"tLines":"27, 30, 31Д","ntLines":"50","angle":-9,"extra":1,"ei":4,"side":-1}},{"type":"Feature","geometry":{"type":"Point","coordinates":[30.467339,50.483159]},"properties":{"lines":"50, 27, 30, 31Д","color":"#0059a9","mode":"bus","arr":["50","Тб27","Тб30","Тб31Д"],"tLines":"27, 30, 31Д","ntLines":"50","angle":-8.4,"extra":1,"ei":5,"side":-1}},{"type":"Feature","geometry":{"type":"Point","coordinates":[30.447667,50.478683]},"properties":{"lines":"36, 19, 22к, 42","color":"#0059a9","mode":"bus","arr":["36","Тб19","Тб22к","Тб42"],"tLines":"19, 22к, 42","ntLines":"36","angle":33.3}},{"type":"Feature","geometry":{"type":"Point","coordinates":[30.449229,50.47803]},"properties":{"lines":"36, 19, 22к, 42","color":"#0059a9","mode":"bus","arr":["36","Тб19","Тб22к","Тб42"],"tLines":"19, 22к, 42","ntLines":"36","angle":33.2,"extra":1,"ei":0}},{"type":"Feature","geometry":{"type":"Point","coordinates":[30.442161,50.482826]},"properties":{"lines":"36","color":"#0059a9","mode":"bus","arr":["36"],"angle":-37.5}},{"type":"Feature","geometry":{"type":"Point","coordinates":[30.443638,50.480384]},"properties":{"lines":"36","color":"#0059a9","mode":"bus","arr":["36"],"angle":33.9,"extra":1,"ei":0}},{"type":"Feature","geometry":{"type":"Point","coordinates":[30.441226,50.48147]},"properties":{"lines":"36","color":"#0059a9","mode":"bus","arr":["36"],"angle":55.2,"extra":1,"ei":1}},{"type":"Feature","geometry":{"type":"Point","coordinates":[30.442529,50.4845]},"properties":{"lines":"36","color":"#0059a9","mode":"bus","arr":["36"],"angle":50.8,"extra":1,"ei":2}},{"type":"Feature","geometry":{"type":"Point","coordinates":[30.441395,50.486225]},"properties":{"lines":"36","color":"#0059a9","mode":"bus","arr":["36"],"angle":63.1,"extra":1,"ei":3}},{"type":"Feature","geometry":{"type":"Point","coordinates":[30.450968,50.490761]},"properties":{"lines":"36","color":"#0059a9","mode":"bus","arr":["36"],"angle":-20.1,"mi":2}},{"type":"Feature","geometry":{"type":"Point","coordinates":[30.441558,50.487628]},"properties":{"lines":"36","color":"#0059a9","mode":"bus","arr":["36"],"angle":-51.5,"extra":1,"ei":0}},{"type":"Feature","geometry":{"type":"Point","coordinates":[30.444068,50.488605]},"properties":{"lines":"36","color":"#0059a9","mode":"bus","arr":["36"],"angle":-27.5,"extra":1,"ei":1}},{"type":"Feature","geometry":{"type":"Point","coordinates":[30.44671,50.48946]},"properties":{"lines":"36","color":"#0059a9","mode":"bus","arr":["36"],"angle":-26.2,"extra":1,"ei":2}},{"type":"Feature","geometry":{"type":"Point","coordinates":[30.455063,50.491208]},"properties":{"lines":"36","color":"#0059a9","mode":"bus","arr":["36"],"angle":-9.5,"extra":1,"ei":3}},{"type":"Feature","geometry":{"type":"Point","coordinates":[30.457937,50.491631]},"properties":{"lines":"36","color":"#0059a9","mode":"bus","arr":["36"],"angle":-23.4,"extra":1,"ei":4}},{"type":"Feature","geometry":{"type":"Point","coordinates":[30.460666,50.492366]},"properties":{"lines":"36","color":"#0059a9","mode":"bus","arr":["36"],"angle":-24.2,"extra":1,"ei":5}},{"type":"Feature","geometry":{"type":"Point","coordinates":[30.463907,50.491622]},"properties":{"lines":"36, 6, 18, 25, 28Д, 33","color":"#0059a9","mode":"bus","arr":["36","Тб6","Тб18","Тб25","Тб28Д","Тб33"],"tLines":"6, 18, 25, 28Д, 33","ntLines":"36","angle":56.5,"side":-1}},{"type":"Feature","geometry":{"type":"Point","coordinates":[30.464635,50.490165]},"properties":{"lines":"36","color":"#0059a9","mode":"bus","arr":["36"],"angle":-44.9,"mi":1}},{"type":"Feature","geometry":{"type":"Point","coordinates":[30.461891,50.490861]},"properties":{"lines":"36","color":"#0059a9","mode":"bus","arr":["36"],"angle":47.7}},{"type":"Feature","geometry":{"type":"Point","coordinates":[30.449669,50.476655]},"properties":{"lines":"36, 50, 19, 22к, 27, 30, 31Д, 42","color":"#0059a9","mode":"bus","arr":["36","50","Тб19","Тб22к","Тб27","Тб30","Тб31Д","Тб42"],"tLines":"19, 22к, 27, 30, 31Д, 42","ntLines":"36, 50","angle":-58.8}},{"type":"Feature","geometry":{"type":"Point","coordinates":[30.448387,50.4747]},"properties":{"lines":"36, 19, 27, 30","color":"#0059a9","mode":"bus","arr":["36","Тб19","Тб27","Тб30"],"tLines":"19, 27, 30","ntLines":"36","angle":-72}},{"type":"Feature","geometry":{"type":"Point","coordinates":[30.347106,50.459764]},"properties":{"lines":"36тр, 97к, 39","color":"#0059a9","mode":"bus","arr":["36тр","97к","Тб39"],"tLines":"39","ntLines":"36тр, 97к","angle":-0.8}},{"type":"Feature","geometry":{"type":"Point","coordinates":[30.345921,50.459555]},"properties":{"lines":"36тр, 97к, 103, 7, 39","color":"#0059a9","mode":"bus","arr":["36тр","97к","103","Тб7","Тб39"],"tLines":"7, 39","ntLines":"36тр, 97к, 103","angle":84,"side":-1}},{"type":"Feature","geometry":{"type":"Point","coordinates":[30.346328,50.457166]},"properties":{"lines":"36тр, 7","color":"#0059a9","mode":"bus","arr":["36тр","Тб7"],"tLines":"7","ntLines":"36тр","angle":83.8,"mi":2}},{"type":"Feature","geometry":{"type":"Point","coordinates":[30.346115,50.458418]},"properties":{"lines":"36тр, 7","color":"#0059a9","mode":"bus","arr":["36тр","Тб7"],"tLines":"7","ntLines":"36тр","angle":83.8,"extra":1,"ei":0}},{"type":"Feature","geometry":{"type":"Point","coordinates":[30.35209,50.457023]},"properties":{"lines":"36тр, 7","color":"#0059a9","mode":"bus","arr":["36тр","Тб7"],"tLines":"7","ntLines":"36тр","angle":-6.2}},{"type":"Feature","geometry":{"type":"Point","coordinates":[30.347891,50.456733]},"properties":{"lines":"36тр, 7","color":"#0059a9","mode":"bus","arr":["36тр","Тб7"],"tLines":"7","ntLines":"36тр","angle":-6.2,"extra":1,"ei":0}},{"type":"Feature","geometry":{"type":"Point","coordinates":[30.355831,50.45791]},"properties":{"lines":"36тр, 7","color":"#0059a9","mode":"bus","arr":["36тр","Тб7"],"tLines":"7","ntLines":"36тр","angle":-78.1,"extra":1,"ei":1}},{"type":"Feature","geometry":{"type":"Point","coordinates":[30.35666,50.457042]},"properties":{"lines":"36тр, 56, 57, 7, 39","color":"#0059a9","mode":"bus","arr":["36тр","56","57","Тб7","Тб39"],"tLines":"7, 39","ntLines":"36тр, 56, 57","angle":82.4,"side":-1}},{"type":"Feature","geometry":{"type":"Point","coordinates":[30.355413,50.454069]},"properties":{"lines":"36тр, 7","color":"#0059a9","mode":"bus","arr":["36тр","Тб7"],"tLines":"7","ntLines":"36тр","angle":0.4,"mi":1}},{"type":"Feature","geometry":{"type":"Point","coordinates":[30.351779,50.455102]},"properties":{"lines":"36тр, 37, 37а, 7","color":"#0059a9","mode":"bus","arr":["36тр","37","37а","Тб7"],"tLines":"7","ntLines":"36тр, 37, 37а","angle":-5.7}},{"type":"Feature","geometry":{"type":"Point","coordinates":[30.357296,50.45532]},"properties":{"lines":"36тр, 37, 37а, 7","color":"#0059a9","mode":"bus","arr":["36тр","37","37а","Тб7"],"tLines":"7","ntLines":"36тр, 37, 37а","angle":-5.8,"side":-1,"mi":1}},{"type":"Feature","geometry":{"type":"Point","coordinates":[30.359399,50.455469]},"properties":{"lines":"36тр, 37, 37а, 7","color":"#0059a9","mode":"bus","arr":["36тр","37","37а","Тб7"],"tLines":"7","ntLines":"36тр, 37, 37а","angle":-6.6,"extra":1,"ei":0}},{"type":"Feature","geometry":{"type":"Point","coordinates":[30.353627,50.455225]},"properties":{"lines":"36тр, 37, 37а, 7","color":"#0059a9","mode":"bus","arr":["36тр","37","37а","Тб7"],"tLines":"7","ntLines":"36тр, 37, 37а","angle":-6.4,"extra":1,"ei":0}},{"type":"Feature","geometry":{"type":"Point","coordinates":[30.405854,50.497346]},"properties":{"lines":"36тр, 4, 26, 35","color":"#0059a9","mode":"bus","arr":["36тр","Тб4","Тб26","Тб35"],"tLines":"4, 26, 35","ntLines":"36тр","angle":89.6,"mi":1}},{"type":"Feature","geometry":{"type":"Point","coordinates":[30.406569,50.503802]},"properties":{"lines":"36тр, 4, 26, 35","color":"#0059a9","mode":"bus","arr":["36тр","Тб4","Тб26","Тб35"],"tLines":"4, 26, 35","ntLines":"36тр","angle":49.3}},{"type":"Feature","geometry":{"type":"Point","coordinates":[30.405852,50.491823]},"properties":{"lines":"36тр, 4, 26, 35","color":"#0059a9","mode":"bus","arr":["36тр","Тб4","Тб26","Тб35"],"tLines":"4, 26, 35","ntLines":"36тр","angle":89.7,"extra":1,"ei":0}},{"type":"Feature","geometry":{"type":"Point","coordinates":[30.405854,50.493712]},"properties":{"lines":"36тр, 4, 26, 35","color":"#0059a9","mode":"bus","arr":["36тр","Тб4","Тб26","Тб35"],"tLines":"4, 26, 35","ntLines":"36тр","angle":-89.2,"extra":1,"ei":1}},{"type":"Feature","geometry":{"type":"Point","coordinates":[30.405867,50.4956]},"properties":{"lines":"36тр, 4, 26, 35","color":"#0059a9","mode":"bus","arr":["36тр","Тб4","Тб26","Тб35"],"tLines":"4, 26, 35","ntLines":"36тр","angle":89.8,"extra":1,"ei":2}},{"type":"Feature","geometry":{"type":"Point","coordinates":[30.405829,50.499377]},"properties":{"lines":"36тр, 4, 26, 35","color":"#0059a9","mode":"bus","arr":["36тр","Тб4","Тб26","Тб35"],"tLines":"4, 26, 35","ntLines":"36тр","angle":89.5,"extra":1,"ei":3}},{"type":"Feature","geometry":{"type":"Point","coordinates":[30.405863,50.501265]},"properties":{"lines":"36тр, 4, 26, 35","color":"#0059a9","mode":"bus","arr":["36тр","Тб4","Тб26","Тб35"],"tLines":"4, 26, 35","ntLines":"36тр","angle":-86.4,"extra":1,"ei":4}},{"type":"Feature","geometry":{"type":"Point","coordinates":[30.407865,50.505891]},"properties":{"lines":"36тр, 4, 26, 35","color":"#0059a9","mode":"bus","arr":["36тр","Тб4","Тб26","Тб35"],"tLines":"4, 26, 35","ntLines":"36тр","angle":-73.1,"extra":1,"ei":0}},{"type":"Feature","geometry":{"type":"Point","coordinates":[30.414878,50.506007]},"properties":{"lines":"36тр, 102А, 103, 4, 26, 35","color":"#0059a9","mode":"bus","arr":["36тр","102А","103","Тб4","Тб26","Тб35"],"tLines":"4, 26, 35","ntLines":"36тр, 102А, 103","angle":17,"side":-1}},{"type":"Feature","geometry":{"type":"Point","coordinates":[30.410123,50.506934]},"properties":{"lines":"36тр, 102А, 103, 4, 26, 35","color":"#0059a9","mode":"bus","arr":["36тр","102А","103","Тб4","Тб26","Тб35"],"tLines":"4, 26, 35","ntLines":"36тр, 102А, 103","angle":17.1,"extra":1,"ei":0,"side":-1}},{"type":"Feature","geometry":{"type":"Point","coordinates":[30.412957,50.506382]},"properties":{"lines":"36тр, 102А, 103, 4, 26, 35","color":"#0059a9","mode":"bus","arr":["36тр","102А","103","Тб4","Тб26","Тб35"],"tLines":"4, 26, 35","ntLines":"36тр, 102А, 103","angle":16.9,"extra":1,"ei":1,"side":-1}},{"type":"Feature","geometry":{"type":"Point","coordinates":[30.418625,50.505277]},"properties":{"lines":"36тр, 102А, 103, 4, 26, 35","color":"#0059a9","mode":"bus","arr":["36тр","102А","103","Тб4","Тб26","Тб35"],"tLines":"4, 26, 35","ntLines":"36тр, 102А, 103","angle":16.9,"extra":1,"ei":2,"side":-1}},{"type":"Feature","geometry":{"type":"Point","coordinates":[30.420701,50.505118]},"properties":{"lines":"36тр, 103, 4, 26, 35","color":"#0059a9","mode":"bus","arr":["36тр","103","Тб4","Тб26","Тб35"],"tLines":"4, 26, 35","ntLines":"36тр, 103","angle":-5.3,"mi":1}},{"type":"Feature","geometry":{"type":"Point","coordinates":[30.421213,50.507458]},"properties":{"lines":"36тр, 103, 4, 26, 35","color":"#0059a9","mode":"bus","arr":["36тр","103","Тб4","Тб26","Тб35"],"tLines":"4, 26, 35","ntLines":"36тр, 103","angle":75.5}},{"type":"Feature","geometry":{"type":"Point","coordinates":[30.421841,50.511448]},"properties":{"lines":"36тр, 103, 4, 26, 35","color":"#0059a9","mode":"bus","arr":["36тр","103","Тб4","Тб26","Тб35"],"tLines":"4, 26, 35","ntLines":"36тр, 103","angle":-50.6,"mi":2}},{"type":"Feature","geometry":{"type":"Point","coordinates":[30.421888,50.505937]},"properties":{"lines":"36тр, 103, 4, 26, 35","color":"#0059a9","mode":"bus","arr":["36тр","103","Тб4","Тб26","Тб35"],"tLines":"4, 26, 35","ntLines":"36тр, 103","angle":73.9,"extra":1,"ei":0}},{"type":"Feature","geometry":{"type":"Point","coordinates":[30.420387,50.509589]},"properties":{"lines":"36тр, 103, 4, 26, 35","color":"#0059a9","mode":"bus","arr":["36тр","103","Тб4","Тб26","Тб35"],"tLines":"4, 26, 35","ntLines":"36тр, 103","angle":84.2,"extra":1,"ei":1}},{"type":"Feature","geometry":{"type":"Point","coordinates":[30.424582,50.512597]},"properties":{"lines":"36тр, 72, 102А, 103, 25, 28Д","color":"#0059a9","mode":"bus","arr":["36тр","72","102А","103","Тб25","Тб28Д"],"tLines":"25, 28Д","ntLines":"36тр, 72, 102А, 103","angle":13.8,"side":-1}},{"type":"Feature","geometry":{"type":"Point","coordinates":[30.426032,50.511987]},"properties":{"lines":"36тр, 72, 102А, 103, 24, 25, 28Д","color":"#0059a9","mode":"bus","arr":["36тр","72","102А","103","Тб24","Тб25","Тб28Д"],"tLines":"24, 25, 28Д","ntLines":"36тр, 72, 102А, 103","angle":40.8}},{"type":"Feature","geometry":{"type":"Point","coordinates":[30.424595,50.512795]},"properties":{"lines":"36тр, 72, 102А, 103, 24, 25, 28Д","color":"#0059a9","mode":"bus","arr":["36тр","72","102А","103","Тб24","Тб25","Тб28Д"],"tLines":"24, 25, 28Д","ntLines":"36тр, 72, 102А, 103","angle":42.4,"extra":1,"ei":0}},{"type":"Feature","geometry":{"type":"Point","coordinates":[30.430476,50.509479]},"properties":{"lines":"36тр, 72, 102А, 24, 25, 28Д","color":"#0059a9","mode":"bus","arr":["36тр","72","102А","Тб24","Тб25","Тб28Д"],"tLines":"24, 25, 28Д","ntLines":"36тр, 72, 102А","angle":41.7,"mi":1}},{"type":"Feature","geometry":{"type":"Point","coordinates":[30.428228,50.510714]},"properties":{"lines":"36тр, 72, 102А, 24, 25, 28Д","color":"#0059a9","mode":"bus","arr":["36тр","72","102А","Тб24","Тб25","Тб28Д"],"tLines":"24, 25, 28Д","ntLines":"36тр, 72, 102А","angle":40.9,"side":-1}},{"type":"Feature","geometry":{"type":"Point","coordinates":[30.435443,50.506673]},"properties":{"lines":"36тр, 102А, 24, 25, 28Д","color":"#0059a9","mode":"bus","arr":["36тр","102А","Тб24","Тб25","Тб28Д"],"tLines":"24, 25, 28Д","ntLines":"36тр, 102А","angle":41.3,"mi":1}},{"type":"Feature","geometry":{"type":"Point","coordinates":[30.428917,50.510336]},"properties":{"lines":"36тр, 102А, 24, 25, 28Д","color":"#0059a9","mode":"bus","arr":["36тр","102А","Тб24","Тб25","Тб28Д"],"tLines":"24, 25, 28Д","ntLines":"36тр, 102А","angle":37.7,"side":-1}},{"type":"Feature","geometry":{"type":"Point","coordinates":[30.432896,50.50813]},"properties":{"lines":"36тр, 102А, 24, 25, 28Д","color":"#0059a9","mode":"bus","arr":["36тр","102А","Тб24","Тб25","Тб28Д"],"tLines":"24, 25, 28Д","ntLines":"36тр, 102А","angle":41.6,"extra":1,"ei":0}},{"type":"Feature","geometry":{"type":"Point","coordinates":[30.437326,50.505621]},"properties":{"lines":"36тр, 102А, 24, 25, 28Д","color":"#0059a9","mode":"bus","arr":["36тр","102А","Тб24","Тб25","Тб28Д"],"tLines":"24, 25, 28Д","ntLines":"36тр, 102А","angle":46.4,"extra":1,"ei":1}},{"type":"Feature","geometry":{"type":"Point","coordinates":[30.442546,50.505005]},"properties":{"lines":"36тр, 102А, 24","color":"#0059a9","mode":"bus","arr":["36тр","102А","Тб24"],"tLines":"24","ntLines":"36тр, 102А","angle":-12.1,"mi":4}},{"type":"Feature","geometry":{"type":"Point","coordinates":[30.449204,50.505381]},"properties":{"lines":"36тр, 102А, 24","color":"#0059a9","mode":"bus","arr":["36тр","102А","Тб24"],"tLines":"24","ntLines":"36тр, 102А","angle":0.8,"mi":1}},{"type":"Feature","geometry":{"type":"Point","coordinates":[30.44028,50.504678]},"properties":{"lines":"36тр, 102А, 24","color":"#0059a9","mode":"bus","arr":["36тр","102А","Тб24"],"tLines":"24","ntLines":"36тр, 102А","angle":-13.9,"extra":1,"ei":0}},{"type":"Feature","geometry":{"type":"Point","coordinates":[30.44607,50.505482]},"properties":{"lines":"36тр, 102А, 24","color":"#0059a9","mode":"bus","arr":["36тр","102А","Тб24"],"tLines":"24","ntLines":"36тр, 102А","angle":-10.5,"extra":1,"ei":1}},{"type":"Feature","geometry":{"type":"Point","coordinates":[30.446867,50.505506]},"properties":{"lines":"36тр, 102А","color":"#0059a9","mode":"bus","arr":["36тр","102А"],"angle":0,"side":-1}},{"type":"Feature","geometry":{"type":"Point","coordinates":[30.454986,50.505521]},"properties":{"lines":"36тр, 102А, 24","color":"#0059a9","mode":"bus","arr":["36тр","102А","Тб24"],"tLines":"24","ntLines":"36тр, 102А","angle":23.2}},{"type":"Feature","geometry":{"type":"Point","coordinates":[30.452705,50.505618]},"properties":{"lines":"36тр, 102А, 24","color":"#0059a9","mode":"bus","arr":["36тр","102А","Тб24"],"tLines":"24","ntLines":"36тр, 102А","angle":1.1,"extra":1,"ei":0,"side":-1}},{"type":"Feature","geometry":{"type":"Point","coordinates":[30.457372,50.504957]},"properties":{"lines":"36тр, 102А, 24","color":"#0059a9","mode":"bus","arr":["36тр","102А","Тб24"],"tLines":"24","ntLines":"36тр, 102А","angle":12.8,"extra":1,"ei":0}},{"type":"Feature","geometry":{"type":"Point","coordinates":[30.483396,50.507123]},"properties":{"lines":"36тр, 102А, 24","color":"#0059a9","mode":"bus","arr":["36тр","102А","Тб24"],"tLines":"24","ntLines":"36тр, 102А","angle":1.3,"side":-1}},{"type":"Feature","geometry":{"type":"Point","coordinates":[30.483394,50.507224]},"properties":{"lines":"36тр, 102А, 24","color":"#0059a9","mode":"bus","arr":["36тр","102А","Тб24"],"tLines":"24","ntLines":"36тр, 102А","angle":1.2,"mi":1}},{"type":"Feature","geometry":{"type":"Point","coordinates":[30.469028,50.505896]},"properties":{"lines":"36тр, 102А, 24","color":"#0059a9","mode":"bus","arr":["36тр","102А","Тб24"],"tLines":"24","ntLines":"36тр, 102А","angle":-23.1,"mi":3}},{"type":"Feature","geometry":{"type":"Point","coordinates":[30.463891,50.505636]},"properties":{"lines":"36тр, 102А, 24","color":"#0059a9","mode":"bus","arr":["36тр","102А","Тб24"],"tLines":"24","ntLines":"36тр, 102А","angle":-10.6,"mi":2}},{"type":"Feature","geometry":{"type":"Point","coordinates":[30.460548,50.505131]},"properties":{"lines":"36тр, 102А, 24","color":"#0059a9","mode":"bus","arr":["36тр","102А","Тб24"],"tLines":"24","ntLines":"36тр, 102А","angle":-13.3,"extra":1,"ei":0}},{"type":"Feature","geometry":{"type":"Point","coordinates":[30.466374,50.505674]},"properties":{"lines":"36тр, 102А, 24","color":"#0059a9","mode":"bus","arr":["36тр","102А","Тб24"],"tLines":"24","ntLines":"36тр, 102А","angle":2,"extra":1,"ei":1}},{"type":"Feature","geometry":{"type":"Point","coordinates":[30.480757,50.507159]},"properties":{"lines":"36тр, 102А, 24","color":"#0059a9","mode":"bus","arr":["36тр","102А","Тб24"],"tLines":"24","ntLines":"36тр, 102А","angle":1.3,"extra":1,"ei":0}},{"type":"Feature","geometry":{"type":"Point","coordinates":[30.477812,50.507007]},"properties":{"lines":"36тр, 102А, 24","color":"#0059a9","mode":"bus","arr":["36тр","102А","Тб24"],"tLines":"24","ntLines":"36тр, 102А","angle":-10.7,"extra":1,"ei":1}},{"type":"Feature","geometry":{"type":"Point","coordinates":[30.474914,50.506613]},"properties":{"lines":"36тр, 102А, 24","color":"#0059a9","mode":"bus","arr":["36тр","102А","Тб24"],"tLines":"24","ntLines":"36тр, 102А","angle":-12.3,"extra":1,"ei":2}},{"type":"Feature","geometry":{"type":"Point","coordinates":[30.47202,50.506206]},"properties":{"lines":"36тр, 102А, 24","color":"#0059a9","mode":"bus","arr":["36тр","102А","Тб24"],"tLines":"24","ntLines":"36тр, 102А","angle":-12.3,"extra":1,"ei":3}},{"type":"Feature","geometry":{"type":"Point","coordinates":[30.486414,50.507197]},"properties":{"lines":"36тр, 102А, 24","color":"#0059a9","mode":"bus","arr":["36тр","102А","Тб24"],"tLines":"24","ntLines":"36тр, 102А","angle":0.2,"mi":2}},{"type":"Feature","geometry":{"type":"Point","coordinates":[30.488453,50.506958]},"properties":{"lines":"36тр, 102А, 24","color":"#0059a9","mode":"bus","arr":["36тр","102А","Тб24"],"tLines":"24","ntLines":"36тр, 102А","angle":16.5,"extra":1,"ei":0}},{"type":"Feature","geometry":{"type":"Point","coordinates":[30.48436,50.507211]},"properties":{"lines":"36тр, 102А, 24","color":"#0059a9","mode":"bus","arr":["36тр","102А","Тб24"],"tLines":"24","ntLines":"36тр, 102А","angle":0.9,"extra":1,"ei":0}},{"type":"Feature","geometry":{"type":"Point","coordinates":[30.49161,50.509723]},"properties":{"lines":"36тр, 24, 44","color":"#0059a9","mode":"bus","arr":["36тр","Тб24","Тб44"],"tLines":"24, 44","ntLines":"36тр","angle":-57.8,"side":-1}},{"type":"Feature","geometry":{"type":"Point","coordinates":[30.490171,50.508232]},"properties":{"lines":"36тр, 24, 44","color":"#0059a9","mode":"bus","arr":["36тр","Тб24","Тб44"],"tLines":"24, 44","ntLines":"36тр","angle":-60.5,"extra":1,"ei":0,"side":-1}},{"type":"Feature","geometry":{"type":"Point","coordinates":[30.493267,50.511453]},"properties":{"lines":"36тр, 24, 44","color":"#0059a9","mode":"bus","arr":["36тр","Тб24","Тб44"],"tLines":"24, 44","ntLines":"36тр","angle":-55.8,"extra":1,"ei":1,"side":-1}},{"type":"Feature","geometry":{"type":"Point","coordinates":[30.495865,50.512086]},"properties":{"lines":"36тр, 99, 24, 34","color":"#0059a9","mode":"bus","arr":["36тр","99","Тб24","Тб34"],"tLines":"24, 34","ntLines":"36тр, 99","angle":1.7}},{"type":"Feature","geometry":{"type":"Point","coordinates":[30.497828,50.511905]},"properties":{"lines":"36тр, 99, 24, 34, 47","color":"#0059a9","mode":"bus","arr":["36тр","99","Тб24","Тб34","Тб47"],"tLines":"24, 34, 47","ntLines":"36тр, 99","angle":46.7}},{"type":"Feature","geometry":{"type":"Point","coordinates":[30.49792,50.506651]},"properties":{"lines":"50, 73","color":"#0059a9","mode":"bus","arr":["50","73"],"angle":-88.8,"mi":1}},{"type":"Feature","geometry":{"type":"Point","coordinates":[30.498734,50.505366]},"properties":{"lines":"50, 73","color":"#0059a9","mode":"bus","arr":["50","73"],"angle":-88.9}},{"type":"Feature","geometry":{"type":"Point","coordinates":[30.499102,50.517478]},"properties":{"lines":"50, 73","color":"#0059a9","mode":"bus","arr":["50","73"],"angle":-88.9}},{"type":"Feature","geometry":{"type":"Point","coordinates":[30.498296,50.518796]},"properties":{"lines":"50, 73","color":"#0059a9","mode":"bus","arr":["50","73"],"angle":-89.1,"mi":1}},{"type":"Feature","geometry":{"type":"Point","coordinates":[30.497764,50.501813]},"properties":{"lines":"50, 73","color":"#0059a9","mode":"bus","arr":["50","73"],"angle":-88.7,"side":-1,"mi":2}},{"type":"Feature","geometry":{"type":"Point","coordinates":[30.498018,50.510021]},"properties":{"lines":"50, 73","color":"#0059a9","mode":"bus","arr":["50","73"],"angle":-88.7,"extra":1,"ei":0}},{"type":"Feature","geometry":{"type":"Point","coordinates":[30.497963,50.508133]},"properties":{"lines":"50, 73","color":"#0059a9","mode":"bus","arr":["50","73"],"angle":-89.1,"extra":1,"ei":1}},{"type":"Feature","geometry":{"type":"Point","coordinates":[30.498672,50.50331]},"properties":{"lines":"50, 73","color":"#0059a9","mode":"bus","arr":["50","73"],"angle":-88.6,"extra":1,"ei":0}},{"type":"Feature","geometry":{"type":"Point","coordinates":[30.499006,50.514199]},"properties":{"lines":"50, 73","color":"#0059a9","mode":"bus","arr":["50","73"],"angle":-89.2,"extra":1,"ei":0}},{"type":"Feature","geometry":{"type":"Point","coordinates":[30.499062,50.516087]},"properties":{"lines":"50, 73","color":"#0059a9","mode":"bus","arr":["50","73"],"angle":-89,"extra":1,"ei":1}},{"type":"Feature","geometry":{"type":"Point","coordinates":[30.499171,50.519864]},"properties":{"lines":"50, 73","color":"#0059a9","mode":"bus","arr":["50","73"],"angle":-89.1,"extra":1,"ei":2}},{"type":"Feature","geometry":{"type":"Point","coordinates":[30.502054,50.511978]},"properties":{"lines":"36тр, 24, 34, 47","color":"#0059a9","mode":"bus","arr":["36тр","Тб24","Тб34","Тб47"],"tLines":"24, 34, 47","ntLines":"36тр","angle":1.3,"mi":1}},{"type":"Feature","geometry":{"type":"Point","coordinates":[30.504148,50.51236]},"properties":{"lines":"36тр, 24, 34, 47","color":"#0059a9","mode":"bus","arr":["36тр","Тб24","Тб34","Тб47"],"tLines":"24, 34, 47","ntLines":"36тр","angle":0.9}},{"type":"Feature","geometry":{"type":"Point","coordinates":[30.500039,50.512012]},"properties":{"lines":"36тр, 24, 34, 47","color":"#0059a9","mode":"bus","arr":["36тр","Тб24","Тб34","Тб47"],"tLines":"24, 34, 47","ntLines":"36тр","angle":-0.8,"extra":1,"ei":0}},{"type":"Feature","geometry":{"type":"Point","coordinates":[30.511677,50.516855]},"properties":{"lines":"36тр, 24, 34","color":"#0059a9","mode":"bus","arr":["36тр","Тб24","Тб34"],"tLines":"24, 34","ntLines":"36тр","angle":-49.6,"mi":1}},{"type":"Feature","geometry":{"type":"Point","coordinates":[30.506842,50.512948]},"properties":{"lines":"36тр, 24, 34","color":"#0059a9","mode":"bus","arr":["36тр","Тб24","Тб34"],"tLines":"24, 34","ntLines":"36тр","angle":-66.3,"side":-1}},{"type":"Feature","geometry":{"type":"Point","coordinates":[30.513644,50.52138]},"properties":{"lines":"36тр, 24, 34","color":"#0059a9","mode":"bus","arr":["36тр","Тб24","Тб34"],"tLines":"24, 34","ntLines":"36тр","angle":89.8,"extra":1,"ei":0,"side":-1}},{"type":"Feature","geometry":{"type":"Point","coordinates":[30.513614,50.519492]},"properties":{"lines":"36тр, 24, 34","color":"#0059a9","mode":"bus","arr":["36тр","Тб24","Тб34"],"tLines":"24, 34","ntLines":"36тр","angle":-88.5,"extra":1,"ei":1}},{"type":"Feature","geometry":{"type":"Point","coordinates":[30.508955,50.514839]},"properties":{"lines":"36тр, 24, 34","color":"#0059a9","mode":"bus","arr":["36тр","Тб24","Тб34"],"tLines":"24, 34","ntLines":"36тр","angle":-48.8,"extra":1,"ei":2}},{"type":"Feature","geometry":{"type":"Point","coordinates":[30.512694,50.517457]},"properties":{"lines":"36тр, 41, 24, 34","color":"#0059a9","mode":"bus","arr":["36тр","41","Тб24","Тб34"],"tLines":"24, 34","ntLines":"36тр, 41","angle":-51.5,"side":-1}},{"type":"Feature","geometry":{"type":"Point","coordinates":[30.508432,50.514273]},"properties":{"lines":"36тр, 41, 24, 34","color":"#0059a9","mode":"bus","arr":["36тр","41","Тб24","Тб34"],"tLines":"24, 34","ntLines":"36тр, 41","angle":-49.8,"extra":1,"ei":0,"side":-1}},{"type":"Feature","geometry":{"type":"Point","coordinates":[30.510351,50.515712]},"properties":{"lines":"36тр, 41, 24, 34","color":"#0059a9","mode":"bus","arr":["36тр","41","Тб24","Тб34"],"tLines":"24, 34","ntLines":"36тр, 41","angle":-49.6,"extra":1,"ei":1,"side":-1}},{"type":"Feature","geometry":{"type":"Point","coordinates":[30.513676,50.518774]},"properties":{"lines":"36тр, 41, 24, 34","color":"#0059a9","mode":"bus","arr":["36тр","41","Тб24","Тб34"],"tLines":"24, 34","ntLines":"36тр, 41","angle":-80.6,"extra":1,"ei":2,"side":-1}},{"type":"Feature","geometry":{"type":"Point","coordinates":[30.513783,50.520659]},"properties":{"lines":"36тр, 41, 24, 34","color":"#0059a9","mode":"bus","arr":["36тр","41","Тб24","Тб34"],"tLines":"24, 34","ntLines":"36тр, 41","angle":-89.2,"extra":1,"ei":3,"side":-1}},{"type":"Feature","geometry":{"type":"Point","coordinates":[30.515017,50.523897]},"properties":{"lines":"36тр, 41, 50, 24, 32, 34, 44","color":"#0059a9","mode":"bus","arr":["36тр","41","50","Тб24","Тб32","Тб34","Тб44"],"tLines":"24, 32, 34, 44","ntLines":"36тр, 41, 50","angle":-53.6,"side":-1}},{"type":"Feature","geometry":{"type":"Point","coordinates":[30.516085,50.524876]},"properties":{"lines":"36тр, 41, 50, 24, 32, 34, 44","color":"#0059a9","mode":"bus","arr":["36тр","41","50","Тб24","Тб32","Тб34","Тб44"],"tLines":"24, 32, 34, 44","ntLines":"36тр, 41, 50","angle":-62,"extra":1,"ei":0,"side":-1}},{"type":"Feature","geometry":{"type":"Point","coordinates":[30.51651,50.52602]},"properties":{"lines":"36тр, 41, 50, 24, 32, 34","color":"#0059a9","mode":"bus","arr":["36тр","41","50","Тб24","Тб32","Тб34"],"tLines":"24, 32, 34","ntLines":"36тр, 41, 50","angle":-89,"side":-1}},{"type":"Feature","geometry":{"type":"Point","coordinates":[30.516492,50.527359]},"properties":{"lines":"36тр, 41, 24, 32, 34","color":"#0059a9","mode":"bus","arr":["36тр","41","Тб24","Тб32","Тб34"],"tLines":"24, 32, 34","ntLines":"36тр, 41","angle":89.2}},{"type":"Feature","geometry":{"type":"Point","coordinates":[30.516368,50.527599]},"properties":{"lines":"36тр, 24, 32, 34, 44","color":"#0059a9","mode":"bus","arr":["36тр","Тб24","Тб32","Тб34","Тб44"],"tLines":"24, 32, 34, 44","ntLines":"36тр","angle":88.5,"side":-1}},{"type":"Feature","geometry":{"type":"Point","coordinates":[30.515779,50.524692]},"properties":{"lines":"36тр, 50, 24, 32, 34, 44","color":"#0059a9","mode":"bus","arr":["36тр","50","Тб24","Тб32","Тб34","Тб44"],"tLines":"24, 32, 34, 44","ntLines":"36тр, 50","angle":-57.5}},{"type":"Feature","geometry":{"type":"Point","coordinates":[30.516413,50.526213]},"properties":{"lines":"36тр, 50, 24, 32, 34, 44","color":"#0059a9","mode":"bus","arr":["36тр","50","Тб24","Тб32","Тб34","Тб44"],"tLines":"24, 32, 34, 44","ntLines":"36тр, 50","angle":89.5,"extra":1,"ei":0,"side":-1}},{"type":"Feature","geometry":{"type":"Point","coordinates":[30.51374,50.52295]},"properties":{"lines":"36тр, 50, 24, 32, 34, 44","color":"#0059a9","mode":"bus","arr":["36тр","50","Тб24","Тб32","Тб34","Тб44"],"tLines":"24, 32, 34, 44","ntLines":"36тр, 50","angle":-37.2,"extra":1,"ei":1}},{"type":"Feature","geometry":{"type":"Point","coordinates":[30.496859,50.512473]},"properties":{"lines":"36тр, 24, 34","color":"#0059a9","mode":"bus","arr":["36тр","Тб24","Тб34"],"tLines":"24, 34","ntLines":"36тр","angle":0.6,"mi":2}},{"type":"Feature","geometry":{"type":"Point","coordinates":[30.446838,50.505595]},"properties":{"lines":"36тр, 24","color":"#0059a9","mode":"bus","arr":["36тр","Тб24"],"tLines":"24","ntLines":"36тр","angle":-13.4}},{"type":"Feature","geometry":{"type":"Point","coordinates":[30.427875,50.511068]},"properties":{"lines":"36тр, 72, 102А, 25, 28Д","color":"#0059a9","mode":"bus","arr":["36тр","72","102А","Тб25","Тб28Д"],"tLines":"25, 28Д","ntLines":"36тр, 72, 102А","angle":25.8}},{"type":"Feature","geometry":{"type":"Point","coordinates":[30.41077,50.506874]},"properties":{"lines":"36тр, 102А, 4, 26, 35","color":"#0059a9","mode":"bus","arr":["36тр","102А","Тб4","Тб26","Тб35"],"tLines":"4, 26, 35","ntLines":"36тр, 102А","angle":16.9}},{"type":"Feature","geometry":{"type":"Point","coordinates":[30.405303,50.458954]},"properties":{"lines":"36тр, 47, 4, 5","color":"#0059a9","mode":"bus","arr":["36тр","47","Тб4","Тб5"],"tLines":"4, 5","ntLines":"36тр, 47","angle":-55.7}},{"type":"Feature","geometry":{"type":"Point","coordinates":[30.400493,50.458359]},"properties":{"lines":"36тр, 90, 90к, 7","color":"#0059a9","mode":"bus","arr":["36тр","90","90к","Тб7"],"tLines":"7","ntLines":"36тр, 90, 90к","angle":-8.1}},{"type":"Feature","geometry":{"type":"Point","coordinates":[30.403418,50.45864]},"properties":{"lines":"36тр, 90, 90к, 7","color":"#0059a9","mode":"bus","arr":["36тр","90","90к","Тб7"],"tLines":"7","ntLines":"36тр, 90, 90к","angle":-6.8,"extra":1,"ei":0}},{"type":"Feature","geometry":{"type":"Point","coordinates":[30.397542,50.458174]},"properties":{"lines":"36тр, 90, 90к, 7","color":"#0059a9","mode":"bus","arr":["36тр","90","90к","Тб7"],"tLines":"7","ntLines":"36тр, 90, 90к","angle":-6.1,"extra":1,"ei":1}},{"type":"Feature","geometry":{"type":"Point","coordinates":[30.34741,50.454853]},"properties":{"lines":"36тр, 37, 37а","color":"#0059a9","mode":"bus","arr":["36тр","37","37а"],"angle":-4.6}},{"type":"Feature","geometry":{"type":"Point","coordinates":[30.346209,50.459434]},"properties":{"lines":"36тр, 97к, 103, 7, 39","color":"#0059a9","mode":"bus","arr":["36тр","97к","103","Тб7","Тб39"],"tLines":"7, 39","ntLines":"36тр, 97к, 103","angle":-24.1,"side":-1,"mi":1}},{"type":"Feature","geometry":{"type":"Point","coordinates":[30.346896,50.459513]},"properties":{"lines":"36тр, 97к, 7","color":"#0059a9","mode":"bus","arr":["36тр","97к","Тб7"],"tLines":"7","ntLines":"36тр, 97к","angle":-1.4,"side":-1}},{"type":"Feature","geometry":{"type":"Point","coordinates":[30.347614,50.459526]},"properties":{"lines":"36тр, 97к","color":"#0059a9","mode":"bus","arr":["36тр","97к"],"angle":-1.8,"side":-1}},{"type":"Feature","geometry":{"type":"Point","coordinates":[30.285749,50.432638]},"properties":{"lines":"37","color":"#0059a9","mode":"bus","arr":["37"],"angle":-44.5,"mi":6}},{"type":"Feature","geometry":{"type":"Point","coordinates":[30.287225,50.433462]},"properties":{"lines":"37","color":"#0059a9","mode":"bus","arr":["37"],"angle":-36,"extra":1,"ei":0}},{"type":"Feature","geometry":{"type":"Point","coordinates":[30.288803,50.433992]},"properties":{"lines":"37","color":"#0059a9","mode":"bus","arr":["37"],"angle":-65.2,"side":-1,"mi":5}},{"type":"Feature","geometry":{"type":"Point","coordinates":[30.281077,50.450065]},"properties":{"lines":"37","color":"#0059a9","mode":"bus","arr":["37"],"angle":-43.8,"side":-1,"mi":7}},{"type":"Feature","geometry":{"type":"Point","coordinates":[30.280067,50.441298]},"properties":{"lines":"37","color":"#0059a9","mode":"bus","arr":["37"],"angle":-42.6}},{"type":"Feature","geometry":{"type":"Point","coordinates":[30.28498,50.437513]},"properties":{"lines":"37","color":"#0059a9","mode":"bus","arr":["37"],"angle":43.6,"mi":1}},{"type":"Feature","geometry":{"type":"Point","coordinates":[30.287736,50.435238]},"properties":{"lines":"37","color":"#0059a9","mode":"bus","arr":["37"],"angle":36.5,"extra":1,"ei":0}},{"type":"Feature","geometry":{"type":"Point","coordinates":[30.281726,50.439311]},"properties":{"lines":"37","color":"#0059a9","mode":"bus","arr":["37"],"angle":33.3,"extra":1,"ei":1}},{"type":"Feature","geometry":{"type":"Point","coordinates":[30.287065,50.436346]},"properties":{"lines":"37","color":"#0059a9","mode":"bus","arr":["37"],"angle":-59.6,"mi":3}},{"type":"Feature","geometry":{"type":"Point","coordinates":[30.287113,50.436772]},"properties":{"lines":"37","color":"#0059a9","mode":"bus","arr":["37"],"angle":48.2,"mi":2}},{"type":"Feature","geometry":{"type":"Point","coordinates":[30.281664,50.445009]},"properties":{"lines":"37","color":"#0059a9","mode":"bus","arr":["37"],"angle":84.6,"mi":4}},{"type":"Feature","geometry":{"type":"Point","coordinates":[30.280811,50.440877]},"properties":{"lines":"37","color":"#0059a9","mode":"bus","arr":["37"],"angle":-72.6,"extra":1,"ei":0}},{"type":"Feature","geometry":{"type":"Point","coordinates":[30.281676,50.442683]},"properties":{"lines":"37","color":"#0059a9","mode":"bus","arr":["37"],"angle":-76.4,"extra":1,"ei":1}},{"type":"Feature","geometry":{"type":"Point","coordinates":[30.281442,50.446439]},"properties":{"lines":"37","color":"#0059a9","mode":"bus","arr":["37"],"angle":84.3,"extra":1,"ei":2}},{"type":"Feature","geometry":{"type":"Point","coordinates":[30.281125,50.448317]},"properties":{"lines":"37","color":"#0059a9","mode":"bus","arr":["37"],"angle":84.5,"extra":1,"ei":3}},{"type":"Feature","geometry":{"type":"Point","coordinates":[30.296867,50.451306]},"properties":{"lines":"37","color":"#0059a9","mode":"bus","arr":["37"],"angle":-6.1,"side":-1}},{"type":"Feature","geometry":{"type":"Point","coordinates":[30.282942,50.450311]},"properties":{"lines":"37","color":"#0059a9","mode":"bus","arr":["37"],"angle":-7.2,"extra":1,"ei":0,"side":-1}},{"type":"Feature","geometry":{"type":"Point","coordinates":[30.285888,50.450513]},"properties":{"lines":"37","color":"#0059a9","mode":"bus","arr":["37"],"angle":-5.8,"extra":1,"ei":1,"side":-1}},{"type":"Feature","geometry":{"type":"Point","coordinates":[30.288836,50.450711]},"properties":{"lines":"37","color":"#0059a9","mode":"bus","arr":["37"],"angle":-6.4,"extra":1,"ei":2,"side":-1}},{"type":"Feature","geometry":{"type":"Point","coordinates":[30.291781,50.45092]},"properties":{"lines":"37","color":"#0059a9","mode":"bus","arr":["37"],"angle":-6.4,"extra":1,"ei":3,"side":-1}},{"type":"Feature","geometry":{"type":"Point","coordinates":[30.294724,50.45114]},"properties":{"lines":"37","color":"#0059a9","mode":"bus","arr":["37"],"angle":-7.1,"extra":1,"ei":4,"side":-1}},{"type":"Feature","geometry":{"type":"Point","coordinates":[30.300615,50.45156]},"properties":{"lines":"37","color":"#0059a9","mode":"bus","arr":["37"],"angle":-6.3,"extra":1,"ei":5,"side":-1}},{"type":"Feature","geometry":{"type":"Point","coordinates":[30.30356,50.451767]},"properties":{"lines":"37","color":"#0059a9","mode":"bus","arr":["37"],"angle":-6.3,"extra":1,"ei":6,"side":-1}},{"type":"Feature","geometry":{"type":"Point","coordinates":[30.306506,50.451975]},"properties":{"lines":"37","color":"#0059a9","mode":"bus","arr":["37"],"angle":-6.4,"extra":1,"ei":7,"side":-1}},{"type":"Feature","geometry":{"type":"Point","coordinates":[30.30945,50.452191]},"properties":{"lines":"37","color":"#0059a9","mode":"bus","arr":["37"],"angle":-6.1,"extra":1,"ei":8,"side":-1}},{"type":"Feature","geometry":{"type":"Point","coordinates":[30.320311,50.453068]},"properties":{"lines":"37, 37а","color":"#0059a9","mode":"bus","arr":["37","37а"],"angle":-5.5}},{"type":"Feature","geometry":{"type":"Point","coordinates":[30.313741,50.452498]},"properties":{"lines":"37, 37а","color":"#0059a9","mode":"bus","arr":["37","37а"],"angle":-6.3,"extra":1,"ei":0,"side":-1}},{"type":"Feature","geometry":{"type":"Point","coordinates":[30.316689,50.452689]},"properties":{"lines":"37, 37а","color":"#0059a9","mode":"bus","arr":["37","37а"],"angle":-5.4,"extra":1,"ei":1,"side":-1}},{"type":"Feature","geometry":{"type":"Point","coordinates":[30.322583,50.453091]},"properties":{"lines":"37, 37а","color":"#0059a9","mode":"bus","arr":["37","37а"],"angle":-5.6,"extra":1,"ei":2,"side":-1}},{"type":"Feature","geometry":{"type":"Point","coordinates":[30.32553,50.453286]},"properties":{"lines":"37, 37а","color":"#0059a9","mode":"bus","arr":["37","37а"],"angle":-5.9,"extra":1,"ei":3,"side":-1}},{"type":"Feature","geometry":{"type":"Point","coordinates":[30.328478,50.453481]},"properties":{"lines":"37, 37а","color":"#0059a9","mode":"bus","arr":["37","37а"],"angle":-5.9,"extra":1,"ei":4,"side":-1}},{"type":"Feature","geometry":{"type":"Point","coordinates":[30.310765,50.452403]},"properties":{"lines":"37, 37а","color":"#0059a9","mode":"bus","arr":["37","37а"],"angle":-6.3,"extra":1,"ei":0}},{"type":"Feature","geometry":{"type":"Point","coordinates":[30.34256,50.454447]},"properties":{"lines":"37, 37а","color":"#0059a9","mode":"bus","arr":["37","37а"],"angle":-6.8,"side":-1}},{"type":"Feature","geometry":{"type":"Point","coordinates":[30.331634,50.453698]},"properties":{"lines":"37, 37а","color":"#0059a9","mode":"bus","arr":["37","37а"],"angle":-6.4,"extra":1,"ei":0,"side":-1}},{"type":"Feature","geometry":{"type":"Point","coordinates":[30.334579,50.453909]},"properties":{"lines":"37, 37а","color":"#0059a9","mode":"bus","arr":["37","37а"],"angle":-6.4,"extra":1,"ei":1,"side":-1}},{"type":"Feature","geometry":{"type":"Point","coordinates":[30.337524,50.454116]},"properties":{"lines":"37, 37а","color":"#0059a9","mode":"bus","arr":["37","37а"],"angle":-5.7,"extra":1,"ei":2,"side":-1}},{"type":"Feature","geometry":{"type":"Point","coordinates":[30.340473,50.454305]},"properties":{"lines":"37, 37а","color":"#0059a9","mode":"bus","arr":["37","37а"],"angle":-5.9,"extra":1,"ei":3,"side":-1}},{"type":"Feature","geometry":{"type":"Point","coordinates":[30.346371,50.454679]},"properties":{"lines":"37, 37а","color":"#0059a9","mode":"bus","arr":["37","37а"],"angle":-4.3,"extra":1,"ei":4,"side":-1}},{"type":"Feature","geometry":{"type":"Point","coordinates":[30.349326,50.454819]},"properties":{"lines":"37, 37а","color":"#0059a9","mode":"bus","arr":["37","37а"],"angle":-4.6,"extra":1,"ei":5,"side":-1}},{"type":"Feature","geometry":{"type":"Point","coordinates":[30.352277,50.454996]},"properties":{"lines":"37, 37а","color":"#0059a9","mode":"bus","arr":["37","37а"],"angle":-5.9,"extra":1,"ei":6,"side":-1}},{"type":"Feature","geometry":{"type":"Point","coordinates":[30.385997,50.456772]},"properties":{"lines":"37, 37а","color":"#0059a9","mode":"bus","arr":["37","37а"],"angle":39.6,"side":-1}},{"type":"Feature","geometry":{"type":"Point","coordinates":[30.386261,50.457841]},"properties":{"lines":"37, 37а, 97","color":"#0059a9","mode":"bus","arr":["37","37а","97"],"angle":-21}},{"type":"Feature","geometry":{"type":"Point","coordinates":[30.279315,50.450033]},"properties":{"lines":"37","color":"#0059a9","mode":"bus","arr":["37"],"angle":-6.6,"side":-1,"mi":8}},{"type":"Feature","geometry":{"type":"Point","coordinates":[30.306453,50.435553]},"properties":{"lines":"37а","color":"#0059a9","mode":"bus","arr":["37а"],"angle":-45.8,"mi":4}},{"type":"Feature","geometry":{"type":"Point","coordinates":[30.309269,50.439243]},"properties":{"lines":"37а","color":"#0059a9","mode":"bus","arr":["37а"],"angle":-56.5,"mi":1}},{"type":"Feature","geometry":{"type":"Point","coordinates":[30.306723,50.436887]},"properties":{"lines":"37а","color":"#0059a9","mode":"bus","arr":["37а"],"angle":-54.2,"extra":1,"ei":0}},{"type":"Feature","geometry":{"type":"Point","coordinates":[30.311745,50.441562]},"properties":{"lines":"37а","color":"#0059a9","mode":"bus","arr":["37а"],"angle":-55.9,"extra":1,"ei":1}},{"type":"Feature","geometry":{"type":"Point","coordinates":[30.312674,50.447266]},"properties":{"lines":"37а","color":"#0059a9","mode":"bus","arr":["37а"],"angle":83.5}},{"type":"Feature","geometry":{"type":"Point","coordinates":[30.311908,50.452017]},"properties":{"lines":"37а","color":"#0059a9","mode":"bus","arr":["37а"],"angle":-14.6,"mi":2}},{"type":"Feature","geometry":{"type":"Point","coordinates":[30.313045,50.443481]},"properties":{"lines":"37а","color":"#0059a9","mode":"bus","arr":["37а"],"angle":-79.4,"extra":1,"ei":0}},{"type":"Feature","geometry":{"type":"Point","coordinates":[30.313014,50.445361]},"properties":{"lines":"37а","color":"#0059a9","mode":"bus","arr":["37а"],"angle":82.8,"extra":1,"ei":1}},{"type":"Feature","geometry":{"type":"Point","coordinates":[30.312357,50.449114]},"properties":{"lines":"37а","color":"#0059a9","mode":"bus","arr":["37а"],"angle":83.9,"extra":1,"ei":2}},{"type":"Feature","geometry":{"type":"Point","coordinates":[30.639659,50.473461]},"properties":{"lines":"37Д","color":"#0059a9","mode":"bus","arr":["37Д"],"angle":67.2}},{"type":"Feature","geometry":{"type":"Point","coordinates":[30.639423,50.474359]},"properties":{"lines":"37Д","color":"#0059a9","mode":"bus","arr":["37Д"],"angle":-23.4,"mi":1}},{"type":"Feature","geometry":{"type":"Point","coordinates":[30.640179,50.473784]},"properties":{"lines":"79, 81, 37","color":"#0059a9","mode":"bus","arr":["79","81","Тб37"],"tLines":"37","ntLines":"79, 81","angle":66.6}},{"type":"Feature","geometry":{"type":"Point","coordinates":[30.621455,50.479297]},"properties":{"lines":"37Д, 79, 37","color":"#0059a9","mode":"bus","arr":["37Д","79","Тб37"],"tLines":"37","ntLines":"37Д, 79","angle":-23.8}},{"type":"Feature","geometry":{"type":"Point","coordinates":[30.619182,50.478659]},"properties":{"lines":"37Д, 79, 37","color":"#0059a9","mode":"bus","arr":["37Д","79","Тб37"],"tLines":"37","ntLines":"37Д, 79","angle":-23.6,"extra":1,"ei":0}},{"type":"Feature","geometry":{"type":"Point","coordinates":[30.624643,50.480113]},"properties":{"lines":"37Д, 79, 37","color":"#0059a9","mode":"bus","arr":["37Д","79","Тб37"],"tLines":"37","ntLines":"37Д, 79","angle":-7.4,"extra":1,"ei":1,"side":-1}},{"type":"Feature","geometry":{"type":"Point","coordinates":[30.616151,50.501718]},"properties":{"lines":"79","color":"#0059a9","mode":"bus","arr":["79"],"angle":-56.6,"mi":1}},{"type":"Feature","geometry":{"type":"Point","coordinates":[30.609626,50.495612]},"properties":{"lines":"79","color":"#0059a9","mode":"bus","arr":["79"],"angle":-38.6,"extra":1,"ei":0}},{"type":"Feature","geometry":{"type":"Point","coordinates":[30.611424,50.497106]},"properties":{"lines":"79","color":"#0059a9","mode":"bus","arr":["79"],"angle":-55.3,"extra":1,"ei":1}},{"type":"Feature","geometry":{"type":"Point","coordinates":[30.613038,50.49869]},"properties":{"lines":"79","color":"#0059a9","mode":"bus","arr":["79"],"angle":-57.1,"extra":1,"ei":2}},{"type":"Feature","geometry":{"type":"Point","coordinates":[30.614655,50.500272]},"properties":{"lines":"79","color":"#0059a9","mode":"bus","arr":["79"],"angle":-56.5,"extra":1,"ei":3}},{"type":"Feature","geometry":{"type":"Point","coordinates":[30.617911,50.503429]},"properties":{"lines":"79","color":"#0059a9","mode":"bus","arr":["79"],"angle":-56.9,"extra":1,"ei":4}},{"type":"Feature","geometry":{"type":"Point","coordinates":[30.619522,50.505013]},"properties":{"lines":"79","color":"#0059a9","mode":"bus","arr":["79"],"angle":-56.7,"extra":1,"ei":5}},{"type":"Feature","geometry":{"type":"Point","coordinates":[30.621149,50.506592]},"properties":{"lines":"79","color":"#0059a9","mode":"bus","arr":["79"],"angle":-57.3,"extra":1,"ei":6}},{"type":"Feature","geometry":{"type":"Point","coordinates":[30.62274,50.508185]},"properties":{"lines":"79","color":"#0059a9","mode":"bus","arr":["79"],"angle":-55.8,"extra":1,"ei":7,"side":-1}},{"type":"Feature","geometry":{"type":"Point","coordinates":[30.600014,50.518493]},"properties":{"lines":"73, 110","color":"#0059a9","mode":"bus","arr":["73","110"],"angle":33.6}},{"type":"Feature","geometry":{"type":"Point","coordinates":[30.597248,50.519558]},"properties":{"lines":"73, 110","color":"#0059a9","mode":"bus","arr":["73","110"],"angle":33.3,"extra":1,"ei":0,"side":-1}},{"type":"Feature","geometry":{"type":"Point","coordinates":[30.602183,50.517466]},"properties":{"lines":"73, 110","color":"#0059a9","mode":"bus","arr":["73","110"],"angle":33.4,"extra":1,"ei":1,"side":-1}},{"type":"Feature","geometry":{"type":"Point","coordinates":[30.592809,50.515244]},"properties":{"lines":"37Д, 44","color":"#0059a9","mode":"bus","arr":["37Д","44"],"angle":68.6,"mi":1}},{"type":"Feature","geometry":{"type":"Point","coordinates":[30.594831,50.512721]},"properties":{"lines":"37Д, 44","color":"#0059a9","mode":"bus","arr":["37Д","44"],"angle":62.2,"extra":1,"ei":0}},{"type":"Feature","geometry":{"type":"Point","coordinates":[30.593761,50.517874]},"properties":{"lines":"37Д, 44","color":"#0059a9","mode":"bus","arr":["37Д","44"],"angle":-56.6,"extra":1,"ei":1}},{"type":"Feature","geometry":{"type":"Point","coordinates":[30.595137,50.519204]},"properties":{"lines":"37Д, 44","color":"#0059a9","mode":"bus","arr":["37Д","44"],"angle":-56.5}},{"type":"Feature","geometry":{"type":"Point","coordinates":[30.598101,50.522116]},"properties":{"lines":"37Д, 44, 73, 110","color":"#0059a9","mode":"bus","arr":["37Д","44","73","110"],"angle":-56.8}},{"type":"Feature","geometry":{"type":"Point","coordinates":[30.596485,50.520542]},"properties":{"lines":"37Д, 44, 73, 110","color":"#0059a9","mode":"bus","arr":["37Д","44","73","110"],"angle":-56.9,"extra":1,"ei":0}},{"type":"Feature","geometry":{"type":"Point","coordinates":[30.599729,50.523703]},"properties":{"lines":"37Д, 44, 73, 110","color":"#0059a9","mode":"bus","arr":["37Д","44","73","110"],"angle":-56.9,"extra":1,"ei":1}},{"type":"Feature","geometry":{"type":"Point","coordinates":[30.604225,50.523646]},"properties":{"lines":"37Д, 31Д, 37","color":"#0059a9","mode":"bus","arr":["37Д","Тб31Д","Тб37"],"tLines":"31Д, 37","ntLines":"37Д","angle":3.9,"side":-1}},{"type":"Feature","geometry":{"type":"Point","coordinates":[30.602077,50.52389]},"properties":{"lines":"37Д, 31Д, 37","color":"#0059a9","mode":"bus","arr":["37Д","Тб31Д","Тб37"],"tLines":"31Д, 37","ntLines":"37Д","angle":21.6,"extra":1,"ei":0,"side":-1}},{"type":"Feature","geometry":{"type":"Point","coordinates":[30.614371,50.523292]},"properties":{"lines":"37Д, 31Д, 37","color":"#0059a9","mode":"bus","arr":["37Д","Тб31Д","Тб37"],"tLines":"31Д, 37","ntLines":"37Д","angle":4.4,"mi":1}},{"type":"Feature","geometry":{"type":"Point","coordinates":[30.610998,50.523361]},"properties":{"lines":"37Д, 31Д, 37","color":"#0059a9","mode":"bus","arr":["37Д","Тб31Д","Тб37"],"tLines":"31Д, 37","ntLines":"37Д","angle":4.7,"extra":1,"ei":0,"side":-1}},{"type":"Feature","geometry":{"type":"Point","coordinates":[30.616907,50.523064]},"properties":{"lines":"37Д, 31Д, 37","color":"#0059a9","mode":"bus","arr":["37Д","Тб31Д","Тб37"],"tLines":"31Д, 37","ntLines":"37Д","angle":4.8,"extra":1,"ei":1,"side":-1}},{"type":"Feature","geometry":{"type":"Point","coordinates":[30.618034,50.517538]},"properties":{"lines":"114, 30, 31Д, 37, 47, 50, 50к","color":"#0059a9","mode":"bus","arr":["114","Тб30","Тб31Д","Тб37","Тб47","Тб50","Тб50к"],"tLines":"30, 31Д, 37, 47, 50, 50к","ntLines":"114","angle":-70.9,"side":-1}},{"type":"Feature","geometry":{"type":"Point","coordinates":[30.608084,50.508349]},"properties":{"lines":"114, 30, 31Д, 37, 47, 50, 50к","color":"#0059a9","mode":"bus","arr":["114","Тб30","Тб31Д","Тб37","Тб47","Тб50","Тб50к"],"tLines":"30, 31Д, 37, 47, 50, 50к","ntLines":"114","angle":-44}},{"type":"Feature","geometry":{"type":"Point","coordinates":[30.61936,50.52174]},"properties":{"lines":"114, 30, 31Д, 37, 47, 50, 50к","color":"#0059a9","mode":"bus","arr":["114","Тб30","Тб31Д","Тб37","Тб47","Тб50","Тб50к"],"tLines":"30, 31Д, 37, 47, 50, 50к","ntLines":"114","angle":-82.9,"extra":1,"ei":0}},{"type":"Feature","geometry":{"type":"Point","coordinates":[30.618898,50.519875]},"properties":{"lines":"114, 30, 31Д, 37, 47, 50, 50к","color":"#0059a9","mode":"bus","arr":["114","Тб30","Тб31Д","Тб37","Тб47","Тб50","Тб50к"],"tLines":"30, 31Д, 37, 47, 50, 50к","ntLines":"114","angle":-78.2,"extra":1,"ei":1}},{"type":"Feature","geometry":{"type":"Point","coordinates":[30.617085,50.516286]},"properties":{"lines":"114, 30, 31Д, 37, 47, 50, 50к","color":"#0059a9","mode":"bus","arr":["114","Тб30","Тб31Д","Тб37","Тб47","Тб50","Тб50к"],"tLines":"30, 31Д, 37, 47, 50, 50к","ntLines":"114","angle":-66.3,"extra":1,"ei":2}},{"type":"Feature","geometry":{"type":"Point","coordinates":[30.615779,50.514592]},"properties":{"lines":"114, 30, 31Д, 37, 47, 50, 50к","color":"#0059a9","mode":"bus","arr":["114","Тб30","Тб31Д","Тб37","Тб47","Тб50","Тб50к"],"tLines":"30, 31Д, 37, 47, 50, 50к","ntLines":"114","angle":-59.5,"extra":1,"ei":3}},{"type":"Feature","geometry":{"type":"Point","coordinates":[30.614113,50.513054]},"properties":{"lines":"114, 30, 31Д, 37, 47, 50, 50к","color":"#0059a9","mode":"bus","arr":["114","Тб30","Тб31Д","Тб37","Тб47","Тб50","Тб50к"],"tLines":"30, 31Д, 37, 47, 50, 50к","ntLines":"114","angle":-37.3,"extra":1,"ei":4}},{"type":"Feature","geometry":{"type":"Point","coordinates":[30.612621,50.511497]},"properties":{"lines":"114, 30, 31Д, 37, 47, 50, 50к","color":"#0059a9","mode":"bus","arr":["114","Тб30","Тб31Д","Тб37","Тб47","Тб50","Тб50к"],"tLines":"30, 31Д, 37, 47, 50, 50к","ntLines":"114","angle":-54.7,"extra":1,"ei":0}},{"type":"Feature","geometry":{"type":"Point","coordinates":[30.610755,50.510034]},"properties":{"lines":"114, 30, 31Д, 37, 47, 50, 50к","color":"#0059a9","mode":"bus","arr":["114","Тб30","Тб31Д","Тб37","Тб47","Тб50","Тб50к"],"tLines":"30, 31Д, 37, 47, 50, 50к","ntLines":"114","angle":-45.8,"extra":1,"ei":1}},{"type":"Feature","geometry":{"type":"Point","coordinates":[30.60645,50.507442]},"properties":{"lines":"114, 30, 31Д, 37, 47, 50, 50к","color":"#0059a9","mode":"bus","arr":["114","Тб30","Тб31Д","Тб37","Тб47","Тб50","Тб50к"],"tLines":"30, 31Д, 37, 47, 50, 50к","ntLines":"114","angle":-38.4,"extra":1,"ei":2}},{"type":"Feature","geometry":{"type":"Point","coordinates":[30.604095,50.506297]},"properties":{"lines":"114, 30, 31Д, 37, 47, 50, 50к","color":"#0059a9","mode":"bus","arr":["114","Тб30","Тб31Д","Тб37","Тб47","Тб50","Тб50к"],"tLines":"30, 31Д, 37, 47, 50, 50к","ntLines":"114","angle":-33.8,"extra":1,"ei":3}},{"type":"Feature","geometry":{"type":"Point","coordinates":[30.601457,50.505546]},"properties":{"lines":"114, 30, 31Д, 37, 47, 50, 50к","color":"#0059a9","mode":"bus","arr":["114","Тб30","Тб31Д","Тб37","Тб47","Тб50","Тб50к"],"tLines":"30, 31Д, 37, 47, 50, 50к","ntLines":"114","angle":6.4,"extra":1,"ei":4}},{"type":"Feature","geometry":{"type":"Point","coordinates":[30.624075,50.522752]},"properties":{"lines":"37Д","color":"#0059a9","mode":"bus","arr":["37Д"],"angle":3.4}},{"type":"Feature","geometry":{"type":"Point","coordinates":[30.621768,50.522853]},"properties":{"lines":"37Д","color":"#0059a9","mode":"bus","arr":["37Д"],"angle":3.2,"extra":1,"ei":0}},{"type":"Feature","geometry":{"type":"Point","coordinates":[30.627681,50.522596]},"properties":{"lines":"37Д","color":"#0059a9","mode":"bus","arr":["37Д"],"angle":4.2,"extra":1,"ei":1}},{"type":"Feature","geometry":{"type":"Point","coordinates":[30.593826,50.502384]},"properties":{"lines":"114, 30, 31Д, 47, 50, 50к","color":"#0059a9","mode":"bus","arr":["114","Тб30","Тб31Д","Тб47","Тб50","Тб50к"],"tLines":"30, 31Д, 47, 50, 50к","ntLines":"114","angle":-41.1,"side":-1}},{"type":"Feature","geometry":{"type":"Point","coordinates":[30.599145,50.504587]},"properties":{"lines":"114, 30, 31Д, 47, 50, 50к","color":"#0059a9","mode":"bus","arr":["114","Тб30","Тб31Д","Тб47","Тб50","Тб50к"],"tLines":"30, 31Д, 47, 50, 50к","ntLines":"114","angle":-27.5,"mi":1}},{"type":"Feature","geometry":{"type":"Point","coordinates":[30.591419,50.500818]},"properties":{"lines":"114, 30, 31Д, 47, 50, 50к","color":"#0059a9","mode":"bus","arr":["114","Тб30","Тб31Д","Тб47","Тб50","Тб50к"],"tLines":"30, 31Д, 47, 50, 50к","ntLines":"114","angle":-53.8,"extra":1,"ei":0,"side":-1}},{"type":"Feature","geometry":{"type":"Point","coordinates":[30.595801,50.503335]},"properties":{"lines":"114, 30, 31Д, 47, 50, 50к","color":"#0059a9","mode":"bus","arr":["114","Тб30","Тб31Д","Тб47","Тб50","Тб50к"],"tLines":"30, 31Д, 47, 50, 50к","ntLines":"114","angle":-30.8,"extra":1,"ei":1,"side":-1}},{"type":"Feature","geometry":{"type":"Point","coordinates":[30.593725,50.502442]},"properties":{"lines":"79, 114, 30, 31Д, 47, 50, 50к","color":"#0059a9","mode":"bus","arr":["79","114","Тб30","Тб31Д","Тб47","Тб50","Тб50к"],"tLines":"30, 31Д, 47, 50, 50к","ntLines":"79, 114","angle":-41.1}},{"type":"Feature","geometry":{"type":"Point","coordinates":[30.599209,50.504503]},"properties":{"lines":"79, 114, 30, 31Д, 47, 50, 50к","color":"#0059a9","mode":"bus","arr":["79","114","Тб30","Тб31Д","Тб47","Тб50","Тб50к"],"tLines":"30, 31Д, 47, 50, 50к","ntLines":"79, 114","angle":-27.8,"side":-1,"mi":1}},{"type":"Feature","geometry":{"type":"Point","coordinates":[30.596567,50.50372]},"properties":{"lines":"79, 114, 30, 31Д, 47, 50, 50к","color":"#0059a9","mode":"bus","arr":["79","114","Тб30","Тб31Д","Тб47","Тб50","Тб50к"],"tLines":"30, 31Д, 47, 50, 50к","ntLines":"79, 114","angle":-29.5,"extra":1,"ei":0}},{"type":"Feature","geometry":{"type":"Point","coordinates":[30.591941,50.501382]},"properties":{"lines":"79, 114, 30, 31Д, 47, 50, 50к","color":"#0059a9","mode":"bus","arr":["79","114","Тб30","Тб31Д","Тб47","Тб50","Тб50к"],"tLines":"30, 31Д, 47, 50, 50к","ntLines":"79, 114","angle":-45.8,"extra":1,"ei":1}},{"type":"Feature","geometry":{"type":"Point","coordinates":[30.477127,50.34027]},"properties":{"lines":"38","color":"#0059a9","mode":"bus","arr":["38"],"angle":7.4}},{"type":"Feature","geometry":{"type":"Point","coordinates":[30.496279,50.394613]},"properties":{"lines":"38, 119","color":"#0059a9","mode":"bus","arr":["38","119"],"angle":-14.4}},{"type":"Feature","geometry":{"type":"Point","coordinates":[30.483762,50.391413]},"properties":{"lines":"38, 119, 120","color":"#0059a9","mode":"bus","arr":["38","119","120"],"angle":-67.4}},{"type":"Feature","geometry":{"type":"Point","coordinates":[30.48292,50.390128]},"properties":{"lines":"38, 119, 120","color":"#0059a9","mode":"bus","arr":["38","119","120"],"angle":-67.1,"extra":1,"ei":0}},{"type":"Feature","geometry":{"type":"Point","coordinates":[30.48229,50.389262]},"properties":{"lines":"38","color":"#0059a9","mode":"bus","arr":["38"],"angle":-67.7}},{"type":"Feature","geometry":{"type":"Point","coordinates":[30.478029,50.382605]},"properties":{"lines":"38","color":"#0059a9","mode":"bus","arr":["38"],"angle":-72.3,"extra":1,"ei":0}},{"type":"Feature","geometry":{"type":"Point","coordinates":[30.479054,50.384375]},"properties":{"lines":"38","color":"#0059a9","mode":"bus","arr":["38"],"angle":-67.6,"extra":1,"ei":1}},{"type":"Feature","geometry":{"type":"Point","coordinates":[30.480218,50.386112]},"properties":{"lines":"38","color":"#0059a9","mode":"bus","arr":["38"],"angle":-66.7,"extra":1,"ei":2}},{"type":"Feature","geometry":{"type":"Point","coordinates":[30.481376,50.38785]},"properties":{"lines":"38","color":"#0059a9","mode":"bus","arr":["38"],"angle":-67,"extra":1,"ei":3}},{"type":"Feature","geometry":{"type":"Point","coordinates":[30.477432,50.38145]},"properties":{"lines":"38, 56","color":"#0059a9","mode":"bus","arr":["38","56"],"angle":-70.7}},{"type":"Feature","geometry":{"type":"Point","coordinates":[30.474171,50.379978]},"properties":{"lines":"38, 56, 75, 11, 12, 43, 45","color":"#0059a9","mode":"bus","arr":["38","56","75","Тб11","Тб12","Тб43","Тб45"],"tLines":"11, 12, 43, 45","ntLines":"38, 56, 75","angle":-32.7}},{"type":"Feature","geometry":{"type":"Point","coordinates":[30.476016,50.380711]},"properties":{"lines":"38, 56, 75, 11, 12, 43, 45","color":"#0059a9","mode":"bus","arr":["38","56","75","Тб11","Тб12","Тб43","Тб45"],"tLines":"11, 12, 43, 45","ntLines":"38, 56, 75","angle":-31.9,"extra":1,"ei":0}},{"type":"Feature","geometry":{"type":"Point","coordinates":[30.472432,50.379015]},"properties":{"lines":"38, 56, 58, 75, 11, 12, 43, 45","color":"#0059a9","mode":"bus","arr":["38","56","58","75","Тб11","Тб12","Тб43","Тб45"],"tLines":"11, 12, 43, 45","ntLines":"38, 56, 58, 75","angle":-37.3,"side":-1}},{"type":"Feature","geometry":{"type":"Point","coordinates":[30.470151,50.37795]},"properties":{"lines":"38, 56, 58, 75, 11, 12, 43, 45","color":"#0059a9","mode":"bus","arr":["38","56","58","75","Тб11","Тб12","Тб43","Тб45"],"tLines":"11, 12, 43, 45","ntLines":"38, 56, 58, 75","angle":-46.3,"extra":1,"ei":0}},{"type":"Feature","geometry":{"type":"Point","coordinates":[30.476287,50.380672]},"properties":{"lines":"38, 56, 58, 75, 11, 12, 43, 45","color":"#0059a9","mode":"bus","arr":["38","56","58","75","Тб11","Тб12","Тб43","Тб45"],"tLines":"11, 12, 43, 45","ntLines":"38, 56, 58, 75","angle":-31.6,"extra":1,"ei":0,"side":-1}},{"type":"Feature","geometry":{"type":"Point","coordinates":[30.468836,50.37708]},"properties":{"lines":"38, 56, 58, 75, 11, 43, 45","color":"#0059a9","mode":"bus","arr":["38","56","58","75","Тб11","Тб43","Тб45"],"tLines":"11, 43, 45","ntLines":"38, 56, 58, 75","angle":-45.9}},{"type":"Feature","geometry":{"type":"Point","coordinates":[30.464611,50.37408]},"properties":{"lines":"38, 56, 58, 75, 11, 43","color":"#0059a9","mode":"bus","arr":["38","56","58","75","Тб11","Тб43"],"tLines":"11, 43","ntLines":"38, 56, 58, 75","angle":-46.1,"side":-1}},{"type":"Feature","geometry":{"type":"Point","coordinates":[30.461965,50.372327]},"properties":{"lines":"38, 56, 58, 75, 11, 43","color":"#0059a9","mode":"bus","arr":["38","56","58","75","Тб11","Тб43"],"tLines":"11, 43","ntLines":"38, 56, 58, 75","angle":-46.1,"extra":1,"ei":0,"side":-1}},{"type":"Feature","geometry":{"type":"Point","coordinates":[30.466075,50.375048]},"properties":{"lines":"38, 56, 58, 75, 11, 43","color":"#0059a9","mode":"bus","arr":["38","56","58","75","Тб11","Тб43"],"tLines":"11, 43","ntLines":"38, 56, 58, 75","angle":-46,"extra":1,"ei":1,"side":-1}},{"type":"Feature","geometry":{"type":"Point","coordinates":[30.468137,50.376404]},"properties":{"lines":"38, 56, 58, 75, 11, 43","color":"#0059a9","mode":"bus","arr":["38","56","58","75","Тб11","Тб43"],"tLines":"11, 43","ntLines":"38, 56, 58, 75","angle":-45.7,"extra":1,"ei":2,"side":-1}},{"type":"Feature","geometry":{"type":"Point","coordinates":[30.464229,50.374053]},"properties":{"lines":"38, 56, 58, 75, 120, 11, 43","color":"#0059a9","mode":"bus","arr":["38","56","58","75","120","Тб11","Тб43"],"tLines":"11, 43","ntLines":"38, 56, 58, 75, 120","angle":-45.9}},{"type":"Feature","geometry":{"type":"Point","coordinates":[30.466417,50.375478]},"properties":{"lines":"38, 56, 58, 75, 120, 11, 43","color":"#0059a9","mode":"bus","arr":["38","56","58","75","120","Тб11","Тб43"],"tLines":"11, 43","ntLines":"38, 56, 58, 75, 120","angle":-46.8,"extra":1,"ei":0}},{"type":"Feature","geometry":{"type":"Point","coordinates":[30.462303,50.37276]},"properties":{"lines":"38, 56, 58, 75, 120, 11, 43","color":"#0059a9","mode":"bus","arr":["38","56","58","75","120","Тб11","Тб43"],"tLines":"11, 43","ntLines":"38, 56, 58, 75, 120","angle":-46.6,"extra":1,"ei":1}},{"type":"Feature","geometry":{"type":"Point","coordinates":[30.459531,50.370961]},"properties":{"lines":"38, 58, 120, 11, 43","color":"#0059a9","mode":"bus","arr":["38","58","120","Тб11","Тб43"],"tLines":"11, 43","ntLines":"38, 58, 120","angle":-45}},{"type":"Feature","geometry":{"type":"Point","coordinates":[30.456724,50.37021]},"properties":{"lines":"38, 58, 11","color":"#0059a9","mode":"bus","arr":["38","58","Тб11"],"tLines":"11","ntLines":"38, 58","angle":83.6}},{"type":"Feature","geometry":{"type":"Point","coordinates":[30.46076,50.36924]},"properties":{"lines":"38, 58, 11","color":"#0059a9","mode":"bus","arr":["38","58","Тб11"],"tLines":"11","ntLines":"38, 58","angle":84.7,"mi":1}},{"type":"Feature","geometry":{"type":"Point","coordinates":[30.461966,50.367992]},"properties":{"lines":"38, 58, 11","color":"#0059a9","mode":"bus","arr":["38","58","Тб11"],"tLines":"11","ntLines":"38, 58","angle":49.2,"extra":1,"ei":0}},{"type":"Feature","geometry":{"type":"Point","coordinates":[30.460808,50.37149]},"properties":{"lines":"38, 58, 11","color":"#0059a9","mode":"bus","arr":["38","58","Тб11"],"tLines":"11","ntLines":"38, 58","angle":-67.3,"extra":1,"ei":1,"side":-1}},{"type":"Feature","geometry":{"type":"Point","coordinates":[30.458426,50.370131]},"properties":{"lines":"38, 56, 57, 58, 75, 11","color":"#0059a9","mode":"bus","arr":["38","56","57","58","75","Тб11"],"tLines":"11","ntLines":"38, 56, 57, 58, 75","angle":48.7,"side":-1}},{"type":"Feature","geometry":{"type":"Point","coordinates":[30.460403,50.368697]},"properties":{"lines":"38, 57, 58, 11","color":"#0059a9","mode":"bus","arr":["38","57","58","Тб11"],"tLines":"11","ntLines":"38, 57, 58","angle":49,"side":-1}},{"type":"Feature","geometry":{"type":"Point","coordinates":[30.473219,50.358823]},"properties":{"lines":"38, 57, 58, 11","color":"#0059a9","mode":"bus","arr":["38","57","58","Тб11"],"tLines":"11","ntLines":"38, 57, 58","angle":55.2}},{"type":"Feature","geometry":{"type":"Point","coordinates":[30.462718,50.366929]},"properties":{"lines":"38, 57, 58, 11","color":"#0059a9","mode":"bus","arr":["38","57","58","Тб11"],"tLines":"11","ntLines":"38, 57, 58","angle":50.4,"extra":1,"ei":0,"side":-1}},{"type":"Feature","geometry":{"type":"Point","coordinates":[30.464651,50.365498]},"properties":{"lines":"38, 57, 58, 11","color":"#0059a9","mode":"bus","arr":["38","57","58","Тб11"],"tLines":"11","ntLines":"38, 57, 58","angle":49.5,"extra":1,"ei":1,"side":-1}},{"type":"Feature","geometry":{"type":"Point","coordinates":[30.466629,50.364092]},"properties":{"lines":"38, 57, 58, 11","color":"#0059a9","mode":"bus","arr":["38","57","58","Тб11"],"tLines":"11","ntLines":"38, 57, 58","angle":46.9,"extra":1,"ei":2,"side":-1}},{"type":"Feature","geometry":{"type":"Point","coordinates":[30.468637,50.362703]},"properties":{"lines":"38, 57, 58, 11","color":"#0059a9","mode":"bus","arr":["38","57","58","Тб11"],"tLines":"11","ntLines":"38, 57, 58","angle":47.5,"extra":1,"ei":3,"side":-1}},{"type":"Feature","geometry":{"type":"Point","coordinates":[30.470489,50.361233]},"properties":{"lines":"38, 57, 58, 11","color":"#0059a9","mode":"bus","arr":["38","57","58","Тб11"],"tLines":"11","ntLines":"38, 57, 58","angle":56.9,"extra":1,"ei":4,"side":-1}},{"type":"Feature","geometry":{"type":"Point","coordinates":[30.479201,50.355759]},"properties":{"lines":"38, 57, 58, 11","color":"#0059a9","mode":"bus","arr":["38","57","58","Тб11"],"tLines":"11","ntLines":"38, 57, 58","angle":15.5,"extra":1,"ei":0}},{"type":"Feature","geometry":{"type":"Point","coordinates":[30.482099,50.355365]},"properties":{"lines":"38, 57, 58, 11","color":"#0059a9","mode":"bus","arr":["38","57","58","Тб11"],"tLines":"11","ntLines":"38, 57, 58","angle":10.7,"extra":1,"ei":1,"side":-1}},{"type":"Feature","geometry":{"type":"Point","coordinates":[30.485014,50.355026]},"properties":{"lines":"38, 57, 58, 11","color":"#0059a9","mode":"bus","arr":["38","57","58","Тб11"],"tLines":"11","ntLines":"38, 57, 58","angle":10.8,"extra":1,"ei":2,"side":-1}},{"type":"Feature","geometry":{"type":"Point","coordinates":[30.487912,50.35463]},"properties":{"lines":"38, 57, 58, 11","color":"#0059a9","mode":"bus","arr":["38","57","58","Тб11"],"tLines":"11","ntLines":"38, 57, 58","angle":13.6,"extra":1,"ei":3,"side":-1}},{"type":"Feature","geometry":{"type":"Point","coordinates":[30.490613,50.353884]},"properties":{"lines":"38, 57, 58, 11","color":"#0059a9","mode":"bus","arr":["38","57","58","Тб11"],"tLines":"11","ntLines":"38, 57, 58","angle":32.1,"extra":1,"ei":4,"side":-1}},{"type":"Feature","geometry":{"type":"Point","coordinates":[30.475634,50.357221]},"properties":{"lines":"38, 57, 58, 11","color":"#0059a9","mode":"bus","arr":["38","57","58","Тб11"],"tLines":"11","ntLines":"38, 57, 58","angle":36.4,"extra":1,"ei":0}},{"type":"Feature","geometry":{"type":"Point","coordinates":[30.471906,50.360123]},"properties":{"lines":"38, 57, 58, 11","color":"#0059a9","mode":"bus","arr":["38","57","58","Тб11"],"tLines":"11","ntLines":"38, 57, 58","angle":58,"extra":1,"ei":1}},{"type":"Feature","geometry":{"type":"Point","coordinates":[30.473939,50.357796]},"properties":{"lines":"38, 58","color":"#0059a9","mode":"bus","arr":["38","58"],"angle":51.2}},{"type":"Feature","geometry":{"type":"Point","coordinates":[30.492784,50.353146]},"properties":{"lines":"38, 58","color":"#0059a9","mode":"bus","arr":["38","58"],"angle":-64.3,"side":-1}},{"type":"Feature","geometry":{"type":"Point","coordinates":[30.475448,50.356692]},"properties":{"lines":"38, 11","color":"#0059a9","mode":"bus","arr":["38","Тб11"],"tLines":"11","ntLines":"38","angle":56.7}},{"type":"Feature","geometry":{"type":"Point","coordinates":[30.476644,50.356018]},"properties":{"lines":"38, 57","color":"#0059a9","mode":"bus","arr":["38","57"],"angle":10.9}},{"type":"Feature","geometry":{"type":"Point","coordinates":[30.477148,50.348069]},"properties":{"lines":"38","color":"#0059a9","mode":"bus","arr":["38"],"angle":84.8,"mi":1}},{"type":"Feature","geometry":{"type":"Point","coordinates":[30.476223,50.355244]},"properties":{"lines":"38","color":"#0059a9","mode":"bus","arr":["38"],"angle":85.7,"extra":1,"ei":0}},{"type":"Feature","geometry":{"type":"Point","coordinates":[30.476401,50.353359]},"properties":{"lines":"38","color":"#0059a9","mode":"bus","arr":["38"],"angle":86.1,"extra":1,"ei":1}},{"type":"Feature","geometry":{"type":"Point","coordinates":[30.476645,50.351476]},"properties":{"lines":"38","color":"#0059a9","mode":"bus","arr":["38"],"angle":84.6,"extra":1,"ei":2}},{"type":"Feature","geometry":{"type":"Point","coordinates":[30.476926,50.349596]},"properties":{"lines":"38","color":"#0059a9","mode":"bus","arr":["38"],"angle":84.8,"extra":1,"ei":3}},{"type":"Feature","geometry":{"type":"Point","coordinates":[30.477302,50.345833]},"properties":{"lines":"38","color":"#0059a9","mode":"bus","arr":["38"],"angle":-86.3,"extra":1,"ei":4}},{"type":"Feature","geometry":{"type":"Point","coordinates":[30.4771,50.343949]},"properties":{"lines":"38","color":"#0059a9","mode":"bus","arr":["38"],"angle":-86.1,"extra":1,"ei":5}},{"type":"Feature","geometry":{"type":"Point","coordinates":[30.476871,50.342066]},"properties":{"lines":"38","color":"#0059a9","mode":"bus","arr":["38"],"angle":-83.4,"extra":1,"ei":6}},{"type":"Feature","geometry":{"type":"Point","coordinates":[30.476548,50.340189]},"properties":{"lines":"38","color":"#0059a9","mode":"bus","arr":["38"],"angle":-84.2,"extra":1,"ei":7}},{"type":"Feature","geometry":{"type":"Point","coordinates":[30.489353,50.354522]},"properties":{"lines":"38, 57, 58","color":"#0059a9","mode":"bus","arr":["38","57","58"],"angle":22,"mi":1}},{"type":"Feature","geometry":{"type":"Point","coordinates":[30.491942,50.353661]},"properties":{"lines":"38, 57, 58","color":"#0059a9","mode":"bus","arr":["38","57","58"],"angle":31.5}},{"type":"Feature","geometry":{"type":"Point","coordinates":[30.490746,50.354091]},"properties":{"lines":"38, 57","color":"#0059a9","mode":"bus","arr":["38","57"],"angle":27.5}},{"type":"Feature","geometry":{"type":"Point","coordinates":[30.477536,50.381461]},"properties":{"lines":"38, 58, 75","color":"#0059a9","mode":"bus","arr":["38","58","75"],"angle":-71.8}},{"type":"Feature","geometry":{"type":"Point","coordinates":[30.477985,50.382345]},"properties":{"lines":"38, 58","color":"#0059a9","mode":"bus","arr":["38","58"],"angle":-72.1,"side":-1}},{"type":"Feature","geometry":{"type":"Point","coordinates":[30.509091,50.397574]},"properties":{"lines":"38","color":"#0059a9","mode":"bus","arr":["38"],"angle":-0.6,"side":-1}},{"type":"Feature","geometry":{"type":"Point","coordinates":[30.509743,50.39745]},"properties":{"lines":"38, 91, 12","color":"#0059a9","mode":"bus","arr":["38","91","Тб12"],"tLines":"12","ntLines":"38, 91","angle":23.9}},{"type":"Feature","geometry":{"type":"Point","coordinates":[30.513954,50.400795]},"properties":{"lines":"38, 39, 91, 11, 12, 43","color":"#0059a9","mode":"bus","arr":["38","39","91","Тб11","Тб12","Тб43"],"tLines":"11, 12, 43","ntLines":"38, 39, 91","angle":-54.2,"side":-1}},{"type":"Feature","geometry":{"type":"Point","coordinates":[30.512162,50.399319]},"properties":{"lines":"38, 39, 91, 11, 12, 43","color":"#0059a9","mode":"bus","arr":["38","39","91","Тб11","Тб12","Тб43"],"tLines":"11, 12, 43","ntLines":"38, 39, 91","angle":-52.1,"extra":1,"ei":0,"side":-1}},{"type":"Feature","geometry":{"type":"Point","coordinates":[30.515598,50.402392]},"properties":{"lines":"38, 39, 91, 11, 12, 43","color":"#0059a9","mode":"bus","arr":["38","39","91","Тб11","Тб12","Тб43"],"tLines":"11, 12, 43","ntLines":"38, 39, 91","angle":-59.9,"extra":1,"ei":1,"side":-1}},{"type":"Feature","geometry":{"type":"Point","coordinates":[30.516821,50.403737]},"properties":{"lines":"38, 39, 91, 11","color":"#0059a9","mode":"bus","arr":["38","39","91","Тб11"],"tLines":"11","ntLines":"38, 39, 91","angle":-61,"side":-1}},{"type":"Feature","geometry":{"type":"Point","coordinates":[30.517564,50.40481]},"properties":{"lines":"39, 91, 11","color":"#0059a9","mode":"bus","arr":["39","91","Тб11"],"tLines":"11","ntLines":"39, 91","angle":-66.9,"side":-1}},{"type":"Feature","geometry":{"type":"Point","coordinates":[30.518434,50.399665]},"properties":{"lines":"39","color":"#0059a9","mode":"bus","arr":["39"],"angle":-26.5,"mi":5}},{"type":"Feature","geometry":{"type":"Point","coordinates":[30.523242,50.403419]},"properties":{"lines":"39","color":"#0059a9","mode":"bus","arr":["39"],"angle":-39.1,"extra":1,"ei":0}},{"type":"Feature","geometry":{"type":"Point","coordinates":[30.521365,50.401968]},"properties":{"lines":"39","color":"#0059a9","mode":"bus","arr":["39"],"angle":-55.2,"extra":1,"ei":1}},{"type":"Feature","geometry":{"type":"Point","coordinates":[30.514583,50.398603]},"properties":{"lines":"39","color":"#0059a9","mode":"bus","arr":["39"],"angle":-21.8,"extra":1,"ei":2}},{"type":"Feature","geometry":{"type":"Point","coordinates":[30.511877,50.397841]},"properties":{"lines":"39","color":"#0059a9","mode":"bus","arr":["39"],"angle":-33.4,"extra":1,"ei":3}},{"type":"Feature","geometry":{"type":"Point","coordinates":[30.520663,50.394098]},"properties":{"lines":"39","color":"#0059a9","mode":"bus","arr":["39"],"angle":44.6,"mi":2}},{"type":"Feature","geometry":{"type":"Point","coordinates":[30.516136,50.39798]},"properties":{"lines":"39","color":"#0059a9","mode":"bus","arr":["39"],"angle":68.8,"extra":1,"ei":0}},{"type":"Feature","geometry":{"type":"Point","coordinates":[30.517641,50.396366]},"properties":{"lines":"39","color":"#0059a9","mode":"bus","arr":["39"],"angle":54.7,"extra":1,"ei":1}},{"type":"Feature","geometry":{"type":"Point","coordinates":[30.523645,50.392223]},"properties":{"lines":"39","color":"#0059a9","mode":"bus","arr":["39"],"angle":45.7,"extra":1,"ei":2}},{"type":"Feature","geometry":{"type":"Point","coordinates":[30.525777,50.390912]},"properties":{"lines":"39","color":"#0059a9","mode":"bus","arr":["39"],"angle":43.9,"extra":1,"ei":3}},{"type":"Feature","geometry":{"type":"Point","coordinates":[30.528289,50.390174]},"properties":{"lines":"39","color":"#0059a9","mode":"bus","arr":["39"],"angle":-14.3}},{"type":"Feature","geometry":{"type":"Point","coordinates":[30.542501,50.389814]},"properties":{"lines":"39","color":"#0059a9","mode":"bus","arr":["39"],"angle":-2.7,"mi":4}},{"type":"Feature","geometry":{"type":"Point","coordinates":[30.540392,50.389838]},"properties":{"lines":"39","color":"#0059a9","mode":"bus","arr":["39"],"angle":1.1,"extra":1,"ei":0}},{"type":"Feature","geometry":{"type":"Point","coordinates":[30.463865,50.566832]},"properties":{"lines":"40, 41","color":"#0059a9","mode":"bus","arr":["40","41"],"angle":-3.9}},{"type":"Feature","geometry":{"type":"Point","coordinates":[30.458223,50.566551]},"properties":{"lines":"40","color":"#0059a9","mode":"bus","arr":["40"],"angle":-4.9}},{"type":"Feature","geometry":{"type":"Point","coordinates":[30.46203,50.56675]},"properties":{"lines":"40","color":"#0059a9","mode":"bus","arr":["40"],"angle":-4.3,"extra":1,"ei":0}},{"type":"Feature","geometry":{"type":"Point","coordinates":[30.456121,50.566457]},"properties":{"lines":"40","color":"#0059a9","mode":"bus","arr":["40"],"angle":-3.6,"extra":1,"ei":1}},{"type":"Feature","geometry":{"type":"Point","coordinates":[30.453163,50.566337]},"properties":{"lines":"40","color":"#0059a9","mode":"bus","arr":["40"],"angle":-4.2,"extra":1,"ei":2}},{"type":"Feature","geometry":{"type":"Point","coordinates":[30.456255,50.543365]},"properties":{"lines":"40","color":"#0059a9","mode":"bus","arr":["40"],"angle":87.6}},{"type":"Feature","geometry":{"type":"Point","coordinates":[30.452928,50.565381]},"properties":{"lines":"40","color":"#0059a9","mode":"bus","arr":["40"],"angle":-89.8,"extra":1,"ei":0}},{"type":"Feature","geometry":{"type":"Point","coordinates":[30.452938,50.563492]},"properties":{"lines":"40","color":"#0059a9","mode":"bus","arr":["40"],"angle":89.4,"extra":1,"ei":1}},{"type":"Feature","geometry":{"type":"Point","coordinates":[30.452971,50.561604]},"properties":{"lines":"40","color":"#0059a9","mode":"bus","arr":["40"],"angle":89.4,"extra":1,"ei":2}},{"type":"Feature","geometry":{"type":"Point","coordinates":[30.452978,50.559715]},"properties":{"lines":"40","color":"#0059a9","mode":"bus","arr":["40"],"angle":-89.9,"extra":1,"ei":3}},{"type":"Feature","geometry":{"type":"Point","coordinates":[30.453146,50.557835]},"properties":{"lines":"40","color":"#0059a9","mode":"bus","arr":["40"],"angle":78.3,"extra":1,"ei":4}},{"type":"Feature","geometry":{"type":"Point","coordinates":[30.453686,50.55598]},"properties":{"lines":"40","color":"#0059a9","mode":"bus","arr":["40"],"angle":84,"extra":1,"ei":5}},{"type":"Feature","geometry":{"type":"Point","coordinates":[30.453827,50.554096]},"properties":{"lines":"40","color":"#0059a9","mode":"bus","arr":["40"],"angle":89.9,"extra":1,"ei":6}},{"type":"Feature","geometry":{"type":"Point","coordinates":[30.453868,50.552208]},"properties":{"lines":"40","color":"#0059a9","mode":"bus","arr":["40"],"angle":84.2,"extra":1,"ei":7}},{"type":"Feature","geometry":{"type":"Point","coordinates":[30.454453,50.550358]},"properties":{"lines":"40","color":"#0059a9","mode":"bus","arr":["40"],"angle":76.9,"extra":1,"ei":8}},{"type":"Feature","geometry":{"type":"Point","coordinates":[30.45511,50.548517]},"properties":{"lines":"40","color":"#0059a9","mode":"bus","arr":["40"],"angle":77.9,"extra":1,"ei":9}},{"type":"Feature","geometry":{"type":"Point","coordinates":[30.455738,50.546671]},"properties":{"lines":"40","color":"#0059a9","mode":"bus","arr":["40"],"angle":77.7,"extra":1,"ei":10}},{"type":"Feature","geometry":{"type":"Point","coordinates":[30.456159,50.544807]},"properties":{"lines":"40","color":"#0059a9","mode":"bus","arr":["40"],"angle":87.6,"extra":1,"ei":11}},{"type":"Feature","geometry":{"type":"Point","coordinates":[30.456413,50.541033]},"properties":{"lines":"40","color":"#0059a9","mode":"bus","arr":["40"],"angle":87.5,"extra":1,"ei":12}},{"type":"Feature","geometry":{"type":"Point","coordinates":[30.456542,50.539146]},"properties":{"lines":"40","color":"#0059a9","mode":"bus","arr":["40"],"angle":87.5,"extra":1,"ei":13}},{"type":"Feature","geometry":{"type":"Point","coordinates":[30.456673,50.537259]},"properties":{"lines":"40","color":"#0059a9","mode":"bus","arr":["40"],"angle":87.6,"extra":1,"ei":14}},{"type":"Feature","geometry":{"type":"Point","coordinates":[30.456799,50.535373]},"properties":{"lines":"40","color":"#0059a9","mode":"bus","arr":["40"],"angle":87.6,"extra":1,"ei":15}},{"type":"Feature","geometry":{"type":"Point","coordinates":[30.456601,50.533502]},"properties":{"lines":"40","color":"#0059a9","mode":"bus","arr":["40"],"angle":-72.5,"extra":1,"ei":16}},{"type":"Feature","geometry":{"type":"Point","coordinates":[30.455606,50.531723]},"properties":{"lines":"40","color":"#0059a9","mode":"bus","arr":["40"],"angle":-70.4,"extra":1,"ei":17}},{"type":"Feature","geometry":{"type":"Point","coordinates":[30.454615,50.529943]},"properties":{"lines":"40","color":"#0059a9","mode":"bus","arr":["40"],"angle":-70.5,"extra":1,"ei":18}},{"type":"Feature","geometry":{"type":"Point","coordinates":[30.453592,50.528171]},"properties":{"lines":"40","color":"#0059a9","mode":"bus","arr":["40"],"angle":-69,"extra":1,"ei":19}},{"type":"Feature","geometry":{"type":"Point","coordinates":[30.452596,50.526392]},"properties":{"lines":"40","color":"#0059a9","mode":"bus","arr":["40"],"angle":-72.4,"extra":1,"ei":20}},{"type":"Feature","geometry":{"type":"Point","coordinates":[30.451617,50.52461]},"properties":{"lines":"40","color":"#0059a9","mode":"bus","arr":["40"],"angle":-70.1,"extra":1,"ei":21}},{"type":"Feature","geometry":{"type":"Point","coordinates":[30.45061,50.522834]},"properties":{"lines":"40","color":"#0059a9","mode":"bus","arr":["40"],"angle":-70.1,"extra":1,"ei":22}},{"type":"Feature","geometry":{"type":"Point","coordinates":[30.449507,50.521091]},"properties":{"lines":"40","color":"#0059a9","mode":"bus","arr":["40"],"angle":-54.2,"extra":1,"ei":23}},{"type":"Feature","geometry":{"type":"Point","coordinates":[30.46987,50.517787]},"properties":{"lines":"40, 99, 32","color":"#0059a9","mode":"bus","arr":["40","99","Тб32"],"tLines":"32","ntLines":"40, 99","angle":0.8,"side":-1}},{"type":"Feature","geometry":{"type":"Point","coordinates":[30.458961,50.51898]},"properties":{"lines":"40, 99, 32","color":"#0059a9","mode":"bus","arr":["40","99","Тб32"],"tLines":"32","ntLines":"40, 99","angle":20,"extra":1,"ei":0,"side":-1}},{"type":"Feature","geometry":{"type":"Point","coordinates":[30.461745,50.518333]},"properties":{"lines":"40, 99, 32","color":"#0059a9","mode":"bus","arr":["40","99","Тб32"],"tLines":"32","ntLines":"40, 99","angle":20,"extra":1,"ei":1,"side":-1}},{"type":"Feature","geometry":{"type":"Point","coordinates":[30.464597,50.517854]},"properties":{"lines":"40, 99, 32","color":"#0059a9","mode":"bus","arr":["40","99","Тб32"],"tLines":"32","ntLines":"40, 99","angle":3.6,"extra":1,"ei":2,"side":-1}},{"type":"Feature","geometry":{"type":"Point","coordinates":[30.467559,50.517809]},"properties":{"lines":"40, 99, 32","color":"#0059a9","mode":"bus","arr":["40","99","Тб32"],"tLines":"32","ntLines":"40, 99","angle":0.9,"extra":1,"ei":3,"side":-1}},{"type":"Feature","geometry":{"type":"Point","coordinates":[30.473486,50.517752]},"properties":{"lines":"40, 99, 32","color":"#0059a9","mode":"bus","arr":["40","99","Тб32"],"tLines":"32","ntLines":"40, 99","angle":1.1,"extra":1,"ei":4,"side":-1}},{"type":"Feature","geometry":{"type":"Point","coordinates":[30.476449,50.517714]},"properties":{"lines":"40, 99, 32","color":"#0059a9","mode":"bus","arr":["40","99","Тб32"],"tLines":"32","ntLines":"40, 99","angle":1.3,"extra":1,"ei":5,"side":-1}},{"type":"Feature","geometry":{"type":"Point","coordinates":[30.479412,50.517675]},"properties":{"lines":"40, 99, 32","color":"#0059a9","mode":"bus","arr":["40","99","Тб32"],"tLines":"32","ntLines":"40, 99","angle":1.1,"extra":1,"ei":6,"side":-1}},{"type":"Feature","geometry":{"type":"Point","coordinates":[30.482375,50.517643]},"properties":{"lines":"40, 99, 32","color":"#0059a9","mode":"bus","arr":["40","99","Тб32"],"tLines":"32","ntLines":"40, 99","angle":0.9,"extra":1,"ei":7}},{"type":"Feature","geometry":{"type":"Point","coordinates":[30.498935,50.527652]},"properties":{"lines":"40","color":"#0059a9","mode":"bus","arr":["40"],"angle":1.6}},{"type":"Feature","geometry":{"type":"Point","coordinates":[30.482417,50.516869]},"properties":{"lines":"40, 41, 99","color":"#0059a9","mode":"bus","arr":["40","41","99"],"angle":58,"mi":1}},{"type":"Feature","geometry":{"type":"Point","coordinates":[30.483519,50.517656]},"properties":{"lines":"40, 41, 99","color":"#0059a9","mode":"bus","arr":["40","41","99"],"angle":-89}},{"type":"Feature","geometry":{"type":"Point","coordinates":[30.485416,50.517435]},"properties":{"lines":"40, 41, 99","color":"#0059a9","mode":"bus","arr":["40","41","99"],"angle":0.2,"side":-1,"mi":2}},{"type":"Feature","geometry":{"type":"Point","coordinates":[30.48764,50.51753]},"properties":{"lines":"40, 41, 99, 32","color":"#0059a9","mode":"bus","arr":["40","41","99","Тб32"],"tLines":"32","ntLines":"40, 41, 99","angle":-14,"side":-1}},{"type":"Feature","geometry":{"type":"Point","coordinates":[30.489919,50.517977]},"properties":{"lines":"40, 41, 32, 44","color":"#0059a9","mode":"bus","arr":["40","41","Тб32","Тб44"],"tLines":"32, 44","ntLines":"40, 41","angle":-80.6,"side":-1}},{"type":"Feature","geometry":{"type":"Point","coordinates":[30.497957,50.522609]},"properties":{"lines":"40, 41, 32, 44","color":"#0059a9","mode":"bus","arr":["40","41","Тб32","Тб44"],"tLines":"32, 44","ntLines":"40, 41","angle":24,"side":-1,"mi":1}},{"type":"Feature","geometry":{"type":"Point","coordinates":[30.499341,50.523436]},"properties":{"lines":"40","color":"#0059a9","mode":"bus","arr":["40"],"angle":-88.7,"mi":1}},{"type":"Feature","geometry":{"type":"Point","coordinates":[30.498598,50.527926]},"properties":{"lines":"40, 41","color":"#0059a9","mode":"bus","arr":["40","41"],"angle":-81.1}},{"type":"Feature","geometry":{"type":"Point","coordinates":[30.499399,50.524886]},"properties":{"lines":"40, 41","color":"#0059a9","mode":"bus","arr":["40","41"],"angle":-88.4,"extra":1,"ei":0}},{"type":"Feature","geometry":{"type":"Point","coordinates":[30.499461,50.526774]},"properties":{"lines":"40, 41","color":"#0059a9","mode":"bus","arr":["40","41"],"angle":-88.8,"extra":1,"ei":1}},{"type":"Feature","geometry":{"type":"Point","coordinates":[30.48867,50.517718]},"properties":{"lines":"40, 99, 32","color":"#0059a9","mode":"bus","arr":["40","99","Тб32"],"tLines":"32","ntLines":"40, 99","angle":-23.7}},{"type":"Feature","geometry":{"type":"Point","coordinates":[30.486467,50.517584]},"properties":{"lines":"40, 41, 32","color":"#0059a9","mode":"bus","arr":["40","41","Тб32"],"tLines":"32","ntLines":"40, 41","angle":1.4,"side":-1}},{"type":"Feature","geometry":{"type":"Point","coordinates":[30.483894,50.517624]},"properties":{"lines":"40, 41, 99, 32","color":"#0059a9","mode":"bus","arr":["40","41","99","Тб32"],"tLines":"32","ntLines":"40, 41, 99","angle":1.2,"side":-1,"mi":1}},{"type":"Feature","geometry":{"type":"Point","coordinates":[30.46973,50.566754]},"properties":{"lines":"41","color":"#0059a9","mode":"bus","arr":["41"],"angle":20.6}},{"type":"Feature","geometry":{"type":"Point","coordinates":[30.522094,50.521858]},"properties":{"lines":"41","color":"#0059a9","mode":"bus","arr":["41"],"angle":-82.7,"mi":1}},{"type":"Feature","geometry":{"type":"Point","coordinates":[30.509554,50.512825]},"properties":{"lines":"41","color":"#0059a9","mode":"bus","arr":["41"],"angle":1,"mi":3}},{"type":"Feature","geometry":{"type":"Point","coordinates":[30.48436,50.517502]},"properties":{"lines":"41","color":"#0059a9","mode":"bus","arr":["41"],"angle":50.1,"side":-1}},{"type":"Feature","geometry":{"type":"Point","coordinates":[30.468237,50.567]},"properties":{"lines":"41","color":"#0059a9","mode":"bus","arr":["41"],"angle":-3.9,"mi":1}},{"type":"Feature","geometry":{"type":"Point","coordinates":[30.465701,50.56691]},"properties":{"lines":"41","color":"#0059a9","mode":"bus","arr":["41"],"angle":-3.1,"extra":1,"ei":0}},{"type":"Feature","geometry":{"type":"Point","coordinates":[30.471615,50.567158]},"properties":{"lines":"41","color":"#0059a9","mode":"bus","arr":["41"],"angle":-4.1,"extra":1,"ei":1}},{"type":"Feature","geometry":{"type":"Point","coordinates":[30.471823,50.565686]},"properties":{"lines":"41","color":"#0059a9","mode":"bus","arr":["41"],"angle":-73.8,"mi":2}},{"type":"Feature","geometry":{"type":"Point","coordinates":[30.484974,50.542641]},"properties":{"lines":"41","color":"#0059a9","mode":"bus","arr":["41"],"angle":-89.9}},{"type":"Feature","geometry":{"type":"Point","coordinates":[30.484444,50.52204]},"properties":{"lines":"41","color":"#0059a9","mode":"bus","arr":["41"],"angle":-89,"mi":1}},{"type":"Feature","geometry":{"type":"Point","coordinates":[30.471146,50.563482]},"properties":{"lines":"41","color":"#0059a9","mode":"bus","arr":["41"],"angle":-88,"extra":1,"ei":0}},{"type":"Feature","geometry":{"type":"Point","coordinates":[30.471287,50.561597]},"properties":{"lines":"41","color":"#0059a9","mode":"bus","arr":["41"],"angle":85.1,"extra":1,"ei":1,"side":-1}},{"type":"Feature","geometry":{"type":"Point","coordinates":[30.471739,50.559732]},"properties":{"lines":"41","color":"#0059a9","mode":"bus","arr":["41"],"angle":78,"extra":1,"ei":2,"side":-1}},{"type":"Feature","geometry":{"type":"Point","coordinates":[30.472464,50.557902]},"properties":{"lines":"41","color":"#0059a9","mode":"bus","arr":["41"],"angle":72.8,"extra":1,"ei":3,"side":-1}},{"type":"Feature","geometry":{"type":"Point","coordinates":[30.473472,50.556127]},"properties":{"lines":"41","color":"#0059a9","mode":"bus","arr":["41"],"angle":67.1,"extra":1,"ei":4,"side":-1}},{"type":"Feature","geometry":{"type":"Point","coordinates":[30.47478,50.554432]},"properties":{"lines":"41","color":"#0059a9","mode":"bus","arr":["41"],"angle":61,"extra":1,"ei":5,"side":-1}},{"type":"Feature","geometry":{"type":"Point","coordinates":[30.476352,50.552832]},"properties":{"lines":"41","color":"#0059a9","mode":"bus","arr":["41"],"angle":55.2,"extra":1,"ei":6,"side":-1}},{"type":"Feature","geometry":{"type":"Point","coordinates":[30.478184,50.55135]},"properties":{"lines":"41","color":"#0059a9","mode":"bus","arr":["41"],"angle":47.6,"extra":1,"ei":7,"side":-1}},{"type":"Feature","geometry":{"type":"Point","coordinates":[30.480181,50.549955]},"properties":{"lines":"41","color":"#0059a9","mode":"bus","arr":["41"],"angle":47.7,"extra":1,"ei":8,"side":-1}},{"type":"Feature","geometry":{"type":"Point","coordinates":[30.482118,50.548527]},"properties":{"lines":"41","color":"#0059a9","mode":"bus","arr":["41"],"angle":53.2,"extra":1,"ei":9,"side":-1}},{"type":"Feature","geometry":{"type":"Point","coordinates":[30.483687,50.546929]},"properties":{"lines":"41","color":"#0059a9","mode":"bus","arr":["41"],"angle":64.3,"extra":1,"ei":10,"side":-1}},{"type":"Feature","geometry":{"type":"Point","coordinates":[30.484633,50.545144]},"properties":{"lines":"41","color":"#0059a9","mode":"bus","arr":["41"],"angle":75.8,"extra":1,"ei":11,"side":-1}},{"type":"Feature","geometry":{"type":"Point","coordinates":[30.484953,50.541386]},"properties":{"lines":"41","color":"#0059a9","mode":"bus","arr":["41"],"angle":-87.6,"extra":1,"ei":12}},{"type":"Feature","geometry":{"type":"Point","coordinates":[30.484837,50.539499]},"properties":{"lines":"41","color":"#0059a9","mode":"bus","arr":["41"],"angle":-88.4,"extra":1,"ei":13}},{"type":"Feature","geometry":{"type":"Point","coordinates":[30.484755,50.537611]},"properties":{"lines":"41","color":"#0059a9","mode":"bus","arr":["41"],"angle":-88.4,"extra":1,"ei":14}},{"type":"Feature","geometry":{"type":"Point","coordinates":[30.484611,50.535725]},"properties":{"lines":"41","color":"#0059a9","mode":"bus","arr":["41"],"angle":-85.4,"extra":1,"ei":15}},{"type":"Feature","geometry":{"type":"Point","coordinates":[30.484359,50.533843]},"properties":{"lines":"41","color":"#0059a9","mode":"bus","arr":["41"],"angle":-84.8,"extra":1,"ei":16}},{"type":"Feature","geometry":{"type":"Point","coordinates":[30.484114,50.531961]},"properties":{"lines":"41","color":"#0059a9","mode":"bus","arr":["41"],"angle":-85.9,"extra":1,"ei":17}},{"type":"Feature","geometry":{"type":"Point","coordinates":[30.48393,50.530076]},"properties":{"lines":"41","color":"#0059a9","mode":"bus","arr":["41"],"angle":-87.2,"extra":1,"ei":18}},{"type":"Feature","geometry":{"type":"Point","coordinates":[30.483851,50.528189]},"properties":{"lines":"41","color":"#0059a9","mode":"bus","arr":["41"],"angle":-88.5,"extra":1,"ei":19}},{"type":"Feature","geometry":{"type":"Point","coordinates":[30.483784,50.526301]},"properties":{"lines":"41","color":"#0059a9","mode":"bus","arr":["41"],"angle":-88.9,"extra":1,"ei":20}},{"type":"Feature","geometry":{"type":"Point","coordinates":[30.483723,50.524412]},"properties":{"lines":"41","color":"#0059a9","mode":"bus","arr":["41"],"angle":-88.9,"extra":1,"ei":21}},{"type":"Feature","geometry":{"type":"Point","coordinates":[30.483603,50.520636]},"properties":{"lines":"41","color":"#0059a9","mode":"bus","arr":["41"],"angle":-88.9,"extra":1,"ei":22}},{"type":"Feature","geometry":{"type":"Point","coordinates":[30.483544,50.518748]},"properties":{"lines":"41","color":"#0059a9","mode":"bus","arr":["41"],"angle":-89.6,"extra":1,"ei":23}},{"type":"Feature","geometry":{"type":"Point","coordinates":[30.485133,50.543887]},"properties":{"lines":"41","color":"#0059a9","mode":"bus","arr":["41"],"angle":84.6,"extra":1,"ei":0}},{"type":"Feature","geometry":{"type":"Point","coordinates":[30.506085,50.522597]},"properties":{"lines":"41, 50, 32, 44","color":"#0059a9","mode":"bus","arr":["41","50","Тб32","Тб44"],"tLines":"32, 44","ntLines":"41, 50","angle":1.1}},{"type":"Feature","geometry":{"type":"Point","coordinates":[30.51131,50.522536]},"properties":{"lines":"41, 50, 32, 44","color":"#0059a9","mode":"bus","arr":["41","50","Тб32","Тб44"],"tLines":"32, 44","ntLines":"41, 50","angle":1.4,"extra":1,"ei":0}},{"type":"Feature","geometry":{"type":"Point","coordinates":[30.508347,50.52257]},"properties":{"lines":"41, 50, 32, 44","color":"#0059a9","mode":"bus","arr":["41","50","Тб32","Тб44"],"tLines":"32, 44","ntLines":"41, 50","angle":1,"extra":1,"ei":1}},{"type":"Feature","geometry":{"type":"Point","coordinates":[30.502421,50.52264]},"properties":{"lines":"41, 50, 32, 44","color":"#0059a9","mode":"bus","arr":["41","50","Тб32","Тб44"],"tLines":"32, 44","ntLines":"41, 50","angle":1.1,"extra":1,"ei":2}},{"type":"Feature","geometry":{"type":"Point","coordinates":[30.499531,50.522847]},"properties":{"lines":"41, 50, 32, 44","color":"#0059a9","mode":"bus","arr":["41","50","Тб32","Тб44"],"tLines":"32, 44","ntLines":"41, 50","angle":32.7,"extra":1,"ei":3,"side":-1}},{"type":"Feature","geometry":{"type":"Point","coordinates":[30.517932,50.528337]},"properties":{"lines":"41","color":"#0059a9","mode":"bus","arr":["41"],"angle":-0.1,"mi":5}},{"type":"Feature","geometry":{"type":"Point","coordinates":[30.517654,50.516572]},"properties":{"lines":"41","color":"#0059a9","mode":"bus","arr":["41"],"angle":-54.2}},{"type":"Feature","geometry":{"type":"Point","coordinates":[30.52111,50.525153]},"properties":{"lines":"41","color":"#0059a9","mode":"bus","arr":["41"],"angle":66.4,"mi":2}},{"type":"Feature","geometry":{"type":"Point","coordinates":[30.507744,50.513414]},"properties":{"lines":"41","color":"#0059a9","mode":"bus","arr":["41"],"angle":38.8,"mi":4}},{"type":"Feature","geometry":{"type":"Point","coordinates":[30.519544,50.527476]},"properties":{"lines":"41","color":"#0059a9","mode":"bus","arr":["41"],"angle":66.8,"extra":1,"ei":0}},{"type":"Feature","geometry":{"type":"Point","coordinates":[30.521875,50.524003]},"properties":{"lines":"41","color":"#0059a9","mode":"bus","arr":["41"],"angle":67.3,"extra":1,"ei":1}},{"type":"Feature","geometry":{"type":"Point","coordinates":[30.522574,50.522185]},"properties":{"lines":"41","color":"#0059a9","mode":"bus","arr":["41"],"angle":-89.1,"extra":1,"ei":2}},{"type":"Feature","geometry":{"type":"Point","coordinates":[30.521892,50.520661]},"properties":{"lines":"41","color":"#0059a9","mode":"bus","arr":["41"],"angle":-62.7,"extra":1,"ei":0}},{"type":"Feature","geometry":{"type":"Point","coordinates":[30.520381,50.519038]},"properties":{"lines":"41","color":"#0059a9","mode":"bus","arr":["41"],"angle":-56.4,"extra":1,"ei":1}},{"type":"Feature","geometry":{"type":"Point","coordinates":[30.515217,50.514427]},"properties":{"lines":"41","color":"#0059a9","mode":"bus","arr":["41"],"angle":-53.8,"extra":1,"ei":2}},{"type":"Feature","geometry":{"type":"Point","coordinates":[30.513474,50.512992]},"properties":{"lines":"41","color":"#0059a9","mode":"bus","arr":["41"],"angle":-7.2,"extra":1,"ei":3}},{"type":"Feature","geometry":{"type":"Point","coordinates":[30.625649,50.388024]},"properties":{"lines":"42","color":"#0059a9","mode":"bus","arr":["42"],"angle":78.5,"mi":1}},{"type":"Feature","geometry":{"type":"Point","coordinates":[30.614324,50.396406]},"properties":{"lines":"42","color":"#0059a9","mode":"bus","arr":["42"],"angle":-62.5,"mi":2}},{"type":"Feature","geometry":{"type":"Point","coordinates":[30.622779,50.393141]},"properties":{"lines":"42","color":"#0059a9","mode":"bus","arr":["42"],"angle":27.4}},{"type":"Feature","geometry":{"type":"Point","coordinates":[30.624761,50.390776]},"properties":{"lines":"42","color":"#0059a9","mode":"bus","arr":["42"],"angle":79,"extra":1,"ei":0}},{"type":"Feature","geometry":{"type":"Point","coordinates":[30.618423,50.393147]},"properties":{"lines":"42","color":"#0059a9","mode":"bus","arr":["42"],"angle":-8.3,"extra":1,"ei":1}},{"type":"Feature","geometry":{"type":"Point","coordinates":[30.615107,50.394303]},"properties":{"lines":"42, 87","color":"#0059a9","mode":"bus","arr":["42","87"],"angle":38.2}},{"type":"Feature","geometry":{"type":"Point","coordinates":[30.624202,50.407453]},"properties":{"lines":"42, 109","color":"#0059a9","mode":"bus","arr":["42","109"],"angle":-22.1,"side":-1}},{"type":"Feature","geometry":{"type":"Point","coordinates":[30.626328,50.408002]},"properties":{"lines":"42, 109","color":"#0059a9","mode":"bus","arr":["42","109"],"angle":-22,"extra":1,"ei":0,"side":-1}},{"type":"Feature","geometry":{"type":"Point","coordinates":[30.620834,50.406584]},"properties":{"lines":"42, 109","color":"#0059a9","mode":"bus","arr":["42","109"],"angle":-21.9,"extra":1,"ei":1,"side":-1}},{"type":"Feature","geometry":{"type":"Point","coordinates":[30.628508,50.408571]},"properties":{"lines":"42, 108, 109","color":"#0059a9","mode":"bus","arr":["42","108","109"],"angle":-22.8,"side":-1}},{"type":"Feature","geometry":{"type":"Point","coordinates":[30.626146,50.413422]},"properties":{"lines":"42, 108","color":"#0059a9","mode":"bus","arr":["42","108"],"angle":68.3}},{"type":"Feature","geometry":{"type":"Point","coordinates":[30.628538,50.409889]},"properties":{"lines":"42, 108","color":"#0059a9","mode":"bus","arr":["42","108"],"angle":61.4,"extra":1,"ei":0}},{"type":"Feature","geometry":{"type":"Point","coordinates":[30.62729,50.411597]},"properties":{"lines":"42, 108","color":"#0059a9","mode":"bus","arr":["42","108"],"angle":68.9,"extra":1,"ei":1}},{"type":"Feature","geometry":{"type":"Point","coordinates":[30.625141,50.415117]},"properties":{"lines":"42, 108","color":"#0059a9","mode":"bus","arr":["42","108"],"angle":69.2,"extra":1,"ei":2}},{"type":"Feature","geometry":{"type":"Point","coordinates":[30.624055,50.416874]},"properties":{"lines":"42, 108","color":"#0059a9","mode":"bus","arr":["42","108"],"angle":69.1,"extra":1,"ei":3}},{"type":"Feature","geometry":{"type":"Point","coordinates":[30.625551,50.424598]},"properties":{"lines":"42","color":"#0059a9","mode":"bus","arr":["42"],"angle":-26.2}},{"type":"Feature","geometry":{"type":"Point","coordinates":[30.620235,50.419882]},"properties":{"lines":"42","color":"#0059a9","mode":"bus","arr":["42"],"angle":72.2,"mi":1}},{"type":"Feature","geometry":{"type":"Point","coordinates":[30.621877,50.42301]},"properties":{"lines":"42","color":"#0059a9","mode":"bus","arr":["42"],"angle":-31.8,"extra":1,"ei":0}},{"type":"Feature","geometry":{"type":"Point","coordinates":[30.629823,50.425391]},"properties":{"lines":"42","color":"#0059a9","mode":"bus","arr":["42"],"angle":-22.6,"extra":1,"ei":1}},{"type":"Feature","geometry":{"type":"Point","coordinates":[30.620389,50.421567]},"properties":{"lines":"42","color":"#0059a9","mode":"bus","arr":["42"],"angle":86.8,"extra":1,"ei":0}},{"type":"Feature","geometry":{"type":"Point","coordinates":[30.621411,50.417956]},"properties":{"lines":"42","color":"#0059a9","mode":"bus","arr":["42"],"angle":66.7,"extra":1,"ei":1}},{"type":"Feature","geometry":{"type":"Point","coordinates":[30.634187,50.426863]},"properties":{"lines":"42, 51, 63, 115","color":"#0059a9","mode":"bus","arr":["42","51","63","115"],"angle":-23.1}},{"type":"Feature","geometry":{"type":"Point","coordinates":[30.658488,50.417077]},"properties":{"lines":"45","color":"#0059a9","mode":"bus","arr":["45"],"angle":44.4}},{"type":"Feature","geometry":{"type":"Point","coordinates":[30.638119,50.426484]},"properties":{"lines":"45","color":"#0059a9","mode":"bus","arr":["45"],"angle":40.5}},{"type":"Feature","geometry":{"type":"Point","coordinates":[30.647554,50.423425]},"properties":{"lines":"45","color":"#0059a9","mode":"bus","arr":["45"],"angle":31.7,"extra":1,"ei":0}},{"type":"Feature","geometry":{"type":"Point","coordinates":[30.64989,50.422268]},"properties":{"lines":"45","color":"#0059a9","mode":"bus","arr":["45"],"angle":42,"extra":1,"ei":1}},{"type":"Feature","geometry":{"type":"Point","coordinates":[30.652065,50.420985]},"properties":{"lines":"45","color":"#0059a9","mode":"bus","arr":["45"],"angle":43,"extra":1,"ei":2}},{"type":"Feature","geometry":{"type":"Point","coordinates":[30.654245,50.419706]},"properties":{"lines":"45","color":"#0059a9","mode":"bus","arr":["45"],"angle":43,"extra":1,"ei":3}},{"type":"Feature","geometry":{"type":"Point","coordinates":[30.656394,50.418406]},"properties":{"lines":"45","color":"#0059a9","mode":"bus","arr":["45"],"angle":45,"extra":1,"ei":4}},{"type":"Feature","geometry":{"type":"Point","coordinates":[30.660605,50.415748]},"properties":{"lines":"45","color":"#0059a9","mode":"bus","arr":["45"],"angle":44.6,"extra":1,"ei":5}},{"type":"Feature","geometry":{"type":"Point","coordinates":[30.66273,50.414431]},"properties":{"lines":"45","color":"#0059a9","mode":"bus","arr":["45"],"angle":43.8,"extra":1,"ei":6}},{"type":"Feature","geometry":{"type":"Point","coordinates":[30.664856,50.413116]},"properties":{"lines":"45","color":"#0059a9","mode":"bus","arr":["45"],"angle":44.4,"extra":1,"ei":7}},{"type":"Feature","geometry":{"type":"Point","coordinates":[30.666988,50.411804]},"properties":{"lines":"45","color":"#0059a9","mode":"bus","arr":["45"],"angle":43.8,"extra":1,"ei":8}},{"type":"Feature","geometry":{"type":"Point","coordinates":[30.669136,50.410503]},"properties":{"lines":"45","color":"#0059a9","mode":"bus","arr":["45"],"angle":43.5,"extra":1,"ei":9}},{"type":"Feature","geometry":{"type":"Point","coordinates":[30.636566,50.427701]},"properties":{"lines":"42, 45, 51, 115","color":"#0059a9","mode":"bus","arr":["42","45","51","115"],"angle":61.6,"side":-1}},{"type":"Feature","geometry":{"type":"Point","coordinates":[30.62761,50.44165]},"properties":{"lines":"42","color":"#0059a9","mode":"bus","arr":["42"],"angle":58.5,"side":-1}},{"type":"Feature","geometry":{"type":"Point","coordinates":[30.627045,50.442183]},"properties":{"lines":"42, 55, 111, 43","color":"#0059a9","mode":"bus","arr":["42","55","111","Тб43"],"tLines":"43","ntLines":"42, 55, 111","angle":56.3}},{"type":"Feature","geometry":{"type":"Point","coordinates":[30.626239,50.443016]},"properties":{"lines":"42, 55, 111, 118д, 43, 50","color":"#0059a9","mode":"bus","arr":["42","55","111","118д","Тб43","Тб50"],"tLines":"43, 50","ntLines":"42, 55, 111, 118д","angle":32.1}},{"type":"Feature","geometry":{"type":"Point","coordinates":[30.625264,50.442635]},"properties":{"lines":"42, 55, 63, 111, 118д, 29, 43, 50, 50к","color":"#0059a9","mode":"bus","arr":["42","55","63","111","118д","Тб29","Тб43","Тб50","Тб50к"],"tLines":"29, 43, 50, 50к","ntLines":"42, 55, 63, 111, 118д","angle":-55.4}},{"type":"Feature","geometry":{"type":"Point","coordinates":[30.624534,50.442136]},"properties":{"lines":"42, 55, 111, 118д, 43, 50","color":"#0059a9","mode":"bus","arr":["42","55","111","118д","Тб43","Тб50"],"tLines":"43, 50","ntLines":"42, 55, 111, 118д","angle":-40.4,"mi":1}},{"type":"Feature","geometry":{"type":"Point","coordinates":[30.61721,50.439855]},"properties":{"lines":"42, 51, 55, 111, 115, 118д, 43, 50","color":"#0059a9","mode":"bus","arr":["42","51","55","111","115","118д","Тб43","Тб50"],"tLines":"43, 50","ntLines":"42, 51, 55, 111, 115, 118д","angle":-26}},{"type":"Feature","geometry":{"type":"Point","coordinates":[30.62253,50.441487]},"properties":{"lines":"42, 51, 55, 111, 115, 118д, 43, 50","color":"#0059a9","mode":"bus","arr":["42","51","55","111","115","118д","Тб43","Тб50"],"tLines":"43, 50","ntLines":"42, 51, 55, 111, 115, 118д","angle":-25.4,"extra":1,"ei":0}},{"type":"Feature","geometry":{"type":"Point","coordinates":[30.61986,50.440668]},"properties":{"lines":"42, 51, 55, 111, 115, 118д, 43, 50","color":"#0059a9","mode":"bus","arr":["42","51","55","111","115","118д","Тб43","Тб50"],"tLines":"43, 50","ntLines":"42, 51, 55, 111, 115, 118д","angle":-25.7,"extra":1,"ei":1}},{"type":"Feature","geometry":{"type":"Point","coordinates":[30.614525,50.439022]},"properties":{"lines":"42, 51, 55, 111, 115, 118д, 43, 50","color":"#0059a9","mode":"bus","arr":["42","51","55","111","115","118д","Тб43","Тб50"],"tLines":"43, 50","ntLines":"42, 51, 55, 111, 115, 118д","angle":-26,"extra":1,"ei":2}},{"type":"Feature","geometry":{"type":"Point","coordinates":[30.611856,50.438202]},"properties":{"lines":"42, 51, 55, 111, 115, 118д, 43, 50","color":"#0059a9","mode":"bus","arr":["42","51","55","111","115","118д","Тб43","Тб50"],"tLines":"43, 50","ntLines":"42, 51, 55, 111, 115, 118д","angle":-25.2,"extra":1,"ei":3}},{"type":"Feature","geometry":{"type":"Point","coordinates":[30.610217,50.437858]},"properties":{"lines":"42, 111","color":"#0059a9","mode":"bus","arr":["42","111"],"angle":49}},{"type":"Feature","geometry":{"type":"Point","coordinates":[30.610594,50.438512]},"properties":{"lines":"42, 111","color":"#0059a9","mode":"bus","arr":["42","111"],"angle":-46.5,"mi":2}},{"type":"Feature","geometry":{"type":"Point","coordinates":[30.61083,50.439475]},"properties":{"lines":"42, 44, 87, 111","color":"#0059a9","mode":"bus","arr":["42","44","87","111"],"angle":-35.4}},{"type":"Feature","geometry":{"type":"Point","coordinates":[30.612355,50.438294]},"properties":{"lines":"42, 44, 87, 111","color":"#0059a9","mode":"bus","arr":["42","44","87","111"],"angle":69.3,"mi":3}},{"type":"Feature","geometry":{"type":"Point","coordinates":[30.607494,50.445914]},"properties":{"lines":"42, 44, 87, 111","color":"#0059a9","mode":"bus","arr":["42","44","87","111"],"angle":66.3,"mi":1}},{"type":"Feature","geometry":{"type":"Point","coordinates":[30.599151,50.449893]},"properties":{"lines":"42, 44, 87, 111","color":"#0059a9","mode":"bus","arr":["42","44","87","111"],"angle":85,"mi":4}},{"type":"Feature","geometry":{"type":"Point","coordinates":[30.610495,50.440417]},"properties":{"lines":"42, 44, 87, 111","color":"#0059a9","mode":"bus","arr":["42","44","87","111"],"angle":67.5,"extra":1,"ei":0}},{"type":"Feature","geometry":{"type":"Point","coordinates":[30.609518,50.442195]},"properties":{"lines":"42, 44, 87, 111","color":"#0059a9","mode":"bus","arr":["42","44","87","111"],"angle":72.9,"extra":1,"ei":1}},{"type":"Feature","geometry":{"type":"Point","coordinates":[30.608645,50.443999]},"properties":{"lines":"42, 44, 87, 111","color":"#0059a9","mode":"bus","arr":["42","44","87","111"],"angle":71.6,"extra":1,"ei":2}},{"type":"Feature","geometry":{"type":"Point","coordinates":[30.605663,50.447147]},"properties":{"lines":"42, 44, 87, 111","color":"#0059a9","mode":"bus","arr":["42","44","87","111"],"angle":32.3,"extra":1,"ei":3}},{"type":"Feature","geometry":{"type":"Point","coordinates":[30.602966,50.447919]},"properties":{"lines":"42, 44, 87, 111","color":"#0059a9","mode":"bus","arr":["42","44","87","111"],"angle":21.9,"extra":1,"ei":4}},{"type":"Feature","geometry":{"type":"Point","coordinates":[30.60027,50.448696]},"properties":{"lines":"42, 44, 87, 111","color":"#0059a9","mode":"bus","arr":["42","44","87","111"],"angle":34.3,"extra":1,"ei":5}},{"type":"Feature","geometry":{"type":"Point","coordinates":[30.598314,50.451427]},"properties":{"lines":"42, 44, 46, 70Д, 87, 95, 108, 111","color":"#0059a9","mode":"bus","arr":["42","44","46","70Д","87","95","108","111"],"angle":77.7,"side":-1}},{"type":"Feature","geometry":{"type":"Point","coordinates":[30.598687,50.451059]},"properties":{"lines":"42, 44, 70Д, 87, 95, 108, 111","color":"#0059a9","mode":"bus","arr":["42","44","70Д","87","95","108","111"],"angle":76.2}},{"type":"Feature","geometry":{"type":"Point","coordinates":[30.598279,50.451848]},"properties":{"lines":"42, 44, 46, 87, 95, 108, 111","color":"#0059a9","mode":"bus","arr":["42","44","46","87","95","108","111"],"angle":69.2}},{"type":"Feature","geometry":{"type":"Point","coordinates":[30.593249,50.455904]},"properties":{"lines":"42, 87, 95, 108, 111","color":"#0059a9","mode":"bus","arr":["42","87","95","108","111"],"angle":55.5,"side":-1}},{"type":"Feature","geometry":{"type":"Point","coordinates":[30.597555,50.453053]},"properties":{"lines":"42, 87, 95, 108, 111","color":"#0059a9","mode":"bus","arr":["42","87","95","108","111"],"angle":69.1,"extra":1,"ei":0}},{"type":"Feature","geometry":{"type":"Point","coordinates":[30.596159,50.45469]},"properties":{"lines":"42, 87, 95, 108, 111","color":"#0059a9","mode":"bus","arr":["42","87","95","108","111"],"angle":43.1,"extra":1,"ei":1}},{"type":"Feature","geometry":{"type":"Point","coordinates":[30.592129,50.457336]},"properties":{"lines":"42, 87, 95, 108, 111","color":"#0059a9","mode":"bus","arr":["42","87","95","108","111"],"angle":53.5,"extra":1,"ei":2}},{"type":"Feature","geometry":{"type":"Point","coordinates":[30.590268,50.459464]},"properties":{"lines":"42, 87, 95, 108, 111","color":"#0059a9","mode":"bus","arr":["42","87","95","108","111"],"angle":62.5,"extra":1,"ei":0}},{"type":"Feature","geometry":{"type":"Point","coordinates":[30.590633,50.460953]},"properties":{"lines":"42, 95, 111","color":"#0059a9","mode":"bus","arr":["42","95","111"],"angle":-20.8}},{"type":"Feature","geometry":{"type":"Point","coordinates":[30.591154,50.462053]},"properties":{"lines":"42, 95, 111","color":"#0059a9","mode":"bus","arr":["42","95","111"],"angle":66.3,"mi":1}},{"type":"Feature","geometry":{"type":"Point","coordinates":[30.597299,50.450128]},"properties":{"lines":"48, 95, 108","color":"#0059a9","mode":"bus","arr":["48","95","108"],"angle":-30.3}},{"type":"Feature","geometry":{"type":"Point","coordinates":[30.597756,50.450194]},"properties":{"lines":"95, 108","color":"#0059a9","mode":"bus","arr":["95","108"],"angle":-14.4,"side":-1}},{"type":"Feature","geometry":{"type":"Point","coordinates":[30.61179,50.438704]},"properties":{"lines":"42, 44, 87, 111","color":"#0059a9","mode":"bus","arr":["42","44","87","111"],"angle":23.9,"side":-1,"mi":2}},{"type":"Feature","geometry":{"type":"Point","coordinates":[30.612439,50.43763]},"properties":{"lines":"42, 87, 111","color":"#0059a9","mode":"bus","arr":["42","87","111"],"angle":-72.5}},{"type":"Feature","geometry":{"type":"Point","coordinates":[30.610183,50.437422]},"properties":{"lines":"42, 111","color":"#0059a9","mode":"bus","arr":["42","111"],"angle":-77.4,"side":-1,"mi":1}},{"type":"Feature","geometry":{"type":"Point","coordinates":[30.617148,50.439719]},"properties":{"lines":"42, 51, 55, 111, 115, 118д, 43","color":"#0059a9","mode":"bus","arr":["42","51","55","111","115","118д","Тб43"],"tLines":"43","ntLines":"42, 51, 55, 111, 115, 118д","angle":-25.9}},{"type":"Feature","geometry":{"type":"Point","coordinates":[30.63116,50.43557]},"properties":{"lines":"42, 45, 51, 63","color":"#0059a9","mode":"bus","arr":["42","45","51","63"],"angle":69.4,"side":-1}},{"type":"Feature","geometry":{"type":"Point","coordinates":[30.626688,50.441552]},"properties":{"lines":"42, 45, 51, 63","color":"#0059a9","mode":"bus","arr":["42","45","51","63"],"angle":31.3,"extra":1,"ei":0,"side":-1}},{"type":"Feature","geometry":{"type":"Point","coordinates":[30.628484,50.440079]},"properties":{"lines":"42, 45, 51, 63","color":"#0059a9","mode":"bus","arr":["42","45","51","63"],"angle":67.5,"extra":1,"ei":1,"side":-1}},{"type":"Feature","geometry":{"type":"Point","coordinates":[30.629534,50.438313]},"properties":{"lines":"42, 45, 51, 63","color":"#0059a9","mode":"bus","arr":["42","45","51","63"],"angle":69.2,"extra":1,"ei":2,"side":-1}},{"type":"Feature","geometry":{"type":"Point","coordinates":[30.632687,50.433015]},"properties":{"lines":"42, 45, 51, 63","color":"#0059a9","mode":"bus","arr":["42","45","51","63"],"angle":69.2,"extra":1,"ei":3,"side":-1}},{"type":"Feature","geometry":{"type":"Point","coordinates":[30.633752,50.431253]},"properties":{"lines":"42, 45, 51, 63","color":"#0059a9","mode":"bus","arr":["42","45","51","63"],"angle":68.2,"extra":1,"ei":4,"side":-1}},{"type":"Feature","geometry":{"type":"Point","coordinates":[30.634984,50.429536]},"properties":{"lines":"42, 45, 51, 63","color":"#0059a9","mode":"bus","arr":["42","45","51","63"],"angle":63.9,"extra":1,"ei":5,"side":-1}},{"type":"Feature","geometry":{"type":"Point","coordinates":[30.633556,50.410126]},"properties":{"lines":"108, 109","color":"#0059a9","mode":"bus","arr":["108","109"],"angle":-22.2}},{"type":"Feature","geometry":{"type":"Point","coordinates":[30.64291,50.412315]},"properties":{"lines":"108, 109","color":"#0059a9","mode":"bus","arr":["108","109"],"angle":-20.8,"side":-1,"mi":1}},{"type":"Feature","geometry":{"type":"Point","coordinates":[30.628254,50.408801]},"properties":{"lines":"108, 109","color":"#0059a9","mode":"bus","arr":["108","109"],"angle":-22.5,"mi":3}},{"type":"Feature","geometry":{"type":"Point","coordinates":[30.636515,50.41091]},"properties":{"lines":"108, 109","color":"#0059a9","mode":"bus","arr":["108","109"],"angle":-23.8,"extra":1,"ei":0}},{"type":"Feature","geometry":{"type":"Point","coordinates":[30.631028,50.409483]},"properties":{"lines":"108, 109","color":"#0059a9","mode":"bus","arr":["108","109"],"angle":-20.9,"extra":1,"ei":1}},{"type":"Feature","geometry":{"type":"Point","coordinates":[30.620749,50.406826]},"properties":{"lines":"109","color":"#0059a9","mode":"bus","arr":["109"],"angle":-22.5}},{"type":"Feature","geometry":{"type":"Point","coordinates":[30.616568,50.40551]},"properties":{"lines":"109","color":"#0059a9","mode":"bus","arr":["109"],"angle":-21.9,"extra":1,"ei":0,"side":-1}},{"type":"Feature","geometry":{"type":"Point","coordinates":[30.626189,50.408226]},"properties":{"lines":"109","color":"#0059a9","mode":"bus","arr":["109"],"angle":-24,"extra":1,"ei":0}},{"type":"Feature","geometry":{"type":"Point","coordinates":[30.623451,50.407505]},"properties":{"lines":"109","color":"#0059a9","mode":"bus","arr":["109"],"angle":-20.9,"extra":1,"ei":1}},{"type":"Feature","geometry":{"type":"Point","coordinates":[30.640618,50.230597]},"properties":{"lines":"43","color":"#0059a9","mode":"bus","arr":["43"],"angle":65.6}},{"type":"Feature","geometry":{"type":"Point","coordinates":[30.643428,50.226626]},"properties":{"lines":"43","color":"#0059a9","mode":"bus","arr":["43"],"angle":65.1,"extra":1,"ei":0}},{"type":"Feature","geometry":{"type":"Point","coordinates":[30.642209,50.228347]},"properties":{"lines":"43","color":"#0059a9","mode":"bus","arr":["43"],"angle":65.8,"extra":1,"ei":1}},{"type":"Feature","geometry":{"type":"Point","coordinates":[30.639771,50.23179]},"properties":{"lines":"43","color":"#0059a9","mode":"bus","arr":["43"],"angle":65.7,"extra":1,"ei":2}},{"type":"Feature","geometry":{"type":"Point","coordinates":[30.63855,50.233511]},"properties":{"lines":"43","color":"#0059a9","mode":"bus","arr":["43"],"angle":65.7,"extra":1,"ei":3}},{"type":"Feature","geometry":{"type":"Point","coordinates":[30.63733,50.235232]},"properties":{"lines":"43","color":"#0059a9","mode":"bus","arr":["43"],"angle":65.8,"extra":1,"ei":4}},{"type":"Feature","geometry":{"type":"Point","coordinates":[30.643604,50.225949]},"properties":{"lines":"43","color":"#0059a9","mode":"bus","arr":["43"],"angle":-60.6,"mi":1}},{"type":"Feature","geometry":{"type":"Point","coordinates":[30.614071,50.268026]},"properties":{"lines":"43","color":"#0059a9","mode":"bus","arr":["43"],"angle":65.7}},{"type":"Feature","geometry":{"type":"Point","coordinates":[30.636579,50.236288]},"properties":{"lines":"43","color":"#0059a9","mode":"bus","arr":["43"],"angle":65.8,"extra":1,"ei":0}},{"type":"Feature","geometry":{"type":"Point","coordinates":[30.635361,50.238009]},"properties":{"lines":"43","color":"#0059a9","mode":"bus","arr":["43"],"angle":65.6,"extra":1,"ei":1}},{"type":"Feature","geometry":{"type":"Point","coordinates":[30.634139,50.23973]},"properties":{"lines":"43","color":"#0059a9","mode":"bus","arr":["43"],"angle":65.7,"extra":1,"ei":2}},{"type":"Feature","geometry":{"type":"Point","coordinates":[30.632917,50.24145]},"properties":{"lines":"43","color":"#0059a9","mode":"bus","arr":["43"],"angle":65.6,"extra":1,"ei":3}},{"type":"Feature","geometry":{"type":"Point","coordinates":[30.63171,50.243175]},"properties":{"lines":"43","color":"#0059a9","mode":"bus","arr":["43"],"angle":66,"extra":1,"ei":4}},{"type":"Feature","geometry":{"type":"Point","coordinates":[30.630489,50.244896]},"properties":{"lines":"43","color":"#0059a9","mode":"bus","arr":["43"],"angle":65.6,"extra":1,"ei":5}},{"type":"Feature","geometry":{"type":"Point","coordinates":[30.629272,50.246618]},"properties":{"lines":"43","color":"#0059a9","mode":"bus","arr":["43"],"angle":65.5,"extra":1,"ei":6}},{"type":"Feature","geometry":{"type":"Point","coordinates":[30.628047,50.248338]},"properties":{"lines":"43","color":"#0059a9","mode":"bus","arr":["43"],"angle":65.8,"extra":1,"ei":7}},{"type":"Feature","geometry":{"type":"Point","coordinates":[30.626821,50.250057]},"properties":{"lines":"43","color":"#0059a9","mode":"bus","arr":["43"],"angle":65.6,"extra":1,"ei":8}},{"type":"Feature","geometry":{"type":"Point","coordinates":[30.625598,50.251778]},"properties":{"lines":"43","color":"#0059a9","mode":"bus","arr":["43"],"angle":65.6,"extra":1,"ei":9}},{"type":"Feature","geometry":{"type":"Point","coordinates":[30.624375,50.253498]},"properties":{"lines":"43","color":"#0059a9","mode":"bus","arr":["43"],"angle":65.6,"extra":1,"ei":10}},{"type":"Feature","geometry":{"type":"Point","coordinates":[30.623153,50.255218]},"properties":{"lines":"43","color":"#0059a9","mode":"bus","arr":["43"],"angle":65.8,"extra":1,"ei":11}},{"type":"Feature","geometry":{"type":"Point","coordinates":[30.621936,50.25694]},"properties":{"lines":"43","color":"#0059a9","mode":"bus","arr":["43"],"angle":65.8,"extra":1,"ei":12}},{"type":"Feature","geometry":{"type":"Point","coordinates":[30.620719,50.258662]},"properties":{"lines":"43","color":"#0059a9","mode":"bus","arr":["43"],"angle":65.7,"extra":1,"ei":13}},{"type":"Feature","geometry":{"type":"Point","coordinates":[30.619509,50.260386]},"properties":{"lines":"43","color":"#0059a9","mode":"bus","arr":["43"],"angle":65.5,"extra":1,"ei":14}},{"type":"Feature","geometry":{"type":"Point","coordinates":[30.618283,50.262105]},"properties":{"lines":"43","color":"#0059a9","mode":"bus","arr":["43"],"angle":65.7,"extra":1,"ei":15}},{"type":"Feature","geometry":{"type":"Point","coordinates":[30.617062,50.263826]},"properties":{"lines":"43","color":"#0059a9","mode":"bus","arr":["43"],"angle":65.7,"extra":1,"ei":16}},{"type":"Feature","geometry":{"type":"Point","coordinates":[30.61584,50.265547]},"properties":{"lines":"43","color":"#0059a9","mode":"bus","arr":["43"],"angle":65.4,"extra":1,"ei":17}},{"type":"Feature","geometry":{"type":"Point","coordinates":[30.612173,50.270708]},"properties":{"lines":"43","color":"#0059a9","mode":"bus","arr":["43"],"angle":66.1,"extra":1,"ei":18}},{"type":"Feature","geometry":{"type":"Point","coordinates":[30.610958,50.272431]},"properties":{"lines":"43","color":"#0059a9","mode":"bus","arr":["43"],"angle":65.6,"extra":1,"ei":19}},{"type":"Feature","geometry":{"type":"Point","coordinates":[30.609733,50.27415]},"properties":{"lines":"43","color":"#0059a9","mode":"bus","arr":["43"],"angle":65.6,"extra":1,"ei":20}},{"type":"Feature","geometry":{"type":"Point","coordinates":[30.60851,50.275871]},"properties":{"lines":"43","color":"#0059a9","mode":"bus","arr":["43"],"angle":65.7,"extra":1,"ei":21}},{"type":"Feature","geometry":{"type":"Point","coordinates":[30.607288,50.277591]},"properties":{"lines":"43","color":"#0059a9","mode":"bus","arr":["43"],"angle":65.6,"extra":1,"ei":22}},{"type":"Feature","geometry":{"type":"Point","coordinates":[30.606068,50.279312]},"properties":{"lines":"43","color":"#0059a9","mode":"bus","arr":["43"],"angle":65.4,"extra":1,"ei":23}},{"type":"Feature","geometry":{"type":"Point","coordinates":[30.604827,50.281027]},"properties":{"lines":"43","color":"#0059a9","mode":"bus","arr":["43"],"angle":64.5,"extra":1,"ei":24}},{"type":"Feature","geometry":{"type":"Point","coordinates":[30.603447,50.282697]},"properties":{"lines":"43","color":"#0059a9","mode":"bus","arr":["43"],"angle":57.8,"extra":1,"ei":25}},{"type":"Feature","geometry":{"type":"Point","coordinates":[30.601641,50.28419]},"properties":{"lines":"43","color":"#0059a9","mode":"bus","arr":["43"],"angle":46.7,"extra":1,"ei":26}},{"type":"Feature","geometry":{"type":"Point","coordinates":[30.599588,50.285552]},"properties":{"lines":"43","color":"#0059a9","mode":"bus","arr":["43"],"angle":45.9,"extra":1,"ei":27}},{"type":"Feature","geometry":{"type":"Point","coordinates":[30.597517,50.286903]},"properties":{"lines":"43","color":"#0059a9","mode":"bus","arr":["43"],"angle":45.6,"extra":1,"ei":28}},{"type":"Feature","geometry":{"type":"Point","coordinates":[30.595449,50.288255]},"properties":{"lines":"43","color":"#0059a9","mode":"bus","arr":["43"],"angle":45.6,"extra":1,"ei":29}},{"type":"Feature","geometry":{"type":"Point","coordinates":[30.593347,50.289586]},"properties":{"lines":"43","color":"#0059a9","mode":"bus","arr":["43"],"angle":42.1,"extra":1,"ei":30}},{"type":"Feature","geometry":{"type":"Point","coordinates":[30.59103,50.290762]},"properties":{"lines":"43","color":"#0059a9","mode":"bus","arr":["43"],"angle":36.5,"extra":1,"ei":31}},{"type":"Feature","geometry":{"type":"Point","coordinates":[30.588645,50.291883]},"properties":{"lines":"43","color":"#0059a9","mode":"bus","arr":["43"],"angle":36.3,"extra":1,"ei":32}},{"type":"Feature","geometry":{"type":"Point","coordinates":[30.586261,50.293006]},"properties":{"lines":"43","color":"#0059a9","mode":"bus","arr":["43"],"angle":36.7,"extra":1,"ei":33}},{"type":"Feature","geometry":{"type":"Point","coordinates":[30.584016,50.294232]},"properties":{"lines":"43","color":"#0059a9","mode":"bus","arr":["43"],"angle":47.2,"extra":1,"ei":34}},{"type":"Feature","geometry":{"type":"Point","coordinates":[30.582196,50.295719]},"properties":{"lines":"43","color":"#0059a9","mode":"bus","arr":["43"],"angle":55.4,"extra":1,"ei":35}},{"type":"Feature","geometry":{"type":"Point","coordinates":[30.549603,50.366938]},"properties":{"lines":"43, 43к","color":"#0059a9","mode":"bus","arr":["43","43к"],"angle":-89.3}},{"type":"Feature","geometry":{"type":"Point","coordinates":[30.566846,50.316112]},"properties":{"lines":"43, 43к","color":"#0059a9","mode":"bus","arr":["43","43к"],"angle":66.7}},{"type":"Feature","geometry":{"type":"Point","coordinates":[30.58072,50.297098]},"properties":{"lines":"43, 43к","color":"#0059a9","mode":"bus","arr":["43","43к"],"angle":55.8,"extra":1,"ei":0}},{"type":"Feature","geometry":{"type":"Point","coordinates":[30.579029,50.298649]},"properties":{"lines":"43, 43к","color":"#0059a9","mode":"bus","arr":["43","43к"],"angle":56,"extra":1,"ei":1}},{"type":"Feature","geometry":{"type":"Point","coordinates":[30.577598,50.300297]},"properties":{"lines":"43, 43к","color":"#0059a9","mode":"bus","arr":["43","43к"],"angle":66.3,"extra":1,"ei":2}},{"type":"Feature","geometry":{"type":"Point","coordinates":[30.576419,50.302029]},"properties":{"lines":"43, 43к","color":"#0059a9","mode":"bus","arr":["43","43к"],"angle":66.6,"extra":1,"ei":3}},{"type":"Feature","geometry":{"type":"Point","coordinates":[30.575241,50.303762]},"properties":{"lines":"43, 43к","color":"#0059a9","mode":"bus","arr":["43","43к"],"angle":66.6,"extra":1,"ei":4}},{"type":"Feature","geometry":{"type":"Point","coordinates":[30.574055,50.305493]},"properties":{"lines":"43, 43к","color":"#0059a9","mode":"bus","arr":["43","43к"],"angle":66.3,"extra":1,"ei":5}},{"type":"Feature","geometry":{"type":"Point","coordinates":[30.57287,50.307224]},"properties":{"lines":"43, 43к","color":"#0059a9","mode":"bus","arr":["43","43к"],"angle":66.6,"extra":1,"ei":6}},{"type":"Feature","geometry":{"type":"Point","coordinates":[30.571706,50.308961]},"properties":{"lines":"43, 43к","color":"#0059a9","mode":"bus","arr":["43","43к"],"angle":66.8,"extra":1,"ei":7}},{"type":"Feature","geometry":{"type":"Point","coordinates":[30.57053,50.310694]},"properties":{"lines":"43, 43к","color":"#0059a9","mode":"bus","arr":["43","43к"],"angle":66.5,"extra":1,"ei":8}},{"type":"Feature","geometry":{"type":"Point","coordinates":[30.56935,50.312427]},"properties":{"lines":"43, 43к","color":"#0059a9","mode":"bus","arr":["43","43к"],"angle":66.5,"extra":1,"ei":9}},{"type":"Feature","geometry":{"type":"Point","coordinates":[30.56817,50.314159]},"properties":{"lines":"43, 43к","color":"#0059a9","mode":"bus","arr":["43","43к"],"angle":66.6,"extra":1,"ei":10}},{"type":"Feature","geometry":{"type":"Point","coordinates":[30.56582,50.317627]},"properties":{"lines":"43, 43к","color":"#0059a9","mode":"bus","arr":["43","43к"],"angle":66.6,"extra":1,"ei":11}},{"type":"Feature","geometry":{"type":"Point","coordinates":[30.564651,50.319362]},"properties":{"lines":"43, 43к","color":"#0059a9","mode":"bus","arr":["43","43к"],"angle":68,"extra":1,"ei":12}},{"type":"Feature","geometry":{"type":"Point","coordinates":[30.563728,50.321155]},"properties":{"lines":"43, 43к","color":"#0059a9","mode":"bus","arr":["43","43к"],"angle":74.7,"extra":1,"ei":13}},{"type":"Feature","geometry":{"type":"Point","coordinates":[30.562958,50.322979]},"properties":{"lines":"43, 43к","color":"#0059a9","mode":"bus","arr":["43","43к"],"angle":75,"extra":1,"ei":14}},{"type":"Feature","geometry":{"type":"Point","coordinates":[30.562187,50.324802]},"properties":{"lines":"43, 43к","color":"#0059a9","mode":"bus","arr":["43","43к"],"angle":74.7,"extra":1,"ei":15}},{"type":"Feature","geometry":{"type":"Point","coordinates":[30.561428,50.326628]},"properties":{"lines":"43, 43к","color":"#0059a9","mode":"bus","arr":["43","43к"],"angle":75.1,"extra":1,"ei":16}},{"type":"Feature","geometry":{"type":"Point","coordinates":[30.560696,50.328458]},"properties":{"lines":"43, 43к","color":"#0059a9","mode":"bus","arr":["43","43к"],"angle":77.4,"extra":1,"ei":17}},{"type":"Feature","geometry":{"type":"Point","coordinates":[30.560071,50.330304]},"properties":{"lines":"43, 43к","color":"#0059a9","mode":"bus","arr":["43","43к"],"angle":77.7,"extra":1,"ei":18}},{"type":"Feature","geometry":{"type":"Point","coordinates":[30.559475,50.332153]},"properties":{"lines":"43, 43к","color":"#0059a9","mode":"bus","arr":["43","43к"],"angle":79.8,"extra":1,"ei":19}},{"type":"Feature","geometry":{"type":"Point","coordinates":[30.558658,50.333961]},"properties":{"lines":"43, 43к","color":"#0059a9","mode":"bus","arr":["43","43к"],"angle":64.4,"extra":1,"ei":20,"side":-1}},{"type":"Feature","geometry":{"type":"Point","coordinates":[30.557024,50.335532]},"properties":{"lines":"43, 43к","color":"#0059a9","mode":"bus","arr":["43","43к"],"angle":53.5,"extra":1,"ei":21}},{"type":"Feature","geometry":{"type":"Point","coordinates":[30.559016,50.398099]},"properties":{"lines":"43, 43к","color":"#0059a9","mode":"bus","arr":["43","43к"],"angle":-68.2,"extra":1,"ei":0}},{"type":"Feature","geometry":{"type":"Point","coordinates":[30.558155,50.396293]},"properties":{"lines":"43, 43к","color":"#0059a9","mode":"bus","arr":["43","43к"],"angle":-75.4,"extra":1,"ei":1,"side":-1}},{"type":"Feature","geometry":{"type":"Point","coordinates":[30.557402,50.394466]},"properties":{"lines":"43, 43к","color":"#0059a9","mode":"bus","arr":["43","43к"],"angle":-75.2,"extra":1,"ei":2,"side":-1}},{"type":"Feature","geometry":{"type":"Point","coordinates":[30.556642,50.392641]},"properties":{"lines":"43, 43к","color":"#0059a9","mode":"bus","arr":["43","43к"],"angle":-75.1,"extra":1,"ei":3,"side":-1}},{"type":"Feature","geometry":{"type":"Point","coordinates":[30.555881,50.390816]},"properties":{"lines":"43, 43к","color":"#0059a9","mode":"bus","arr":["43","43к"],"angle":-75.1,"extra":1,"ei":4,"side":-1}},{"type":"Feature","geometry":{"type":"Point","coordinates":[30.55512,50.38899]},"properties":{"lines":"43, 43к","color":"#0059a9","mode":"bus","arr":["43","43к"],"angle":-74.9,"extra":1,"ei":5,"side":-1}},{"type":"Feature","geometry":{"type":"Point","coordinates":[30.554344,50.387168]},"properties":{"lines":"43, 43к","color":"#0059a9","mode":"bus","arr":["43","43к"],"angle":-76,"extra":1,"ei":6,"side":-1}},{"type":"Feature","geometry":{"type":"Point","coordinates":[30.553647,50.385332]},"properties":{"lines":"43, 43к","color":"#0059a9","mode":"bus","arr":["43","43к"],"angle":-76.6,"extra":1,"ei":7,"side":-1}},{"type":"Feature","geometry":{"type":"Point","coordinates":[30.552964,50.383494]},"properties":{"lines":"43, 43к","color":"#0059a9","mode":"bus","arr":["43","43к"],"angle":-76.9,"extra":1,"ei":8,"side":-1}},{"type":"Feature","geometry":{"type":"Point","coordinates":[30.552294,50.381655]},"properties":{"lines":"43, 43к","color":"#0059a9","mode":"bus","arr":["43","43к"],"angle":-76.9,"extra":1,"ei":9,"side":-1}},{"type":"Feature","geometry":{"type":"Point","coordinates":[30.551616,50.379816]},"properties":{"lines":"43, 43к","color":"#0059a9","mode":"bus","arr":["43","43к"],"angle":-76.8,"extra":1,"ei":10,"side":-1}},{"type":"Feature","geometry":{"type":"Point","coordinates":[30.550986,50.377971]},"properties":{"lines":"43, 43к","color":"#0059a9","mode":"bus","arr":["43","43к"],"angle":-79,"extra":1,"ei":11,"side":-1}},{"type":"Feature","geometry":{"type":"Point","coordinates":[30.550493,50.376109]},"properties":{"lines":"43, 43к","color":"#0059a9","mode":"bus","arr":["43","43к"],"angle":-81.8,"extra":1,"ei":12,"side":-1}},{"type":"Feature","geometry":{"type":"Point","coordinates":[30.550086,50.374238]},"properties":{"lines":"43, 43к","color":"#0059a9","mode":"bus","arr":["43","43к"],"angle":-82.3,"extra":1,"ei":13,"side":-1}},{"type":"Feature","geometry":{"type":"Point","coordinates":[30.549829,50.372358]},"properties":{"lines":"43, 43к","color":"#0059a9","mode":"bus","arr":["43","43к"],"angle":-87.4,"extra":1,"ei":14,"side":-1}},{"type":"Feature","geometry":{"type":"Point","coordinates":[30.549718,50.37047]},"properties":{"lines":"43, 43к","color":"#0059a9","mode":"bus","arr":["43","43к"],"angle":-88.5,"extra":1,"ei":15}},{"type":"Feature","geometry":{"type":"Point","coordinates":[30.549641,50.368582]},"properties":{"lines":"43, 43к","color":"#0059a9","mode":"bus","arr":["43","43к"],"angle":-88.5,"extra":1,"ei":16}},{"type":"Feature","geometry":{"type":"Point","coordinates":[30.549527,50.364806]},"properties":{"lines":"43, 43к","color":"#0059a9","mode":"bus","arr":["43","43к"],"angle":-89,"extra":1,"ei":17}},{"type":"Feature","geometry":{"type":"Point","coordinates":[30.549509,50.362918]},"properties":{"lines":"43, 43к","color":"#0059a9","mode":"bus","arr":["43","43к"],"angle":88.7,"extra":1,"ei":18}},{"type":"Feature","geometry":{"type":"Point","coordinates":[30.549592,50.36103]},"properties":{"lines":"43, 43к","color":"#0059a9","mode":"bus","arr":["43","43к"],"angle":87.4,"extra":1,"ei":19}},{"type":"Feature","geometry":{"type":"Point","coordinates":[30.549783,50.359146]},"properties":{"lines":"43, 43к","color":"#0059a9","mode":"bus","arr":["43","43к"],"angle":84.8,"extra":1,"ei":20}},{"type":"Feature","geometry":{"type":"Point","coordinates":[30.55012,50.357269]},"properties":{"lines":"43, 43к","color":"#0059a9","mode":"bus","arr":["43","43к"],"angle":82.2,"extra":1,"ei":21}},{"type":"Feature","geometry":{"type":"Point","coordinates":[30.550555,50.355401]},"properties":{"lines":"43, 43к","color":"#0059a9","mode":"bus","arr":["43","43к"],"angle":81.4,"extra":1,"ei":22}},{"type":"Feature","geometry":{"type":"Point","coordinates":[30.551016,50.353536]},"properties":{"lines":"43, 43к","color":"#0059a9","mode":"bus","arr":["43","43к"],"angle":81,"extra":1,"ei":23}},{"type":"Feature","geometry":{"type":"Point","coordinates":[30.551478,50.35167]},"properties":{"lines":"43, 43к","color":"#0059a9","mode":"bus","arr":["43","43к"],"angle":81.1,"extra":1,"ei":24}},{"type":"Feature","geometry":{"type":"Point","coordinates":[30.551942,50.349805]},"properties":{"lines":"43, 43к","color":"#0059a9","mode":"bus","arr":["43","43к"],"angle":81,"extra":1,"ei":25}},{"type":"Feature","geometry":{"type":"Point","coordinates":[30.55241,50.34794]},"properties":{"lines":"43, 43к","color":"#0059a9","mode":"bus","arr":["43","43к"],"angle":80.8,"extra":1,"ei":26}},{"type":"Feature","geometry":{"type":"Point","coordinates":[30.552856,50.346073]},"properties":{"lines":"43, 43к","color":"#0059a9","mode":"bus","arr":["43","43к"],"angle":82.1,"extra":1,"ei":27}},{"type":"Feature","geometry":{"type":"Point","coordinates":[30.553279,50.344204]},"properties":{"lines":"43, 43к","color":"#0059a9","mode":"bus","arr":["43","43к"],"angle":81.5,"extra":1,"ei":28}},{"type":"Feature","geometry":{"type":"Point","coordinates":[30.553697,50.342334]},"properties":{"lines":"43, 43к","color":"#0059a9","mode":"bus","arr":["43","43к"],"angle":81.6,"extra":1,"ei":29}},{"type":"Feature","geometry":{"type":"Point","coordinates":[30.554125,50.340466]},"properties":{"lines":"43, 43к","color":"#0059a9","mode":"bus","arr":["43","43к"],"angle":81.8,"extra":1,"ei":30}},{"type":"Feature","geometry":{"type":"Point","coordinates":[30.554563,50.338598]},"properties":{"lines":"43, 43к","color":"#0059a9","mode":"bus","arr":["43","43к"],"angle":82.2,"extra":1,"ei":31}},{"type":"Feature","geometry":{"type":"Point","coordinates":[30.555538,50.336838]},"properties":{"lines":"43, 43к","color":"#0059a9","mode":"bus","arr":["43","43к"],"angle":61,"extra":1,"ei":32}},{"type":"Feature","geometry":{"type":"Point","coordinates":[30.562389,50.401533]},"properties":{"lines":"43, 43к","color":"#0059a9","mode":"bus","arr":["43","43к"],"angle":-54.1,"mi":2}},{"type":"Feature","geometry":{"type":"Point","coordinates":[30.563197,50.402845]},"properties":{"lines":"43, 43к","color":"#0059a9","mode":"bus","arr":["43","43к"],"angle":-54.9,"mi":1}},{"type":"Feature","geometry":{"type":"Point","coordinates":[30.560406,50.399762]},"properties":{"lines":"43, 43к","color":"#0059a9","mode":"bus","arr":["43","43к"],"angle":-56.3,"extra":1,"ei":0,"side":-1}},{"type":"Feature","geometry":{"type":"Point","coordinates":[30.566541,50.405358]},"properties":{"lines":"43, 43к","color":"#0059a9","mode":"bus","arr":["43","43к"],"angle":-60.6,"mi":4}},{"type":"Feature","geometry":{"type":"Point","coordinates":[30.564618,50.403448]},"properties":{"lines":"43, 43к","color":"#0059a9","mode":"bus","arr":["43","43к"],"angle":-13.5,"side":-1}},{"type":"Feature","geometry":{"type":"Point","coordinates":[30.560303,50.400627]},"properties":{"lines":"43, 43к","color":"#0059a9","mode":"bus","arr":["43","43к"],"angle":-88.4,"mi":5}},{"type":"Feature","geometry":{"type":"Point","coordinates":[30.566841,50.404734]},"properties":{"lines":"43, 43к","color":"#0059a9","mode":"bus","arr":["43","43к"],"angle":-56.8,"mi":3}},{"type":"Feature","geometry":{"type":"Point","coordinates":[30.565536,50.40364]},"properties":{"lines":"43, 43к","color":"#0059a9","mode":"bus","arr":["43","43к"],"angle":-51.9,"extra":1,"ei":0}},{"type":"Feature","geometry":{"type":"Point","coordinates":[30.562343,50.402141]},"properties":{"lines":"43к","color":"#0059a9","mode":"bus","arr":["43к"],"angle":-47.3}},{"type":"Feature","geometry":{"type":"Point","coordinates":[30.553887,50.340427]},"properties":{"lines":"43, 43к, 57","color":"#0059a9","mode":"bus","arr":["43","43к","57"],"angle":81.8,"side":-1}},{"type":"Feature","geometry":{"type":"Point","coordinates":[30.558924,50.334046]},"properties":{"lines":"43к","color":"#0059a9","mode":"bus","arr":["43к"],"angle":79.1}},{"type":"Feature","geometry":{"type":"Point","coordinates":[30.614648,50.42538]},"properties":{"lines":"44, 49","color":"#0059a9","mode":"bus","arr":["44","49"],"angle":-50}},{"type":"Feature","geometry":{"type":"Point","coordinates":[30.614576,50.432428]},"properties":{"lines":"44, 49","color":"#0059a9","mode":"bus","arr":["44","49"],"angle":88.4,"side":-1,"mi":1}},{"type":"Feature","geometry":{"type":"Point","coordinates":[30.605813,50.422531]},"properties":{"lines":"44, 49","color":"#0059a9","mode":"bus","arr":["44","49"],"angle":-21.2,"extra":1,"ei":0}},{"type":"Feature","geometry":{"type":"Point","coordinates":[30.608573,50.423218]},"properties":{"lines":"44, 49","color":"#0059a9","mode":"bus","arr":["44","49"],"angle":-21.5,"extra":1,"ei":1}},{"type":"Feature","geometry":{"type":"Point","coordinates":[30.611331,50.423911]},"properties":{"lines":"44, 49","color":"#0059a9","mode":"bus","arr":["44","49"],"angle":-21.5,"extra":1,"ei":2}},{"type":"Feature","geometry":{"type":"Point","coordinates":[30.61621,50.428195]},"properties":{"lines":"44, 49","color":"#0059a9","mode":"bus","arr":["44","49"],"angle":89.3,"extra":1,"ei":3}},{"type":"Feature","geometry":{"type":"Point","coordinates":[30.615656,50.430043]},"properties":{"lines":"44, 49","color":"#0059a9","mode":"bus","arr":["44","49"],"angle":73.9,"extra":1,"ei":4}},{"type":"Feature","geometry":{"type":"Point","coordinates":[30.613932,50.433759]},"properties":{"lines":"44","color":"#0059a9","mode":"bus","arr":["44"],"angle":71.2,"mi":1}},{"type":"Feature","geometry":{"type":"Point","coordinates":[30.612316,50.436573]},"properties":{"lines":"44","color":"#0059a9","mode":"bus","arr":["44"],"angle":89.5}},{"type":"Feature","geometry":{"type":"Point","coordinates":[30.613323,50.434733]},"properties":{"lines":"44, 87","color":"#0059a9","mode":"bus","arr":["44","87"],"angle":68.1,"mi":2}},{"type":"Feature","geometry":{"type":"Point","coordinates":[30.613592,50.433451]},"properties":{"lines":"44, 87","color":"#0059a9","mode":"bus","arr":["44","87"],"angle":-79.7,"extra":1,"ei":0}},{"type":"Feature","geometry":{"type":"Point","coordinates":[30.612515,50.437567]},"properties":{"lines":"44, 87","color":"#0059a9","mode":"bus","arr":["44","87"],"angle":-83,"side":-1}},{"type":"Feature","geometry":{"type":"Point","coordinates":[30.61186,50.438847]},"properties":{"lines":"44, 87","color":"#0059a9","mode":"bus","arr":["44","87"],"angle":41.5,"mi":1}},{"type":"Feature","geometry":{"type":"Point","coordinates":[30.606994,50.446604]},"properties":{"lines":"44, 111","color":"#0059a9","mode":"bus","arr":["44","111"],"angle":43.4}},{"type":"Feature","geometry":{"type":"Point","coordinates":[30.598897,50.452463]},"properties":{"lines":"44, 46","color":"#0059a9","mode":"bus","arr":["44","46"],"angle":2.8}},{"type":"Feature","geometry":{"type":"Point","coordinates":[30.60157,50.453181]},"properties":{"lines":"44, 46, 70Д","color":"#0059a9","mode":"bus","arr":["44","46","70Д"],"angle":-4.1}},{"type":"Feature","geometry":{"type":"Point","coordinates":[30.604103,50.453685]},"properties":{"lines":"44, 46, 70Д","color":"#0059a9","mode":"bus","arr":["44","46","70Д"],"angle":-24.7,"extra":1,"ei":0,"side":-1}},{"type":"Feature","geometry":{"type":"Point","coordinates":[30.606795,50.454476]},"properties":{"lines":"44, 46, 70Д","color":"#0059a9","mode":"bus","arr":["44","46","70Д"],"angle":-24.7,"extra":1,"ei":1,"side":-1}},{"type":"Feature","geometry":{"type":"Point","coordinates":[30.597247,50.452401]},"properties":{"lines":"44, 46, 70Д","color":"#0059a9","mode":"bus","arr":["44","46","70Д"],"angle":-24.4,"extra":1,"ei":0}},{"type":"Feature","geometry":{"type":"Point","coordinates":[30.607482,50.455191]},"properties":{"lines":"44, 46, 70Д","color":"#0059a9","mode":"bus","arr":["44","46","70Д"],"angle":-75,"side":-1,"mi":3}},{"type":"Feature","geometry":{"type":"Point","coordinates":[30.595396,50.451658]},"properties":{"lines":"44, 46, 70Д","color":"#0059a9","mode":"bus","arr":["44","46","70Д"],"angle":-79.6,"mi":4}},{"type":"Feature","geometry":{"type":"Point","coordinates":[30.597099,50.45204]},"properties":{"lines":"44, 46, 70Д","color":"#0059a9","mode":"bus","arr":["44","46","70Д"],"angle":-47,"mi":1}},{"type":"Feature","geometry":{"type":"Point","coordinates":[30.609712,50.455353]},"properties":{"lines":"44","color":"#0059a9","mode":"bus","arr":["44"],"angle":-23.4,"mi":6}},{"type":"Feature","geometry":{"type":"Point","coordinates":[30.606977,50.455324]},"properties":{"lines":"46, 70Д","color":"#0059a9","mode":"bus","arr":["46","70Д"],"angle":71.9}},{"type":"Feature","geometry":{"type":"Point","coordinates":[30.60709,50.454802]},"properties":{"lines":"44, 46, 70Д","color":"#0059a9","mode":"bus","arr":["44","46","70Д"],"angle":-71.5,"mi":2}},{"type":"Feature","geometry":{"type":"Point","coordinates":[30.607973,50.456321]},"properties":{"lines":"44, 50к","color":"#0059a9","mode":"bus","arr":["44","Тб50к"],"tLines":"50к","ntLines":"44","angle":-72.9}},{"type":"Feature","geometry":{"type":"Point","coordinates":[30.609657,50.468177]},"properties":{"lines":"44","color":"#0059a9","mode":"bus","arr":["44"],"angle":-73,"mi":3}},{"type":"Feature","geometry":{"type":"Point","coordinates":[30.608305,50.460224]},"properties":{"lines":"44","color":"#0059a9","mode":"bus","arr":["44"],"angle":85.9,"mi":1}},{"type":"Feature","geometry":{"type":"Point","coordinates":[30.607859,50.463899]},"properties":{"lines":"44","color":"#0059a9","mode":"bus","arr":["44"],"angle":49.3}},{"type":"Feature","geometry":{"type":"Point","coordinates":[30.608521,50.457548]},"properties":{"lines":"44","color":"#0059a9","mode":"bus","arr":["44"],"angle":-81.6,"extra":1,"ei":0}},{"type":"Feature","geometry":{"type":"Point","coordinates":[30.610938,50.470842]},"properties":{"lines":"44","color":"#0059a9","mode":"bus","arr":["44"],"angle":-72.9,"extra":1,"ei":0}},{"type":"Feature","geometry":{"type":"Point","coordinates":[30.608334,50.465425]},"properties":{"lines":"44","color":"#0059a9","mode":"bus","arr":["44"],"angle":-70.9,"extra":1,"ei":1}},{"type":"Feature","geometry":{"type":"Point","coordinates":[30.611426,50.471864]},"properties":{"lines":"44","color":"#0059a9","mode":"bus","arr":["44"],"angle":88.1,"mi":7}},{"type":"Feature","geometry":{"type":"Point","coordinates":[30.598594,50.472517]},"properties":{"lines":"44","color":"#0059a9","mode":"bus","arr":["44"],"angle":23.3,"side":-1,"mi":8}},{"type":"Feature","geometry":{"type":"Point","coordinates":[30.605323,50.471804]},"properties":{"lines":"44","color":"#0059a9","mode":"bus","arr":["44"],"angle":-1.2,"extra":1,"ei":0}},{"type":"Feature","geometry":{"type":"Point","coordinates":[30.608285,50.471857]},"properties":{"lines":"44","color":"#0059a9","mode":"bus","arr":["44"],"angle":-1.8,"extra":1,"ei":1}},{"type":"Feature","geometry":{"type":"Point","coordinates":[30.600432,50.472184]},"properties":{"lines":"44, 70Д","color":"#0059a9","mode":"bus","arr":["44","70Д"],"angle":21.7}},{"type":"Feature","geometry":{"type":"Point","coordinates":[30.602362,50.471829]},"properties":{"lines":"44, 70Д","color":"#0059a9","mode":"bus","arr":["44","70Д"],"angle":7.4,"extra":1,"ei":0}},{"type":"Feature","geometry":{"type":"Point","coordinates":[30.592479,50.48683]},"properties":{"lines":"44, 46, 110, 112, 29, 50, 50к","color":"#0059a9","mode":"bus","arr":["44","46","110","112","Тб29","Тб50","Тб50к"],"tLines":"29, 50, 50к","ntLines":"44, 46, 110, 112","angle":77.6}},{"type":"Feature","geometry":{"type":"Point","coordinates":[30.593268,50.484534]},"properties":{"lines":"44, 46, 110, 112, 29, 50, 50к","color":"#0059a9","mode":"bus","arr":["44","46","110","112","Тб29","Тб50","Тб50к"],"tLines":"29, 50, 50к","ntLines":"44, 46, 110, 112","angle":77.6,"extra":1,"ei":0}},{"type":"Feature","geometry":{"type":"Point","coordinates":[30.592007,50.488224]},"properties":{"lines":"44, 46, 110, 112, 29, 50, 50к","color":"#0059a9","mode":"bus","arr":["44","46","110","112","Тб29","Тб50","Тб50к"],"tLines":"29, 50, 50к","ntLines":"44, 46, 110, 112","angle":77.8,"extra":1,"ei":1}},{"type":"Feature","geometry":{"type":"Point","coordinates":[30.591394,50.489568]},"properties":{"lines":"44, 46, 110, 112, 29, 50, 50к","color":"#0059a9","mode":"bus","arr":["44","46","110","112","Тб29","Тб50","Тб50к"],"tLines":"29, 50, 50к","ntLines":"44, 46, 110, 112","angle":77.6,"extra":1,"ei":0,"side":-1}},{"type":"Feature","geometry":{"type":"Point","coordinates":[30.591314,50.490252]},"properties":{"lines":"44, 112, 29, 50, 50к","color":"#0059a9","mode":"bus","arr":["44","112","Тб29","Тб50","Тб50к"],"tLines":"29, 50, 50к","ntLines":"44, 112","angle":79.2,"side":-1}},{"type":"Feature","geometry":{"type":"Point","coordinates":[30.590478,50.492239]},"properties":{"lines":"44, 29, 50, 50к","color":"#0059a9","mode":"bus","arr":["44","Тб29","Тб50","Тб50к"],"tLines":"29, 50, 50к","ntLines":"44","angle":78.1,"side":-1}},{"type":"Feature","geometry":{"type":"Point","coordinates":[30.589697,50.494594]},"properties":{"lines":"44, 50, 50к","color":"#0059a9","mode":"bus","arr":["44","Тб50","Тб50к"],"tLines":"50, 50к","ntLines":"44","angle":79.3}},{"type":"Feature","geometry":{"type":"Point","coordinates":[30.588408,50.495566]},"properties":{"lines":"44, 29","color":"#0059a9","mode":"bus","arr":["44","Тб29"],"tLines":"29","ntLines":"44","angle":0.6,"side":-1,"mi":1}},{"type":"Feature","geometry":{"type":"Point","coordinates":[30.59448,50.531137]},"properties":{"lines":"44, 110","color":"#0059a9","mode":"bus","arr":["44","110"],"angle":-27.3}},{"type":"Feature","geometry":{"type":"Point","coordinates":[30.596176,50.53169]},"properties":{"lines":"44, 110","color":"#0059a9","mode":"bus","arr":["44","110"],"angle":-26.7,"extra":1,"ei":0}},{"type":"Feature","geometry":{"type":"Point","coordinates":[30.597169,50.532057]},"properties":{"lines":"44","color":"#0059a9","mode":"bus","arr":["44"],"angle":-31,"mi":1}},{"type":"Feature","geometry":{"type":"Point","coordinates":[30.588788,50.494733]},"properties":{"lines":"44, 29","color":"#0059a9","mode":"bus","arr":["44","Тб29"],"tLines":"29","ntLines":"44","angle":35.7}},{"type":"Feature","geometry":{"type":"Point","coordinates":[30.609344,50.45687]},"properties":{"lines":"44","color":"#0059a9","mode":"bus","arr":["44"],"angle":11.3,"mi":2}},{"type":"Feature","geometry":{"type":"Point","coordinates":[30.607551,50.454805]},"properties":{"lines":"44, 70Д","color":"#0059a9","mode":"bus","arr":["44","70Д"],"angle":-22.8,"side":-1}},{"type":"Feature","geometry":{"type":"Point","coordinates":[30.613321,50.455237]},"properties":{"lines":"45","color":"#0059a9","mode":"bus","arr":["45"],"angle":80.5,"mi":4}},{"type":"Feature","geometry":{"type":"Point","coordinates":[30.6407,50.425276]},"properties":{"lines":"45","color":"#0059a9","mode":"bus","arr":["45"],"angle":24.2,"side":-1,"mi":1}},{"type":"Feature","geometry":{"type":"Point","coordinates":[30.650704,50.40169]},"properties":{"lines":"45","color":"#0059a9","mode":"bus","arr":["45"],"angle":-55.9,"side":-1,"mi":8}},{"type":"Feature","geometry":{"type":"Point","coordinates":[30.635003,50.395811]},"properties":{"lines":"45","color":"#0059a9","mode":"bus","arr":["45"],"angle":-18.1,"mi":5}},{"type":"Feature","geometry":{"type":"Point","coordinates":[30.613218,50.454573]},"properties":{"lines":"45","color":"#0059a9","mode":"bus","arr":["45"],"angle":-23.5,"mi":2}},{"type":"Feature","geometry":{"type":"Point","coordinates":[30.611449,50.454085]},"properties":{"lines":"45","color":"#0059a9","mode":"bus","arr":["45"],"angle":-23.4,"extra":1,"ei":0}},{"type":"Feature","geometry":{"type":"Point","coordinates":[30.616831,50.453283]},"properties":{"lines":"45","color":"#0059a9","mode":"bus","arr":["45"],"angle":66.4,"mi":1}},{"type":"Feature","geometry":{"type":"Point","coordinates":[30.615782,50.450698]},"properties":{"lines":"45","color":"#0059a9","mode":"bus","arr":["45"],"angle":-23.5}},{"type":"Feature","geometry":{"type":"Point","coordinates":[30.614051,50.45022]},"properties":{"lines":"45","color":"#0059a9","mode":"bus","arr":["45"],"angle":-23.3,"extra":1,"ei":0}},{"type":"Feature","geometry":{"type":"Point","coordinates":[30.613252,50.450461]},"properties":{"lines":"45, 29, 50, 50к","color":"#0059a9","mode":"bus","arr":["45","Тб29","Тб50","Тб50к"],"tLines":"29, 50, 50к","ntLines":"45","angle":66.5,"mi":2}},{"type":"Feature","geometry":{"type":"Point","coordinates":[30.615039,50.447862]},"properties":{"lines":"45, 29, 50, 50к","color":"#0059a9","mode":"bus","arr":["45","Тб29","Тб50","Тб50к"],"tLines":"29, 50, 50к","ntLines":"45","angle":66,"extra":1,"ei":0}},{"type":"Feature","geometry":{"type":"Point","coordinates":[30.611497,50.453058]},"properties":{"lines":"45, 29, 50, 50к","color":"#0059a9","mode":"bus","arr":["45","Тб29","Тб50","Тб50к"],"tLines":"29, 50, 50к","ntLines":"45","angle":66.8,"extra":1,"ei":1}},{"type":"Feature","geometry":{"type":"Point","coordinates":[30.612926,50.44708]},"properties":{"lines":"45","color":"#0059a9","mode":"bus","arr":["45"],"angle":-24.6,"mi":3}},{"type":"Feature","geometry":{"type":"Point","coordinates":[30.611077,50.44657]},"properties":{"lines":"45","color":"#0059a9","mode":"bus","arr":["45"],"angle":-38,"extra":1,"ei":0}},{"type":"Feature","geometry":{"type":"Point","coordinates":[30.612756,50.445831]},"properties":{"lines":"45","color":"#0059a9","mode":"bus","arr":["45"],"angle":22.9,"mi":5}},{"type":"Feature","geometry":{"type":"Point","coordinates":[30.619532,50.444016]},"properties":{"lines":"45, 29, 50, 50к","color":"#0059a9","mode":"bus","arr":["45","Тб29","Тб50","Тб50к"],"tLines":"29, 50, 50к","ntLines":"45","angle":22.2,"mi":1}},{"type":"Feature","geometry":{"type":"Point","coordinates":[30.615845,50.444994]},"properties":{"lines":"45, 29, 50, 50к","color":"#0059a9","mode":"bus","arr":["45","Тб29","Тб50","Тб50к"],"tLines":"29, 50, 50к","ntLines":"45","angle":23.1,"extra":1,"ei":0}},{"type":"Feature","geometry":{"type":"Point","coordinates":[30.621309,50.443532]},"properties":{"lines":"45, 29, 50, 50к","color":"#0059a9","mode":"bus","arr":["45","Тб29","Тб50","Тб50к"],"tLines":"29, 50, 50к","ntLines":"45","angle":23.2,"extra":1,"ei":1}},{"type":"Feature","geometry":{"type":"Point","coordinates":[30.624032,50.442785]},"properties":{"lines":"45, 29, 50, 50к","color":"#0059a9","mode":"bus","arr":["45","Тб29","Тб50","Тб50к"],"tLines":"29, 50, 50к","ntLines":"45","angle":23.4,"extra":1,"ei":2}},{"type":"Feature","geometry":{"type":"Point","coordinates":[30.624823,50.442563]},"properties":{"lines":"45, 118д, 29, 50, 50к","color":"#0059a9","mode":"bus","arr":["45","118д","Тб29","Тб50","Тб50к"],"tLines":"29, 50, 50к","ntLines":"45, 118д","angle":24.8}},{"type":"Feature","geometry":{"type":"Point","coordinates":[30.625039,50.442162]},"properties":{"lines":"45, 63, 118д","color":"#0059a9","mode":"bus","arr":["45","63","118д"],"angle":76.5}},{"type":"Feature","geometry":{"type":"Point","coordinates":[30.664852,50.40776]},"properties":{"lines":"45, 104, 105","color":"#0059a9","mode":"bus","arr":["45","104","105"],"angle":7.7}},{"type":"Feature","geometry":{"type":"Point","coordinates":[30.658201,50.408302]},"properties":{"lines":"45, 104, 105","color":"#0059a9","mode":"bus","arr":["45","104","105"],"angle":74.2,"mi":1}},{"type":"Feature","geometry":{"type":"Point","coordinates":[30.669218,50.409139]},"properties":{"lines":"45, 104, 105","color":"#0059a9","mode":"bus","arr":["45","104","105"],"angle":-48.9,"extra":1,"ei":0}},{"type":"Feature","geometry":{"type":"Point","coordinates":[30.667041,50.407879]},"properties":{"lines":"45, 104, 105","color":"#0059a9","mode":"bus","arr":["45","104","105"],"angle":-23.9,"extra":1,"ei":1}},{"type":"Feature","geometry":{"type":"Point","coordinates":[30.66118,50.408061]},"properties":{"lines":"45, 104, 105","color":"#0059a9","mode":"bus","arr":["45","104","105"],"angle":7.1,"extra":1,"ei":2}},{"type":"Feature","geometry":{"type":"Point","coordinates":[30.652336,50.402962]},"properties":{"lines":"45","color":"#0059a9","mode":"bus","arr":["45"],"angle":-12.3,"mi":9}},{"type":"Feature","geometry":{"type":"Point","coordinates":[30.653041,50.397012]},"properties":{"lines":"45","color":"#0059a9","mode":"bus","arr":["45"],"angle":85.8,"mi":7}},{"type":"Feature","geometry":{"type":"Point","coordinates":[30.652605,50.399433]},"properties":{"lines":"45","color":"#0059a9","mode":"bus","arr":["45"],"angle":80,"extra":1,"ei":0}},{"type":"Feature","geometry":{"type":"Point","coordinates":[30.653171,50.395676]},"properties":{"lines":"45","color":"#0059a9","mode":"bus","arr":["45"],"angle":85.9,"extra":1,"ei":1}},{"type":"Feature","geometry":{"type":"Point","coordinates":[30.653526,50.393802]},"properties":{"lines":"45","color":"#0059a9","mode":"bus","arr":["45"],"angle":84.4,"extra":1,"ei":2}},{"type":"Feature","geometry":{"type":"Point","coordinates":[30.648414,50.395071]},"properties":{"lines":"45","color":"#0059a9","mode":"bus","arr":["45"],"angle":5.5,"mi":2}},{"type":"Feature","geometry":{"type":"Point","coordinates":[30.644134,50.394632]},"properties":{"lines":"45","color":"#0059a9","mode":"bus","arr":["45"],"angle":-9.7,"extra":1,"ei":0}},{"type":"Feature","geometry":{"type":"Point","coordinates":[30.652271,50.393584]},"properties":{"lines":"45","color":"#0059a9","mode":"bus","arr":["45"],"angle":15.4,"extra":1,"ei":1}},{"type":"Feature","geometry":{"type":"Point","coordinates":[30.642316,50.396067]},"properties":{"lines":"45","color":"#0059a9","mode":"bus","arr":["45"],"angle":82}},{"type":"Feature","geometry":{"type":"Point","coordinates":[30.642577,50.394899]},"properties":{"lines":"45","color":"#0059a9","mode":"bus","arr":["45"],"angle":82.2,"extra":1,"ei":0}},{"type":"Feature","geometry":{"type":"Point","coordinates":[30.63826,50.396937]},"properties":{"lines":"45","color":"#0059a9","mode":"bus","arr":["45"],"angle":-49.7,"mi":1}},{"type":"Feature","geometry":{"type":"Point","coordinates":[30.636245,50.394677]},"properties":{"lines":"45","color":"#0059a9","mode":"bus","arr":["45"],"angle":-84,"mi":3}},{"type":"Feature","geometry":{"type":"Point","coordinates":[30.640486,50.397487]},"properties":{"lines":"45","color":"#0059a9","mode":"bus","arr":["45"],"angle":-13.1,"extra":1,"ei":0}},{"type":"Feature","geometry":{"type":"Point","coordinates":[30.635753,50.39305]},"properties":{"lines":"45","color":"#0059a9","mode":"bus","arr":["45"],"angle":75,"mi":6}},{"type":"Feature","geometry":{"type":"Point","coordinates":[30.635595,50.395319]},"properties":{"lines":"45","color":"#0059a9","mode":"bus","arr":["45"],"angle":77.3,"mi":4}},{"type":"Feature","geometry":{"type":"Point","coordinates":[30.636604,50.390973]},"properties":{"lines":"45","color":"#0059a9","mode":"bus","arr":["45"],"angle":76.2,"extra":1,"ei":0}},{"type":"Feature","geometry":{"type":"Point","coordinates":[30.656695,50.407768]},"properties":{"lines":"45, 104, 105, 108, 109","color":"#0059a9","mode":"bus","arr":["45","104","105","108","109"],"angle":-48.5,"side":-1}},{"type":"Feature","geometry":{"type":"Point","coordinates":[30.627606,50.441131]},"properties":{"lines":"45, 51, 115","color":"#0059a9","mode":"bus","arr":["45","51","115"],"angle":51.4}},{"type":"Feature","geometry":{"type":"Point","coordinates":[30.625748,50.442171]},"properties":{"lines":"45, 118д","color":"#0059a9","mode":"bus","arr":["45","118д"],"angle":36.6}},{"type":"Feature","geometry":{"type":"Point","coordinates":[30.615028,50.446179]},"properties":{"lines":"45, 29, 50, 50к","color":"#0059a9","mode":"bus","arr":["45","Тб29","Тб50","Тб50к"],"tLines":"29, 50, 50к","ntLines":"45","angle":-65.7}},{"type":"Feature","geometry":{"type":"Point","coordinates":[30.607647,50.456538]},"properties":{"lines":"46, 70Д, 29, 50к","color":"#0059a9","mode":"bus","arr":["46","70Д","Тб29","Тб50к"],"tLines":"29, 50к","ntLines":"46, 70Д","angle":63.9,"side":-1}},{"type":"Feature","geometry":{"type":"Point","coordinates":[30.605691,50.457477]},"properties":{"lines":"46, 70Д, 29, 50, 50к","color":"#0059a9","mode":"bus","arr":["46","70Д","Тб29","Тб50","Тб50к"],"tLines":"29, 50, 50к","ntLines":"46, 70Д","angle":31.9,"mi":1}},{"type":"Feature","geometry":{"type":"Point","coordinates":[30.601227,50.460931]},"properties":{"lines":"46, 70Д, 29, 50, 50к","color":"#0059a9","mode":"bus","arr":["46","70Д","Тб29","Тб50","Тб50к"],"tLines":"29, 50, 50к","ntLines":"46, 70Д","angle":56.6,"side":-1}},{"type":"Feature","geometry":{"type":"Point","coordinates":[30.603578,50.458895]},"properties":{"lines":"46, 70Д, 29, 50, 50к","color":"#0059a9","mode":"bus","arr":["46","70Д","Тб29","Тб50","Тб50к"],"tLines":"29, 50, 50к","ntLines":"46, 70Д","angle":56.5,"extra":1,"ei":0}},{"type":"Feature","geometry":{"type":"Point","coordinates":[30.600377,50.462069]},"properties":{"lines":"46, 70Д, 29, 50, 50к","color":"#0059a9","mode":"bus","arr":["46","70Д","Тб29","Тб50","Тб50к"],"tLines":"29, 50, 50к","ntLines":"46, 70Д","angle":69.8,"extra":1,"ei":1}},{"type":"Feature","geometry":{"type":"Point","coordinates":[30.600045,50.46394]},"properties":{"lines":"46, 70Д, 29, 50, 50к","color":"#0059a9","mode":"bus","arr":["46","70Д","Тб29","Тб50","Тб50к"],"tLines":"29, 50, 50к","ntLines":"46, 70Д","angle":85.5,"extra":1,"ei":2}},{"type":"Feature","geometry":{"type":"Point","coordinates":[30.598264,50.469317]},"properties":{"lines":"46, 70Д, 29, 50, 50к","color":"#0059a9","mode":"bus","arr":["46","70Д","Тб29","Тб50","Тб50к"],"tLines":"29, 50, 50к","ntLines":"46, 70Д","angle":77.7,"side":-1,"mi":2}},{"type":"Feature","geometry":{"type":"Point","coordinates":[30.599358,50.466642]},"properties":{"lines":"46, 70Д, 29, 50, 50к","color":"#0059a9","mode":"bus","arr":["46","70Д","Тб29","Тб50","Тб50к"],"tLines":"29, 50, 50к","ntLines":"46, 70Д","angle":77.8,"extra":1,"ei":0}},{"type":"Feature","geometry":{"type":"Point","coordinates":[30.597391,50.471987]},"properties":{"lines":"46, 70Д, 29, 50, 50к","color":"#0059a9","mode":"bus","arr":["46","70Д","Тб29","Тб50","Тб50к"],"tLines":"29, 50, 50к","ntLines":"46, 70Д","angle":79,"extra":1,"ei":0,"side":-1}},{"type":"Feature","geometry":{"type":"Point","coordinates":[30.597589,50.471878]},"properties":{"lines":"46, 29, 50, 50к","color":"#0059a9","mode":"bus","arr":["46","Тб29","Тб50","Тб50к"],"tLines":"29, 50, 50к","ntLines":"46","angle":80.2}},{"type":"Feature","geometry":{"type":"Point","coordinates":[30.591475,50.490265]},"properties":{"lines":"46, 110","color":"#0059a9","mode":"bus","arr":["46","110"],"angle":-49.6,"side":-1}},{"type":"Feature","geometry":{"type":"Point","coordinates":[30.596174,50.490322]},"properties":{"lines":"46, 110, 112","color":"#0059a9","mode":"bus","arr":["46","110","112"],"angle":-12.6}},{"type":"Feature","geometry":{"type":"Point","coordinates":[30.599591,50.490839]},"properties":{"lines":"46, 110, 112","color":"#0059a9","mode":"bus","arr":["46","110","112"],"angle":-19.9,"extra":1,"ei":0}},{"type":"Feature","geometry":{"type":"Point","coordinates":[30.593786,50.490157]},"properties":{"lines":"46, 110, 112","color":"#0059a9","mode":"bus","arr":["46","110","112"],"angle":1.6,"extra":1,"ei":1}},{"type":"Feature","geometry":{"type":"Point","coordinates":[30.605859,50.490906]},"properties":{"lines":"46, 112","color":"#0059a9","mode":"bus","arr":["46","112"],"angle":77.7,"mi":2}},{"type":"Feature","geometry":{"type":"Point","coordinates":[30.607816,50.488248]},"properties":{"lines":"46","color":"#0059a9","mode":"bus","arr":["46"],"angle":32.6}},{"type":"Feature","geometry":{"type":"Point","coordinates":[30.608303,50.487328]},"properties":{"lines":"46","color":"#0059a9","mode":"bus","arr":["46"],"angle":-13.5,"mi":1}},{"type":"Feature","geometry":{"type":"Point","coordinates":[30.605437,50.486915]},"properties":{"lines":"46, 112","color":"#0059a9","mode":"bus","arr":["46","112"],"angle":-12.7,"mi":1}},{"type":"Feature","geometry":{"type":"Point","coordinates":[30.607374,50.487193]},"properties":{"lines":"46, 112","color":"#0059a9","mode":"bus","arr":["46","112"],"angle":-12.9,"extra":1,"ei":0}},{"type":"Feature","geometry":{"type":"Point","coordinates":[30.60444,50.488404]},"properties":{"lines":"46, 112","color":"#0059a9","mode":"bus","arr":["46","112"],"angle":-12.8}},{"type":"Feature","geometry":{"type":"Point","coordinates":[30.589072,50.484616]},"properties":{"lines":"110, 112","color":"#0059a9","mode":"bus","arr":["110","112"],"angle":-16}},{"type":"Feature","geometry":{"type":"Point","coordinates":[30.591312,50.485009]},"properties":{"lines":"110, 112","color":"#0059a9","mode":"bus","arr":["110","112"],"angle":-13.1,"extra":1,"ei":0}},{"type":"Feature","geometry":{"type":"Point","coordinates":[30.585567,50.484115]},"properties":{"lines":"110, 112","color":"#0059a9","mode":"bus","arr":["110","112"],"angle":-12.7,"extra":1,"ei":1}},{"type":"Feature","geometry":{"type":"Point","coordinates":[30.606303,50.456185]},"properties":{"lines":"46, 70Д, 50","color":"#0059a9","mode":"bus","arr":["46","70Д","Тб50"],"tLines":"50","ntLines":"46, 70Д","angle":57.2}},{"type":"Feature","geometry":{"type":"Point","coordinates":[30.447189,50.473547]},"properties":{"lines":"35","color":"#149a3f","mode":"bus","arr":["Тб35"],"angle":13}},{"type":"Feature","geometry":{"type":"Point","coordinates":[30.444906,50.473893]},"properties":{"lines":"47, 35","color":"#0059a9","mode":"bus","arr":["47","Тб35"],"tLines":"35","ntLines":"47","angle":13.7}},{"type":"Feature","geometry":{"type":"Point","coordinates":[30.439013,50.474796]},"properties":{"lines":"47, 35","color":"#0059a9","mode":"bus","arr":["47","Тб35"],"tLines":"35","ntLines":"47","angle":13.2,"mi":1}},{"type":"Feature","geometry":{"type":"Point","coordinates":[30.444068,50.473917]},"properties":{"lines":"47, 16, 35","color":"#0059a9","mode":"bus","arr":["47","Тб16","Тб35"],"tLines":"16, 35","ntLines":"47","angle":13.3,"side":-1}},{"type":"Feature","geometry":{"type":"Point","coordinates":[30.441625,50.474395]},"properties":{"lines":"47, 16, 35","color":"#0059a9","mode":"bus","arr":["47","Тб16","Тб35"],"tLines":"16, 35","ntLines":"47","angle":13.5,"extra":1,"ei":0}},{"type":"Feature","geometry":{"type":"Point","coordinates":[30.435226,50.475856]},"properties":{"lines":"47, 16, 23Д, 35","color":"#0059a9","mode":"bus","arr":["47","Тб16","Тб23Д","Тб35"],"tLines":"16, 23Д, 35","ntLines":"47","angle":44.5,"side":-1}},{"type":"Feature","geometry":{"type":"Point","coordinates":[30.431282,50.476863]},"properties":{"lines":"47, 16, 23Д, 35","color":"#0059a9","mode":"bus","arr":["47","Тб16","Тб23Д","Тб35"],"tLines":"16, 23Д, 35","ntLines":"47","angle":-12.5,"extra":1,"ei":0,"side":-1}},{"type":"Feature","geometry":{"type":"Point","coordinates":[30.438971,50.474685]},"properties":{"lines":"47, 16, 23Д, 35","color":"#0059a9","mode":"bus","arr":["47","Тб16","Тб23Д","Тб35"],"tLines":"16, 23Д, 35","ntLines":"47","angle":13.2,"extra":1,"ei":1,"side":-1}},{"type":"Feature","geometry":{"type":"Point","coordinates":[30.421731,50.477048]},"properties":{"lines":"47, 16, 23Д, 35","color":"#0059a9","mode":"bus","arr":["47","Тб16","Тб23Д","Тб35"],"tLines":"16, 23Д, 35","ntLines":"47","angle":5.1,"side":-1,"mi":1}},{"type":"Feature","geometry":{"type":"Point","coordinates":[30.428384,50.476478]},"properties":{"lines":"47, 16, 23Д, 35","color":"#0059a9","mode":"bus","arr":["47","Тб16","Тб23Д","Тб35"],"tLines":"16, 23Д, 35","ntLines":"47","angle":-3.5,"extra":1,"ei":0,"side":-1}},{"type":"Feature","geometry":{"type":"Point","coordinates":[30.42547,50.476774]},"properties":{"lines":"47, 16, 23Д, 35","color":"#0059a9","mode":"bus","arr":["47","Тб16","Тб23Д","Тб35"],"tLines":"16, 23Д, 35","ntLines":"47","angle":12.7,"extra":1,"ei":1,"side":-1}},{"type":"Feature","geometry":{"type":"Point","coordinates":[30.419579,50.47717]},"properties":{"lines":"47, 16, 23Д, 35","color":"#0059a9","mode":"bus","arr":["47","Тб16","Тб23Д","Тб35"],"tLines":"16, 23Д, 35","ntLines":"47","angle":5.1,"extra":1,"ei":2,"side":-1}},{"type":"Feature","geometry":{"type":"Point","coordinates":[30.416626,50.477324]},"properties":{"lines":"47, 16, 23Д, 35","color":"#0059a9","mode":"bus","arr":["47","Тб16","Тб23Д","Тб35"],"tLines":"16, 23Д, 35","ntLines":"47","angle":2.2,"extra":1,"ei":3,"side":-1}},{"type":"Feature","geometry":{"type":"Point","coordinates":[30.413676,50.477421]},"properties":{"lines":"47, 16, 23Д, 35","color":"#0059a9","mode":"bus","arr":["47","Тб16","Тб23Д","Тб35"],"tLines":"16, 23Д, 35","ntLines":"47","angle":12,"extra":1,"ei":4}},{"type":"Feature","geometry":{"type":"Point","coordinates":[30.41473,50.473628]},"properties":{"lines":"47","color":"#0059a9","mode":"bus","arr":["47"],"angle":89.5,"mi":5}},{"type":"Feature","geometry":{"type":"Point","coordinates":[30.414489,50.468676]},"properties":{"lines":"47","color":"#0059a9","mode":"bus","arr":["47"],"angle":89.8}},{"type":"Feature","geometry":{"type":"Point","coordinates":[30.414115,50.476409]},"properties":{"lines":"47","color":"#0059a9","mode":"bus","arr":["47"],"angle":66.8,"extra":1,"ei":0}},{"type":"Feature","geometry":{"type":"Point","coordinates":[30.414758,50.470813]},"properties":{"lines":"47","color":"#0059a9","mode":"bus","arr":["47"],"angle":-89.8,"extra":1,"ei":1,"side":-1}},{"type":"Feature","geometry":{"type":"Point","coordinates":[30.414497,50.467222]},"properties":{"lines":"47","color":"#0059a9","mode":"bus","arr":["47"],"angle":-90,"extra":1,"ei":0}},{"type":"Feature","geometry":{"type":"Point","coordinates":[30.419658,50.469083]},"properties":{"lines":"47","color":"#0059a9","mode":"bus","arr":["47"],"angle":-50,"mi":1}},{"type":"Feature","geometry":{"type":"Point","coordinates":[30.416389,50.466598]},"properties":{"lines":"47","color":"#0059a9","mode":"bus","arr":["47"],"angle":-50.1,"mi":4}},{"type":"Feature","geometry":{"type":"Point","coordinates":[30.417762,50.467649]},"properties":{"lines":"47","color":"#0059a9","mode":"bus","arr":["47"],"angle":-53.6,"extra":1,"ei":0}},{"type":"Feature","geometry":{"type":"Point","coordinates":[30.420877,50.470004]},"properties":{"lines":"47","color":"#0059a9","mode":"bus","arr":["47"],"angle":-48.9,"extra":1,"ei":0}},{"type":"Feature","geometry":{"type":"Point","coordinates":[30.421339,50.470112]},"properties":{"lines":"47","color":"#0059a9","mode":"bus","arr":["47"],"angle":-47.4,"side":-1,"mi":3}},{"type":"Feature","geometry":{"type":"Point","coordinates":[30.413275,50.469867]},"properties":{"lines":"47","color":"#0059a9","mode":"bus","arr":["47"],"angle":-0.1,"mi":2}},{"type":"Feature","geometry":{"type":"Point","coordinates":[30.419224,50.469879]},"properties":{"lines":"47","color":"#0059a9","mode":"bus","arr":["47"],"angle":-0.2,"extra":1,"ei":0}},{"type":"Feature","geometry":{"type":"Point","coordinates":[30.416261,50.469873]},"properties":{"lines":"47","color":"#0059a9","mode":"bus","arr":["47"],"angle":-0.2,"extra":1,"ei":1}},{"type":"Feature","geometry":{"type":"Point","coordinates":[30.410333,50.469862]},"properties":{"lines":"47","color":"#0059a9","mode":"bus","arr":["47"],"angle":-0.1,"extra":1,"ei":2}},{"type":"Feature","geometry":{"type":"Point","coordinates":[30.40737,50.469857]},"properties":{"lines":"47","color":"#0059a9","mode":"bus","arr":["47"],"angle":-0.2,"extra":1,"ei":3}},{"type":"Feature","geometry":{"type":"Point","coordinates":[30.606614,50.440169]},"properties":{"lines":"48","color":"#0059a9","mode":"bus","arr":["48"],"angle":56.5}},{"type":"Feature","geometry":{"type":"Point","coordinates":[30.59625,50.433564]},"properties":{"lines":"48","color":"#0059a9","mode":"bus","arr":["48"],"angle":-33.5,"extra":1,"ei":0}},{"type":"Feature","geometry":{"type":"Point","coordinates":[30.598724,50.434604]},"properties":{"lines":"48","color":"#0059a9","mode":"bus","arr":["48"],"angle":-33.7,"extra":1,"ei":1}},{"type":"Feature","geometry":{"type":"Point","coordinates":[30.601187,50.435655]},"properties":{"lines":"48","color":"#0059a9","mode":"bus","arr":["48"],"angle":-33.8,"extra":1,"ei":2}},{"type":"Feature","geometry":{"type":"Point","coordinates":[30.603659,50.436696]},"properties":{"lines":"48","color":"#0059a9","mode":"bus","arr":["48"],"angle":-33.6,"extra":1,"ei":3}},{"type":"Feature","geometry":{"type":"Point","coordinates":[30.606131,50.437738]},"properties":{"lines":"48","color":"#0059a9","mode":"bus","arr":["48"],"angle":-32.7,"extra":1,"ei":4}},{"type":"Feature","geometry":{"type":"Point","coordinates":[30.607685,50.439105]},"properties":{"lines":"48","color":"#0059a9","mode":"bus","arr":["48"],"angle":68,"extra":1,"ei":5}},{"type":"Feature","geometry":{"type":"Point","coordinates":[30.604097,50.442022]},"properties":{"lines":"48","color":"#0059a9","mode":"bus","arr":["48"],"angle":21.1,"extra":1,"ei":6}},{"type":"Feature","geometry":{"type":"Point","coordinates":[30.601334,50.442706]},"properties":{"lines":"48","color":"#0059a9","mode":"bus","arr":["48"],"angle":21.6,"extra":1,"ei":7}},{"type":"Feature","geometry":{"type":"Point","coordinates":[30.598574,50.443394]},"properties":{"lines":"48","color":"#0059a9","mode":"bus","arr":["48"],"angle":22.6,"extra":1,"ei":8}},{"type":"Feature","geometry":{"type":"Point","coordinates":[30.595934,50.444241]},"properties":{"lines":"48","color":"#0059a9","mode":"bus","arr":["48"],"angle":35.1,"extra":1,"ei":9}},{"type":"Feature","geometry":{"type":"Point","coordinates":[30.593563,50.445374]},"properties":{"lines":"48","color":"#0059a9","mode":"bus","arr":["48"],"angle":29.2,"extra":1,"ei":10}},{"type":"Feature","geometry":{"type":"Point","coordinates":[30.59108,50.44567]},"properties":{"lines":"48, 49, 95, 108","color":"#0059a9","mode":"bus","arr":["48","49","95","108"],"angle":84.1,"mi":1}},{"type":"Feature","geometry":{"type":"Point","coordinates":[30.590992,50.446258]},"properties":{"lines":"48, 49, 95, 108","color":"#0059a9","mode":"bus","arr":["48","49","95","108"],"angle":84.9}},{"type":"Feature","geometry":{"type":"Point","coordinates":[30.592981,50.44882]},"properties":{"lines":"48, 49, 95, 108","color":"#0059a9","mode":"bus","arr":["48","49","95","108"],"angle":-25.3,"mi":2}},{"type":"Feature","geometry":{"type":"Point","coordinates":[30.591019,50.447517]},"properties":{"lines":"48, 49, 95, 108","color":"#0059a9","mode":"bus","arr":["48","49","95","108"],"angle":-65.2,"extra":1,"ei":0}},{"type":"Feature","geometry":{"type":"Point","coordinates":[30.595705,50.449641]},"properties":{"lines":"48, 49, 95, 108","color":"#0059a9","mode":"bus","arr":["48","49","95","108"],"angle":-25.3,"extra":1,"ei":1}},{"type":"Feature","geometry":{"type":"Point","coordinates":[30.610082,50.431481]},"properties":{"lines":"49, 87","color":"#0059a9","mode":"bus","arr":["49","87"],"angle":-33}},{"type":"Feature","geometry":{"type":"Point","coordinates":[30.612483,50.432511]},"properties":{"lines":"49, 87","color":"#0059a9","mode":"bus","arr":["49","87"],"angle":-34.2,"extra":1,"ei":0}},{"type":"Feature","geometry":{"type":"Point","coordinates":[30.60754,50.430427]},"properties":{"lines":"49, 87","color":"#0059a9","mode":"bus","arr":["49","87"],"angle":-33.3,"extra":1,"ei":1}},{"type":"Feature","geometry":{"type":"Point","coordinates":[30.604464,50.431811]},"properties":{"lines":"49, 87, 95","color":"#0059a9","mode":"bus","arr":["49","87","95"],"angle":56.1}},{"type":"Feature","geometry":{"type":"Point","coordinates":[30.60559,50.430742]},"properties":{"lines":"49, 87, 95","color":"#0059a9","mode":"bus","arr":["49","87","95"],"angle":56.1,"extra":1,"ei":0}},{"type":"Feature","geometry":{"type":"Point","coordinates":[30.597496,50.431547]},"properties":{"lines":"49, 95","color":"#0059a9","mode":"bus","arr":["49","95"],"angle":-33.7}},{"type":"Feature","geometry":{"type":"Point","coordinates":[30.601297,50.433155]},"properties":{"lines":"49, 95","color":"#0059a9","mode":"bus","arr":["49","95"],"angle":-33.3,"extra":1,"ei":0}},{"type":"Feature","geometry":{"type":"Point","coordinates":[30.593944,50.429976]},"properties":{"lines":"49, 95","color":"#0059a9","mode":"bus","arr":["49","95"],"angle":-35.7,"extra":1,"ei":1}},{"type":"Feature","geometry":{"type":"Point","coordinates":[30.592349,50.428855]},"properties":{"lines":"49, 95, 108, 109","color":"#0059a9","mode":"bus","arr":["49","95","108","109"],"angle":-89.1}},{"type":"Feature","geometry":{"type":"Point","coordinates":[30.591742,50.431144]},"properties":{"lines":"49, 95, 108, 109","color":"#0059a9","mode":"bus","arr":["49","95","108","109"],"angle":-58.2,"mi":1}},{"type":"Feature","geometry":{"type":"Point","coordinates":[30.592593,50.431518]},"properties":{"lines":"49, 95, 109","color":"#0059a9","mode":"bus","arr":["49","95","109"],"angle":89.6}},{"type":"Feature","geometry":{"type":"Point","coordinates":[30.59209,50.43866]},"properties":{"lines":"49, 95, 108","color":"#0059a9","mode":"bus","arr":["49","95","108"],"angle":85.1}},{"type":"Feature","geometry":{"type":"Point","coordinates":[30.592787,50.432842]},"properties":{"lines":"49, 95, 108","color":"#0059a9","mode":"bus","arr":["49","95","108"],"angle":-84.6,"extra":1,"ei":0}},{"type":"Feature","geometry":{"type":"Point","coordinates":[30.592655,50.434725]},"properties":{"lines":"49, 95, 108","color":"#0059a9","mode":"bus","arr":["49","95","108"],"angle":84.7,"extra":1,"ei":1}},{"type":"Feature","geometry":{"type":"Point","coordinates":[30.592376,50.436605]},"properties":{"lines":"49, 95, 108","color":"#0059a9","mode":"bus","arr":["49","95","108"],"angle":84.6,"extra":1,"ei":2}},{"type":"Feature","geometry":{"type":"Point","coordinates":[30.591853,50.440368]},"properties":{"lines":"49, 95, 108","color":"#0059a9","mode":"bus","arr":["49","95","108"],"angle":84.6,"extra":1,"ei":3}},{"type":"Feature","geometry":{"type":"Point","coordinates":[30.591584,50.442248]},"properties":{"lines":"49, 95, 108","color":"#0059a9","mode":"bus","arr":["49","95","108"],"angle":85,"extra":1,"ei":4}},{"type":"Feature","geometry":{"type":"Point","coordinates":[30.591312,50.444129]},"properties":{"lines":"49, 95, 108","color":"#0059a9","mode":"bus","arr":["49","95","108"],"angle":84.6,"extra":1,"ei":5}},{"type":"Feature","geometry":{"type":"Point","coordinates":[30.592395,50.424709]},"properties":{"lines":"109","color":"#0059a9","mode":"bus","arr":["109"],"angle":89.7,"side":-1,"mi":2}},{"type":"Feature","geometry":{"type":"Point","coordinates":[30.592611,50.429839]},"properties":{"lines":"109","color":"#0059a9","mode":"bus","arr":["109"],"angle":81.5}},{"type":"Feature","geometry":{"type":"Point","coordinates":[30.592385,50.426578]},"properties":{"lines":"109","color":"#0059a9","mode":"bus","arr":["109"],"angle":89.7,"extra":1,"ei":0,"side":-1}},{"type":"Feature","geometry":{"type":"Point","coordinates":[30.592406,50.422801]},"properties":{"lines":"109","color":"#0059a9","mode":"bus","arr":["109"],"angle":89.7,"extra":1,"ei":1,"side":-1}},{"type":"Feature","geometry":{"type":"Point","coordinates":[30.59655,50.427667]},"properties":{"lines":"49, 108","color":"#0059a9","mode":"bus","arr":["49","108"],"angle":-0.6}},{"type":"Feature","geometry":{"type":"Point","coordinates":[30.600576,50.427681]},"properties":{"lines":"49, 108","color":"#0059a9","mode":"bus","arr":["49","108"],"angle":81.6,"mi":2}},{"type":"Feature","geometry":{"type":"Point","coordinates":[30.594017,50.427655]},"properties":{"lines":"49, 108","color":"#0059a9","mode":"bus","arr":["49","108"],"angle":0,"extra":1,"ei":0}},{"type":"Feature","geometry":{"type":"Point","coordinates":[30.592546,50.427847]},"properties":{"lines":"49, 108","color":"#0059a9","mode":"bus","arr":["49","108"],"angle":-86.8,"side":-1,"mi":1}},{"type":"Feature","geometry":{"type":"Point","coordinates":[30.59265,50.428635]},"properties":{"lines":"49","color":"#0059a9","mode":"bus","arr":["49"],"angle":-85,"side":-1}},{"type":"Feature","geometry":{"type":"Point","coordinates":[30.603981,50.42894]},"properties":{"lines":"87, 95","color":"#0059a9","mode":"bus","arr":["87","95"],"angle":-32.9}},{"type":"Feature","geometry":{"type":"Point","coordinates":[30.49478,50.446148]},"properties":{"lines":"50","color":"#0059a9","mode":"bus","arr":["50"],"angle":-52.7,"side":-1,"mi":2}},{"type":"Feature","geometry":{"type":"Point","coordinates":[30.483424,50.449124]},"properties":{"lines":"50","color":"#0059a9","mode":"bus","arr":["50"],"angle":-86.6}},{"type":"Feature","geometry":{"type":"Point","coordinates":[30.481159,50.448055]},"properties":{"lines":"50","color":"#0059a9","mode":"bus","arr":["50"],"angle":19.1,"mi":1}},{"type":"Feature","geometry":{"type":"Point","coordinates":[30.49474,50.44633]},"properties":{"lines":"50, 118д, 4, 5, 7, 8, 17","color":"#0059a9","mode":"bus","arr":["50","118д","Тб4","Тб5","Тб7","Тб8","Тб17"],"tLines":"4, 5, 7, 8, 17","ntLines":"50, 118д","angle":13.2,"mi":1}},{"type":"Feature","geometry":{"type":"Point","coordinates":[30.492712,50.446956]},"properties":{"lines":"50, 118д, 4, 7","color":"#0059a9","mode":"bus","arr":["50","118д","Тб4","Тб7"],"tLines":"4, 7","ntLines":"50, 118д","angle":14.5,"side":-1}},{"type":"Feature","geometry":{"type":"Point","coordinates":[30.487078,50.447581]},"properties":{"lines":"50, 118д, 4, 5, 7, 8, 17","color":"#0059a9","mode":"bus","arr":["50","118д","Тб4","Тб5","Тб7","Тб8","Тб17"],"tLines":"4, 5, 7, 8, 17","ntLines":"50, 118д","angle":14.6,"side":-1,"mi":2}},{"type":"Feature","geometry":{"type":"Point","coordinates":[30.489493,50.44748]},"properties":{"lines":"50, 118д, 4, 5, 7, 8, 17","color":"#0059a9","mode":"bus","arr":["50","118д","Тб4","Тб5","Тб7","Тб8","Тб17"],"tLines":"4, 5, 7, 8, 17","ntLines":"50, 118д","angle":14.3,"extra":1,"ei":0}},{"type":"Feature","geometry":{"type":"Point","coordinates":[30.483751,50.448416]},"properties":{"lines":"50, 118д, 4, 5, 7, 8, 17","color":"#0059a9","mode":"bus","arr":["50","118д","Тб4","Тб5","Тб7","Тб8","Тб17"],"tLines":"4, 5, 7, 8, 17","ntLines":"50, 118д","angle":14.2,"extra":1,"ei":1}},{"type":"Feature","geometry":{"type":"Point","coordinates":[30.483972,50.452044]},"properties":{"lines":"50, 119, 23Д, 28Д, 31Д, 33, 35","color":"#0059a9","mode":"bus","arr":["50","119","Тб23Д","Тб28Д","Тб31Д","Тб33","Тб35"],"tLines":"23Д, 28Д, 31Д, 33, 35","ntLines":"50, 119","angle":-75,"side":-1}},{"type":"Feature","geometry":{"type":"Point","coordinates":[30.483445,50.450754]},"properties":{"lines":"50, 119, 23Д, 28Д, 31Д, 33, 35","color":"#0059a9","mode":"bus","arr":["50","119","Тб23Д","Тб28Д","Тб31Д","Тб33","Тб35"],"tLines":"23Д, 28Д, 31Д, 33, 35","ntLines":"50, 119","angle":-75,"extra":1,"ei":0,"side":-1}},{"type":"Feature","geometry":{"type":"Point","coordinates":[30.485486,50.455855]},"properties":{"lines":"50, 119, 19, 23Д, 28Д, 31Д, 33, 35","color":"#0059a9","mode":"bus","arr":["50","119","Тб19","Тб23Д","Тб28Д","Тб31Д","Тб33","Тб35"],"tLines":"19, 23Д, 28Д, 31Д, 33, 35","ntLines":"50, 119","angle":-76.1,"side":-1,"mi":1}},{"type":"Feature","geometry":{"type":"Point","coordinates":[30.486227,50.458248]},"properties":{"lines":"50, 119, 19, 23Д, 28Д, 31Д, 33, 35","color":"#0059a9","mode":"bus","arr":["50","119","Тб19","Тб23Д","Тб28Д","Тб31Д","Тб33","Тб35"],"tLines":"19, 23Д, 28Д, 31Д, 33, 35","ntLines":"50, 119","angle":-77.1}},{"type":"Feature","geometry":{"type":"Point","coordinates":[30.485931,50.456999]},"properties":{"lines":"50, 119, 19, 23Д, 28Д, 31Д, 33, 35","color":"#0059a9","mode":"bus","arr":["50","119","Тб19","Тб23Д","Тб28Д","Тб31Д","Тб33","Тб35"],"tLines":"19, 23Д, 28Д, 31Д, 33, 35","ntLines":"50, 119","angle":-76.3,"extra":1,"ei":0,"side":-1}},{"type":"Feature","geometry":{"type":"Point","coordinates":[30.486735,50.457737]},"properties":{"lines":"50, 112, 19, 23Д, 28Д, 31Д, 33, 35","color":"#0059a9","mode":"bus","arr":["50","112","Тб19","Тб23Д","Тб28Д","Тб31Д","Тб33","Тб35"],"tLines":"19, 23Д, 28Д, 31Д, 33, 35","ntLines":"50, 112","angle":-33.9}},{"type":"Feature","geometry":{"type":"Point","coordinates":[30.485725,50.459428]},"properties":{"lines":"50, 112, 6, 16, 18, 19, 23Д, 28Д, 31Д, 33, 35","color":"#0059a9","mode":"bus","arr":["50","112","Тб6","Тб16","Тб18","Тб19","Тб23Д","Тб28Д","Тб31Д","Тб33","Тб35"],"tLines":"6, 16, 18, 19, 23Д, 28Д, 31Д, 33, 35","ntLines":"50, 112","angle":56.6}},{"type":"Feature","geometry":{"type":"Point","coordinates":[30.486886,50.458261]},"properties":{"lines":"50, 112, 6, 16, 18, 19, 23Д, 28Д, 31Д, 33, 35","color":"#0059a9","mode":"bus","arr":["50","112","Тб6","Тб16","Тб18","Тб19","Тб23Д","Тб28Д","Тб31Д","Тб33","Тб35"],"tLines":"6, 16, 18, 19, 23Д, 28Д, 31Д, 33, 35","ntLines":"50, 112","angle":57.8,"mi":1}},{"type":"Feature","geometry":{"type":"Point","coordinates":[30.48443,50.460643]},"properties":{"lines":"50, 112, 6, 16, 18, 19, 23Д, 28Д, 31Д, 33, 35","color":"#0059a9","mode":"bus","arr":["50","112","Тб6","Тб16","Тб18","Тб19","Тб23Д","Тб28Д","Тб31Д","Тб33","Тб35"],"tLines":"6, 16, 18, 19, 23Д, 28Д, 31Д, 33, 35","ntLines":"50, 112","angle":55.3,"mi":2}},{"type":"Feature","geometry":{"type":"Point","coordinates":[30.47995,50.463846]},"properties":{"lines":"50, 6, 16, 18, 19, 23Д, 28Д, 31Д, 33, 35","color":"#0059a9","mode":"bus","arr":["50","Тб6","Тб16","Тб18","Тб19","Тб23Д","Тб28Д","Тб31Д","Тб33","Тб35"],"tLines":"6, 16, 18, 19, 23Д, 28Д, 31Д, 33, 35","ntLines":"50","angle":35.7}},{"type":"Feature","geometry":{"type":"Point","coordinates":[30.483138,50.461874]},"properties":{"lines":"50, 6, 16, 18, 19, 23Д, 28Д, 31Д, 33, 35","color":"#0059a9","mode":"bus","arr":["50","Тб6","Тб16","Тб18","Тб19","Тб23Д","Тб28Д","Тб31Д","Тб33","Тб35"],"tLines":"6, 16, 18, 19, 23Д, 28Д, 31Д, 33, 35","ntLines":"50","angle":56.3,"extra":1,"ei":0}},{"type":"Feature","geometry":{"type":"Point","coordinates":[30.476397,50.465489]},"properties":{"lines":"50, 6, 16, 18, 19, 23Д, 28Д, 31Д, 33, 35","color":"#0059a9","mode":"bus","arr":["50","Тб6","Тб16","Тб18","Тб19","Тб23Д","Тб28Д","Тб31Д","Тб33","Тб35"],"tLines":"6, 16, 18, 19, 23Д, 28Д, 31Д, 33, 35","ntLines":"50","angle":36.2,"extra":1,"ei":1}},{"type":"Feature","geometry":{"type":"Point","coordinates":[30.474792,50.466226]},"properties":{"lines":"50, 16, 18, 19, 23Д, 28Д, 31Д, 35","color":"#0059a9","mode":"bus","arr":["50","Тб16","Тб18","Тб19","Тб23Д","Тб28Д","Тб31Д","Тб35"],"tLines":"16, 18, 19, 23Д, 28Д, 31Д, 35","ntLines":"50","angle":36.7,"side":-1}},{"type":"Feature","geometry":{"type":"Point","coordinates":[30.466897,50.469964]},"properties":{"lines":"50, 16, 19, 35","color":"#0059a9","mode":"bus","arr":["50","Тб16","Тб19","Тб35"],"tLines":"16, 19, 35","ntLines":"50","angle":36}},{"type":"Feature","geometry":{"type":"Point","coordinates":[30.46032,50.471684]},"properties":{"lines":"50, 16, 35","color":"#0059a9","mode":"bus","arr":["50","Тб16","Тб35"],"tLines":"16, 35","ntLines":"50","angle":9.7}},{"type":"Feature","geometry":{"type":"Point","coordinates":[30.464546,50.471049]},"properties":{"lines":"50, 16, 35","color":"#0059a9","mode":"bus","arr":["50","Тб16","Тб35"],"tLines":"16, 35","ntLines":"50","angle":29.5,"extra":1,"ei":0}},{"type":"Feature","geometry":{"type":"Point","coordinates":[30.455889,50.472274]},"properties":{"lines":"50, 16, 35","color":"#0059a9","mode":"bus","arr":["50","Тб16","Тб35"],"tLines":"16, 35","ntLines":"50","angle":12.9,"extra":1,"ei":1}},{"type":"Feature","geometry":{"type":"Point","coordinates":[30.451352,50.472947]},"properties":{"lines":"50, 35","color":"#0059a9","mode":"bus","arr":["50","Тб35"],"tLines":"35","ntLines":"50","angle":13.2}},{"type":"Feature","geometry":{"type":"Point","coordinates":[30.453164,50.47268]},"properties":{"lines":"50, 35","color":"#0059a9","mode":"bus","arr":["50","Тб35"],"tLines":"35","ntLines":"50","angle":12.6,"extra":1,"ei":0}},{"type":"Feature","geometry":{"type":"Point","coordinates":[30.448615,50.474578]},"properties":{"lines":"50, 22к, 30, 31Д, 42","color":"#0059a9","mode":"bus","arr":["50","Тб22к","Тб30","Тб31Д","Тб42"],"tLines":"22к, 30, 31Д, 42","ntLines":"50","angle":-73.8,"side":-1}},{"type":"Feature","geometry":{"type":"Point","coordinates":[30.46991,50.483829]},"properties":{"lines":"50, 30, 31Д","color":"#0059a9","mode":"bus","arr":["50","Тб30","Тб31Д"],"tLines":"30, 31Д","ntLines":"50","angle":-36.6,"mi":3}},{"type":"Feature","geometry":{"type":"Point","coordinates":[30.478114,50.487818]},"properties":{"lines":"50, 30, 31Д","color":"#0059a9","mode":"bus","arr":["50","Тб30","Тб31Д"],"tLines":"30, 31Д","ntLines":"50","angle":-13.4,"side":-1,"mi":1}},{"type":"Feature","geometry":{"type":"Point","coordinates":[30.471436,50.484966]},"properties":{"lines":"50, 30, 31Д","color":"#0059a9","mode":"bus","arr":["50","Тб30","Тб31Д"],"tLines":"30, 31Д","ntLines":"50","angle":-60.6}},{"type":"Feature","geometry":{"type":"Point","coordinates":[30.47407,50.486988]},"properties":{"lines":"50, 25, 27, 30, 31Д","color":"#0059a9","mode":"bus","arr":["50","Тб25","Тб27","Тб30","Тб31Д"],"tLines":"25, 27, 30, 31Д","ntLines":"50","angle":-34.8,"side":-1}},{"type":"Feature","geometry":{"type":"Point","coordinates":[30.472663,50.486134]},"properties":{"lines":"50, 25, 27, 30, 31Д","color":"#0059a9","mode":"bus","arr":["50","Тб25","Тб27","Тб30","Тб31Д"],"tLines":"25, 27, 30, 31Д","ntLines":"50","angle":-49,"extra":1,"ei":0,"side":-1}},{"type":"Feature","geometry":{"type":"Point","coordinates":[30.47987,50.488088]},"properties":{"lines":"50, 30, 31Д","color":"#0059a9","mode":"bus","arr":["50","Тб30","Тб31Д"],"tLines":"30, 31Д","ntLines":"50","angle":-13.9,"mi":2}},{"type":"Feature","geometry":{"type":"Point","coordinates":[30.484099,50.488762]},"properties":{"lines":"50, 25, 27, 30, 31Д","color":"#0059a9","mode":"bus","arr":["50","Тб25","Тб27","Тб30","Тб31Д"],"tLines":"25, 27, 30, 31Д","ntLines":"50","angle":-12,"side":-1,"mi":1}},{"type":"Feature","geometry":{"type":"Point","coordinates":[30.482232,50.488482]},"properties":{"lines":"50, 25, 27, 30, 31Д","color":"#0059a9","mode":"bus","arr":["50","Тб25","Тб27","Тб30","Тб31Д"],"tLines":"25, 27, 30, 31Д","ntLines":"50","angle":-15.5,"extra":1,"ei":0,"side":-1}},{"type":"Feature","geometry":{"type":"Point","coordinates":[30.491024,50.489106]},"properties":{"lines":"50, 25, 27, 29, 30, 31Д, 34","color":"#0059a9","mode":"bus","arr":["50","Тб25","Тб27","Тб29","Тб30","Тб31Д","Тб34"],"tLines":"25, 27, 29, 30, 31Д, 34","ntLines":"50","angle":-0.8,"side":-1}},{"type":"Feature","geometry":{"type":"Point","coordinates":[30.488944,50.489083]},"properties":{"lines":"50, 25, 27, 29, 30, 31Д, 34","color":"#0059a9","mode":"bus","arr":["50","Тб25","Тб27","Тб29","Тб30","Тб31Д","Тб34"],"tLines":"25, 27, 29, 30, 31Д, 34","ntLines":"50","angle":-1.6,"extra":1,"ei":0,"side":-1}},{"type":"Feature","geometry":{"type":"Point","coordinates":[30.492879,50.48923]},"properties":{"lines":"50, 25, 27, 29, 30, 31Д, 34","color":"#0059a9","mode":"bus","arr":["50","Тб25","Тб27","Тб29","Тб30","Тб31Д","Тб34"],"tLines":"25, 27, 29, 30, 31Д, 34","ntLines":"50","angle":-0.9,"extra":1,"ei":0}},{"type":"Feature","geometry":{"type":"Point","coordinates":[30.496386,50.48896]},"properties":{"lines":"50, 25, 27, 34","color":"#0059a9","mode":"bus","arr":["50","Тб25","Тб27","Тб34"],"tLines":"25, 27, 34","ntLines":"50","angle":5.8,"side":-1}},{"type":"Feature","geometry":{"type":"Point","coordinates":[30.497882,50.48665]},"properties":{"lines":"50, 101","color":"#0059a9","mode":"bus","arr":["50","101"],"angle":3.8,"side":-1}},{"type":"Feature","geometry":{"type":"Point","coordinates":[30.498144,50.489233]},"properties":{"lines":"50, 25, 27","color":"#0059a9","mode":"bus","arr":["50","Тб25","Тб27"],"tLines":"25, 27","ntLines":"50","angle":-88.7}},{"type":"Feature","geometry":{"type":"Point","coordinates":[30.498256,50.495756]},"properties":{"lines":"50","color":"#0059a9","mode":"bus","arr":["50"],"angle":-89.1,"side":-1}},{"type":"Feature","geometry":{"type":"Point","coordinates":[30.499236,50.522065]},"properties":{"lines":"50","color":"#0059a9","mode":"bus","arr":["50"],"angle":-82.4}},{"type":"Feature","geometry":{"type":"Point","coordinates":[30.498192,50.49095]},"properties":{"lines":"50","color":"#0059a9","mode":"bus","arr":["50"],"angle":-89.7,"extra":1,"ei":0}},{"type":"Feature","geometry":{"type":"Point","coordinates":[30.49819,50.492839]},"properties":{"lines":"50","color":"#0059a9","mode":"bus","arr":["50"],"angle":-89.7,"extra":1,"ei":1,"side":-1}},{"type":"Feature","geometry":{"type":"Point","coordinates":[30.498324,50.498504]},"properties":{"lines":"50","color":"#0059a9","mode":"bus","arr":["50"],"angle":-89.1,"extra":1,"ei":2,"side":-1}},{"type":"Feature","geometry":{"type":"Point","coordinates":[30.498641,50.500369]},"properties":{"lines":"50","color":"#0059a9","mode":"bus","arr":["50"],"angle":-76.4,"extra":1,"ei":3}},{"type":"Feature","geometry":{"type":"Point","coordinates":[30.498932,50.51114]},"properties":{"lines":"50, 73, 34","color":"#0059a9","mode":"bus","arr":["50","73","Тб34"],"tLines":"34","ntLines":"50, 73","angle":-82.1}},{"type":"Feature","geometry":{"type":"Point","coordinates":[30.51237,50.522593]},"properties":{"lines":"50, 32, 44","color":"#0059a9","mode":"bus","arr":["50","Тб32","Тб44"],"tLines":"32, 44","ntLines":"50","angle":-14}},{"type":"Feature","geometry":{"type":"Point","coordinates":[30.495772,50.489375]},"properties":{"lines":"25, 27","color":"#149a3f","mode":"bus","arr":["Тб25","Тб27"],"angle":-6.3}},{"type":"Feature","geometry":{"type":"Point","coordinates":[30.499138,50.489834]},"properties":{"lines":"25, 27","color":"#149a3f","mode":"bus","arr":["Тб25","Тб27"],"angle":46.4,"mi":1}},{"type":"Feature","geometry":{"type":"Point","coordinates":[30.471836,50.485102]},"properties":{"lines":"25, 27","color":"#149a3f","mode":"bus","arr":["Тб25","Тб27"],"angle":39.2}},{"type":"Feature","geometry":{"type":"Point","coordinates":[30.479083,50.487866]},"properties":{"lines":"25, 27","color":"#149a3f","mode":"bus","arr":["Тб25","Тб27"],"angle":-15.6,"side":-1,"mi":1}},{"type":"Feature","geometry":{"type":"Point","coordinates":[30.495984,50.489234]},"properties":{"lines":"50, 29, 30, 31Д, 34","color":"#0059a9","mode":"bus","arr":["50","Тб29","Тб30","Тб31Д","Тб34"],"tLines":"29, 30, 31Д, 34","ntLines":"50","angle":0.6}},{"type":"Feature","geometry":{"type":"Point","coordinates":[30.485943,50.489083]},"properties":{"lines":"50, 25, 27, 29, 30, 31Д","color":"#0059a9","mode":"bus","arr":["50","Тб25","Тб27","Тб29","Тб30","Тб31Д"],"tLines":"25, 27, 29, 30, 31Д","ntLines":"50","angle":-6.7}},{"type":"Feature","geometry":{"type":"Point","coordinates":[30.448199,50.47465]},"properties":{"lines":"50, 19, 22к, 27, 31Д, 42","color":"#0059a9","mode":"bus","arr":["50","Тб19","Тб22к","Тб27","Тб31Д","Тб42"],"tLines":"19, 22к, 27, 31Д, 42","ntLines":"50","angle":-71.9}},{"type":"Feature","geometry":{"type":"Point","coordinates":[30.465201,50.470661]},"properties":{"lines":"50, 16, 23Д, 35","color":"#0059a9","mode":"bus","arr":["50","Тб16","Тб23Д","Тб35"],"tLines":"16, 23Д, 35","ntLines":"50","angle":34.9}},{"type":"Feature","geometry":{"type":"Point","coordinates":[30.469775,50.468531]},"properties":{"lines":"50, 19, 23Д, 31Д, 35","color":"#0059a9","mode":"bus","arr":["50","Тб19","Тб23Д","Тб31Д","Тб35"],"tLines":"19, 23Д, 31Д, 35","ntLines":"50","angle":36.8,"side":-1}},{"type":"Feature","geometry":{"type":"Point","coordinates":[30.471553,50.467725]},"properties":{"lines":"50, 19, 23Д, 31Д, 35","color":"#0059a9","mode":"bus","arr":["50","Тб19","Тб23Д","Тб31Д","Тб35"],"tLines":"19, 23Д, 31Д, 35","ntLines":"50","angle":27.1,"extra":1,"ei":0,"side":-1}},{"type":"Feature","geometry":{"type":"Point","coordinates":[30.484389,50.453474]},"properties":{"lines":"50, 119, 19, 23Д, 31Д, 33, 35","color":"#0059a9","mode":"bus","arr":["50","119","Тб19","Тб23Д","Тб31Д","Тб33","Тб35"],"tLines":"19, 23Д, 31Д, 33, 35","ntLines":"50, 119","angle":-76.2}},{"type":"Feature","geometry":{"type":"Point","coordinates":[30.485779,50.457009]},"properties":{"lines":"50, 119, 19, 23Д, 31Д, 33, 35","color":"#0059a9","mode":"bus","arr":["50","119","Тб19","Тб23Д","Тб31Д","Тб33","Тб35"],"tLines":"19, 23Д, 31Д, 33, 35","ntLines":"50, 119","angle":-76.1,"extra":1,"ei":0}},{"type":"Feature","geometry":{"type":"Point","coordinates":[30.485054,50.455178]},"properties":{"lines":"50, 119, 19, 23Д, 31Д, 33, 35","color":"#0059a9","mode":"bus","arr":["50","119","Тб19","Тб23Д","Тб31Д","Тб33","Тб35"],"tLines":"19, 23Д, 31Д, 33, 35","ntLines":"50, 119","angle":-75.8,"extra":1,"ei":1}},{"type":"Feature","geometry":{"type":"Point","coordinates":[30.483602,50.451516]},"properties":{"lines":"50, 119, 19, 23Д, 31Д, 33, 35","color":"#0059a9","mode":"bus","arr":["50","119","Тб19","Тб23Д","Тб31Д","Тб33","Тб35"],"tLines":"19, 23Д, 31Д, 33, 35","ntLines":"50, 119","angle":-75.2,"extra":1,"ei":2}},{"type":"Feature","geometry":{"type":"Point","coordinates":[30.482829,50.449692]},"properties":{"lines":"50, 119, 19, 23Д, 31Д, 33, 35","color":"#0059a9","mode":"bus","arr":["50","119","Тб19","Тб23Д","Тб31Д","Тб33","Тб35"],"tLines":"19, 23Д, 31Д, 33, 35","ntLines":"50, 119","angle":-74.6,"extra":1,"ei":3}},{"type":"Feature","geometry":{"type":"Point","coordinates":[30.48232,50.448463]},"properties":{"lines":"50, 118д, 119, 8, 17, 19, 23Д, 33, 35","color":"#0059a9","mode":"bus","arr":["50","118д","119","Тб8","Тб17","Тб19","Тб23Д","Тб33","Тб35"],"tLines":"8, 17, 19, 23Д, 33, 35","ntLines":"50, 118д, 119","angle":-75}},{"type":"Feature","geometry":{"type":"Point","coordinates":[30.482101,50.447924]},"properties":{"lines":"50, 118д, 119, 8, 17, 19, 23Д, 33, 35","color":"#0059a9","mode":"bus","arr":["50","118д","119","Тб8","Тб17","Тб19","Тб23Д","Тб33","Тб35"],"tLines":"8, 17, 19, 23Д, 33, 35","ntLines":"50, 118д, 119","angle":-76.2,"side":-1,"mi":1}},{"type":"Feature","geometry":{"type":"Point","coordinates":[30.48042,50.448389]},"properties":{"lines":"23Д","color":"#149a3f","mode":"bus","arr":["Тб23Д"],"angle":58.3,"side":-1}},{"type":"Feature","geometry":{"type":"Point","coordinates":[30.440711,50.472168]},"properties":{"lines":"23Д","color":"#149a3f","mode":"bus","arr":["Тб23Д"],"angle":47.7,"mi":2}},{"type":"Feature","geometry":{"type":"Point","coordinates":[30.481536,50.447906]},"properties":{"lines":"50, 23Д","color":"#0059a9","mode":"bus","arr":["50","Тб23Д"],"tLines":"23Д","ntLines":"50","angle":16.6,"side":-1}},{"type":"Feature","geometry":{"type":"Point","coordinates":[30.482036,50.448422]},"properties":{"lines":"5, 7","color":"#149a3f","mode":"bus","arr":["Тб5","Тб7"],"angle":14.3,"side":-1}},{"type":"Feature","geometry":{"type":"Point","coordinates":[30.482903,50.448275]},"properties":{"lines":"5, 7, 23Д","color":"#149a3f","mode":"bus","arr":["Тб5","Тб7","Тб23Д"],"angle":14.7,"side":-1}},{"type":"Feature","geometry":{"type":"Point","coordinates":[30.481854,50.448543]},"properties":{"lines":"50, 118д, 4, 23Д","color":"#0059a9","mode":"bus","arr":["50","118д","Тб4","Тб23Д"],"tLines":"4, 23Д","ntLines":"50, 118д","angle":13.4,"side":-1}},{"type":"Feature","geometry":{"type":"Point","coordinates":[30.482964,50.448308]},"properties":{"lines":"50, 118д, 4","color":"#0059a9","mode":"bus","arr":["50","118д","Тб4"],"tLines":"4","ntLines":"50, 118д","angle":23.9}},{"type":"Feature","geometry":{"type":"Point","coordinates":[30.492478,50.446682]},"properties":{"lines":"50, 118д, 4, 5, 7, 8, 17","color":"#0059a9","mode":"bus","arr":["50","118д","Тб4","Тб5","Тб7","Тб8","Тб17"],"tLines":"4, 5, 7, 8, 17","ntLines":"50, 118д","angle":14.6}},{"type":"Feature","geometry":{"type":"Point","coordinates":[30.697067,50.4097]},"properties":{"lines":"51","color":"#0059a9","mode":"bus","arr":["51"],"angle":-29.8,"side":-1}},{"type":"Feature","geometry":{"type":"Point","coordinates":[30.698732,50.410483]},"properties":{"lines":"51","color":"#0059a9","mode":"bus","arr":["51"],"angle":-58.7,"extra":1,"ei":0,"side":-1}},{"type":"Feature","geometry":{"type":"Point","coordinates":[30.704028,50.414187]},"properties":{"lines":"51, 63","color":"#0059a9","mode":"bus","arr":["51","63"],"angle":-46.1}},{"type":"Feature","geometry":{"type":"Point","coordinates":[30.708796,50.417624]},"properties":{"lines":"51, 63","color":"#0059a9","mode":"bus","arr":["51","63"],"angle":-48.9,"extra":1,"ei":0}},{"type":"Feature","geometry":{"type":"Point","coordinates":[30.706852,50.416198]},"properties":{"lines":"51, 63","color":"#0059a9","mode":"bus","arr":["51","63"],"angle":-49.3,"extra":1,"ei":1}},{"type":"Feature","geometry":{"type":"Point","coordinates":[30.700882,50.412002]},"properties":{"lines":"51, 63","color":"#0059a9","mode":"bus","arr":["51","63"],"angle":-47.2,"extra":1,"ei":2}},{"type":"Feature","geometry":{"type":"Point","coordinates":[30.698854,50.410625]},"properties":{"lines":"51, 63","color":"#0059a9","mode":"bus","arr":["51","63"],"angle":-43.7,"extra":1,"ei":3}},{"type":"Feature","geometry":{"type":"Point","coordinates":[30.700728,50.422767]},"properties":{"lines":"51, 63","color":"#0059a9","mode":"bus","arr":["51","63"],"angle":15.7,"mi":1}},{"type":"Feature","geometry":{"type":"Point","coordinates":[30.708772,50.419012]},"properties":{"lines":"51, 63","color":"#0059a9","mode":"bus","arr":["51","63"],"angle":46.8,"extra":1,"ei":0}},{"type":"Feature","geometry":{"type":"Point","coordinates":[30.706707,50.420366]},"properties":{"lines":"51, 63","color":"#0059a9","mode":"bus","arr":["51","63"],"angle":45.7,"extra":1,"ei":1}},{"type":"Feature","geometry":{"type":"Point","coordinates":[30.704621,50.421707]},"properties":{"lines":"51, 63","color":"#0059a9","mode":"bus","arr":["51","63"],"angle":43.3,"extra":1,"ei":2}},{"type":"Feature","geometry":{"type":"Point","coordinates":[30.696295,50.42355]},"properties":{"lines":"51, 63","color":"#0059a9","mode":"bus","arr":["51","63"],"angle":15.3,"extra":1,"ei":3}},{"type":"Feature","geometry":{"type":"Point","coordinates":[30.693436,50.424047]},"properties":{"lines":"51, 63","color":"#0059a9","mode":"bus","arr":["51","63"],"angle":15.3,"extra":1,"ei":4}},{"type":"Feature","geometry":{"type":"Point","coordinates":[30.690581,50.424552]},"properties":{"lines":"51, 63","color":"#0059a9","mode":"bus","arr":["51","63"],"angle":15.2,"extra":1,"ei":5,"side":-1}},{"type":"Feature","geometry":{"type":"Point","coordinates":[30.637017,50.427659]},"properties":{"lines":"51, 63, 115","color":"#0059a9","mode":"bus","arr":["51","63","115"],"angle":-30.3,"mi":1}},{"type":"Feature","geometry":{"type":"Point","coordinates":[30.625803,50.44195]},"properties":{"lines":"51, 115","color":"#0059a9","mode":"bus","arr":["51","115"],"angle":9.2}},{"type":"Feature","geometry":{"type":"Point","coordinates":[30.624523,50.441964]},"properties":{"lines":"51, 115, 118д","color":"#0059a9","mode":"bus","arr":["51","115","118д"],"angle":-7.2}},{"type":"Feature","geometry":{"type":"Point","coordinates":[30.601431,50.434016]},"properties":{"lines":"51, 55, 115, 118д, 43, 50","color":"#0059a9","mode":"bus","arr":["51","55","115","118д","Тб43","Тб50"],"tLines":"43, 50","ntLines":"51, 55, 115, 118д","angle":-33.2,"side":-1}},{"type":"Feature","geometry":{"type":"Point","coordinates":[30.609253,50.43736]},"properties":{"lines":"51, 55, 115, 118д, 43, 50","color":"#0059a9","mode":"bus","arr":["51","55","115","118д","Тб43","Тб50"],"tLines":"43, 50","ntLines":"51, 55, 115, 118д","angle":-28.7,"extra":1,"ei":0}},{"type":"Feature","geometry":{"type":"Point","coordinates":[30.606723,50.436378]},"properties":{"lines":"51, 55, 115, 118д, 43, 50","color":"#0059a9","mode":"bus","arr":["51","55","115","118д","Тб43","Тб50"],"tLines":"43, 50","ntLines":"51, 55, 115, 118д","angle":-33.6,"extra":1,"ei":1}},{"type":"Feature","geometry":{"type":"Point","coordinates":[30.604254,50.435333]},"properties":{"lines":"51, 55, 115, 118д, 43, 50","color":"#0059a9","mode":"bus","arr":["51","55","115","118д","Тб43","Тб50"],"tLines":"43, 50","ntLines":"51, 55, 115, 118д","angle":-33.7,"extra":1,"ei":2}},{"type":"Feature","geometry":{"type":"Point","coordinates":[30.599329,50.433232]},"properties":{"lines":"51, 55, 115, 118д, 43, 50","color":"#0059a9","mode":"bus","arr":["51","55","115","118д","Тб43","Тб50"],"tLines":"43, 50","ntLines":"51, 55, 115, 118д","angle":-33.8,"extra":1,"ei":3}},{"type":"Feature","geometry":{"type":"Point","coordinates":[30.596864,50.432183]},"properties":{"lines":"51, 55, 115, 118д, 43, 50","color":"#0059a9","mode":"bus","arr":["51","55","115","118д","Тб43","Тб50"],"tLines":"43, 50","ntLines":"51, 55, 115, 118д","angle":-33.5,"extra":1,"ei":4}},{"type":"Feature","geometry":{"type":"Point","coordinates":[30.594395,50.431139]},"properties":{"lines":"51, 55, 115, 118д, 43, 50","color":"#0059a9","mode":"bus","arr":["51","55","115","118д","Тб43","Тб50"],"tLines":"43, 50","ntLines":"51, 55, 115, 118д","angle":-33.8,"extra":1,"ei":5}},{"type":"Feature","geometry":{"type":"Point","coordinates":[30.592593,50.43044]},"properties":{"lines":"51, 55, 109, 115, 118д, 43, 50","color":"#0059a9","mode":"bus","arr":["51","55","109","115","118д","Тб43","Тб50"],"tLines":"43, 50","ntLines":"51, 55, 109, 115, 118д","angle":-28.8,"mi":1}},{"type":"Feature","geometry":{"type":"Point","coordinates":[30.582084,50.427242]},"properties":{"lines":"51, 55, 109, 115, 118д, 43, 50","color":"#0059a9","mode":"bus","arr":["51","55","109","115","118д","Тб43","Тб50"],"tLines":"43, 50","ntLines":"51, 55, 109, 115, 118д","angle":-24.7,"side":-1}},{"type":"Feature","geometry":{"type":"Point","coordinates":[30.590533,50.429811]},"properties":{"lines":"51, 55, 109, 115, 118д, 43, 50","color":"#0059a9","mode":"bus","arr":["51","55","109","115","118д","Тб43","Тб50"],"tLines":"43, 50","ntLines":"51, 55, 109, 115, 118д","angle":-24.5,"extra":1,"ei":0}},{"type":"Feature","geometry":{"type":"Point","coordinates":[30.587835,50.429029]},"properties":{"lines":"51, 55, 109, 115, 118д, 43, 50","color":"#0059a9","mode":"bus","arr":["51","55","109","115","118д","Тб43","Тб50"],"tLines":"43, 50","ntLines":"51, 55, 109, 115, 118д","angle":-24.5,"extra":1,"ei":1}},{"type":"Feature","geometry":{"type":"Point","coordinates":[30.58514,50.428244]},"properties":{"lines":"51, 55, 109, 115, 118д, 43, 50","color":"#0059a9","mode":"bus","arr":["51","55","109","115","118д","Тб43","Тб50"],"tLines":"43, 50","ntLines":"51, 55, 109, 115, 118д","angle":-24.9,"extra":1,"ei":2}},{"type":"Feature","geometry":{"type":"Point","coordinates":[30.579762,50.426656]},"properties":{"lines":"51, 55, 109, 115, 118д, 43, 50","color":"#0059a9","mode":"bus","arr":["51","55","109","115","118д","Тб43","Тб50"],"tLines":"43, 50","ntLines":"51, 55, 109, 115, 118д","angle":-24.8,"extra":1,"ei":3}},{"type":"Feature","geometry":{"type":"Point","coordinates":[30.577073,50.425862]},"properties":{"lines":"51, 55, 109, 115, 118д, 43, 50","color":"#0059a9","mode":"bus","arr":["51","55","109","115","118д","Тб43","Тб50"],"tLines":"43, 50","ntLines":"51, 55, 109, 115, 118д","angle":-24.8,"extra":1,"ei":4}},{"type":"Feature","geometry":{"type":"Point","coordinates":[30.574384,50.425069]},"properties":{"lines":"51, 55, 109, 115, 118д, 43, 50","color":"#0059a9","mode":"bus","arr":["51","55","109","115","118д","Тб43","Тб50"],"tLines":"43, 50","ntLines":"51, 55, 109, 115, 118д","angle":-24.8,"extra":1,"ei":5}},{"type":"Feature","geometry":{"type":"Point","coordinates":[30.571491,50.424116]},"properties":{"lines":"51, 55, 109, 115, 118д, 43, 50","color":"#0059a9","mode":"bus","arr":["51","55","109","115","118д","Тб43","Тб50"],"tLines":"43, 50","ntLines":"51, 55, 109, 115, 118д","angle":-25.8,"side":-1,"mi":2}},{"type":"Feature","geometry":{"type":"Point","coordinates":[30.566315,50.423732]},"properties":{"lines":"51, 55, 109, 118д, 43, 50","color":"#0059a9","mode":"bus","arr":["51","55","109","118д","Тб43","Тб50"],"tLines":"43, 50","ntLines":"51, 55, 109, 118д","angle":17}},{"type":"Feature","geometry":{"type":"Point","coordinates":[30.570339,50.42389]},"properties":{"lines":"51, 55, 109, 118д, 43, 50","color":"#0059a9","mode":"bus","arr":["51","55","109","118д","Тб43","Тб50"],"tLines":"43, 50","ntLines":"51, 55, 109, 118д","angle":-21.4,"extra":1,"ei":0}},{"type":"Feature","geometry":{"type":"Point","coordinates":[30.564587,50.424242]},"properties":{"lines":"51, 55, 109, 118д, 43, 50","color":"#0059a9","mode":"bus","arr":["51","55","109","118д","Тб43","Тб50"],"tLines":"43, 50","ntLines":"51, 55, 109, 118д","angle":18.6,"extra":1,"ei":1}},{"type":"Feature","geometry":{"type":"Point","coordinates":[30.552951,50.422162]},"properties":{"lines":"51, 109, 118д, 43, 50","color":"#0059a9","mode":"bus","arr":["51","109","118д","Тб43","Тб50"],"tLines":"43, 50","ntLines":"51, 109, 118д","angle":-31.2,"side":-1}},{"type":"Feature","geometry":{"type":"Point","coordinates":[30.561825,50.424617]},"properties":{"lines":"51, 109, 118д, 43, 50","color":"#0059a9","mode":"bus","arr":["51","109","118д","Тб43","Тб50"],"tLines":"43, 50","ntLines":"51, 109, 118д","angle":-2.1,"extra":1,"ei":0}},{"type":"Feature","geometry":{"type":"Point","coordinates":[30.559019,50.424053]},"properties":{"lines":"51, 109, 118д, 43, 50","color":"#0059a9","mode":"bus","arr":["51","109","118д","Тб43","Тб50"],"tLines":"43, 50","ntLines":"51, 109, 118д","angle":-23.1,"extra":1,"ei":1}},{"type":"Feature","geometry":{"type":"Point","coordinates":[30.55629,50.423315]},"properties":{"lines":"51, 109, 118д, 43, 50","color":"#0059a9","mode":"bus","arr":["51","109","118д","Тб43","Тб50"],"tLines":"43, 50","ntLines":"51, 109, 118д","angle":-22.3,"extra":1,"ei":2}},{"type":"Feature","geometry":{"type":"Point","coordinates":[30.551115,50.421509]},"properties":{"lines":"51, 109, 118д, 43, 50","color":"#0059a9","mode":"bus","arr":["51","109","118д","Тб43","Тб50"],"tLines":"43, 50","ntLines":"51, 109, 118д","angle":-38.6,"extra":1,"ei":3}},{"type":"Feature","geometry":{"type":"Point","coordinates":[30.546478,50.418939]},"properties":{"lines":"51, 109, 118д, 43, 50","color":"#0059a9","mode":"bus","arr":["51","109","118д","Тб43","Тб50"],"tLines":"43, 50","ntLines":"51, 109, 118д","angle":-39.3,"extra":1,"ei":0}},{"type":"Feature","geometry":{"type":"Point","coordinates":[30.548776,50.420132]},"properties":{"lines":"51, 109, 118д, 43, 50","color":"#0059a9","mode":"bus","arr":["51","109","118д","Тб43","Тб50"],"tLines":"43, 50","ntLines":"51, 109, 118д","angle":-39.2,"extra":1,"ei":1,"side":-1}},{"type":"Feature","geometry":{"type":"Point","coordinates":[30.536027,50.413886]},"properties":{"lines":"51, 109, 43, 50","color":"#0059a9","mode":"bus","arr":["51","109","Тб43","Тб50"],"tLines":"43, 50","ntLines":"51, 109","angle":-29.2,"side":-1,"mi":2}},{"type":"Feature","geometry":{"type":"Point","coordinates":[30.548659,50.420232]},"properties":{"lines":"51, 109, 43, 50","color":"#0059a9","mode":"bus","arr":["51","109","Тб43","Тб50"],"tLines":"43, 50","ntLines":"51, 109","angle":-39.2,"extra":1,"ei":0}},{"type":"Feature","geometry":{"type":"Point","coordinates":[30.546363,50.419037]},"properties":{"lines":"51, 109, 43, 50","color":"#0059a9","mode":"bus","arr":["51","109","Тб43","Тб50"],"tLines":"43, 50","ntLines":"51, 109","angle":-39.2,"extra":1,"ei":1}},{"type":"Feature","geometry":{"type":"Point","coordinates":[30.54407,50.417841]},"properties":{"lines":"51, 109, 43, 50","color":"#0059a9","mode":"bus","arr":["51","109","Тб43","Тб50"],"tLines":"43, 50","ntLines":"51, 109","angle":-39.2,"extra":1,"ei":2}},{"type":"Feature","geometry":{"type":"Point","coordinates":[30.541777,50.416644]},"properties":{"lines":"51, 109, 43, 50","color":"#0059a9","mode":"bus","arr":["51","109","Тб43","Тб50"],"tLines":"43, 50","ntLines":"51, 109","angle":-39.4,"extra":1,"ei":3}},{"type":"Feature","geometry":{"type":"Point","coordinates":[30.539448,50.415477]},"properties":{"lines":"51, 109, 43, 50","color":"#0059a9","mode":"bus","arr":["51","109","Тб43","Тб50"],"tLines":"43, 50","ntLines":"51, 109","angle":-36.7,"extra":1,"ei":4}},{"type":"Feature","geometry":{"type":"Point","coordinates":[30.531747,50.412676]},"properties":{"lines":"51, 109, 43, 50","color":"#0059a9","mode":"bus","arr":["51","109","Тб43","Тб50"],"tLines":"43, 50","ntLines":"51, 109","angle":-25,"extra":1,"ei":5}},{"type":"Feature","geometry":{"type":"Point","coordinates":[30.527034,50.410867]},"properties":{"lines":"51, 109, 43, 50","color":"#0059a9","mode":"bus","arr":["51","109","Тб43","Тб50"],"tLines":"43, 50","ntLines":"51, 109","angle":-34.2,"extra":1,"ei":0}},{"type":"Feature","geometry":{"type":"Point","coordinates":[30.52958,50.411833]},"properties":{"lines":"51, 109, 43, 50","color":"#0059a9","mode":"bus","arr":["51","109","Тб43","Тб50"],"tLines":"43, 50","ntLines":"51, 109","angle":-28.5,"extra":1,"ei":1,"side":-1}},{"type":"Feature","geometry":{"type":"Point","coordinates":[30.529025,50.411892]},"properties":{"lines":"51, 109, 43, 50","color":"#0059a9","mode":"bus","arr":["51","109","Тб43","Тб50"],"tLines":"43, 50","ntLines":"51, 109","angle":-25.3}},{"type":"Feature","geometry":{"type":"Point","coordinates":[30.526993,50.409513]},"properties":{"lines":"51, 109, 43, 50","color":"#0059a9","mode":"bus","arr":["51","109","Тб43","Тб50"],"tLines":"43, 50","ntLines":"51, 109","angle":-56,"mi":1}},{"type":"Feature","geometry":{"type":"Point","coordinates":[30.631093,50.426293]},"properties":{"lines":"51, 63, 115","color":"#0059a9","mode":"bus","arr":["51","63","115"],"angle":72.4,"mi":2}},{"type":"Feature","geometry":{"type":"Point","coordinates":[30.634252,50.428378]},"properties":{"lines":"51, 63, 115","color":"#0059a9","mode":"bus","arr":["51","63","115"],"angle":-25.8}},{"type":"Feature","geometry":{"type":"Point","coordinates":[30.632047,50.42723]},"properties":{"lines":"51, 63, 115","color":"#0059a9","mode":"bus","arr":["51","63","115"],"angle":-50.8,"extra":1,"ei":0}},{"type":"Feature","geometry":{"type":"Point","coordinates":[30.636868,50.428391]},"properties":{"lines":"51, 63, 115","color":"#0059a9","mode":"bus","arr":["51","63","115"],"angle":37.3,"extra":1,"ei":1,"side":-1}},{"type":"Feature","geometry":{"type":"Point","coordinates":[30.637634,50.428094]},"properties":{"lines":"51, 63","color":"#0059a9","mode":"bus","arr":["51","63"],"angle":35}},{"type":"Feature","geometry":{"type":"Point","coordinates":[30.63712,50.4285]},"properties":{"lines":"51","color":"#0059a9","mode":"bus","arr":["51"],"angle":49.6}},{"type":"Feature","geometry":{"type":"Point","coordinates":[30.696864,50.409787]},"properties":{"lines":"63","color":"#0059a9","mode":"bus","arr":["63"],"angle":-29.3}},{"type":"Feature","geometry":{"type":"Point","coordinates":[30.527791,50.368727]},"properties":{"lines":"52","color":"#0059a9","mode":"bus","arr":["52"],"angle":-75.9}},{"type":"Feature","geometry":{"type":"Point","coordinates":[30.51706,50.371094]},"properties":{"lines":"52","color":"#0059a9","mode":"bus","arr":["52"],"angle":-55.3,"extra":1,"ei":0}},{"type":"Feature","geometry":{"type":"Point","coordinates":[30.518153,50.369499]},"properties":{"lines":"52","color":"#0059a9","mode":"bus","arr":["52"],"angle":35.7,"extra":1,"ei":1}},{"type":"Feature","geometry":{"type":"Point","coordinates":[30.521083,50.369336]},"properties":{"lines":"52","color":"#0059a9","mode":"bus","arr":["52"],"angle":1.6,"extra":1,"ei":2}},{"type":"Feature","geometry":{"type":"Point","coordinates":[30.523968,50.36898]},"properties":{"lines":"52","color":"#0059a9","mode":"bus","arr":["52"],"angle":20.4,"extra":1,"ei":3}},{"type":"Feature","geometry":{"type":"Point","coordinates":[30.530504,50.370273]},"properties":{"lines":"52","color":"#0059a9","mode":"bus","arr":["52"],"angle":-3.8,"extra":1,"ei":4}},{"type":"Feature","geometry":{"type":"Point","coordinates":[30.533466,50.370328]},"properties":{"lines":"52","color":"#0059a9","mode":"bus","arr":["52"],"angle":0.2,"extra":1,"ei":5}},{"type":"Feature","geometry":{"type":"Point","coordinates":[30.536382,50.370116]},"properties":{"lines":"52","color":"#0059a9","mode":"bus","arr":["52"],"angle":-7.8,"extra":1,"ei":6}},{"type":"Feature","geometry":{"type":"Point","coordinates":[30.539244,50.370552]},"properties":{"lines":"52","color":"#0059a9","mode":"bus","arr":["52"],"angle":7.6,"extra":1,"ei":7}},{"type":"Feature","geometry":{"type":"Point","coordinates":[30.53425,50.397505]},"properties":{"lines":"52","color":"#0059a9","mode":"bus","arr":["52"],"angle":-46.5}},{"type":"Feature","geometry":{"type":"Point","coordinates":[30.532705,50.396756]},"properties":{"lines":"52","color":"#0059a9","mode":"bus","arr":["52"],"angle":-32.4,"extra":1,"ei":0}},{"type":"Feature","geometry":{"type":"Point","coordinates":[30.532568,50.399556]},"properties":{"lines":"52","color":"#0059a9","mode":"bus","arr":["52"],"angle":2.8,"mi":1}},{"type":"Feature","geometry":{"type":"Point","coordinates":[30.534399,50.399489]},"properties":{"lines":"52","color":"#0059a9","mode":"bus","arr":["52"],"angle":4,"extra":1,"ei":0}},{"type":"Feature","geometry":{"type":"Point","coordinates":[30.513383,50.483062]},"properties":{"lines":"53","color":"#0059a9","mode":"bus","arr":["53"],"angle":8.4,"mi":3}},{"type":"Feature","geometry":{"type":"Point","coordinates":[30.532933,50.477426]},"properties":{"lines":"53","color":"#0059a9","mode":"bus","arr":["53"],"angle":89.8}},{"type":"Feature","geometry":{"type":"Point","coordinates":[30.531652,50.482323]},"properties":{"lines":"53","color":"#0059a9","mode":"bus","arr":["53"],"angle":50.6,"extra":1,"ei":0}},{"type":"Feature","geometry":{"type":"Point","coordinates":[30.529023,50.482887]},"properties":{"lines":"53","color":"#0059a9","mode":"bus","arr":["53"],"angle":-9.4,"extra":1,"ei":1}},{"type":"Feature","geometry":{"type":"Point","coordinates":[30.526082,50.482691]},"properties":{"lines":"53","color":"#0059a9","mode":"bus","arr":["53"],"angle":0.6,"extra":1,"ei":2}},{"type":"Feature","geometry":{"type":"Point","coordinates":[30.523119,50.482716]},"properties":{"lines":"53","color":"#0059a9","mode":"bus","arr":["53"],"angle":0.9,"extra":1,"ei":3}},{"type":"Feature","geometry":{"type":"Point","coordinates":[30.520156,50.482749]},"properties":{"lines":"53","color":"#0059a9","mode":"bus","arr":["53"],"angle":0.6,"extra":1,"ei":4}},{"type":"Feature","geometry":{"type":"Point","coordinates":[30.517195,50.48282]},"properties":{"lines":"53","color":"#0059a9","mode":"bus","arr":["53"],"angle":4.1,"extra":1,"ei":5}},{"type":"Feature","geometry":{"type":"Point","coordinates":[30.511312,50.483268]},"properties":{"lines":"53","color":"#0059a9","mode":"bus","arr":["53"],"angle":8.9,"extra":1,"ei":6}},{"type":"Feature","geometry":{"type":"Point","coordinates":[30.508377,50.483524]},"properties":{"lines":"53","color":"#0059a9","mode":"bus","arr":["53"],"angle":5.9,"extra":1,"ei":7}},{"type":"Feature","geometry":{"type":"Point","coordinates":[30.505417,50.483596]},"properties":{"lines":"53","color":"#0059a9","mode":"bus","arr":["53"],"angle":-0.3,"extra":1,"ei":8}},{"type":"Feature","geometry":{"type":"Point","coordinates":[30.502457,50.483526]},"properties":{"lines":"53","color":"#0059a9","mode":"bus","arr":["53"],"angle":-6,"extra":1,"ei":9}},{"type":"Feature","geometry":{"type":"Point","coordinates":[30.499767,50.482828]},"properties":{"lines":"53","color":"#0059a9","mode":"bus","arr":["53"],"angle":-42,"extra":1,"ei":10}},{"type":"Feature","geometry":{"type":"Point","coordinates":[30.498281,50.481236]},"properties":{"lines":"53","color":"#0059a9","mode":"bus","arr":["53"],"angle":-79.2,"extra":1,"ei":11}},{"type":"Feature","geometry":{"type":"Point","coordinates":[30.498256,50.479351]},"properties":{"lines":"53","color":"#0059a9","mode":"bus","arr":["53"],"angle":-86.6,"extra":1,"ei":12}},{"type":"Feature","geometry":{"type":"Point","coordinates":[30.532866,50.480235]},"properties":{"lines":"53","color":"#0059a9","mode":"bus","arr":["53"],"angle":87.7,"extra":1,"ei":0}},{"type":"Feature","geometry":{"type":"Point","coordinates":[30.530707,50.475466]},"properties":{"lines":"53","color":"#0059a9","mode":"bus","arr":["53"],"angle":-21.4,"extra":1,"ei":1}},{"type":"Feature","geometry":{"type":"Point","coordinates":[30.532738,50.481382]},"properties":{"lines":"53","color":"#0059a9","mode":"bus","arr":["53"],"angle":67.9,"mi":1}},{"type":"Feature","geometry":{"type":"Point","coordinates":[30.497741,50.478548]},"properties":{"lines":"53","color":"#0059a9","mode":"bus","arr":["53"],"angle":77.3,"mi":2}},{"type":"Feature","geometry":{"type":"Point","coordinates":[30.500162,50.47622]},"properties":{"lines":"53","color":"#0059a9","mode":"bus","arr":["53"],"angle":44.1,"side":-1,"mi":1}},{"type":"Feature","geometry":{"type":"Point","coordinates":[30.501519,50.475394]},"properties":{"lines":"53","color":"#0059a9","mode":"bus","arr":["53"],"angle":37.9,"extra":1,"ei":0,"side":-1}},{"type":"Feature","geometry":{"type":"Point","coordinates":[30.509683,50.47524]},"properties":{"lines":"53","color":"#0059a9","mode":"bus","arr":["53"],"angle":0.9}},{"type":"Feature","geometry":{"type":"Point","coordinates":[30.503581,50.475044]},"properties":{"lines":"53","color":"#0059a9","mode":"bus","arr":["53"],"angle":4.2,"extra":1,"ei":0}},{"type":"Feature","geometry":{"type":"Point","coordinates":[30.50653,50.475164]},"properties":{"lines":"53","color":"#0059a9","mode":"bus","arr":["53"],"angle":-7.1,"extra":1,"ei":1}},{"type":"Feature","geometry":{"type":"Point","coordinates":[30.512451,50.475207]},"properties":{"lines":"53","color":"#0059a9","mode":"bus","arr":["53"],"angle":1,"extra":1,"ei":2}},{"type":"Feature","geometry":{"type":"Point","coordinates":[30.515213,50.474765]},"properties":{"lines":"53","color":"#0059a9","mode":"bus","arr":["53"],"angle":43.5,"extra":1,"ei":3}},{"type":"Feature","geometry":{"type":"Point","coordinates":[30.518401,50.472772]},"properties":{"lines":"53","color":"#0059a9","mode":"bus","arr":["53"],"angle":44.5,"mi":4}},{"type":"Feature","geometry":{"type":"Point","coordinates":[30.519715,50.47194]},"properties":{"lines":"53","color":"#0059a9","mode":"bus","arr":["53"],"angle":44.9,"extra":1,"ei":0}},{"type":"Feature","geometry":{"type":"Point","coordinates":[30.518344,50.470346]},"properties":{"lines":"53, 112","color":"#0059a9","mode":"bus","arr":["53","112"],"angle":-46.2,"mi":1}},{"type":"Feature","geometry":{"type":"Point","coordinates":[30.515339,50.468361]},"properties":{"lines":"53, 72, 112","color":"#0059a9","mode":"bus","arr":["53","72","112"],"angle":-46.1,"mi":1}},{"type":"Feature","geometry":{"type":"Point","coordinates":[30.513455,50.467127]},"properties":{"lines":"53, 112, 119","color":"#0059a9","mode":"bus","arr":["53","112","119"],"angle":-46.2}},{"type":"Feature","geometry":{"type":"Point","coordinates":[30.515097,50.4678]},"properties":{"lines":"53, 72, 112","color":"#0059a9","mode":"bus","arr":["53","72","112"],"angle":-46.2,"side":-1}},{"type":"Feature","geometry":{"type":"Point","coordinates":[30.516529,50.468743]},"properties":{"lines":"53, 72, 112","color":"#0059a9","mode":"bus","arr":["53","72","112"],"angle":-45.8,"extra":1,"ei":0,"side":-1}},{"type":"Feature","geometry":{"type":"Point","coordinates":[30.518673,50.470142]},"properties":{"lines":"53, 112","color":"#0059a9","mode":"bus","arr":["53","112"],"angle":-44.9}},{"type":"Feature","geometry":{"type":"Point","coordinates":[30.500217,50.476316]},"properties":{"lines":"53, 72","color":"#0059a9","mode":"bus","arr":["53","72"],"angle":44.2}},{"type":"Feature","geometry":{"type":"Point","coordinates":[30.498906,50.477135]},"properties":{"lines":"53, 72","color":"#0059a9","mode":"bus","arr":["53","72"],"angle":44.4,"extra":1,"ei":0}},{"type":"Feature","geometry":{"type":"Point","coordinates":[30.572345,50.386421]},"properties":{"lines":"54","color":"#0059a9","mode":"bus","arr":["54"],"angle":-73.3,"mi":4}},{"type":"Feature","geometry":{"type":"Point","coordinates":[30.571742,50.385152]},"properties":{"lines":"54","color":"#0059a9","mode":"bus","arr":["54"],"angle":-68.7,"extra":1,"ei":0}},{"type":"Feature","geometry":{"type":"Point","coordinates":[30.56956,50.384941]},"properties":{"lines":"54","color":"#0059a9","mode":"bus","arr":["54"],"angle":23.2,"mi":5}},{"type":"Feature","geometry":{"type":"Point","coordinates":[30.563944,50.391317]},"properties":{"lines":"54","color":"#0059a9","mode":"bus","arr":["54"],"angle":63.5}},{"type":"Feature","geometry":{"type":"Point","coordinates":[30.568105,50.38617]},"properties":{"lines":"54","color":"#0059a9","mode":"bus","arr":["54"],"angle":62.6,"extra":1,"ei":0}},{"type":"Feature","geometry":{"type":"Point","coordinates":[30.566743,50.387847]},"properties":{"lines":"54","color":"#0059a9","mode":"bus","arr":["54"],"angle":62.6,"extra":1,"ei":1}},{"type":"Feature","geometry":{"type":"Point","coordinates":[30.565381,50.389524]},"properties":{"lines":"54","color":"#0059a9","mode":"bus","arr":["54"],"angle":62.8,"extra":1,"ei":2}},{"type":"Feature","geometry":{"type":"Point","coordinates":[30.562708,50.392896]},"properties":{"lines":"54","color":"#0059a9","mode":"bus","arr":["54"],"angle":63.5,"extra":1,"ei":3}},{"type":"Feature","geometry":{"type":"Point","coordinates":[30.561399,50.39459]},"properties":{"lines":"54","color":"#0059a9","mode":"bus","arr":["54"],"angle":62.8,"extra":1,"ei":4}},{"type":"Feature","geometry":{"type":"Point","coordinates":[30.560045,50.396269]},"properties":{"lines":"54","color":"#0059a9","mode":"bus","arr":["54"],"angle":62.8,"extra":1,"ei":5}},{"type":"Feature","geometry":{"type":"Point","coordinates":[30.560498,50.399008]},"properties":{"lines":"54","color":"#0059a9","mode":"bus","arr":["54"],"angle":-30.9,"mi":1}},{"type":"Feature","geometry":{"type":"Point","coordinates":[30.56219,50.400752]},"properties":{"lines":"54","color":"#0059a9","mode":"bus","arr":["54"],"angle":-35.4,"mi":2}},{"type":"Feature","geometry":{"type":"Point","coordinates":[30.562829,50.401425]},"properties":{"lines":"54","color":"#0059a9","mode":"bus","arr":["54"],"angle":-52.3,"mi":3}},{"type":"Feature","geometry":{"type":"Point","coordinates":[30.52071,50.43881]},"properties":{"lines":"55, 69, 15, 40","color":"#0059a9","mode":"bus","arr":["55","69","Тб15","Тб40"],"tLines":"15, 40","ntLines":"55, 69","angle":53}},{"type":"Feature","geometry":{"type":"Point","coordinates":[30.544827,50.432225]},"properties":{"lines":"55, 38","color":"#0059a9","mode":"bus","arr":["55","Тб38"],"tLines":"38","ntLines":"55","angle":-61.2}},{"type":"Feature","geometry":{"type":"Point","coordinates":[30.543107,50.430918]},"properties":{"lines":"55, 38","color":"#0059a9","mode":"bus","arr":["55","Тб38"],"tLines":"38","ntLines":"55","angle":-48.8,"mi":1}},{"type":"Feature","geometry":{"type":"Point","coordinates":[30.541637,50.429867]},"properties":{"lines":"55, 38","color":"#0059a9","mode":"bus","arr":["55","Тб38"],"tLines":"38","ntLines":"55","angle":-48.2,"extra":1,"ei":0}},{"type":"Feature","geometry":{"type":"Point","coordinates":[30.550426,50.428029]},"properties":{"lines":"55","color":"#0059a9","mode":"bus","arr":["55"],"angle":63.6,"mi":1}},{"type":"Feature","geometry":{"type":"Point","coordinates":[30.55901,50.426006]},"properties":{"lines":"55","color":"#0059a9","mode":"bus","arr":["55"],"angle":17.9,"extra":1,"ei":0}},{"type":"Feature","geometry":{"type":"Point","coordinates":[30.556143,50.426471]},"properties":{"lines":"55","color":"#0059a9","mode":"bus","arr":["55"],"angle":9.6,"extra":1,"ei":1}},{"type":"Feature","geometry":{"type":"Point","coordinates":[30.55323,50.426818]},"properties":{"lines":"55","color":"#0059a9","mode":"bus","arr":["55"],"angle":11.3,"extra":1,"ei":2}},{"type":"Feature","geometry":{"type":"Point","coordinates":[30.549415,50.429361]},"properties":{"lines":"55","color":"#0059a9","mode":"bus","arr":["55"],"angle":62.5,"extra":1,"ei":3}},{"type":"Feature","geometry":{"type":"Point","coordinates":[30.546822,50.42951]},"properties":{"lines":"55","color":"#0059a9","mode":"bus","arr":["55"],"angle":-26,"extra":1,"ei":4}},{"type":"Feature","geometry":{"type":"Point","coordinates":[30.544059,50.42888]},"properties":{"lines":"55","color":"#0059a9","mode":"bus","arr":["55"],"angle":4.9,"extra":1,"ei":5}},{"type":"Feature","geometry":{"type":"Point","coordinates":[30.561744,50.424982]},"properties":{"lines":"55","color":"#0059a9","mode":"bus","arr":["55"],"angle":32.7}},{"type":"Feature","geometry":{"type":"Point","coordinates":[30.625861,50.441835]},"properties":{"lines":"55, 111, 115, 118д, 43, 50","color":"#0059a9","mode":"bus","arr":["55","111","115","118д","Тб43","Тб50"],"tLines":"43, 50","ntLines":"55, 111, 115, 118д","angle":4.2,"side":-1}},{"type":"Feature","geometry":{"type":"Point","coordinates":[30.626746,50.44212]},"properties":{"lines":"55, 111, 118д, 43, 50","color":"#0059a9","mode":"bus","arr":["55","111","118д","Тб43","Тб50"],"tLines":"43, 50","ntLines":"55, 111, 118д","angle":-71.4}},{"type":"Feature","geometry":{"type":"Point","coordinates":[30.625988,50.443512]},"properties":{"lines":"55, 111, 43","color":"#0059a9","mode":"bus","arr":["55","111","Тб43"],"tLines":"43","ntLines":"55, 111","angle":-86.5,"side":-1,"mi":1}},{"type":"Feature","geometry":{"type":"Point","coordinates":[30.628302,50.442648]},"properties":{"lines":"55, 111, 43","color":"#0059a9","mode":"bus","arr":["55","111","Тб43"],"tLines":"43","ntLines":"55, 111","angle":-70.2}},{"type":"Feature","geometry":{"type":"Point","coordinates":[30.525546,50.438883]},"properties":{"lines":"55, 62","color":"#0059a9","mode":"bus","arr":["55","62"],"angle":39.8}},{"type":"Feature","geometry":{"type":"Point","coordinates":[30.52297,50.439272]},"properties":{"lines":"55, 14, 15","color":"#0059a9","mode":"bus","arr":["55","Тб14","Тб15"],"tLines":"14, 15","ntLines":"55","angle":-36.3,"mi":1}},{"type":"Feature","geometry":{"type":"Point","coordinates":[30.356551,50.459435]},"properties":{"lines":"56, 57, 39","color":"#0059a9","mode":"bus","arr":["56","57","Тб39"],"tLines":"39","ntLines":"56, 57","angle":83.5,"mi":1}},{"type":"Feature","geometry":{"type":"Point","coordinates":[30.355581,50.463836]},"properties":{"lines":"56, 57, 39","color":"#0059a9","mode":"bus","arr":["56","57","Тб39"],"tLines":"39","ntLines":"56, 57","angle":85.6,"extra":1,"ei":0,"side":-1}},{"type":"Feature","geometry":{"type":"Point","coordinates":[30.355872,50.461957]},"properties":{"lines":"56, 57, 39","color":"#0059a9","mode":"bus","arr":["56","57","Тб39"],"tLines":"39","ntLines":"56, 57","angle":84.5,"extra":1,"ei":1,"side":-1}},{"type":"Feature","geometry":{"type":"Point","coordinates":[30.356477,50.4582]},"properties":{"lines":"56, 57, 39","color":"#0059a9","mode":"bus","arr":["56","57","Тб39"],"tLines":"39","ntLines":"56, 57","angle":84.9,"extra":1,"ei":2}},{"type":"Feature","geometry":{"type":"Point","coordinates":[30.357053,50.456332]},"properties":{"lines":"56, 57, 39","color":"#0059a9","mode":"bus","arr":["56","57","Тб39"],"tLines":"39","ntLines":"56, 57","angle":84.1,"extra":1,"ei":0}},{"type":"Feature","geometry":{"type":"Point","coordinates":[30.393785,50.406561]},"properties":{"lines":"56","color":"#0059a9","mode":"bus","arr":["56"],"angle":35.4}},{"type":"Feature","geometry":{"type":"Point","coordinates":[30.413004,50.399894]},"properties":{"lines":"56, 57","color":"#0059a9","mode":"bus","arr":["56","57"],"angle":27.8}},{"type":"Feature","geometry":{"type":"Point","coordinates":[30.376193,50.417374]},"properties":{"lines":"56, 57","color":"#0059a9","mode":"bus","arr":["56","57"],"angle":44.9}},{"type":"Feature","geometry":{"type":"Point","coordinates":[30.388919,50.409357]},"properties":{"lines":"56, 57","color":"#0059a9","mode":"bus","arr":["56","57"],"angle":43.8}},{"type":"Feature","geometry":{"type":"Point","coordinates":[30.367754,50.42328]},"properties":{"lines":"56, 57","color":"#0059a9","mode":"bus","arr":["56","57"],"angle":63.9,"side":-1,"mi":1}},{"type":"Feature","geometry":{"type":"Point","coordinates":[30.418099,50.397961]},"properties":{"lines":"56, 57","color":"#0059a9","mode":"bus","arr":["56","57"],"angle":29.4,"extra":1,"ei":0}},{"type":"Feature","geometry":{"type":"Point","coordinates":[30.420661,50.397013]},"properties":{"lines":"56, 57","color":"#0059a9","mode":"bus","arr":["56","57"],"angle":33.1,"extra":1,"ei":1,"side":-1}},{"type":"Feature","geometry":{"type":"Point","coordinates":[30.409223,50.401143]},"properties":{"lines":"56, 57","color":"#0059a9","mode":"bus","arr":["56","57"],"angle":27.2,"extra":1,"ei":0}},{"type":"Feature","geometry":{"type":"Point","coordinates":[30.406593,50.402014]},"properties":{"lines":"56, 57","color":"#0059a9","mode":"bus","arr":["56","57"],"angle":27.4,"extra":1,"ei":1}},{"type":"Feature","geometry":{"type":"Point","coordinates":[30.403967,50.402888]},"properties":{"lines":"56, 57","color":"#0059a9","mode":"bus","arr":["56","57"],"angle":27.1,"extra":1,"ei":2}},{"type":"Feature","geometry":{"type":"Point","coordinates":[30.391958,50.407465]},"properties":{"lines":"56, 57","color":"#0059a9","mode":"bus","arr":["56","57"],"angle":44.3,"extra":1,"ei":0}},{"type":"Feature","geometry":{"type":"Point","coordinates":[30.385618,50.411436]},"properties":{"lines":"56, 57","color":"#0059a9","mode":"bus","arr":["56","57"],"angle":45,"extra":1,"ei":1,"side":-1}},{"type":"Feature","geometry":{"type":"Point","coordinates":[30.381793,50.413867]},"properties":{"lines":"56, 57","color":"#0059a9","mode":"bus","arr":["56","57"],"angle":44.1,"extra":1,"ei":0}},{"type":"Feature","geometry":{"type":"Point","coordinates":[30.379684,50.415194]},"properties":{"lines":"56, 57","color":"#0059a9","mode":"bus","arr":["56","57"],"angle":45,"extra":1,"ei":1}},{"type":"Feature","geometry":{"type":"Point","coordinates":[30.377556,50.416508]},"properties":{"lines":"56, 57","color":"#0059a9","mode":"bus","arr":["56","57"],"angle":44.9,"extra":1,"ei":2}},{"type":"Feature","geometry":{"type":"Point","coordinates":[30.373331,50.419157]},"properties":{"lines":"56, 57","color":"#0059a9","mode":"bus","arr":["56","57"],"angle":43.5,"extra":1,"ei":3}},{"type":"Feature","geometry":{"type":"Point","coordinates":[30.371212,50.420477]},"properties":{"lines":"56, 57","color":"#0059a9","mode":"bus","arr":["56","57"],"angle":46,"extra":1,"ei":4}},{"type":"Feature","geometry":{"type":"Point","coordinates":[30.389768,50.40835]},"properties":{"lines":"56, 57","color":"#0059a9","mode":"bus","arr":["56","57"],"angle":45.7,"mi":1}},{"type":"Feature","geometry":{"type":"Point","coordinates":[30.368877,50.421939]},"properties":{"lines":"56, 57","color":"#0059a9","mode":"bus","arr":["56","57"],"angle":59.2,"extra":1,"ei":0,"side":-1}},{"type":"Feature","geometry":{"type":"Point","coordinates":[30.370615,50.420412]},"properties":{"lines":"56, 57","color":"#0059a9","mode":"bus","arr":["56","57"],"angle":47.7,"extra":1,"ei":1}},{"type":"Feature","geometry":{"type":"Point","coordinates":[30.372699,50.41907]},"properties":{"lines":"56, 57","color":"#0059a9","mode":"bus","arr":["56","57"],"angle":44.1,"extra":1,"ei":2}},{"type":"Feature","geometry":{"type":"Point","coordinates":[30.374849,50.41777]},"properties":{"lines":"56, 57","color":"#0059a9","mode":"bus","arr":["56","57"],"angle":44.1,"extra":1,"ei":3}},{"type":"Feature","geometry":{"type":"Point","coordinates":[30.376962,50.416446]},"properties":{"lines":"56, 57","color":"#0059a9","mode":"bus","arr":["56","57"],"angle":44.6,"extra":1,"ei":4}},{"type":"Feature","geometry":{"type":"Point","coordinates":[30.379059,50.415111]},"properties":{"lines":"56, 57","color":"#0059a9","mode":"bus","arr":["56","57"],"angle":45.6,"extra":1,"ei":5}},{"type":"Feature","geometry":{"type":"Point","coordinates":[30.381141,50.413768]},"properties":{"lines":"56, 57","color":"#0059a9","mode":"bus","arr":["56","57"],"angle":45,"extra":1,"ei":6}},{"type":"Feature","geometry":{"type":"Point","coordinates":[30.383284,50.412464]},"properties":{"lines":"56, 57","color":"#0059a9","mode":"bus","arr":["56","57"],"angle":45.8,"extra":1,"ei":7}},{"type":"Feature","geometry":{"type":"Point","coordinates":[30.385346,50.411108]},"properties":{"lines":"56, 57","color":"#0059a9","mode":"bus","arr":["56","57"],"angle":44.2,"extra":1,"ei":8}},{"type":"Feature","geometry":{"type":"Point","coordinates":[30.387472,50.409792]},"properties":{"lines":"56, 57","color":"#0059a9","mode":"bus","arr":["56","57"],"angle":44.2,"extra":1,"ei":9}},{"type":"Feature","geometry":{"type":"Point","coordinates":[30.391695,50.407143]},"properties":{"lines":"56, 57","color":"#0059a9","mode":"bus","arr":["56","57"],"angle":43.3,"extra":1,"ei":10}},{"type":"Feature","geometry":{"type":"Point","coordinates":[30.393989,50.405951]},"properties":{"lines":"56, 57","color":"#0059a9","mode":"bus","arr":["56","57"],"angle":34.5,"extra":1,"ei":11}},{"type":"Feature","geometry":{"type":"Point","coordinates":[30.396554,50.405009]},"properties":{"lines":"56, 57","color":"#0059a9","mode":"bus","arr":["56","57"],"angle":28,"extra":1,"ei":12}},{"type":"Feature","geometry":{"type":"Point","coordinates":[30.399176,50.404129]},"properties":{"lines":"56, 57","color":"#0059a9","mode":"bus","arr":["56","57"],"angle":28,"extra":1,"ei":13}},{"type":"Feature","geometry":{"type":"Point","coordinates":[30.401787,50.403235]},"properties":{"lines":"56, 57","color":"#0059a9","mode":"bus","arr":["56","57"],"angle":28.2,"extra":1,"ei":14}},{"type":"Feature","geometry":{"type":"Point","coordinates":[30.404397,50.40234]},"properties":{"lines":"56, 57","color":"#0059a9","mode":"bus","arr":["56","57"],"angle":28.6,"extra":1,"ei":15}},{"type":"Feature","geometry":{"type":"Point","coordinates":[30.407055,50.401508]},"properties":{"lines":"56, 57","color":"#0059a9","mode":"bus","arr":["56","57"],"angle":23.3,"extra":1,"ei":16}},{"type":"Feature","geometry":{"type":"Point","coordinates":[30.409766,50.400748]},"properties":{"lines":"56, 57","color":"#0059a9","mode":"bus","arr":["56","57"],"angle":26.2,"extra":1,"ei":17,"side":-1}},{"type":"Feature","geometry":{"type":"Point","coordinates":[30.412403,50.399886]},"properties":{"lines":"56, 57","color":"#0059a9","mode":"bus","arr":["56","57"],"angle":28.2,"extra":1,"ei":18,"side":-1}},{"type":"Feature","geometry":{"type":"Point","coordinates":[30.415031,50.399014]},"properties":{"lines":"56, 57","color":"#0059a9","mode":"bus","arr":["56","57"],"angle":27.5,"extra":1,"ei":19,"side":-1}},{"type":"Feature","geometry":{"type":"Point","coordinates":[30.438385,50.385263]},"properties":{"lines":"56, 57, 75, 78","color":"#0059a9","mode":"bus","arr":["56","57","75","78"],"angle":49.6,"mi":1}},{"type":"Feature","geometry":{"type":"Point","coordinates":[30.427397,50.393457]},"properties":{"lines":"56, 57, 75, 78","color":"#0059a9","mode":"bus","arr":["56","57","75","78"],"angle":50.8,"mi":3}},{"type":"Feature","geometry":{"type":"Point","coordinates":[30.443873,50.380653]},"properties":{"lines":"56, 57, 75, 78","color":"#0059a9","mode":"bus","arr":["56","57","75","78"],"angle":49.4,"mi":2}},{"type":"Feature","geometry":{"type":"Point","coordinates":[30.4425,50.382246]},"properties":{"lines":"56, 57, 75, 78","color":"#0059a9","mode":"bus","arr":["56","57","75","78"],"angle":49,"extra":1,"ei":0}},{"type":"Feature","geometry":{"type":"Point","coordinates":[30.44055,50.383667]},"properties":{"lines":"56, 57, 75, 78","color":"#0059a9","mode":"bus","arr":["56","57","75","78"],"angle":48.8,"extra":1,"ei":1}},{"type":"Feature","geometry":{"type":"Point","coordinates":[30.436677,50.386527]},"properties":{"lines":"56, 57, 75, 78","color":"#0059a9","mode":"bus","arr":["56","57","75","78"],"angle":49.3,"extra":1,"ei":2}},{"type":"Feature","geometry":{"type":"Point","coordinates":[30.434745,50.387959]},"properties":{"lines":"56, 57, 75, 78","color":"#0059a9","mode":"bus","arr":["56","57","75","78"],"angle":49.3,"extra":1,"ei":3}},{"type":"Feature","geometry":{"type":"Point","coordinates":[30.432813,50.389391]},"properties":{"lines":"56, 57, 75, 78","color":"#0059a9","mode":"bus","arr":["56","57","75","78"],"angle":49.4,"extra":1,"ei":4}},{"type":"Feature","geometry":{"type":"Point","coordinates":[30.430046,50.391372]},"properties":{"lines":"56, 57, 75, 78","color":"#0059a9","mode":"bus","arr":["56","57","75","78"],"angle":48.7,"extra":1,"ei":0}},{"type":"Feature","geometry":{"type":"Point","coordinates":[30.424151,50.3956]},"properties":{"lines":"56, 57, 75, 78","color":"#0059a9","mode":"bus","arr":["56","57","75","78"],"angle":40.8,"extra":1,"ei":1}},{"type":"Feature","geometry":{"type":"Point","coordinates":[30.42545,50.39467]},"properties":{"lines":"56, 75, 78","color":"#0059a9","mode":"bus","arr":["56","75","78"],"angle":45.9,"side":-1}},{"type":"Feature","geometry":{"type":"Point","coordinates":[30.435778,50.386598]},"properties":{"lines":"56, 57, 75, 78","color":"#0059a9","mode":"bus","arr":["56","57","75","78"],"angle":49.1}},{"type":"Feature","geometry":{"type":"Point","coordinates":[30.429739,50.39108]},"properties":{"lines":"56, 57, 75, 78","color":"#0059a9","mode":"bus","arr":["56","57","75","78"],"angle":49.7,"extra":1,"ei":0}},{"type":"Feature","geometry":{"type":"Point","coordinates":[30.431686,50.389656]},"properties":{"lines":"56, 57, 75, 78","color":"#0059a9","mode":"bus","arr":["56","57","75","78"],"angle":49.5,"extra":1,"ei":1}},{"type":"Feature","geometry":{"type":"Point","coordinates":[30.433589,50.388209]},"properties":{"lines":"56, 57, 75, 78","color":"#0059a9","mode":"bus","arr":["56","57","75","78"],"angle":49.7,"extra":1,"ei":2}},{"type":"Feature","geometry":{"type":"Point","coordinates":[30.437467,50.385353]},"properties":{"lines":"56, 57, 75, 78","color":"#0059a9","mode":"bus","arr":["56","57","75","78"],"angle":49.5,"extra":1,"ei":3}},{"type":"Feature","geometry":{"type":"Point","coordinates":[30.43942,50.383932]},"properties":{"lines":"56, 57, 75, 78","color":"#0059a9","mode":"bus","arr":["56","57","75","78"],"angle":48.7,"extra":1,"ei":4}},{"type":"Feature","geometry":{"type":"Point","coordinates":[30.441361,50.382505]},"properties":{"lines":"56, 57, 75, 78","color":"#0059a9","mode":"bus","arr":["56","57","75","78"],"angle":49.1,"extra":1,"ei":5}},{"type":"Feature","geometry":{"type":"Point","coordinates":[30.449911,50.376183]},"properties":{"lines":"56, 57, 75","color":"#0059a9","mode":"bus","arr":["56","57","75"],"angle":49.5}},{"type":"Feature","geometry":{"type":"Point","coordinates":[30.4485,50.377816]},"properties":{"lines":"56, 57, 75","color":"#0059a9","mode":"bus","arr":["56","57","75"],"angle":49.1,"mi":1}},{"type":"Feature","geometry":{"type":"Point","coordinates":[30.445856,50.379151]},"properties":{"lines":"56, 57, 75","color":"#0059a9","mode":"bus","arr":["56","57","75"],"angle":49.1,"extra":1,"ei":0}},{"type":"Feature","geometry":{"type":"Point","coordinates":[30.451678,50.374869]},"properties":{"lines":"56, 57, 75","color":"#0059a9","mode":"bus","arr":["56","57","75"],"angle":49,"extra":1,"ei":1}},{"type":"Feature","geometry":{"type":"Point","coordinates":[30.453661,50.373466]},"properties":{"lines":"56, 57, 75","color":"#0059a9","mode":"bus","arr":["56","57","75"],"angle":46.6,"extra":1,"ei":2}},{"type":"Feature","geometry":{"type":"Point","coordinates":[30.45647,50.371567]},"properties":{"lines":"56, 57, 75","color":"#0059a9","mode":"bus","arr":["56","57","75"],"angle":49.1,"side":-1,"mi":2}},{"type":"Feature","geometry":{"type":"Point","coordinates":[30.458465,50.369029]},"properties":{"lines":"56, 75","color":"#0059a9","mode":"bus","arr":["56","75"],"angle":1.1,"mi":1}},{"type":"Feature","geometry":{"type":"Point","coordinates":[30.458532,50.370096]},"properties":{"lines":"56, 75, 120, 43","color":"#0059a9","mode":"bus","arr":["56","75","120","Тб43"],"tLines":"43","ntLines":"56, 75, 120","angle":-44.2,"side":-1}},{"type":"Feature","geometry":{"type":"Point","coordinates":[30.460015,50.371049]},"properties":{"lines":"56, 75, 43","color":"#0059a9","mode":"bus","arr":["56","75","Тб43"],"tLines":"43","ntLines":"56, 75","angle":-45.9,"side":-1}},{"type":"Feature","geometry":{"type":"Point","coordinates":[30.457278,50.371696]},"properties":{"lines":"56, 75","color":"#0059a9","mode":"bus","arr":["56","75"],"angle":13.6}},{"type":"Feature","geometry":{"type":"Point","coordinates":[30.459671,50.371615]},"properties":{"lines":"56, 75","color":"#0059a9","mode":"bus","arr":["56","75"],"angle":-2.1,"extra":1,"ei":0}},{"type":"Feature","geometry":{"type":"Point","coordinates":[30.454732,50.373206]},"properties":{"lines":"56, 75","color":"#0059a9","mode":"bus","arr":["56","75"],"angle":40.6,"extra":1,"ei":1}},{"type":"Feature","geometry":{"type":"Point","coordinates":[30.398428,50.404858]},"properties":{"lines":"56","color":"#0059a9","mode":"bus","arr":["56"],"angle":27.9,"mi":1}},{"type":"Feature","geometry":{"type":"Point","coordinates":[30.4011,50.403952]},"properties":{"lines":"56","color":"#0059a9","mode":"bus","arr":["56"],"angle":28.2,"extra":1,"ei":0}},{"type":"Feature","geometry":{"type":"Point","coordinates":[30.395866,50.405725]},"properties":{"lines":"56","color":"#0059a9","mode":"bus","arr":["56"],"angle":28.4,"extra":1,"ei":1}},{"type":"Feature","geometry":{"type":"Point","coordinates":[30.397579,50.405023]},"properties":{"lines":"57","color":"#0059a9","mode":"bus","arr":["57"],"angle":28,"side":-1}},{"type":"Feature","geometry":{"type":"Point","coordinates":[30.401001,50.403862]},"properties":{"lines":"57","color":"#0059a9","mode":"bus","arr":["57"],"angle":28,"extra":1,"ei":0,"side":-1}},{"type":"Feature","geometry":{"type":"Point","coordinates":[30.39577,50.405638]},"properties":{"lines":"57","color":"#0059a9","mode":"bus","arr":["57"],"angle":28.7,"extra":1,"ei":1,"side":-1}},{"type":"Feature","geometry":{"type":"Point","coordinates":[30.393298,50.406674]},"properties":{"lines":"57","color":"#0059a9","mode":"bus","arr":["57"],"angle":38.7,"extra":1,"ei":2,"side":-1}},{"type":"Feature","geometry":{"type":"Point","coordinates":[30.383856,50.41257]},"properties":{"lines":"56, 57, 90","color":"#0059a9","mode":"bus","arr":["56","57","90"],"angle":45.3}},{"type":"Feature","geometry":{"type":"Point","coordinates":[30.357357,50.454304]},"properties":{"lines":"56, 57, 39","color":"#0059a9","mode":"bus","arr":["56","57","Тб39"],"tLines":"39","ntLines":"56, 57","angle":84.6}},{"type":"Feature","geometry":{"type":"Point","coordinates":[30.35577,50.464129]},"properties":{"lines":"56, 39","color":"#0059a9","mode":"bus","arr":["56","Тб39"],"tLines":"39","ntLines":"56","angle":86.2}},{"type":"Feature","geometry":{"type":"Point","coordinates":[30.367753,50.4973]},"properties":{"lines":"56","color":"#0059a9","mode":"bus","arr":["56"],"angle":-62.8}},{"type":"Feature","geometry":{"type":"Point","coordinates":[30.365719,50.498323]},"properties":{"lines":"56, 103","color":"#0059a9","mode":"bus","arr":["56","103"],"angle":9.1,"side":-1}},{"type":"Feature","geometry":{"type":"Point","coordinates":[30.495237,50.35115]},"properties":{"lines":"57","color":"#0059a9","mode":"bus","arr":["57"],"angle":46.2}},{"type":"Feature","geometry":{"type":"Point","coordinates":[30.50359,50.343421]},"properties":{"lines":"57","color":"#0059a9","mode":"bus","arr":["57"],"angle":41.5,"side":-1}},{"type":"Feature","geometry":{"type":"Point","coordinates":[30.540133,50.341526]},"properties":{"lines":"57","color":"#0059a9","mode":"bus","arr":["57"],"angle":27.3,"side":-1,"mi":4}},{"type":"Feature","geometry":{"type":"Point","coordinates":[30.552917,50.341795]},"properties":{"lines":"57","color":"#0059a9","mode":"bus","arr":["57"],"angle":39.2,"mi":2}},{"type":"Feature","geometry":{"type":"Point","coordinates":[30.42414,50.394192]},"properties":{"lines":"57","color":"#0059a9","mode":"bus","arr":["57"],"angle":35.9}},{"type":"Feature","geometry":{"type":"Point","coordinates":[30.42258,50.395106]},"properties":{"lines":"57","color":"#0059a9","mode":"bus","arr":["57"],"angle":-76.4,"extra":1,"ei":0}},{"type":"Feature","geometry":{"type":"Point","coordinates":[30.427275,50.39326]},"properties":{"lines":"57","color":"#0059a9","mode":"bus","arr":["57"],"angle":-23.4,"extra":1,"ei":1,"side":-1}},{"type":"Feature","geometry":{"type":"Point","coordinates":[30.47402,50.357438]},"properties":{"lines":"57, 11","color":"#0059a9","mode":"bus","arr":["57","Тб11"],"tLines":"11","ntLines":"57","angle":50.5,"side":-1}},{"type":"Feature","geometry":{"type":"Point","coordinates":[30.47559,50.356532]},"properties":{"lines":"57, 11","color":"#0059a9","mode":"bus","arr":["57","Тб11"],"tLines":"11","ntLines":"57","angle":34.7,"extra":1,"ei":0,"side":-1}},{"type":"Feature","geometry":{"type":"Point","coordinates":[30.517111,50.338902]},"properties":{"lines":"57","color":"#0059a9","mode":"bus","arr":["57"],"angle":-1}},{"type":"Feature","geometry":{"type":"Point","coordinates":[30.462355,50.367511]},"properties":{"lines":"57","color":"#0059a9","mode":"bus","arr":["57"],"angle":45.3}},{"type":"Feature","geometry":{"type":"Point","coordinates":[30.493726,50.352488]},"properties":{"lines":"57","color":"#0059a9","mode":"bus","arr":["57"],"angle":37.9,"extra":1,"ei":0,"side":-1}},{"type":"Feature","geometry":{"type":"Point","coordinates":[30.549831,50.341984]},"properties":{"lines":"57","color":"#0059a9","mode":"bus","arr":["57"],"angle":-8.4,"extra":1,"ei":0,"side":-1}},{"type":"Feature","geometry":{"type":"Point","coordinates":[30.546896,50.341723]},"properties":{"lines":"57","color":"#0059a9","mode":"bus","arr":["57"],"angle":-8.2,"extra":1,"ei":1,"side":-1}},{"type":"Feature","geometry":{"type":"Point","coordinates":[30.54396,50.341463]},"properties":{"lines":"57","color":"#0059a9","mode":"bus","arr":["57"],"angle":-6,"extra":1,"ei":2,"side":-1}},{"type":"Feature","geometry":{"type":"Point","coordinates":[30.541008,50.341533]},"properties":{"lines":"57","color":"#0059a9","mode":"bus","arr":["57"],"angle":6.5,"extra":1,"ei":3,"side":-1}},{"type":"Feature","geometry":{"type":"Point","coordinates":[30.538128,50.341958]},"properties":{"lines":"57","color":"#0059a9","mode":"bus","arr":["57"],"angle":11.4,"extra":1,"ei":4,"side":-1}},{"type":"Feature","geometry":{"type":"Point","coordinates":[30.535193,50.341968]},"properties":{"lines":"57","color":"#0059a9","mode":"bus","arr":["57"],"angle":-13.1,"extra":1,"ei":5,"side":-1}},{"type":"Feature","geometry":{"type":"Point","coordinates":[30.532256,50.341818]},"properties":{"lines":"57","color":"#0059a9","mode":"bus","arr":["57"],"angle":1.3,"extra":1,"ei":6}},{"type":"Feature","geometry":{"type":"Point","coordinates":[30.529293,50.341817]},"properties":{"lines":"57","color":"#0059a9","mode":"bus","arr":["57"],"angle":-1.3,"extra":1,"ei":7}},{"type":"Feature","geometry":{"type":"Point","coordinates":[30.526362,50.341592]},"properties":{"lines":"57","color":"#0059a9","mode":"bus","arr":["57"],"angle":-15.4,"extra":1,"ei":8,"side":-1}},{"type":"Feature","geometry":{"type":"Point","coordinates":[30.522863,50.340405]},"properties":{"lines":"57","color":"#0059a9","mode":"bus","arr":["57"],"angle":-36.4,"extra":1,"ei":0}},{"type":"Feature","geometry":{"type":"Point","coordinates":[30.520387,50.339377]},"properties":{"lines":"57","color":"#0059a9","mode":"bus","arr":["57"],"angle":-24.6,"extra":1,"ei":1}},{"type":"Feature","geometry":{"type":"Point","coordinates":[30.514605,50.339121]},"properties":{"lines":"57","color":"#0059a9","mode":"bus","arr":["57"],"angle":17.5,"extra":1,"ei":2}},{"type":"Feature","geometry":{"type":"Point","coordinates":[30.511963,50.339958]},"properties":{"lines":"57","color":"#0059a9","mode":"bus","arr":["57"],"angle":34.2,"extra":1,"ei":3}},{"type":"Feature","geometry":{"type":"Point","coordinates":[30.509525,50.341031]},"properties":{"lines":"57","color":"#0059a9","mode":"bus","arr":["57"],"angle":34.8,"extra":1,"ei":4}},{"type":"Feature","geometry":{"type":"Point","coordinates":[30.507092,50.34211]},"properties":{"lines":"57","color":"#0059a9","mode":"bus","arr":["57"],"angle":34.8,"extra":1,"ei":5}},{"type":"Feature","geometry":{"type":"Point","coordinates":[30.504674,50.343202]},"properties":{"lines":"57","color":"#0059a9","mode":"bus","arr":["57"],"angle":35.6,"extra":1,"ei":6}},{"type":"Feature","geometry":{"type":"Point","coordinates":[30.502405,50.34441]},"properties":{"lines":"57","color":"#0059a9","mode":"bus","arr":["57"],"angle":46.6,"extra":1,"ei":7,"side":-1}},{"type":"Feature","geometry":{"type":"Point","coordinates":[30.500628,50.345918]},"properties":{"lines":"57","color":"#0059a9","mode":"bus","arr":["57"],"angle":58.4,"extra":1,"ei":8}},{"type":"Feature","geometry":{"type":"Point","coordinates":[30.499159,50.347558]},"properties":{"lines":"57","color":"#0059a9","mode":"bus","arr":["57"],"angle":61,"extra":1,"ei":9}},{"type":"Feature","geometry":{"type":"Point","coordinates":[30.497728,50.349211]},"properties":{"lines":"57","color":"#0059a9","mode":"bus","arr":["57"],"angle":61.1,"extra":1,"ei":10}},{"type":"Feature","geometry":{"type":"Point","coordinates":[30.496272,50.350856]},"properties":{"lines":"57","color":"#0059a9","mode":"bus","arr":["57"],"angle":61.5,"extra":1,"ei":11}},{"type":"Feature","geometry":{"type":"Point","coordinates":[30.551998,50.338223]},"properties":{"lines":"57","color":"#0059a9","mode":"bus","arr":["57"],"angle":18.4,"mi":3}},{"type":"Feature","geometry":{"type":"Point","coordinates":[30.545932,50.339318]},"properties":{"lines":"57","color":"#0059a9","mode":"bus","arr":["57"],"angle":23}},{"type":"Feature","geometry":{"type":"Point","coordinates":[30.54797,50.343234]},"properties":{"lines":"57","color":"#0059a9","mode":"bus","arr":["57"],"angle":-38,"mi":1}},{"type":"Feature","geometry":{"type":"Point","coordinates":[30.544553,50.340902]},"properties":{"lines":"57","color":"#0059a9","mode":"bus","arr":["57"],"angle":-53.5,"extra":1,"ei":0}},{"type":"Feature","geometry":{"type":"Point","coordinates":[30.546404,50.342374]},"properties":{"lines":"57","color":"#0059a9","mode":"bus","arr":["57"],"angle":-45.8,"extra":1,"ei":1}},{"type":"Feature","geometry":{"type":"Point","coordinates":[30.551158,50.343481]},"properties":{"lines":"57","color":"#0059a9","mode":"bus","arr":["57"],"angle":62,"extra":1,"ei":2}},{"type":"Feature","geometry":{"type":"Point","coordinates":[30.460508,50.368814]},"properties":{"lines":"57","color":"#0059a9","mode":"bus","arr":["57"],"angle":48.7,"mi":1}},{"type":"Feature","geometry":{"type":"Point","coordinates":[30.457168,50.371251]},"properties":{"lines":"57, 120","color":"#0059a9","mode":"bus","arr":["57","120"],"angle":49.3}},{"type":"Feature","geometry":{"type":"Point","coordinates":[30.454849,50.373015]},"properties":{"lines":"57, 120","color":"#0059a9","mode":"bus","arr":["57","120"],"angle":53.4,"mi":1}},{"type":"Feature","geometry":{"type":"Point","coordinates":[30.503968,50.353353]},"properties":{"lines":"58","color":"#0059a9","mode":"bus","arr":["58"],"angle":4.8}},{"type":"Feature","geometry":{"type":"Point","coordinates":[30.478636,50.382615]},"properties":{"lines":"58","color":"#0059a9","mode":"bus","arr":["58"],"angle":40}},{"type":"Feature","geometry":{"type":"Point","coordinates":[30.497281,50.354002]},"properties":{"lines":"58","color":"#0059a9","mode":"bus","arr":["58"],"angle":8.2,"mi":1}},{"type":"Feature","geometry":{"type":"Point","coordinates":[30.502127,50.353561]},"properties":{"lines":"58","color":"#0059a9","mode":"bus","arr":["58"],"angle":8.3,"extra":1,"ei":0}},{"type":"Feature","geometry":{"type":"Point","coordinates":[30.499193,50.353829]},"properties":{"lines":"58","color":"#0059a9","mode":"bus","arr":["58"],"angle":8.2,"extra":1,"ei":1}},{"type":"Feature","geometry":{"type":"Point","coordinates":[30.493337,50.35441]},"properties":{"lines":"58","color":"#0059a9","mode":"bus","arr":["58"],"angle":9.5,"extra":1,"ei":2}},{"type":"Feature","geometry":{"type":"Point","coordinates":[30.467914,50.377142]},"properties":{"lines":"45","color":"#149a3f","mode":"bus","arr":["Тб45"],"angle":-51.5,"side":-1,"mi":1}},{"type":"Feature","geometry":{"type":"Point","coordinates":[30.478626,50.382061]},"properties":{"lines":"45","color":"#149a3f","mode":"bus","arr":["Тб45"],"angle":-39.9,"side":-1}},{"type":"Feature","geometry":{"type":"Point","coordinates":[30.478867,50.381752]},"properties":{"lines":"58, 11, 12, 43, 45","color":"#0059a9","mode":"bus","arr":["58","Тб11","Тб12","Тб43","Тб45"],"tLines":"11, 12, 43, 45","ntLines":"58","angle":-30}},{"type":"Feature","geometry":{"type":"Point","coordinates":[30.478005,50.381435]},"properties":{"lines":"58, 75, 11, 12, 43, 45","color":"#0059a9","mode":"bus","arr":["58","75","Тб11","Тб12","Тб43","Тб45"],"tLines":"11, 12, 43, 45","ntLines":"58, 75","angle":-29.5}},{"type":"Feature","geometry":{"type":"Point","coordinates":[30.476446,50.356424]},"properties":{"lines":"58, 11","color":"#0059a9","mode":"bus","arr":["58","Тб11"],"tLines":"11","ntLines":"58","angle":28.7}},{"type":"Feature","geometry":{"type":"Point","coordinates":[30.517257,50.464599]},"properties":{"lines":"62, 119","color":"#0059a9","mode":"bus","arr":["62","119"],"angle":-46.7}},{"type":"Feature","geometry":{"type":"Point","coordinates":[30.517196,50.463133]},"properties":{"lines":"62","color":"#0059a9","mode":"bus","arr":["62"],"angle":59.5,"mi":5}},{"type":"Feature","geometry":{"type":"Point","coordinates":[30.51903,50.461196]},"properties":{"lines":"62","color":"#0059a9","mode":"bus","arr":["62"],"angle":22,"mi":3}},{"type":"Feature","geometry":{"type":"Point","coordinates":[30.522174,50.461428]},"properties":{"lines":"62","color":"#0059a9","mode":"bus","arr":["62"],"angle":-45,"mi":1}},{"type":"Feature","geometry":{"type":"Point","coordinates":[30.523044,50.46023]},"properties":{"lines":"62","color":"#0059a9","mode":"bus","arr":["62"],"angle":45.7,"mi":4}},{"type":"Feature","geometry":{"type":"Point","coordinates":[30.525729,50.458474]},"properties":{"lines":"62, 110, 111, 114","color":"#0059a9","mode":"bus","arr":["62","110","111","114"],"angle":46.1,"mi":1}},{"type":"Feature","geometry":{"type":"Point","coordinates":[30.525421,50.458555]},"properties":{"lines":"62, 111, 114","color":"#0059a9","mode":"bus","arr":["62","111","114"],"angle":46.5,"side":-1}},{"type":"Feature","geometry":{"type":"Point","coordinates":[30.527622,50.455277]},"properties":{"lines":"62, 110, 111, 114","color":"#0059a9","mode":"bus","arr":["62","110","111","114"],"angle":-77.6}},{"type":"Feature","geometry":{"type":"Point","coordinates":[30.527772,50.456757]},"properties":{"lines":"62, 110, 111, 114","color":"#0059a9","mode":"bus","arr":["62","110","111","114"],"angle":62.4,"extra":1,"ei":0}},{"type":"Feature","geometry":{"type":"Point","coordinates":[30.527874,50.453088]},"properties":{"lines":"62, 110, 111, 114","color":"#0059a9","mode":"bus","arr":["62","110","111","114"],"angle":80.2,"extra":1,"ei":1}},{"type":"Feature","geometry":{"type":"Point","coordinates":[30.523054,50.449331]},"properties":{"lines":"62, 110, 114","color":"#0059a9","mode":"bus","arr":["62","110","114"],"angle":-55.9}},{"type":"Feature","geometry":{"type":"Point","coordinates":[30.52694,50.452208]},"properties":{"lines":"62, 110, 114","color":"#0059a9","mode":"bus","arr":["62","110","114"],"angle":-48.9,"extra":1,"ei":0}},{"type":"Feature","geometry":{"type":"Point","coordinates":[30.524998,50.450782]},"properties":{"lines":"62, 110, 114","color":"#0059a9","mode":"bus","arr":["62","110","114"],"angle":-49.1,"extra":1,"ei":1}},{"type":"Feature","geometry":{"type":"Point","coordinates":[30.521968,50.447609]},"properties":{"lines":"62, 110, 114","color":"#0059a9","mode":"bus","arr":["62","110","114"],"angle":-77.8,"extra":1,"ei":2}},{"type":"Feature","geometry":{"type":"Point","coordinates":[30.521361,50.44576]},"properties":{"lines":"62, 110, 114","color":"#0059a9","mode":"bus","arr":["62","110","114"],"angle":-78.2,"extra":1,"ei":3}},{"type":"Feature","geometry":{"type":"Point","coordinates":[30.520656,50.443662]},"properties":{"lines":"62, 109, 110, 114","color":"#0059a9","mode":"bus","arr":["62","109","110","114"],"angle":-78.1}},{"type":"Feature","geometry":{"type":"Point","coordinates":[30.520038,50.441432]},"properties":{"lines":"62","color":"#0059a9","mode":"bus","arr":["62"],"angle":-78.7,"side":-1}},{"type":"Feature","geometry":{"type":"Point","coordinates":[30.540238,50.428862]},"properties":{"lines":"62, 38","color":"#0059a9","mode":"bus","arr":["62","Тб38"],"tLines":"38","ntLines":"62","angle":-45.7}},{"type":"Feature","geometry":{"type":"Point","coordinates":[30.542822,50.424075]},"properties":{"lines":"62, 118д, 14, 15, 38","color":"#0059a9","mode":"bus","arr":["62","118д","Тб14","Тб15","Тб38"],"tLines":"14, 15, 38","ntLines":"62, 118д","angle":65.6,"mi":1}},{"type":"Feature","geometry":{"type":"Point","coordinates":[30.539358,50.427124]},"properties":{"lines":"62, 118д, 14, 15, 38","color":"#0059a9","mode":"bus","arr":["62","118д","Тб14","Тб15","Тб38"],"tLines":"14, 15, 38","ntLines":"62, 118д","angle":52.5,"extra":1,"ei":0,"side":-1}},{"type":"Feature","geometry":{"type":"Point","coordinates":[30.541175,50.425632]},"properties":{"lines":"62, 118д, 14, 15, 38","color":"#0059a9","mode":"bus","arr":["62","118д","Тб14","Тб15","Тб38"],"tLines":"14, 15, 38","ntLines":"62, 118д","angle":53.2,"extra":1,"ei":1,"side":-1}},{"type":"Feature","geometry":{"type":"Point","coordinates":[30.544097,50.422571]},"properties":{"lines":"62, 118д, 14, 15, 38","color":"#0059a9","mode":"bus","arr":["62","118д","Тб14","Тб15","Тб38"],"tLines":"14, 15, 38","ntLines":"62, 118д","angle":50.6,"extra":1,"ei":0,"side":-1}},{"type":"Feature","geometry":{"type":"Point","coordinates":[30.546007,50.421128]},"properties":{"lines":"62, 118д, 14, 15, 38","color":"#0059a9","mode":"bus","arr":["62","118д","Тб14","Тб15","Тб38"],"tLines":"14, 15, 38","ntLines":"62, 118д","angle":48.8,"extra":1,"ei":1,"side":-1}},{"type":"Feature","geometry":{"type":"Point","coordinates":[30.547836,50.419706]},"properties":{"lines":"62, 118д, 14, 15, 38","color":"#0059a9","mode":"bus","arr":["62","118д","Тб14","Тб15","Тб38"],"tLines":"14, 15, 38","ntLines":"62, 118д","angle":51.3,"side":-1}},{"type":"Feature","geometry":{"type":"Point","coordinates":[30.553416,50.417773]},"properties":{"lines":"62, 14","color":"#0059a9","mode":"bus","arr":["62","Тб14"],"tLines":"14","ntLines":"62","angle":37.1}},{"type":"Feature","geometry":{"type":"Point","coordinates":[30.550588,50.418672]},"properties":{"lines":"62, 14","color":"#0059a9","mode":"bus","arr":["62","Тб14"],"tLines":"14","ntLines":"62","angle":26.2,"extra":1,"ei":0}},{"type":"Feature","geometry":{"type":"Point","coordinates":[30.555264,50.416464]},"properties":{"lines":"62, 14","color":"#0059a9","mode":"bus","arr":["62","Тб14"],"tLines":"14","ntLines":"62","angle":48.4,"extra":1,"ei":1}},{"type":"Feature","geometry":{"type":"Point","coordinates":[30.548709,50.419088]},"properties":{"lines":"62, 14, 15, 38","color":"#0059a9","mode":"bus","arr":["62","Тб14","Тб15","Тб38"],"tLines":"14, 15, 38","ntLines":"62","angle":65.5}},{"type":"Feature","geometry":{"type":"Point","coordinates":[30.548977,50.419051]},"properties":{"lines":"62, 14","color":"#0059a9","mode":"bus","arr":["62","Тб14"],"tLines":"14","ntLines":"62","angle":-39.8,"side":-1,"mi":1}},{"type":"Feature","geometry":{"type":"Point","coordinates":[30.548906,50.419194]},"properties":{"lines":"62","color":"#0059a9","mode":"bus","arr":["62"],"angle":24.7}},{"type":"Feature","geometry":{"type":"Point","coordinates":[30.548374,50.41946]},"properties":{"lines":"62, 15, 38","color":"#0059a9","mode":"bus","arr":["62","Тб15","Тб38"],"tLines":"15, 38","ntLines":"62","angle":53.9,"mi":1}},{"type":"Feature","geometry":{"type":"Point","coordinates":[30.547979,50.419778]},"properties":{"lines":"62, 15, 38","color":"#0059a9","mode":"bus","arr":["62","Тб15","Тб38"],"tLines":"15, 38","ntLines":"62","angle":50.7}},{"type":"Feature","geometry":{"type":"Point","coordinates":[30.522637,50.462659]},"properties":{"lines":"62","color":"#0059a9","mode":"bus","arr":["62"],"angle":46.1}},{"type":"Feature","geometry":{"type":"Point","coordinates":[30.522913,50.463804]},"properties":{"lines":"62","color":"#0059a9","mode":"bus","arr":["62"],"angle":-44.2,"mi":2}},{"type":"Feature","geometry":{"type":"Point","coordinates":[30.52247,50.465364]},"properties":{"lines":"62","color":"#0059a9","mode":"bus","arr":["62"],"angle":43.7,"mi":6}},{"type":"Feature","geometry":{"type":"Point","coordinates":[30.519915,50.465593]},"properties":{"lines":"62, 115","color":"#0059a9","mode":"bus","arr":["62","115"],"angle":-37.1}},{"type":"Feature","geometry":{"type":"Point","coordinates":[30.630376,50.487989]},"properties":{"lines":"63, 81","color":"#0059a9","mode":"bus","arr":["63","81"],"angle":46,"side":-1}},{"type":"Feature","geometry":{"type":"Point","coordinates":[30.633701,50.483142]},"properties":{"lines":"63, 81","color":"#0059a9","mode":"bus","arr":["63","81"],"angle":-87,"mi":1}},{"type":"Feature","geometry":{"type":"Point","coordinates":[30.626664,50.46657]},"properties":{"lines":"63","color":"#0059a9","mode":"bus","arr":["63"],"angle":64.7,"mi":1}},{"type":"Feature","geometry":{"type":"Point","coordinates":[30.624266,50.468671]},"properties":{"lines":"63","color":"#0059a9","mode":"bus","arr":["63"],"angle":63.5,"side":-1}},{"type":"Feature","geometry":{"type":"Point","coordinates":[30.625238,50.467533]},"properties":{"lines":"63","color":"#0059a9","mode":"bus","arr":["63"],"angle":60,"extra":1,"ei":0,"side":-1}},{"type":"Feature","geometry":{"type":"Point","coordinates":[30.627905,50.464752]},"properties":{"lines":"63","color":"#0059a9","mode":"bus","arr":["63"],"angle":78.8,"extra":1,"ei":0}},{"type":"Feature","geometry":{"type":"Point","coordinates":[30.625772,50.443467]},"properties":{"lines":"63, 118д, 29, 50, 50к","color":"#0059a9","mode":"bus","arr":["63","118д","Тб29","Тб50","Тб50к"],"tLines":"29, 50, 50к","ntLines":"63, 118д","angle":-71.4}},{"type":"Feature","geometry":{"type":"Point","coordinates":[30.634498,50.482371]},"properties":{"lines":"79","color":"#0059a9","mode":"bus","arr":["79"],"angle":89.8}},{"type":"Feature","geometry":{"type":"Point","coordinates":[30.520726,50.436635]},"properties":{"lines":"69, 3, 14, 40","color":"#0059a9","mode":"bus","arr":["69","Тб3","Тб14","Тб40"],"tLines":"3, 14, 40","ntLines":"69","angle":-90}},{"type":"Feature","geometry":{"type":"Point","coordinates":[30.51958,50.435949]},"properties":{"lines":"69, 3, 14, 40","color":"#0059a9","mode":"bus","arr":["69","Тб3","Тб14","Тб40"],"tLines":"3, 14, 40","ntLines":"69","angle":-0.2,"mi":1}},{"type":"Feature","geometry":{"type":"Point","coordinates":[30.495812,50.439387]},"properties":{"lines":"69, 3","color":"#0059a9","mode":"bus","arr":["69","Тб3"],"tLines":"3","ntLines":"69","angle":-34.6,"side":-1,"mi":2}},{"type":"Feature","geometry":{"type":"Point","coordinates":[30.498517,50.44064]},"properties":{"lines":"69, 3","color":"#0059a9","mode":"bus","arr":["69","Тб3"],"tLines":"3","ntLines":"69","angle":-33.9,"extra":1,"ei":0}},{"type":"Feature","geometry":{"type":"Point","coordinates":[30.493747,50.438414]},"properties":{"lines":"69, 3","color":"#0059a9","mode":"bus","arr":["69","Тб3"],"tLines":"3","ntLines":"69","angle":-44.5,"extra":1,"ei":1,"side":-1}},{"type":"Feature","geometry":{"type":"Point","coordinates":[30.495503,50.439368]},"properties":{"lines":"69","color":"#0059a9","mode":"bus","arr":["69"],"angle":-34.8}},{"type":"Feature","geometry":{"type":"Point","coordinates":[30.472264,50.431537]},"properties":{"lines":"69, 3","color":"#0059a9","mode":"bus","arr":["69","Тб3"],"tLines":"3","ntLines":"69","angle":-58.3,"mi":3}},{"type":"Feature","geometry":{"type":"Point","coordinates":[30.470843,50.431624]},"properties":{"lines":"69, 40, 40к","color":"#0059a9","mode":"bus","arr":["69","Тб40","Тб40к"],"tLines":"40, 40к","ntLines":"69","angle":31.7}},{"type":"Feature","geometry":{"type":"Point","coordinates":[30.468164,50.430685]},"properties":{"lines":"69, 8, 17, 19, 35, 40, 40к","color":"#0059a9","mode":"bus","arr":["69","Тб8","Тб17","Тб19","Тб35","Тб40","Тб40к"],"tLines":"8, 17, 19, 35, 40, 40к","ntLines":"69","angle":-57.2}},{"type":"Feature","geometry":{"type":"Point","coordinates":[30.466525,50.429069]},"properties":{"lines":"69, 119, 8, 17, 19, 35, 40, 40к","color":"#0059a9","mode":"bus","arr":["69","119","Тб8","Тб17","Тб19","Тб35","Тб40","Тб40к"],"tLines":"8, 17, 19, 35, 40, 40к","ntLines":"69, 119","angle":-58.6}},{"type":"Feature","geometry":{"type":"Point","coordinates":[30.46326,50.427197]},"properties":{"lines":"69, 119, 8, 35, 40, 40к","color":"#0059a9","mode":"bus","arr":["69","119","Тб8","Тб35","Тб40","Тб40к"],"tLines":"8, 35, 40, 40к","ntLines":"69, 119","angle":-36.4}},{"type":"Feature","geometry":{"type":"Point","coordinates":[30.465351,50.42818]},"properties":{"lines":"69, 119, 8, 35, 40, 40к","color":"#0059a9","mode":"bus","arr":["69","119","Тб8","Тб35","Тб40","Тб40к"],"tLines":"8, 35, 40, 40к","ntLines":"69, 119","angle":-37.3,"extra":1,"ei":0}},{"type":"Feature","geometry":{"type":"Point","coordinates":[30.460572,50.425946]},"properties":{"lines":"69, 119, 8, 35, 40, 40к","color":"#0059a9","mode":"bus","arr":["69","119","Тб8","Тб35","Тб40","Тб40к"],"tLines":"8, 35, 40, 40к","ntLines":"69, 119","angle":-35.4,"extra":1,"ei":1}},{"type":"Feature","geometry":{"type":"Point","coordinates":[30.459457,50.426036]},"properties":{"lines":"69, 22к, 30","color":"#0059a9","mode":"bus","arr":["69","Тб22к","Тб30"],"tLines":"22к, 30","ntLines":"69","angle":56}},{"type":"Feature","geometry":{"type":"Point","coordinates":[30.458737,50.426957]},"properties":{"lines":"22к, 30","color":"#149a3f","mode":"bus","arr":["Тб22к","Тб30"],"angle":62.8}},{"type":"Feature","geometry":{"type":"Point","coordinates":[30.441104,50.443041]},"properties":{"lines":"69","color":"#0059a9","mode":"bus","arr":["69"],"angle":-8.5,"side":-1}},{"type":"Feature","geometry":{"type":"Point","coordinates":[30.391519,50.422266]},"properties":{"lines":"69","color":"#0059a9","mode":"bus","arr":["69"],"angle":-69.7}},{"type":"Feature","geometry":{"type":"Point","coordinates":[30.393636,50.425949]},"properties":{"lines":"69","color":"#0059a9","mode":"bus","arr":["69"],"angle":-70.5,"extra":1,"ei":0}},{"type":"Feature","geometry":{"type":"Point","coordinates":[30.392645,50.42417]},"properties":{"lines":"69","color":"#0059a9","mode":"bus","arr":["69"],"angle":-70.4,"extra":1,"ei":1}},{"type":"Feature","geometry":{"type":"Point","coordinates":[30.39058,50.420629]},"properties":{"lines":"69","color":"#0059a9","mode":"bus","arr":["69"],"angle":-70,"extra":1,"ei":2}},{"type":"Feature","geometry":{"type":"Point","coordinates":[30.389563,50.418855]},"properties":{"lines":"69","color":"#0059a9","mode":"bus","arr":["69"],"angle":-70.2,"extra":1,"ei":3}},{"type":"Feature","geometry":{"type":"Point","coordinates":[30.378711,50.416354]},"properties":{"lines":"69, 90","color":"#0059a9","mode":"bus","arr":["69","90"],"angle":45.1}},{"type":"Feature","geometry":{"type":"Point","coordinates":[30.38245,50.414229]},"properties":{"lines":"69, 90","color":"#0059a9","mode":"bus","arr":["69","90"],"angle":21.1,"extra":1,"ei":0}},{"type":"Feature","geometry":{"type":"Point","coordinates":[30.380188,50.415425]},"properties":{"lines":"69, 90","color":"#0059a9","mode":"bus","arr":["69","90"],"angle":44.5,"extra":1,"ei":1}},{"type":"Feature","geometry":{"type":"Point","coordinates":[30.37598,50.418085]},"properties":{"lines":"69, 90","color":"#0059a9","mode":"bus","arr":["69","90"],"angle":44.3,"extra":1,"ei":2}},{"type":"Feature","geometry":{"type":"Point","coordinates":[30.456652,50.422641]},"properties":{"lines":"8, 22к, 30, 35, 40, 40к","color":"#149a3f","mode":"bus","arr":["Тб8","Тб22к","Тб30","Тб35","Тб40","Тб40к"],"angle":-55.2}},{"type":"Feature","geometry":{"type":"Point","coordinates":[30.460028,50.425225]},"properties":{"lines":"69, 8, 22к, 30, 35, 40, 40к","color":"#0059a9","mode":"bus","arr":["69","Тб8","Тб22к","Тб30","Тб35","Тб40","Тб40к"],"tLines":"8, 22к, 30, 35, 40, 40к","ntLines":"69","angle":-68.9}},{"type":"Feature","geometry":{"type":"Point","coordinates":[30.465834,50.428268]},"properties":{"lines":"119, 8, 35, 40, 40к","color":"#0059a9","mode":"bus","arr":["119","Тб8","Тб35","Тб40","Тб40к"],"tLines":"8, 35, 40, 40к","ntLines":"119","angle":-43.3,"side":-1}},{"type":"Feature","geometry":{"type":"Point","coordinates":[30.461476,50.426233]},"properties":{"lines":"119, 8, 35, 40, 40к","color":"#0059a9","mode":"bus","arr":["119","Тб8","Тб35","Тб40","Тб40к"],"tLines":"8, 35, 40, 40к","ntLines":"119","angle":-36,"extra":1,"ei":0,"side":-1}},{"type":"Feature","geometry":{"type":"Point","coordinates":[30.463874,50.427343]},"properties":{"lines":"119, 8, 35, 40, 40к","color":"#0059a9","mode":"bus","arr":["119","Тб8","Тб35","Тб40","Тб40к"],"tLines":"8, 35, 40, 40к","ntLines":"119","angle":-35.8,"extra":1,"ei":1}},{"type":"Feature","geometry":{"type":"Point","coordinates":[30.467766,50.430111]},"properties":{"lines":"119, 8, 35, 40, 40к","color":"#0059a9","mode":"bus","arr":["119","Тб8","Тб35","Тб40","Тб40к"],"tLines":"8, 35, 40, 40к","ntLines":"119","angle":-57,"extra":1,"ei":2,"side":-1}},{"type":"Feature","geometry":{"type":"Point","coordinates":[30.469378,50.431696]},"properties":{"lines":"119, 8, 35, 40, 40к","color":"#0059a9","mode":"bus","arr":["119","Тб8","Тб35","Тб40","Тб40к"],"tLines":"8, 35, 40, 40к","ntLines":"119","angle":-57.2,"extra":1,"ei":3,"side":-1}},{"type":"Feature","geometry":{"type":"Point","coordinates":[30.514821,50.433968]},"properties":{"lines":"69, 3, 14","color":"#0059a9","mode":"bus","arr":["69","Тб3","Тб14"],"tLines":"3, 14","ntLines":"69","angle":1.8}},{"type":"Feature","geometry":{"type":"Point","coordinates":[30.517228,50.433939]},"properties":{"lines":"69, 3, 12, 14, 40, 40к","color":"#0059a9","mode":"bus","arr":["69","Тб3","Тб12","Тб14","Тб40","Тб40к"],"tLines":"3, 12, 14, 40, 40к","ntLines":"69","angle":0.1,"mi":2}},{"type":"Feature","geometry":{"type":"Point","coordinates":[30.518427,50.434954]},"properties":{"lines":"69, 3, 12, 14, 40, 40к","color":"#0059a9","mode":"bus","arr":["69","Тб3","Тб12","Тб14","Тб40","Тб40к"],"tLines":"3, 12, 14, 40, 40к","ntLines":"69","angle":89.6}},{"type":"Feature","geometry":{"type":"Point","coordinates":[30.518414,50.437776]},"properties":{"lines":"69, 3, 14, 40","color":"#0059a9","mode":"bus","arr":["69","Тб3","Тб14","Тб40"],"tLines":"3, 14, 40","ntLines":"69","angle":89.8,"mi":2}},{"type":"Feature","geometry":{"type":"Point","coordinates":[30.520718,50.437763]},"properties":{"lines":"69, 3, 14","color":"#0059a9","mode":"bus","arr":["69","Тб3","Тб14"],"tLines":"3, 14","ntLines":"69","angle":-87.9,"mi":1}},{"type":"Feature","geometry":{"type":"Point","coordinates":[30.573535,50.483819]},"properties":{"lines":"70Д","color":"#0059a9","mode":"bus","arr":["70Д"],"angle":-1.1,"mi":5}},{"type":"Feature","geometry":{"type":"Point","coordinates":[30.58036,50.494898]},"properties":{"lines":"70Д","color":"#0059a9","mode":"bus","arr":["70Д"],"angle":-1,"side":-1}},{"type":"Feature","geometry":{"type":"Point","coordinates":[30.598372,50.471928]},"properties":{"lines":"70Д","color":"#0059a9","mode":"bus","arr":["70Д"],"angle":-37.7,"mi":2}},{"type":"Feature","geometry":{"type":"Point","coordinates":[30.581149,50.495111]},"properties":{"lines":"70Д, 110, 112","color":"#0059a9","mode":"bus","arr":["70Д","110","112"],"angle":1,"mi":1}},{"type":"Feature","geometry":{"type":"Point","coordinates":[30.579119,50.495107]},"properties":{"lines":"70Д, 110, 112","color":"#0059a9","mode":"bus","arr":["70Д","110","112"],"angle":-4.3,"extra":1,"ei":0}},{"type":"Feature","geometry":{"type":"Point","coordinates":[30.584292,50.487377]},"properties":{"lines":"70Д, 110, 112","color":"#0059a9","mode":"bus","arr":["70Д","110","112"],"angle":80.6,"mi":2}},{"type":"Feature","geometry":{"type":"Point","coordinates":[30.584912,50.493903]},"properties":{"lines":"70Д, 110, 112","color":"#0059a9","mode":"bus","arr":["70Д","110","112"],"angle":71.2}},{"type":"Feature","geometry":{"type":"Point","coordinates":[30.585826,50.492619]},"properties":{"lines":"70Д, 110, 112","color":"#0059a9","mode":"bus","arr":["70Д","110","112"],"angle":68.7,"extra":1,"ei":0}},{"type":"Feature","geometry":{"type":"Point","coordinates":[30.585525,50.483487]},"properties":{"lines":"70Д, 110, 112","color":"#0059a9","mode":"bus","arr":["70Д","110","112"],"angle":79.4,"extra":1,"ei":0}},{"type":"Feature","geometry":{"type":"Point","coordinates":[30.584937,50.485338]},"properties":{"lines":"70Д, 110, 112","color":"#0059a9","mode":"bus","arr":["70Д","110","112"],"angle":78.2,"extra":1,"ei":1}},{"type":"Feature","geometry":{"type":"Point","coordinates":[30.584365,50.489061]},"properties":{"lines":"70Д, 110, 112","color":"#0059a9","mode":"bus","arr":["70Д","110","112"],"angle":-78.7,"extra":1,"ei":2}},{"type":"Feature","geometry":{"type":"Point","coordinates":[30.58504,50.4909]},"properties":{"lines":"70Д, 110, 112","color":"#0059a9","mode":"bus","arr":["70Д","110","112"],"angle":-76.7,"extra":1,"ei":3}},{"type":"Feature","geometry":{"type":"Point","coordinates":[30.585073,50.493045]},"properties":{"lines":"70Д, 110","color":"#0059a9","mode":"bus","arr":["70Д","110"],"angle":86.7,"side":-1}},{"type":"Feature","geometry":{"type":"Point","coordinates":[30.5895,50.478995]},"properties":{"lines":"70Д","color":"#0059a9","mode":"bus","arr":["70Д"],"angle":70.8,"mi":3}},{"type":"Feature","geometry":{"type":"Point","coordinates":[30.586914,50.481608]},"properties":{"lines":"70Д","color":"#0059a9","mode":"bus","arr":["70Д"],"angle":55.8,"extra":1,"ei":0}},{"type":"Feature","geometry":{"type":"Point","coordinates":[30.58859,50.480051]},"properties":{"lines":"70Д","color":"#0059a9","mode":"bus","arr":["70Д"],"angle":55.7,"extra":1,"ei":1}},{"type":"Feature","geometry":{"type":"Point","coordinates":[30.589573,50.476463]},"properties":{"lines":"70Д","color":"#0059a9","mode":"bus","arr":["70Д"],"angle":-84.7,"extra":1,"ei":2}},{"type":"Feature","geometry":{"type":"Point","coordinates":[30.59266,50.474204]},"properties":{"lines":"70Д","color":"#0059a9","mode":"bus","arr":["70Д"],"angle":20.5}},{"type":"Feature","geometry":{"type":"Point","coordinates":[30.59557,50.473414]},"properties":{"lines":"70Д","color":"#0059a9","mode":"bus","arr":["70Д"],"angle":42,"mi":1}},{"type":"Feature","geometry":{"type":"Point","coordinates":[30.599222,50.452306]},"properties":{"lines":"70Д","color":"#0059a9","mode":"bus","arr":["70Д"],"angle":-23.7,"side":-1}},{"type":"Feature","geometry":{"type":"Point","coordinates":[30.572082,50.482383]},"properties":{"lines":"70Д","color":"#0059a9","mode":"bus","arr":["70Д"],"angle":-30.8}},{"type":"Feature","geometry":{"type":"Point","coordinates":[30.569991,50.482597]},"properties":{"lines":"95","color":"#0059a9","mode":"bus","arr":["95"],"angle":58.4}},{"type":"Feature","geometry":{"type":"Point","coordinates":[30.571469,50.480938]},"properties":{"lines":"70Д, 95","color":"#0059a9","mode":"bus","arr":["70Д","95"],"angle":61.1,"side":-1}},{"type":"Feature","geometry":{"type":"Point","coordinates":[30.57233,50.481771]},"properties":{"lines":"70Д","color":"#0059a9","mode":"bus","arr":["70Д"],"angle":-29.5,"mi":1}},{"type":"Feature","geometry":{"type":"Point","coordinates":[30.572556,50.481158]},"properties":{"lines":"70Д","color":"#0059a9","mode":"bus","arr":["70Д"],"angle":-28.2,"mi":4}},{"type":"Feature","geometry":{"type":"Point","coordinates":[30.572726,50.480561]},"properties":{"lines":"70Д","color":"#0059a9","mode":"bus","arr":["70Д"],"angle":-28.7,"mi":6}},{"type":"Feature","geometry":{"type":"Point","coordinates":[30.508164,50.471401]},"properties":{"lines":"72","color":"#0059a9","mode":"bus","arr":["72"],"angle":44.5,"mi":7}},{"type":"Feature","geometry":{"type":"Point","coordinates":[30.497941,50.477446]},"properties":{"lines":"72","color":"#0059a9","mode":"bus","arr":["72"],"angle":8.8,"side":-1,"mi":3}},{"type":"Feature","geometry":{"type":"Point","coordinates":[30.513189,50.468305]},"properties":{"lines":"72","color":"#0059a9","mode":"bus","arr":["72"],"angle":44.8,"extra":1,"ei":0}},{"type":"Feature","geometry":{"type":"Point","coordinates":[30.511065,50.469622]},"properties":{"lines":"72","color":"#0059a9","mode":"bus","arr":["72"],"angle":43.5,"extra":1,"ei":1}},{"type":"Feature","geometry":{"type":"Point","coordinates":[30.506802,50.472245]},"properties":{"lines":"72","color":"#0059a9","mode":"bus","arr":["72"],"angle":43,"extra":1,"ei":2}},{"type":"Feature","geometry":{"type":"Point","coordinates":[30.504675,50.47356]},"properties":{"lines":"72","color":"#0059a9","mode":"bus","arr":["72"],"angle":45.1,"extra":1,"ei":3}},{"type":"Feature","geometry":{"type":"Point","coordinates":[30.502555,50.47488]},"properties":{"lines":"72","color":"#0059a9","mode":"bus","arr":["72"],"angle":45.2,"extra":1,"ei":4,"side":-1}},{"type":"Feature","geometry":{"type":"Point","coordinates":[30.496997,50.477305]},"properties":{"lines":"72","color":"#0059a9","mode":"bus","arr":["72"],"angle":-22.4,"mi":2}},{"type":"Feature","geometry":{"type":"Point","coordinates":[30.488628,50.481281]},"properties":{"lines":"72","color":"#0059a9","mode":"bus","arr":["72"],"angle":46.4,"side":-1}},{"type":"Feature","geometry":{"type":"Point","coordinates":[30.495071,50.477305]},"properties":{"lines":"72","color":"#0059a9","mode":"bus","arr":["72"],"angle":37.4,"extra":1,"ei":0}},{"type":"Feature","geometry":{"type":"Point","coordinates":[30.492939,50.478616]},"properties":{"lines":"72","color":"#0059a9","mode":"bus","arr":["72"],"angle":44,"extra":1,"ei":1}},{"type":"Feature","geometry":{"type":"Point","coordinates":[30.49081,50.47993]},"properties":{"lines":"72","color":"#0059a9","mode":"bus","arr":["72"],"angle":44.1,"extra":1,"ei":2,"side":-1}},{"type":"Feature","geometry":{"type":"Point","coordinates":[30.486855,50.48273]},"properties":{"lines":"72","color":"#0059a9","mode":"bus","arr":["72"],"angle":53.2,"extra":1,"ei":3,"side":-1}},{"type":"Feature","geometry":{"type":"Point","coordinates":[30.485082,50.484243]},"properties":{"lines":"72","color":"#0059a9","mode":"bus","arr":["72"],"angle":52.8,"extra":1,"ei":4,"side":-1}},{"type":"Feature","geometry":{"type":"Point","coordinates":[30.483277,50.485741]},"properties":{"lines":"72","color":"#0059a9","mode":"bus","arr":["72"],"angle":52.9,"extra":1,"ei":5,"side":-1}},{"type":"Feature","geometry":{"type":"Point","coordinates":[30.480186,50.487791]},"properties":{"lines":"72","color":"#0059a9","mode":"bus","arr":["72"],"angle":18.5,"mi":1}},{"type":"Feature","geometry":{"type":"Point","coordinates":[30.474636,50.488521]},"properties":{"lines":"72","color":"#0059a9","mode":"bus","arr":["72"],"angle":12.5,"side":-1,"mi":4}},{"type":"Feature","geometry":{"type":"Point","coordinates":[30.470018,50.491344]},"properties":{"lines":"72","color":"#0059a9","mode":"bus","arr":["72"],"angle":56.8,"mi":5}},{"type":"Feature","geometry":{"type":"Point","coordinates":[30.471976,50.489535]},"properties":{"lines":"72","color":"#0059a9","mode":"bus","arr":["72"],"angle":51.5,"extra":1,"ei":0}},{"type":"Feature","geometry":{"type":"Point","coordinates":[30.468621,50.492648]},"properties":{"lines":"72","color":"#0059a9","mode":"bus","arr":["72"],"angle":56.3,"extra":1,"ei":1}},{"type":"Feature","geometry":{"type":"Point","coordinates":[30.464932,50.493364]},"properties":{"lines":"72","color":"#0059a9","mode":"bus","arr":["72"],"angle":-18.1,"mi":8}},{"type":"Feature","geometry":{"type":"Point","coordinates":[30.46309,50.492985]},"properties":{"lines":"72","color":"#0059a9","mode":"bus","arr":["72"],"angle":-18.5,"extra":1,"ei":0}},{"type":"Feature","geometry":{"type":"Point","coordinates":[30.460112,50.494792]},"properties":{"lines":"72, 6, 18, 25, 28Д, 33","color":"#0059a9","mode":"bus","arr":["72","Тб6","Тб18","Тб25","Тб28Д","Тб33"],"tLines":"6, 18, 25, 28Д, 33","ntLines":"72","angle":46.6}},{"type":"Feature","geometry":{"type":"Point","coordinates":[30.461643,50.493616]},"properties":{"lines":"72, 6, 18, 25, 28Д, 33","color":"#0059a9","mode":"bus","arr":["72","Тб6","Тб18","Тб25","Тб28Д","Тб33"],"tLines":"6, 18, 25, 28Д, 33","ntLines":"72","angle":52.5,"extra":1,"ei":0,"side":-1}},{"type":"Feature","geometry":{"type":"Point","coordinates":[30.457438,50.496255]},"properties":{"lines":"72, 6, 18, 25, 28Д, 33","color":"#0059a9","mode":"bus","arr":["72","Тб6","Тб18","Тб25","Тб28Д","Тб33"],"tLines":"6, 18, 25, 28Д, 33","ntLines":"72","angle":38.1,"extra":1,"ei":1}},{"type":"Feature","geometry":{"type":"Point","coordinates":[30.456804,50.496585]},"properties":{"lines":"72, 6, 18, 25, 28Д, 33","color":"#0059a9","mode":"bus","arr":["72","Тб6","Тб18","Тб25","Тб28Д","Тб33"],"tLines":"6, 18, 25, 28Д, 33","ntLines":"72","angle":39.6,"mi":1}},{"type":"Feature","geometry":{"type":"Point","coordinates":[30.444816,50.513543]},"properties":{"lines":"72","color":"#0059a9","mode":"bus","arr":["72"],"angle":17.5,"mi":2}},{"type":"Feature","geometry":{"type":"Point","coordinates":[30.448761,50.512776]},"properties":{"lines":"72","color":"#0059a9","mode":"bus","arr":["72"],"angle":16.4,"extra":1,"ei":0}},{"type":"Feature","geometry":{"type":"Point","coordinates":[30.440576,50.514868]},"properties":{"lines":"72","color":"#0059a9","mode":"bus","arr":["72"],"angle":33,"extra":1,"ei":1}},{"type":"Feature","geometry":{"type":"Point","coordinates":[30.435887,50.511929]},"properties":{"lines":"72","color":"#0059a9","mode":"bus","arr":["72"],"angle":-51.8,"mi":1}},{"type":"Feature","geometry":{"type":"Point","coordinates":[30.438992,50.514401]},"properties":{"lines":"72","color":"#0059a9","mode":"bus","arr":["72"],"angle":-51.9,"extra":1,"ei":0}},{"type":"Feature","geometry":{"type":"Point","coordinates":[30.437179,50.512907]},"properties":{"lines":"72","color":"#0059a9","mode":"bus","arr":["72"],"angle":-52.3,"extra":1,"ei":1}},{"type":"Feature","geometry":{"type":"Point","coordinates":[30.433478,50.509968]},"properties":{"lines":"72","color":"#0059a9","mode":"bus","arr":["72"],"angle":-52,"extra":1,"ei":2}},{"type":"Feature","geometry":{"type":"Point","coordinates":[30.422618,50.514085]},"properties":{"lines":"72, 102А, 4, 24, 25, 26, 28Д, 35","color":"#0059a9","mode":"bus","arr":["72","102А","Тб4","Тб24","Тб25","Тб26","Тб28Д","Тб35"],"tLines":"4, 24, 25, 26, 28Д, 35","ntLines":"72, 102А","angle":47.8}},{"type":"Feature","geometry":{"type":"Point","coordinates":[30.420971,50.51522]},"properties":{"lines":"72, 102А, 4, 25, 28Д","color":"#0059a9","mode":"bus","arr":["72","102А","Тб4","Тб25","Тб28Д"],"tLines":"4, 25, 28Д","ntLines":"72, 102А","angle":35.7}},{"type":"Feature","geometry":{"type":"Point","coordinates":[30.420744,50.515552]},"properties":{"lines":"72, 102А, 25","color":"#0059a9","mode":"bus","arr":["72","102А","Тб25"],"tLines":"25","ntLines":"72, 102А","angle":69.6}},{"type":"Feature","geometry":{"type":"Point","coordinates":[30.411841,50.513027]},"properties":{"lines":"72, 102А","color":"#0059a9","mode":"bus","arr":["72","102А"],"angle":-43.6}},{"type":"Feature","geometry":{"type":"Point","coordinates":[30.40887,50.509131]},"properties":{"lines":"72, 102А","color":"#0059a9","mode":"bus","arr":["72","102А"],"angle":-74.1,"mi":1}},{"type":"Feature","geometry":{"type":"Point","coordinates":[30.409801,50.510563]},"properties":{"lines":"72, 102А","color":"#0059a9","mode":"bus","arr":["72","102А"],"angle":-75.1,"extra":1,"ei":0}},{"type":"Feature","geometry":{"type":"Point","coordinates":[30.4158,50.514278]},"properties":{"lines":"72, 102А","color":"#0059a9","mode":"bus","arr":["72","102А"],"angle":-20.8,"extra":1,"ei":1}},{"type":"Feature","geometry":{"type":"Point","coordinates":[30.418456,50.515098]},"properties":{"lines":"72, 102А","color":"#0059a9","mode":"bus","arr":["72","102А"],"angle":-35.6,"extra":1,"ei":2}},{"type":"Feature","geometry":{"type":"Point","coordinates":[30.492191,50.502215]},"properties":{"lines":"102А","color":"#0059a9","mode":"bus","arr":["102А"],"angle":-41.1}},{"type":"Feature","geometry":{"type":"Point","coordinates":[30.421447,50.514647]},"properties":{"lines":"102А, 26, 28Д","color":"#0059a9","mode":"bus","arr":["102А","Тб26","Тб28Д"],"tLines":"26, 28Д","ntLines":"102А","angle":47.7,"side":-1}},{"type":"Feature","geometry":{"type":"Point","coordinates":[30.423227,50.513413]},"properties":{"lines":"72, 102А, 4, 26, 28Д, 35","color":"#0059a9","mode":"bus","arr":["72","102А","Тб4","Тб26","Тб28Д","Тб35"],"tLines":"4, 26, 28Д, 35","ntLines":"72, 102А","angle":74,"side":-1}},{"type":"Feature","geometry":{"type":"Point","coordinates":[30.431544,50.512235]},"properties":{"lines":"72","color":"#0059a9","mode":"bus","arr":["72"],"angle":-47.5,"mi":3}},{"type":"Feature","geometry":{"type":"Point","coordinates":[30.439458,50.510982]},"properties":{"lines":"72","color":"#0059a9","mode":"bus","arr":["72"],"angle":42.7}},{"type":"Feature","geometry":{"type":"Point","coordinates":[30.434918,50.513195]},"properties":{"lines":"72","color":"#0059a9","mode":"bus","arr":["72"],"angle":37.6,"extra":1,"ei":0}},{"type":"Feature","geometry":{"type":"Point","coordinates":[30.43728,50.512056]},"properties":{"lines":"72","color":"#0059a9","mode":"bus","arr":["72"],"angle":38.8,"extra":1,"ei":1}},{"type":"Feature","geometry":{"type":"Point","coordinates":[30.441751,50.509743]},"properties":{"lines":"72","color":"#0059a9","mode":"bus","arr":["72"],"angle":25.3,"extra":1,"ei":2}},{"type":"Feature","geometry":{"type":"Point","coordinates":[30.444366,50.50891]},"properties":{"lines":"72","color":"#0059a9","mode":"bus","arr":["72"],"angle":49.8,"extra":1,"ei":3}},{"type":"Feature","geometry":{"type":"Point","coordinates":[30.44782,50.508288]},"properties":{"lines":"72","color":"#0059a9","mode":"bus","arr":["72"],"angle":-16.7,"mi":4}},{"type":"Feature","geometry":{"type":"Point","coordinates":[30.503865,50.47189]},"properties":{"lines":"72","color":"#0059a9","mode":"bus","arr":["72"],"angle":41.2,"mi":6}},{"type":"Feature","geometry":{"type":"Point","coordinates":[30.496217,50.476565]},"properties":{"lines":"72","color":"#0059a9","mode":"bus","arr":["72"],"angle":43.6,"extra":1,"ei":0}},{"type":"Feature","geometry":{"type":"Point","coordinates":[30.498358,50.47526]},"properties":{"lines":"72","color":"#0059a9","mode":"bus","arr":["72"],"angle":44,"extra":1,"ei":1}},{"type":"Feature","geometry":{"type":"Point","coordinates":[30.500491,50.473949]},"properties":{"lines":"72","color":"#0059a9","mode":"bus","arr":["72"],"angle":43.7,"extra":1,"ei":2}},{"type":"Feature","geometry":{"type":"Point","coordinates":[30.506899,50.470023]},"properties":{"lines":"72","color":"#0059a9","mode":"bus","arr":["72"],"angle":43.8,"extra":1,"ei":3}},{"type":"Feature","geometry":{"type":"Point","coordinates":[30.509034,50.468714]},"properties":{"lines":"72","color":"#0059a9","mode":"bus","arr":["72"],"angle":45.4,"extra":1,"ei":4}},{"type":"Feature","geometry":{"type":"Point","coordinates":[30.511135,50.467382]},"properties":{"lines":"72","color":"#0059a9","mode":"bus","arr":["72"],"angle":44.3,"extra":1,"ei":5}},{"type":"Feature","geometry":{"type":"Point","coordinates":[30.513177,50.466499]},"properties":{"lines":"72, 112","color":"#0059a9","mode":"bus","arr":["72","112"],"angle":-45.5,"side":-1}},{"type":"Feature","geometry":{"type":"Point","coordinates":[30.576496,50.495997]},"properties":{"lines":"73","color":"#0059a9","mode":"bus","arr":["73"],"angle":80.3,"side":-1}},{"type":"Feature","geometry":{"type":"Point","coordinates":[30.526525,50.489601]},"properties":{"lines":"73","color":"#0059a9","mode":"bus","arr":["73"],"angle":5.9,"side":-1}},{"type":"Feature","geometry":{"type":"Point","coordinates":[30.527163,50.489474]},"properties":{"lines":"73, 47","color":"#0059a9","mode":"bus","arr":["73","Тб47"],"tLines":"47","ntLines":"73","angle":24.1}},{"type":"Feature","geometry":{"type":"Point","coordinates":[30.525717,50.487277]},"properties":{"lines":"73, 47","color":"#0059a9","mode":"bus","arr":["73","Тб47"],"tLines":"47","ntLines":"73","angle":17,"mi":2}},{"type":"Feature","geometry":{"type":"Point","coordinates":[30.514065,50.501329]},"properties":{"lines":"73, 34, 47","color":"#0059a9","mode":"bus","arr":["73","Тб34","Тб47"],"tLines":"34, 47","ntLines":"73","angle":59.8}},{"type":"Feature","geometry":{"type":"Point","coordinates":[30.524111,50.49081]},"properties":{"lines":"73, 34, 47","color":"#0059a9","mode":"bus","arr":["73","Тб34","Тб47"],"tLines":"34, 47","ntLines":"73","angle":57.5}},{"type":"Feature","geometry":{"type":"Point","coordinates":[30.51778,50.497265]},"properties":{"lines":"73, 34, 47","color":"#0059a9","mode":"bus","arr":["73","Тб34","Тб47"],"tLines":"34, 47","ntLines":"73","angle":61.1,"extra":1,"ei":0}},{"type":"Feature","geometry":{"type":"Point","coordinates":[30.516293,50.498898]},"properties":{"lines":"73, 34, 47","color":"#0059a9","mode":"bus","arr":["73","Тб34","Тб47"],"tLines":"34, 47","ntLines":"73","angle":59.5,"extra":1,"ei":1}},{"type":"Feature","geometry":{"type":"Point","coordinates":[30.51182,50.503794]},"properties":{"lines":"73, 34, 47","color":"#0059a9","mode":"bus","arr":["73","Тб34","Тб47"],"tLines":"34, 47","ntLines":"73","angle":60,"extra":1,"ei":2}},{"type":"Feature","geometry":{"type":"Point","coordinates":[30.510324,50.505425]},"properties":{"lines":"73, 34, 47","color":"#0059a9","mode":"bus","arr":["73","Тб34","Тб47"],"tLines":"34, 47","ntLines":"73","angle":59.5,"extra":1,"ei":3}},{"type":"Feature","geometry":{"type":"Point","coordinates":[30.521157,50.493776]},"properties":{"lines":"73, 34, 44, 47","color":"#0059a9","mode":"bus","arr":["73","Тб34","Тб44","Тб47"],"tLines":"34, 44, 47","ntLines":"73","angle":57.8}},{"type":"Feature","geometry":{"type":"Point","coordinates":[30.522855,50.492008]},"properties":{"lines":"73, 34, 44, 47","color":"#0059a9","mode":"bus","arr":["73","Тб34","Тб44","Тб47"],"tLines":"34, 44, 47","ntLines":"73","angle":57.9,"extra":1,"ei":0}},{"type":"Feature","geometry":{"type":"Point","coordinates":[30.51973,50.495217]},"properties":{"lines":"73, 34, 44, 47","color":"#0059a9","mode":"bus","arr":["73","Тб34","Тб44","Тб47"],"tLines":"34, 44, 47","ntLines":"73","angle":57.8,"extra":1,"ei":1}},{"type":"Feature","geometry":{"type":"Point","coordinates":[30.506162,50.503714]},"properties":{"lines":"73","color":"#0059a9","mode":"bus","arr":["73"],"angle":-58.7}},{"type":"Feature","geometry":{"type":"Point","coordinates":[30.507824,50.505472]},"properties":{"lines":"73","color":"#0059a9","mode":"bus","arr":["73"],"angle":-57.9,"extra":1,"ei":0}},{"type":"Feature","geometry":{"type":"Point","coordinates":[30.504757,50.50224]},"properties":{"lines":"73","color":"#0059a9","mode":"bus","arr":["73"],"angle":-58.6,"extra":1,"ei":1}},{"type":"Feature","geometry":{"type":"Point","coordinates":[30.500377,50.501456]},"properties":{"lines":"73, 102А, 44","color":"#0059a9","mode":"bus","arr":["73","102А","Тб44"],"tLines":"44","ntLines":"73, 102А","angle":1}},{"type":"Feature","geometry":{"type":"Point","coordinates":[30.499,50.501725]},"properties":{"lines":"73, 44","color":"#0059a9","mode":"bus","arr":["73","Тб44"],"tLines":"44","ntLines":"73","angle":46.1}},{"type":"Feature","geometry":{"type":"Point","coordinates":[30.498803,50.52178]},"properties":{"lines":"73","color":"#0059a9","mode":"bus","arr":["73"],"angle":2.5}},{"type":"Feature","geometry":{"type":"Point","coordinates":[30.506181,50.503587]},"properties":{"lines":"73, 102А","color":"#0059a9","mode":"bus","arr":["73","102А"],"angle":-58.7,"side":-1}},{"type":"Feature","geometry":{"type":"Point","coordinates":[30.504563,50.501876]},"properties":{"lines":"73, 102А","color":"#0059a9","mode":"bus","arr":["73","102А"],"angle":-57.8,"extra":1,"ei":0,"side":-1}},{"type":"Feature","geometry":{"type":"Point","coordinates":[30.50762,50.505112]},"properties":{"lines":"73, 102А","color":"#0059a9","mode":"bus","arr":["73","102А"],"angle":-58.3,"extra":1,"ei":1,"side":-1}},{"type":"Feature","geometry":{"type":"Point","coordinates":[30.513912,50.501276]},"properties":{"lines":"73, 102А, 34, 47","color":"#0059a9","mode":"bus","arr":["73","102А","Тб34","Тб47"],"tLines":"34, 47","ntLines":"73, 102А","angle":59.8,"side":-1}},{"type":"Feature","geometry":{"type":"Point","coordinates":[30.510272,50.505279]},"properties":{"lines":"73, 102А, 34, 47","color":"#0059a9","mode":"bus","arr":["73","102А","Тб34","Тб47"],"tLines":"34, 47","ntLines":"73, 102А","angle":55.4,"extra":1,"ei":0,"side":-1}},{"type":"Feature","geometry":{"type":"Point","coordinates":[30.511766,50.503648]},"properties":{"lines":"73, 102А, 34, 47","color":"#0059a9","mode":"bus","arr":["73","102А","Тб34","Тб47"],"tLines":"34, 47","ntLines":"73, 102А","angle":59.8,"extra":1,"ei":1,"side":-1}},{"type":"Feature","geometry":{"type":"Point","coordinates":[30.516231,50.498749]},"properties":{"lines":"73, 102А, 34, 47","color":"#0059a9","mode":"bus","arr":["73","102А","Тб34","Тб47"],"tLines":"34, 47","ntLines":"73, 102А","angle":59.6,"extra":1,"ei":2,"side":-1}},{"type":"Feature","geometry":{"type":"Point","coordinates":[30.517714,50.497114]},"properties":{"lines":"73, 102А, 34, 47","color":"#0059a9","mode":"bus","arr":["73","102А","Тб34","Тб47"],"tLines":"34, 47","ntLines":"73, 102А","angle":66,"extra":1,"ei":3,"side":-1}},{"type":"Feature","geometry":{"type":"Point","coordinates":[30.511993,50.495978]},"properties":{"lines":"102А, 34, 44","color":"#0059a9","mode":"bus","arr":["102А","Тб34","Тб44"],"tLines":"34, 44","ntLines":"102А","angle":0.8}},{"type":"Feature","geometry":{"type":"Point","coordinates":[30.514373,50.495956]},"properties":{"lines":"102А, 34, 44","color":"#0059a9","mode":"bus","arr":["102А","Тб34","Тб44"],"tLines":"34, 44","ntLines":"102А","angle":0.9,"extra":1,"ei":0}},{"type":"Feature","geometry":{"type":"Point","coordinates":[30.50848,50.496144]},"properties":{"lines":"102А, 34, 44","color":"#0059a9","mode":"bus","arr":["102А","Тб34","Тб44"],"tLines":"34, 44","ntLines":"102А","angle":23.2,"extra":1,"ei":1}},{"type":"Feature","geometry":{"type":"Point","coordinates":[30.516507,50.495937]},"properties":{"lines":"34, 44","color":"#149a3f","mode":"bus","arr":["Тб34","Тб44"],"angle":-3.8}},{"type":"Feature","geometry":{"type":"Point","coordinates":[30.512933,50.495878]},"properties":{"lines":"44","color":"#149a3f","mode":"bus","arr":["Тб44"],"angle":0.9,"side":-1,"mi":4}},{"type":"Feature","geometry":{"type":"Point","coordinates":[30.516326,50.495845]},"properties":{"lines":"44","color":"#149a3f","mode":"bus","arr":["Тб44"],"angle":0.1,"extra":1,"ei":0,"side":-1}},{"type":"Feature","geometry":{"type":"Point","coordinates":[30.5104,50.495906]},"properties":{"lines":"44","color":"#149a3f","mode":"bus","arr":["Тб44"],"angle":1,"extra":1,"ei":1,"side":-1}},{"type":"Feature","geometry":{"type":"Point","coordinates":[30.52149,50.493197]},"properties":{"lines":"73, 44, 47","color":"#0059a9","mode":"bus","arr":["73","Тб44","Тб47"],"tLines":"44, 47","ntLines":"73","angle":57.6,"side":-1}},{"type":"Feature","geometry":{"type":"Point","coordinates":[30.519402,50.495338]},"properties":{"lines":"73, 44, 47","color":"#0059a9","mode":"bus","arr":["73","Тб44","Тб47"],"tLines":"44, 47","ntLines":"73","angle":56.2,"extra":1,"ei":0,"side":-1}},{"type":"Feature","geometry":{"type":"Point","coordinates":[30.522541,50.492134]},"properties":{"lines":"73, 44, 47","color":"#0059a9","mode":"bus","arr":["73","Тб44","Тб47"],"tLines":"44, 47","ntLines":"73","angle":58.2,"extra":1,"ei":1,"side":-1}},{"type":"Feature","geometry":{"type":"Point","coordinates":[30.524055,50.490511]},"properties":{"lines":"73, 44, 47","color":"#0059a9","mode":"bus","arr":["73","Тб44","Тб47"],"tLines":"44, 47","ntLines":"73","angle":58.8,"extra":1,"ei":2,"side":-1}},{"type":"Feature","geometry":{"type":"Point","coordinates":[30.524859,50.489673]},"properties":{"lines":"73, 47","color":"#0059a9","mode":"bus","arr":["73","Тб47"],"tLines":"47","ntLines":"73","angle":58.5,"side":-1,"mi":1}},{"type":"Feature","geometry":{"type":"Point","coordinates":[30.525961,50.48854]},"properties":{"lines":"73, 114, 47","color":"#0059a9","mode":"bus","arr":["73","114","Тб47"],"tLines":"47","ntLines":"73, 114","angle":57.9}},{"type":"Feature","geometry":{"type":"Point","coordinates":[30.604261,50.523729]},"properties":{"lines":"31Д, 37","color":"#149a3f","mode":"bus","arr":["Тб31Д","Тб37"],"angle":4.7}},{"type":"Feature","geometry":{"type":"Point","coordinates":[30.606417,50.523642]},"properties":{"lines":"31Д, 37","color":"#149a3f","mode":"bus","arr":["Тб31Д","Тб37"],"angle":2.9,"extra":1,"ei":0}},{"type":"Feature","geometry":{"type":"Point","coordinates":[30.619614,50.345281]},"properties":{"lines":"74","color":"#0059a9","mode":"bus","arr":["74"],"angle":54.2}},{"type":"Feature","geometry":{"type":"Point","coordinates":[30.621458,50.343555]},"properties":{"lines":"74","color":"#0059a9","mode":"bus","arr":["74"],"angle":67.6,"extra":1,"ei":0}},{"type":"Feature","geometry":{"type":"Point","coordinates":[30.618092,50.346654]},"properties":{"lines":"74","color":"#0059a9","mode":"bus","arr":["74"],"angle":65.3,"extra":1,"ei":1}},{"type":"Feature","geometry":{"type":"Point","coordinates":[30.606364,50.364447]},"properties":{"lines":"74","color":"#0059a9","mode":"bus","arr":["74"],"angle":-75.8}},{"type":"Feature","geometry":{"type":"Point","coordinates":[30.616842,50.348804]},"properties":{"lines":"74","color":"#0059a9","mode":"bus","arr":["74"],"angle":68.7,"extra":1,"ei":0}},{"type":"Feature","geometry":{"type":"Point","coordinates":[30.615488,50.35046]},"properties":{"lines":"74","color":"#0059a9","mode":"bus","arr":["74"],"angle":47.7,"extra":1,"ei":1}},{"type":"Feature","geometry":{"type":"Point","coordinates":[30.613455,50.351834]},"properties":{"lines":"74","color":"#0059a9","mode":"bus","arr":["74"],"angle":47,"extra":1,"ei":2}},{"type":"Feature","geometry":{"type":"Point","coordinates":[30.611427,50.353211]},"properties":{"lines":"74","color":"#0059a9","mode":"bus","arr":["74"],"angle":46.8,"extra":1,"ei":3}},{"type":"Feature","geometry":{"type":"Point","coordinates":[30.609375,50.354573]},"properties":{"lines":"74","color":"#0059a9","mode":"bus","arr":["74"],"angle":47.5,"extra":1,"ei":4}},{"type":"Feature","geometry":{"type":"Point","coordinates":[30.607723,50.356078]},"properties":{"lines":"74","color":"#0059a9","mode":"bus","arr":["74"],"angle":89.7,"extra":1,"ei":5}},{"type":"Feature","geometry":{"type":"Point","coordinates":[30.608068,50.357953]},"properties":{"lines":"74","color":"#0059a9","mode":"bus","arr":["74"],"angle":-83,"extra":1,"ei":6}},{"type":"Feature","geometry":{"type":"Point","coordinates":[30.60843,50.359828]},"properties":{"lines":"74","color":"#0059a9","mode":"bus","arr":["74"],"angle":-83.4,"extra":1,"ei":7}},{"type":"Feature","geometry":{"type":"Point","coordinates":[30.607372,50.361491]},"properties":{"lines":"74","color":"#0059a9","mode":"bus","arr":["74"],"angle":53,"extra":1,"ei":8}},{"type":"Feature","geometry":{"type":"Point","coordinates":[30.605842,50.363079]},"properties":{"lines":"74","color":"#0059a9","mode":"bus","arr":["74"],"angle":-89.9,"extra":1,"ei":9}},{"type":"Feature","geometry":{"type":"Point","coordinates":[30.607602,50.366676]},"properties":{"lines":"74","color":"#0059a9","mode":"bus","arr":["74"],"angle":-69.7,"extra":1,"ei":10}},{"type":"Feature","geometry":{"type":"Point","coordinates":[30.608773,50.368406]},"properties":{"lines":"74","color":"#0059a9","mode":"bus","arr":["74"],"angle":-60.9,"extra":1,"ei":11}},{"type":"Feature","geometry":{"type":"Point","coordinates":[30.609354,50.370034]},"properties":{"lines":"74","color":"#0059a9","mode":"bus","arr":["74"],"angle":40.6,"extra":1,"ei":12}},{"type":"Feature","geometry":{"type":"Point","coordinates":[30.607654,50.371455]},"properties":{"lines":"74","color":"#0059a9","mode":"bus","arr":["74"],"angle":80.9,"extra":1,"ei":13}},{"type":"Feature","geometry":{"type":"Point","coordinates":[30.607179,50.373319]},"properties":{"lines":"74","color":"#0059a9","mode":"bus","arr":["74"],"angle":81.1,"extra":1,"ei":14}},{"type":"Feature","geometry":{"type":"Point","coordinates":[30.606724,50.375185]},"properties":{"lines":"74","color":"#0059a9","mode":"bus","arr":["74"],"angle":80.6,"extra":1,"ei":15}},{"type":"Feature","geometry":{"type":"Point","coordinates":[30.606263,50.37705]},"properties":{"lines":"74","color":"#0059a9","mode":"bus","arr":["74"],"angle":80.2,"extra":1,"ei":16}},{"type":"Feature","geometry":{"type":"Point","coordinates":[30.605765,50.378912]},"properties":{"lines":"74","color":"#0059a9","mode":"bus","arr":["74"],"angle":80.6,"extra":1,"ei":17}},{"type":"Feature","geometry":{"type":"Point","coordinates":[30.60529,50.380776]},"properties":{"lines":"74","color":"#0059a9","mode":"bus","arr":["74"],"angle":80.2,"extra":1,"ei":18}},{"type":"Feature","geometry":{"type":"Point","coordinates":[30.450152,50.392436]},"properties":{"lines":"75, 78","color":"#0059a9","mode":"bus","arr":["75","78"],"angle":-6.9,"mi":10}},{"type":"Feature","geometry":{"type":"Point","coordinates":[30.454535,50.392393]},"properties":{"lines":"75, 78","color":"#0059a9","mode":"bus","arr":["75","78"],"angle":7.6,"extra":1,"ei":0}},{"type":"Feature","geometry":{"type":"Point","coordinates":[30.445668,50.392294]},"properties":{"lines":"75, 78","color":"#0059a9","mode":"bus","arr":["75","78"],"angle":-7.7,"extra":1,"ei":1}},{"type":"Feature","geometry":{"type":"Point","coordinates":[30.46086,50.391393]},"properties":{"lines":"78","color":"#0059a9","mode":"bus","arr":["78"],"angle":4.5,"mi":1}},{"type":"Feature","geometry":{"type":"Point","coordinates":[30.457423,50.391982]},"properties":{"lines":"78","color":"#0059a9","mode":"bus","arr":["78"],"angle":16.2,"extra":1,"ei":0}},{"type":"Feature","geometry":{"type":"Point","coordinates":[30.463215,50.391322]},"properties":{"lines":"78","color":"#0059a9","mode":"bus","arr":["78"],"angle":2.7,"extra":1,"ei":1}},{"type":"Feature","geometry":{"type":"Point","coordinates":[30.442686,50.393234]},"properties":{"lines":"75, 78","color":"#0059a9","mode":"bus","arr":["75","78"],"angle":32.6,"mi":9}},{"type":"Feature","geometry":{"type":"Point","coordinates":[30.438849,50.393498]},"properties":{"lines":"75, 78","color":"#0059a9","mode":"bus","arr":["75","78"],"angle":-37.7,"mi":5}},{"type":"Feature","geometry":{"type":"Point","coordinates":[30.436076,50.393581]},"properties":{"lines":"75, 78","color":"#0059a9","mode":"bus","arr":["75","78"],"angle":38.5,"mi":2}},{"type":"Feature","geometry":{"type":"Point","coordinates":[30.421335,50.398331]},"properties":{"lines":"75, 78","color":"#0059a9","mode":"bus","arr":["75","78"],"angle":14,"mi":4}},{"type":"Feature","geometry":{"type":"Point","coordinates":[30.433016,50.392282]},"properties":{"lines":"75, 78","color":"#0059a9","mode":"bus","arr":["75","78"],"angle":-67.6,"mi":1}},{"type":"Feature","geometry":{"type":"Point","coordinates":[30.433737,50.393418]},"properties":{"lines":"75, 78","color":"#0059a9","mode":"bus","arr":["75","78"],"angle":-65.1,"extra":1,"ei":0}},{"type":"Feature","geometry":{"type":"Point","coordinates":[30.422898,50.397054]},"properties":{"lines":"75, 78","color":"#0059a9","mode":"bus","arr":["75","78"],"angle":87.9}},{"type":"Feature","geometry":{"type":"Point","coordinates":[30.414363,50.395826]},"properties":{"lines":"75, 78","color":"#0059a9","mode":"bus","arr":["75","78"],"angle":51.2,"mi":8}},{"type":"Feature","geometry":{"type":"Point","coordinates":[30.420015,50.396005]},"properties":{"lines":"75, 78","color":"#0059a9","mode":"bus","arr":["75","78"],"angle":4.9,"mi":3}},{"type":"Feature","geometry":{"type":"Point","coordinates":[30.419677,50.398409]},"properties":{"lines":"75","color":"#0059a9","mode":"bus","arr":["75"],"angle":-7.1,"side":-1}},{"type":"Feature","geometry":{"type":"Point","coordinates":[30.428737,50.406284]},"properties":{"lines":"78","color":"#0059a9","mode":"bus","arr":["78"],"angle":-62.7}},{"type":"Feature","geometry":{"type":"Point","coordinates":[30.451252,50.417767]},"properties":{"lines":"78","color":"#0059a9","mode":"bus","arr":["78"],"angle":-51.8,"mi":2}},{"type":"Feature","geometry":{"type":"Point","coordinates":[30.439638,50.413658]},"properties":{"lines":"78","color":"#0059a9","mode":"bus","arr":["78"],"angle":-53.4,"mi":3}},{"type":"Feature","geometry":{"type":"Point","coordinates":[30.44676,50.414762]},"properties":{"lines":"78","color":"#0059a9","mode":"bus","arr":["78"],"angle":-24.6}},{"type":"Feature","geometry":{"type":"Point","coordinates":[30.420278,50.398918]},"properties":{"lines":"78","color":"#0059a9","mode":"bus","arr":["78"],"angle":-39.4,"extra":1,"ei":0}},{"type":"Feature","geometry":{"type":"Point","coordinates":[30.422459,50.400196]},"properties":{"lines":"78","color":"#0059a9","mode":"bus","arr":["78"],"angle":-42.8,"extra":1,"ei":1}},{"type":"Feature","geometry":{"type":"Point","coordinates":[30.424481,50.401574]},"properties":{"lines":"78","color":"#0059a9","mode":"bus","arr":["78"],"angle":-51.3,"extra":1,"ei":2}},{"type":"Feature","geometry":{"type":"Point","coordinates":[30.426206,50.403108]},"properties":{"lines":"78","color":"#0059a9","mode":"bus","arr":["78"],"angle":-57.2,"extra":1,"ei":3}},{"type":"Feature","geometry":{"type":"Point","coordinates":[30.427649,50.404754]},"properties":{"lines":"78","color":"#0059a9","mode":"bus","arr":["78"],"angle":-64.5,"extra":1,"ei":4}},{"type":"Feature","geometry":{"type":"Point","coordinates":[30.430124,50.40817]},"properties":{"lines":"78","color":"#0059a9","mode":"bus","arr":["78"],"angle":-78.5,"extra":1,"ei":5}},{"type":"Feature","geometry":{"type":"Point","coordinates":[30.431118,50.409942]},"properties":{"lines":"78","color":"#0059a9","mode":"bus","arr":["78"],"angle":-66.9,"extra":1,"ei":6}},{"type":"Feature","geometry":{"type":"Point","coordinates":[30.432278,50.41168]},"properties":{"lines":"78","color":"#0059a9","mode":"bus","arr":["78"],"angle":-67,"extra":1,"ei":7}},{"type":"Feature","geometry":{"type":"Point","coordinates":[30.434373,50.412366]},"properties":{"lines":"78","color":"#0059a9","mode":"bus","arr":["78"],"angle":27.8,"extra":1,"ei":8}},{"type":"Feature","geometry":{"type":"Point","coordinates":[30.437009,50.411504]},"properties":{"lines":"78","color":"#0059a9","mode":"bus","arr":["78"],"angle":27.2,"extra":1,"ei":9}},{"type":"Feature","geometry":{"type":"Point","coordinates":[30.442035,50.414532]},"properties":{"lines":"78","color":"#0059a9","mode":"bus","arr":["78"],"angle":-7.3,"extra":1,"ei":0}},{"type":"Feature","geometry":{"type":"Point","coordinates":[30.449429,50.416332]},"properties":{"lines":"78","color":"#0059a9","mode":"bus","arr":["78"],"angle":-49.6,"extra":1,"ei":0}},{"type":"Feature","geometry":{"type":"Point","coordinates":[30.453022,50.419331]},"properties":{"lines":"78","color":"#0059a9","mode":"bus","arr":["78"],"angle":-55.6,"extra":1,"ei":1}},{"type":"Feature","geometry":{"type":"Point","coordinates":[30.454734,50.420873]},"properties":{"lines":"78","color":"#0059a9","mode":"bus","arr":["78"],"angle":-55.3,"extra":1,"ei":2}},{"type":"Feature","geometry":{"type":"Point","coordinates":[30.41852,50.39801]},"properties":{"lines":"75, 78","color":"#0059a9","mode":"bus","arr":["75","78"],"angle":-37.7,"mi":6}},{"type":"Feature","geometry":{"type":"Point","coordinates":[30.416238,50.397036]},"properties":{"lines":"75, 78","color":"#0059a9","mode":"bus","arr":["75","78"],"angle":-31.8,"mi":7}},{"type":"Feature","geometry":{"type":"Point","coordinates":[30.618312,50.494516]},"properties":{"lines":"77","color":"#0059a9","mode":"bus","arr":["77"],"angle":-68.3}},{"type":"Feature","geometry":{"type":"Point","coordinates":[30.622876,50.501796]},"properties":{"lines":"77","color":"#0059a9","mode":"bus","arr":["77"],"angle":-67.9,"extra":1,"ei":0}},{"type":"Feature","geometry":{"type":"Point","coordinates":[30.621772,50.500044]},"properties":{"lines":"77","color":"#0059a9","mode":"bus","arr":["77"],"angle":-68.2,"extra":1,"ei":1}},{"type":"Feature","geometry":{"type":"Point","coordinates":[30.620679,50.498288]},"properties":{"lines":"77","color":"#0059a9","mode":"bus","arr":["77"],"angle":-68,"extra":1,"ei":2}},{"type":"Feature","geometry":{"type":"Point","coordinates":[30.619575,50.496536]},"properties":{"lines":"77","color":"#0059a9","mode":"bus","arr":["77"],"angle":-68.3,"extra":1,"ei":3}},{"type":"Feature","geometry":{"type":"Point","coordinates":[30.61736,50.493032]},"properties":{"lines":"77","color":"#0059a9","mode":"bus","arr":["77"],"angle":-67.5,"extra":1,"ei":4}},{"type":"Feature","geometry":{"type":"Point","coordinates":[30.616239,50.491284]},"properties":{"lines":"77","color":"#0059a9","mode":"bus","arr":["77"],"angle":-68,"extra":1,"ei":5}},{"type":"Feature","geometry":{"type":"Point","coordinates":[30.615128,50.489533]},"properties":{"lines":"77","color":"#0059a9","mode":"bus","arr":["77"],"angle":-68,"extra":1,"ei":6}},{"type":"Feature","geometry":{"type":"Point","coordinates":[30.61372,50.487898]},"properties":{"lines":"77","color":"#0059a9","mode":"bus","arr":["77"],"angle":-45,"extra":1,"ei":7}},{"type":"Feature","geometry":{"type":"Point","coordinates":[30.607948,50.485659]},"properties":{"lines":"77","color":"#0059a9","mode":"bus","arr":["77"],"angle":-12.9}},{"type":"Feature","geometry":{"type":"Point","coordinates":[30.610774,50.486111]},"properties":{"lines":"77","color":"#0059a9","mode":"bus","arr":["77"],"angle":-30.9,"extra":1,"ei":0}},{"type":"Feature","geometry":{"type":"Point","coordinates":[30.605013,50.485247]},"properties":{"lines":"77","color":"#0059a9","mode":"bus","arr":["77"],"angle":-12.2,"extra":1,"ei":1}},{"type":"Feature","geometry":{"type":"Point","coordinates":[30.445434,50.379748]},"properties":{"lines":"78","color":"#0059a9","mode":"bus","arr":["78"],"angle":-34.5}},{"type":"Feature","geometry":{"type":"Point","coordinates":[30.464211,50.391037]},"properties":{"lines":"78","color":"#0059a9","mode":"bus","arr":["78"],"angle":-10.8,"side":-1}},{"type":"Feature","geometry":{"type":"Point","coordinates":[30.44168,50.414242]},"properties":{"lines":"78","color":"#0059a9","mode":"bus","arr":["78"],"angle":-13.5,"side":-1,"mi":1}},{"type":"Feature","geometry":{"type":"Point","coordinates":[30.456352,50.421329]},"properties":{"lines":"78, 22к, 30, 35, 40, 40к","color":"#0059a9","mode":"bus","arr":["78","Тб22к","Тб30","Тб35","Тб40","Тб40к"],"tLines":"22к, 30, 35, 40, 40к","ntLines":"78","angle":25}},{"type":"Feature","geometry":{"type":"Point","coordinates":[30.453554,50.417961]},"properties":{"lines":"78","color":"#0059a9","mode":"bus","arr":["78"],"angle":25.4,"mi":4}},{"type":"Feature","geometry":{"type":"Point","coordinates":[30.474505,50.392399]},"properties":{"lines":"78, 12, 45","color":"#0059a9","mode":"bus","arr":["78","Тб12","Тб45"],"tLines":"12, 45","ntLines":"78","angle":-9.8}},{"type":"Feature","geometry":{"type":"Point","coordinates":[30.466538,50.391073]},"properties":{"lines":"78, 12, 45","color":"#0059a9","mode":"bus","arr":["78","Тб12","Тб45"],"tLines":"12, 45","ntLines":"78","angle":-35.9,"extra":1,"ei":0}},{"type":"Feature","geometry":{"type":"Point","coordinates":[30.469238,50.391815]},"properties":{"lines":"78, 12, 45","color":"#0059a9","mode":"bus","arr":["78","Тб12","Тб45"],"tLines":"12, 45","ntLines":"78","angle":-12,"extra":1,"ei":1}},{"type":"Feature","geometry":{"type":"Point","coordinates":[30.472158,50.392139]},"properties":{"lines":"78, 12, 45","color":"#0059a9","mode":"bus","arr":["78","Тб12","Тб45"],"tLines":"12, 45","ntLines":"78","angle":-9.7,"extra":1,"ei":2}},{"type":"Feature","geometry":{"type":"Point","coordinates":[30.478002,50.392766]},"properties":{"lines":"78, 12, 45","color":"#0059a9","mode":"bus","arr":["78","Тб12","Тб45"],"tLines":"12, 45","ntLines":"78","angle":-9,"extra":1,"ei":3}},{"type":"Feature","geometry":{"type":"Point","coordinates":[30.480941,50.393006]},"properties":{"lines":"78, 12, 45","color":"#0059a9","mode":"bus","arr":["78","Тб12","Тб45"],"tLines":"12, 45","ntLines":"78","angle":-5.5,"extra":1,"ei":4}},{"type":"Feature","geometry":{"type":"Point","coordinates":[30.483902,50.393049]},"properties":{"lines":"78, 12, 45","color":"#0059a9","mode":"bus","arr":["78","Тб12","Тб45"],"tLines":"12, 45","ntLines":"78","angle":0.1,"extra":1,"ei":5}},{"type":"Feature","geometry":{"type":"Point","coordinates":[30.488336,50.395873]},"properties":{"lines":"78, 120, 12, 45","color":"#0059a9","mode":"bus","arr":["78","120","Тб12","Тб45"],"tLines":"12, 45","ntLines":"78, 120","angle":-13.1}},{"type":"Feature","geometry":{"type":"Point","coordinates":[30.460444,50.387788]},"properties":{"lines":"12, 45","color":"#149a3f","mode":"bus","arr":["Тб12","Тб45"],"angle":-40.7}},{"type":"Feature","geometry":{"type":"Point","coordinates":[30.46404,50.389758]},"properties":{"lines":"12, 45","color":"#149a3f","mode":"bus","arr":["Тб12","Тб45"],"angle":-41.1,"extra":1,"ei":0}},{"type":"Feature","geometry":{"type":"Point","coordinates":[30.457294,50.386068]},"properties":{"lines":"12, 45","color":"#149a3f","mode":"bus","arr":["Тб12","Тб45"],"angle":-40.5,"extra":1,"ei":1}},{"type":"Feature","geometry":{"type":"Point","coordinates":[30.419978,50.398702]},"properties":{"lines":"78","color":"#0059a9","mode":"bus","arr":["78"],"angle":-73.9}},{"type":"Feature","geometry":{"type":"Point","coordinates":[30.622198,50.50915]},"properties":{"lines":"79","color":"#0059a9","mode":"bus","arr":["79"],"angle":32.4,"side":-1}},{"type":"Feature","geometry":{"type":"Point","coordinates":[30.646249,50.466956]},"properties":{"lines":"79, 81","color":"#0059a9","mode":"bus","arr":["79","81"],"angle":-23.7}},{"type":"Feature","geometry":{"type":"Point","coordinates":[30.604419,50.506295]},"properties":{"lines":"114, 30, 31Д, 37, 47, 50к","color":"#0059a9","mode":"bus","arr":["114","Тб30","Тб31Д","Тб37","Тб47","Тб50к"],"tLines":"30, 31Д, 37, 47, 50к","ntLines":"114","angle":-35,"side":-1}},{"type":"Feature","geometry":{"type":"Point","coordinates":[30.644566,50.485901]},"properties":{"lines":"81","color":"#0059a9","mode":"bus","arr":["81"],"angle":-79.3,"side":-1,"mi":2}},{"type":"Feature","geometry":{"type":"Point","coordinates":[30.630931,50.48893]},"properties":{"lines":"81","color":"#0059a9","mode":"bus","arr":["81"],"angle":-12.3,"mi":3}},{"type":"Feature","geometry":{"type":"Point","coordinates":[30.643595,50.48537]},"properties":{"lines":"81","color":"#0059a9","mode":"bus","arr":["81"],"angle":-21}},{"type":"Feature","geometry":{"type":"Point","coordinates":[30.634773,50.482888]},"properties":{"lines":"81","color":"#0059a9","mode":"bus","arr":["81"],"angle":-46.4,"side":-1,"mi":1}},{"type":"Feature","geometry":{"type":"Point","coordinates":[30.612079,50.43653]},"properties":{"lines":"87","color":"#0059a9","mode":"bus","arr":["87"],"angle":65.4,"side":-1,"mi":1}},{"type":"Feature","geometry":{"type":"Point","coordinates":[30.602288,50.428221]},"properties":{"lines":"87","color":"#0059a9","mode":"bus","arr":["87"],"angle":-33.4,"mi":3}},{"type":"Feature","geometry":{"type":"Point","coordinates":[30.603506,50.422805]},"properties":{"lines":"87, 108","color":"#0059a9","mode":"bus","arr":["87","108"],"angle":-86.5}},{"type":"Feature","geometry":{"type":"Point","coordinates":[30.60195,50.427222]},"properties":{"lines":"87, 108","color":"#0059a9","mode":"bus","arr":["87","108"],"angle":52,"side":-1,"mi":2}},{"type":"Feature","geometry":{"type":"Point","coordinates":[30.602861,50.425028]},"properties":{"lines":"87, 95, 108","color":"#0059a9","mode":"bus","arr":["87","95","108"],"angle":77.5,"mi":1}},{"type":"Feature","geometry":{"type":"Point","coordinates":[30.603427,50.423398]},"properties":{"lines":"87, 95, 108","color":"#0059a9","mode":"bus","arr":["87","95","108"],"angle":77.3,"extra":1,"ei":0}},{"type":"Feature","geometry":{"type":"Point","coordinates":[30.602163,50.427087]},"properties":{"lines":"87, 95, 108","color":"#0059a9","mode":"bus","arr":["87","95","108"],"angle":86.3,"extra":1,"ei":1}},{"type":"Feature","geometry":{"type":"Point","coordinates":[30.602183,50.421985]},"properties":{"lines":"87, 108","color":"#0059a9","mode":"bus","arr":["87","108"],"angle":-1.5,"mi":1}},{"type":"Feature","geometry":{"type":"Point","coordinates":[30.596921,50.421938]},"properties":{"lines":"87, 95, 108","color":"#0059a9","mode":"bus","arr":["87","95","108"],"angle":-1,"mi":2}},{"type":"Feature","geometry":{"type":"Point","coordinates":[30.603356,50.422009]},"properties":{"lines":"87, 95, 108","color":"#0059a9","mode":"bus","arr":["87","95","108"],"angle":-5.2}},{"type":"Feature","geometry":{"type":"Point","coordinates":[30.599943,50.42196]},"properties":{"lines":"87, 95, 108","color":"#0059a9","mode":"bus","arr":["87","95","108"],"angle":-1,"extra":1,"ei":0}},{"type":"Feature","geometry":{"type":"Point","coordinates":[30.594017,50.421907]},"properties":{"lines":"87, 95, 108","color":"#0059a9","mode":"bus","arr":["87","95","108"],"angle":-0.5,"extra":1,"ei":1}},{"type":"Feature","geometry":{"type":"Point","coordinates":[30.594134,50.415925]},"properties":{"lines":"87, 108, 109","color":"#0059a9","mode":"bus","arr":["87","108","109"],"angle":69.6,"side":-1}},{"type":"Feature","geometry":{"type":"Point","coordinates":[30.59243,50.420952]},"properties":{"lines":"87, 108, 109","color":"#0059a9","mode":"bus","arr":["87","108","109"],"angle":89.2,"extra":1,"ei":0,"side":-1}},{"type":"Feature","geometry":{"type":"Point","coordinates":[30.592548,50.419066]},"properties":{"lines":"87, 108, 109","color":"#0059a9","mode":"bus","arr":["87","108","109"],"angle":82.2,"extra":1,"ei":1,"side":-1}},{"type":"Feature","geometry":{"type":"Point","coordinates":[30.593369,50.417255]},"properties":{"lines":"87, 108, 109","color":"#0059a9","mode":"bus","arr":["87","108","109"],"angle":70.2,"extra":1,"ei":2,"side":-1}},{"type":"Feature","geometry":{"type":"Point","coordinates":[30.595418,50.413711]},"properties":{"lines":"87, 108, 109","color":"#0059a9","mode":"bus","arr":["87","108","109"],"angle":68.1,"extra":1,"ei":3,"side":-1}},{"type":"Feature","geometry":{"type":"Point","coordinates":[30.596998,50.412128]},"properties":{"lines":"87, 108, 109","color":"#0059a9","mode":"bus","arr":["87","108","109"],"angle":47.1,"extra":1,"ei":4,"side":-1}},{"type":"Feature","geometry":{"type":"Point","coordinates":[30.599148,50.410828]},"properties":{"lines":"87, 108, 109","color":"#0059a9","mode":"bus","arr":["87","108","109"],"angle":42.7,"extra":1,"ei":5,"side":-1}},{"type":"Feature","geometry":{"type":"Point","coordinates":[30.606657,50.407801]},"properties":{"lines":"87, 109","color":"#0059a9","mode":"bus","arr":["87","109"],"angle":24.8}},{"type":"Feature","geometry":{"type":"Point","coordinates":[30.602631,50.408972]},"properties":{"lines":"87, 109","color":"#0059a9","mode":"bus","arr":["87","109"],"angle":33.3,"extra":1,"ei":0,"side":-1}},{"type":"Feature","geometry":{"type":"Point","coordinates":[30.610638,50.406518]},"properties":{"lines":"87, 109","color":"#0059a9","mode":"bus","arr":["87","109"],"angle":25.7,"extra":1,"ei":1,"side":-1}},{"type":"Feature","geometry":{"type":"Point","coordinates":[30.613035,50.405428]},"properties":{"lines":"87, 109","color":"#0059a9","mode":"bus","arr":["87","109"],"angle":48,"extra":1,"ei":2,"side":-1}},{"type":"Feature","geometry":{"type":"Point","coordinates":[30.600406,50.410231]},"properties":{"lines":"87, 109","color":"#0059a9","mode":"bus","arr":["87","109"],"angle":42.6,"extra":1,"ei":0}},{"type":"Feature","geometry":{"type":"Point","coordinates":[30.600524,50.409863]},"properties":{"lines":"87, 109","color":"#0059a9","mode":"bus","arr":["87","109"],"angle":42.9,"side":-1,"mi":1}},{"type":"Feature","geometry":{"type":"Point","coordinates":[30.615175,50.403189]},"properties":{"lines":"87","color":"#0059a9","mode":"bus","arr":["87"],"angle":80.2}},{"type":"Feature","geometry":{"type":"Point","coordinates":[30.606617,50.435411]},"properties":{"lines":"87","color":"#0059a9","mode":"bus","arr":["87"],"angle":-33.8}},{"type":"Feature","geometry":{"type":"Point","coordinates":[30.611474,50.437044]},"properties":{"lines":"87","color":"#0059a9","mode":"bus","arr":["87"],"angle":12.8,"side":-1,"mi":2}},{"type":"Feature","geometry":{"type":"Point","coordinates":[30.603766,50.434199]},"properties":{"lines":"87","color":"#0059a9","mode":"bus","arr":["87"],"angle":-33.8,"extra":1,"ei":0}},{"type":"Feature","geometry":{"type":"Point","coordinates":[30.6087,50.436293]},"properties":{"lines":"87","color":"#0059a9","mode":"bus","arr":["87"],"angle":-32.7,"extra":1,"ei":1}},{"type":"Feature","geometry":{"type":"Point","coordinates":[30.393864,50.4102]},"properties":{"lines":"90","color":"#0059a9","mode":"bus","arr":["90"],"angle":-41.3,"mi":1}},{"type":"Feature","geometry":{"type":"Point","coordinates":[30.395335,50.411012]},"properties":{"lines":"90","color":"#0059a9","mode":"bus","arr":["90"],"angle":-40.9,"extra":1,"ei":0}},{"type":"Feature","geometry":{"type":"Point","coordinates":[30.38815,50.410436]},"properties":{"lines":"90","color":"#0059a9","mode":"bus","arr":["90"],"angle":43.4}},{"type":"Feature","geometry":{"type":"Point","coordinates":[30.390203,50.4094]},"properties":{"lines":"90","color":"#0059a9","mode":"bus","arr":["90"],"angle":36.7,"extra":1,"ei":0}},{"type":"Feature","geometry":{"type":"Point","coordinates":[30.385576,50.411698]},"properties":{"lines":"90","color":"#0059a9","mode":"bus","arr":["90"],"angle":23,"extra":1,"ei":1}},{"type":"Feature","geometry":{"type":"Point","coordinates":[30.383447,50.413586]},"properties":{"lines":"90","color":"#0059a9","mode":"bus","arr":["90"],"angle":-46,"mi":2}},{"type":"Feature","geometry":{"type":"Point","coordinates":[30.384423,50.431992]},"properties":{"lines":"90","color":"#0059a9","mode":"bus","arr":["90"],"angle":89.2}},{"type":"Feature","geometry":{"type":"Point","coordinates":[30.383267,50.435502]},"properties":{"lines":"90","color":"#0059a9","mode":"bus","arr":["90"],"angle":67,"mi":1}},{"type":"Feature","geometry":{"type":"Point","coordinates":[30.384854,50.430656]},"properties":{"lines":"90","color":"#0059a9","mode":"bus","arr":["90"],"angle":66.9,"extra":1,"ei":0}},{"type":"Feature","geometry":{"type":"Point","coordinates":[30.384359,50.433474]},"properties":{"lines":"90","color":"#0059a9","mode":"bus","arr":["90"],"angle":85.2,"extra":1,"ei":0}},{"type":"Feature","geometry":{"type":"Point","coordinates":[30.384584,50.436997]},"properties":{"lines":"90, 41","color":"#0059a9","mode":"bus","arr":["90","Тб41"],"tLines":"41","ntLines":"90","angle":-22,"mi":3}},{"type":"Feature","geometry":{"type":"Point","coordinates":[30.382603,50.436491]},"properties":{"lines":"90, 41","color":"#0059a9","mode":"bus","arr":["90","Тб41"],"tLines":"41","ntLines":"90","angle":-21.6,"extra":1,"ei":0}},{"type":"Feature","geometry":{"type":"Point","coordinates":[30.385762,50.439607]},"properties":{"lines":"90, 41","color":"#0059a9","mode":"bus","arr":["90","Тб41"],"tLines":"41","ntLines":"90","angle":66.4,"mi":1}},{"type":"Feature","geometry":{"type":"Point","coordinates":[30.386414,50.438047]},"properties":{"lines":"90, 41","color":"#0059a9","mode":"bus","arr":["90","Тб41"],"tLines":"41","ntLines":"90","angle":70.6,"mi":2}},{"type":"Feature","geometry":{"type":"Point","coordinates":[30.384613,50.441303]},"properties":{"lines":"90, 41","color":"#0059a9","mode":"bus","arr":["90","Тб41"],"tLines":"41","ntLines":"90","angle":67.5,"extra":1,"ei":0}},{"type":"Feature","geometry":{"type":"Point","coordinates":[30.3878,50.4368]},"properties":{"lines":"90, 41","color":"#0059a9","mode":"bus","arr":["90","Тб41"],"tLines":"41","ntLines":"90","angle":-30.6,"mi":4}},{"type":"Feature","geometry":{"type":"Point","coordinates":[30.38682,50.443049]},"properties":{"lines":"90, 41","color":"#0059a9","mode":"bus","arr":["90","Тб41"],"tLines":"41","ntLines":"90","angle":-23.8}},{"type":"Feature","geometry":{"type":"Point","coordinates":[30.388633,50.449647]},"properties":{"lines":"90, 41","color":"#0059a9","mode":"bus","arr":["90","Тб41"],"tLines":"41","ntLines":"90","angle":84.5,"mi":5}},{"type":"Feature","geometry":{"type":"Point","coordinates":[30.387426,50.455414]},"properties":{"lines":"90, 41","color":"#0059a9","mode":"bus","arr":["90","Тб41"],"tLines":"41","ntLines":"90","angle":-3.8,"mi":6}},{"type":"Feature","geometry":{"type":"Point","coordinates":[30.389471,50.444794]},"properties":{"lines":"90, 41","color":"#0059a9","mode":"bus","arr":["90","Тб41"],"tLines":"41","ntLines":"90","angle":83.5,"extra":1,"ei":0}},{"type":"Feature","geometry":{"type":"Point","coordinates":[30.389134,50.44667]},"properties":{"lines":"90, 41","color":"#0059a9","mode":"bus","arr":["90","Тб41"],"tLines":"41","ntLines":"90","angle":83.3,"extra":1,"ei":1}},{"type":"Feature","geometry":{"type":"Point","coordinates":[30.388229,50.452306]},"properties":{"lines":"90, 41","color":"#0059a9","mode":"bus","arr":["90","Тб41"],"tLines":"41","ntLines":"90","angle":84.6,"extra":1,"ei":2}},{"type":"Feature","geometry":{"type":"Point","coordinates":[30.387884,50.454181]},"properties":{"lines":"90, 41","color":"#0059a9","mode":"bus","arr":["90","Тб41"],"tLines":"41","ntLines":"90","angle":81.5,"extra":1,"ei":3}},{"type":"Feature","geometry":{"type":"Point","coordinates":[30.386299,50.4578]},"properties":{"lines":"90","color":"#0059a9","mode":"bus","arr":["90"],"angle":-20.1,"side":-1}},{"type":"Feature","geometry":{"type":"Point","coordinates":[30.404783,50.458566]},"properties":{"lines":"90, 90к","color":"#0059a9","mode":"bus","arr":["90","90к"],"angle":72.4}},{"type":"Feature","geometry":{"type":"Point","coordinates":[30.395851,50.476666]},"properties":{"lines":"90, 90к","color":"#0059a9","mode":"bus","arr":["90","90к"],"angle":89.5}},{"type":"Feature","geometry":{"type":"Point","coordinates":[30.395775,50.486008]},"properties":{"lines":"90, 90к","color":"#0059a9","mode":"bus","arr":["90","90к"],"angle":-68.1,"side":-1}},{"type":"Feature","geometry":{"type":"Point","coordinates":[30.3959,50.472885]},"properties":{"lines":"90, 90к","color":"#0059a9","mode":"bus","arr":["90","90к"],"angle":89.5,"extra":1,"ei":0}},{"type":"Feature","geometry":{"type":"Point","coordinates":[30.395875,50.474774]},"properties":{"lines":"90, 90к","color":"#0059a9","mode":"bus","arr":["90","90к"],"angle":89.5,"extra":1,"ei":1}},{"type":"Feature","geometry":{"type":"Point","coordinates":[30.395827,50.478551]},"properties":{"lines":"90, 90к","color":"#0059a9","mode":"bus","arr":["90","90к"],"angle":89.5,"extra":1,"ei":2}},{"type":"Feature","geometry":{"type":"Point","coordinates":[30.395803,50.480439]},"properties":{"lines":"90, 90к","color":"#0059a9","mode":"bus","arr":["90","90к"],"angle":89.5,"extra":1,"ei":3}},{"type":"Feature","geometry":{"type":"Point","coordinates":[30.39571,50.485742]},"properties":{"lines":"90, 90к, 16","color":"#0059a9","mode":"bus","arr":["90","90к","Тб16"],"tLines":"16","ntLines":"90, 90к","angle":82.2}},{"type":"Feature","geometry":{"type":"Point","coordinates":[30.395769,50.482579]},"properties":{"lines":"90, 90к, 16, 23Д","color":"#0059a9","mode":"bus","arr":["90","90к","Тб16","Тб23Д"],"tLines":"16, 23Д","ntLines":"90, 90к","angle":89.4}},{"type":"Feature","geometry":{"type":"Point","coordinates":[30.395725,50.484966]},"properties":{"lines":"90, 90к, 16, 23Д","color":"#0059a9","mode":"bus","arr":["90","90к","Тб16","Тб23Д"],"tLines":"16, 23Д","ntLines":"90, 90к","angle":89.3,"mi":1}},{"type":"Feature","geometry":{"type":"Point","coordinates":[30.395738,50.484241]},"properties":{"lines":"90, 90к, 23Д","color":"#0059a9","mode":"bus","arr":["90","90к","Тб23Д"],"tLines":"23Д","ntLines":"90, 90к","angle":89.3}},{"type":"Feature","geometry":{"type":"Point","coordinates":[30.406049,50.481106]},"properties":{"lines":"90, 90к, 16, 23Д, 35","color":"#0059a9","mode":"bus","arr":["90","90к","Тб16","Тб23Д","Тб35"],"tLines":"16, 23Д, 35","ntLines":"90, 90к","angle":41}},{"type":"Feature","geometry":{"type":"Point","coordinates":[30.376598,50.434945]},"properties":{"lines":"41","color":"#149a3f","mode":"bus","arr":["Тб41"],"angle":-22,"mi":7}},{"type":"Feature","geometry":{"type":"Point","coordinates":[30.370754,50.433431]},"properties":{"lines":"41","color":"#149a3f","mode":"bus","arr":["Тб41"],"angle":63.4,"mi":5}},{"type":"Feature","geometry":{"type":"Point","coordinates":[30.381065,50.436094]},"properties":{"lines":"41","color":"#149a3f","mode":"bus","arr":["Тб41"],"angle":-22,"extra":1,"ei":0}},{"type":"Feature","geometry":{"type":"Point","coordinates":[30.378317,50.435387]},"properties":{"lines":"41","color":"#149a3f","mode":"bus","arr":["Тб41"],"angle":-22,"extra":1,"ei":1}},{"type":"Feature","geometry":{"type":"Point","coordinates":[30.372823,50.43397]},"properties":{"lines":"41","color":"#149a3f","mode":"bus","arr":["Тб41"],"angle":-22.3,"extra":1,"ei":2}},{"type":"Feature","geometry":{"type":"Point","coordinates":[30.639916,50.411545]},"properties":{"lines":"91, 108, 109","color":"#0059a9","mode":"bus","arr":["91","108","109"],"angle":-23,"side":-1}},{"type":"Feature","geometry":{"type":"Point","coordinates":[30.64452,50.41271]},"properties":{"lines":"91, 108, 109","color":"#0059a9","mode":"bus","arr":["91","108","109"],"angle":-11.3,"side":-1,"mi":1}},{"type":"Feature","geometry":{"type":"Point","coordinates":[30.648772,50.407045]},"properties":{"lines":"91","color":"#0059a9","mode":"bus","arr":["91"],"angle":69.2,"side":-1,"mi":5}},{"type":"Feature","geometry":{"type":"Point","coordinates":[30.647156,50.409785]},"properties":{"lines":"91","color":"#0059a9","mode":"bus","arr":["91"],"angle":69.4,"extra":1,"ei":0,"side":-1}},{"type":"Feature","geometry":{"type":"Point","coordinates":[30.650288,50.404483]},"properties":{"lines":"91","color":"#0059a9","mode":"bus","arr":["91"],"angle":69.6,"extra":1,"ei":1,"side":-1}},{"type":"Feature","geometry":{"type":"Point","coordinates":[30.65049,50.401824]},"properties":{"lines":"91","color":"#0059a9","mode":"bus","arr":["91"],"angle":-56.1,"mi":4}},{"type":"Feature","geometry":{"type":"Point","coordinates":[30.634117,50.398608]},"properties":{"lines":"91","color":"#0059a9","mode":"bus","arr":["91"],"angle":-13.3,"mi":3}},{"type":"Feature","geometry":{"type":"Point","coordinates":[30.636258,50.398928]},"properties":{"lines":"91","color":"#0059a9","mode":"bus","arr":["91"],"angle":-12.3,"extra":1,"ei":0}},{"type":"Feature","geometry":{"type":"Point","coordinates":[30.634729,50.398281]},"properties":{"lines":"91","color":"#0059a9","mode":"bus","arr":["91"],"angle":-13.8,"side":-1,"mi":2}},{"type":"Feature","geometry":{"type":"Point","coordinates":[30.631924,50.397837]},"properties":{"lines":"91","color":"#0059a9","mode":"bus","arr":["91"],"angle":-13.8,"extra":1,"ei":0,"side":-1}},{"type":"Feature","geometry":{"type":"Point","coordinates":[30.633923,50.399765]},"properties":{"lines":"91","color":"#0059a9","mode":"bus","arr":["91"],"angle":75.7,"mi":1}},{"type":"Feature","geometry":{"type":"Point","coordinates":[30.634407,50.39853]},"properties":{"lines":"91","color":"#0059a9","mode":"bus","arr":["91"],"angle":76.5,"extra":1,"ei":0}},{"type":"Feature","geometry":{"type":"Point","coordinates":[30.63889,50.405728]},"properties":{"lines":"91","color":"#0059a9","mode":"bus","arr":["91"],"angle":-59.3}},{"type":"Feature","geometry":{"type":"Point","coordinates":[30.634433,50.402173]},"properties":{"lines":"91","color":"#0059a9","mode":"bus","arr":["91"],"angle":-17,"extra":1,"ei":0}},{"type":"Feature","geometry":{"type":"Point","coordinates":[30.63658,50.403303]},"properties":{"lines":"91","color":"#0059a9","mode":"bus","arr":["91"],"angle":-58.1,"extra":1,"ei":1}},{"type":"Feature","geometry":{"type":"Point","coordinates":[30.639169,50.408279]},"properties":{"lines":"91","color":"#0059a9","mode":"bus","arr":["91"],"angle":73.8,"extra":1,"ei":2}},{"type":"Feature","geometry":{"type":"Point","coordinates":[30.638396,50.410102]},"properties":{"lines":"91","color":"#0059a9","mode":"bus","arr":["91"],"angle":75.2,"extra":1,"ei":3}},{"type":"Feature","geometry":{"type":"Point","coordinates":[30.602785,50.42185]},"properties":{"lines":"95","color":"#0059a9","mode":"bus","arr":["95"],"angle":-19.8,"side":-1}},{"type":"Feature","geometry":{"type":"Point","coordinates":[30.601831,50.42185]},"properties":{"lines":"95","color":"#0059a9","mode":"bus","arr":["95"],"angle":4.1,"side":-1,"mi":1}},{"type":"Feature","geometry":{"type":"Point","coordinates":[30.588458,50.462545]},"properties":{"lines":"95, 111","color":"#0059a9","mode":"bus","arr":["95","111"],"angle":-9.1}},{"type":"Feature","geometry":{"type":"Point","coordinates":[30.580281,50.47077]},"properties":{"lines":"95, 111","color":"#0059a9","mode":"bus","arr":["95","111"],"angle":61.2}},{"type":"Feature","geometry":{"type":"Point","coordinates":[30.572647,50.479574]},"properties":{"lines":"95, 111","color":"#0059a9","mode":"bus","arr":["95","111"],"angle":60.7}},{"type":"Feature","geometry":{"type":"Point","coordinates":[30.585492,50.462978]},"properties":{"lines":"95, 111","color":"#0059a9","mode":"bus","arr":["95","111"],"angle":59,"extra":1,"ei":0}},{"type":"Feature","geometry":{"type":"Point","coordinates":[30.58459,50.464769]},"properties":{"lines":"95, 111","color":"#0059a9","mode":"bus","arr":["95","111"],"angle":81.1,"extra":1,"ei":1}},{"type":"Feature","geometry":{"type":"Point","coordinates":[30.583938,50.466587]},"properties":{"lines":"95, 111","color":"#0059a9","mode":"bus","arr":["95","111"],"angle":60.5,"extra":1,"ei":2}},{"type":"Feature","geometry":{"type":"Point","coordinates":[30.582513,50.468243]},"properties":{"lines":"95, 111","color":"#0059a9","mode":"bus","arr":["95","111"],"angle":61.3,"extra":1,"ei":3}},{"type":"Feature","geometry":{"type":"Point","coordinates":[30.578207,50.473199]},"properties":{"lines":"95, 111","color":"#0059a9","mode":"bus","arr":["95","111"],"angle":60.6,"extra":1,"ei":4}},{"type":"Feature","geometry":{"type":"Point","coordinates":[30.576749,50.474843]},"properties":{"lines":"95, 111","color":"#0059a9","mode":"bus","arr":["95","111"],"angle":60.7,"extra":1,"ei":5}},{"type":"Feature","geometry":{"type":"Point","coordinates":[30.575305,50.476492]},"properties":{"lines":"95, 111","color":"#0059a9","mode":"bus","arr":["95","111"],"angle":62,"extra":1,"ei":6}},{"type":"Feature","geometry":{"type":"Point","coordinates":[30.573849,50.478137]},"properties":{"lines":"95, 111","color":"#0059a9","mode":"bus","arr":["95","111"],"angle":60.5,"extra":1,"ei":7}},{"type":"Feature","geometry":{"type":"Point","coordinates":[30.59256,50.42471]},"properties":{"lines":"95, 109","color":"#0059a9","mode":"bus","arr":["95","109"],"angle":89.6}},{"type":"Feature","geometry":{"type":"Point","coordinates":[30.592577,50.422842]},"properties":{"lines":"95, 109","color":"#0059a9","mode":"bus","arr":["95","109"],"angle":89.8,"extra":1,"ei":0}},{"type":"Feature","geometry":{"type":"Point","coordinates":[30.592544,50.426619]},"properties":{"lines":"95, 109","color":"#0059a9","mode":"bus","arr":["95","109"],"angle":89.7,"extra":1,"ei":1}},{"type":"Feature","geometry":{"type":"Point","coordinates":[30.334334,50.467921]},"properties":{"lines":"97, 97к","color":"#0059a9","mode":"bus","arr":["97","97к"],"angle":-54,"mi":7}},{"type":"Feature","geometry":{"type":"Point","coordinates":[30.338516,50.471078]},"properties":{"lines":"97, 97к","color":"#0059a9","mode":"bus","arr":["97","97к"],"angle":-25,"mi":3}},{"type":"Feature","geometry":{"type":"Point","coordinates":[30.336116,50.46948]},"properties":{"lines":"97, 97к","color":"#0059a9","mode":"bus","arr":["97","97к"],"angle":-54.2,"extra":1,"ei":0}},{"type":"Feature","geometry":{"type":"Point","coordinates":[30.332277,50.466699]},"properties":{"lines":"97, 97к","color":"#0059a9","mode":"bus","arr":["97","97к"],"angle":-21.8,"extra":1,"ei":1}},{"type":"Feature","geometry":{"type":"Point","coordinates":[30.331528,50.472823]},"properties":{"lines":"97, 97к","color":"#0059a9","mode":"bus","arr":["97","97к"],"angle":-62.3,"mi":8}},{"type":"Feature","geometry":{"type":"Point","coordinates":[30.352435,50.474281]},"properties":{"lines":"97, 97к","color":"#0059a9","mode":"bus","arr":["97","97к"],"angle":6.8,"mi":1}},{"type":"Feature","geometry":{"type":"Point","coordinates":[30.329814,50.467566]},"properties":{"lines":"97, 97к","color":"#0059a9","mode":"bus","arr":["97","97к"],"angle":55.3,"extra":1,"ei":0}},{"type":"Feature","geometry":{"type":"Point","coordinates":[30.329313,50.469377]},"properties":{"lines":"97, 97к","color":"#0059a9","mode":"bus","arr":["97","97к"],"angle":-77,"extra":1,"ei":1}},{"type":"Feature","geometry":{"type":"Point","coordinates":[30.330401,50.471132]},"properties":{"lines":"97, 97к","color":"#0059a9","mode":"bus","arr":["97","97к"],"angle":-67.5,"extra":1,"ei":2}},{"type":"Feature","geometry":{"type":"Point","coordinates":[30.33396,50.473885]},"properties":{"lines":"97, 97к","color":"#0059a9","mode":"bus","arr":["97","97к"],"angle":-10.3,"extra":1,"ei":3}},{"type":"Feature","geometry":{"type":"Point","coordinates":[30.336919,50.473887]},"properties":{"lines":"97, 97к","color":"#0059a9","mode":"bus","arr":["97","97к"],"angle":-1.4,"extra":1,"ei":4}},{"type":"Feature","geometry":{"type":"Point","coordinates":[30.339858,50.474107]},"properties":{"lines":"97, 97к","color":"#0059a9","mode":"bus","arr":["97","97к"],"angle":-7.2,"extra":1,"ei":5}},{"type":"Feature","geometry":{"type":"Point","coordinates":[30.348635,50.474564]},"properties":{"lines":"97, 97к","color":"#0059a9","mode":"bus","arr":["97","97к"],"angle":7,"extra":1,"ei":0}},{"type":"Feature","geometry":{"type":"Point","coordinates":[30.354522,50.474122]},"properties":{"lines":"97, 97к","color":"#0059a9","mode":"bus","arr":["97","97к"],"angle":6.9,"extra":1,"ei":1}},{"type":"Feature","geometry":{"type":"Point","coordinates":[30.357424,50.473835]},"properties":{"lines":"97, 97к","color":"#0059a9","mode":"bus","arr":["97","97к"],"angle":39.2,"extra":1,"ei":2}},{"type":"Feature","geometry":{"type":"Point","coordinates":[30.34087,50.475945]},"properties":{"lines":"97","color":"#0059a9","mode":"bus","arr":["97"],"angle":83.7,"mi":2}},{"type":"Feature","geometry":{"type":"Point","coordinates":[30.343191,50.477893]},"properties":{"lines":"97","color":"#0059a9","mode":"bus","arr":["97"],"angle":-6.7}},{"type":"Feature","geometry":{"type":"Point","coordinates":[30.346143,50.476335]},"properties":{"lines":"97","color":"#0059a9","mode":"bus","arr":["97"],"angle":84.4,"mi":1}},{"type":"Feature","geometry":{"type":"Point","coordinates":[30.346804,50.474623]},"properties":{"lines":"97, 97к","color":"#0059a9","mode":"bus","arr":["97","97к"],"angle":-5.3}},{"type":"Feature","geometry":{"type":"Point","coordinates":[30.354298,50.464906]},"properties":{"lines":"97","color":"#0059a9","mode":"bus","arr":["97"],"angle":-78.8,"mi":2}},{"type":"Feature","geometry":{"type":"Point","coordinates":[30.356574,50.464826]},"properties":{"lines":"97, 39","color":"#0059a9","mode":"bus","arr":["97","Тб39"],"tLines":"39","ntLines":"97","angle":-3.9}},{"type":"Feature","geometry":{"type":"Point","coordinates":[30.370973,50.46399]},"properties":{"lines":"97","color":"#0059a9","mode":"bus","arr":["97"],"angle":37.1,"mi":1}},{"type":"Feature","geometry":{"type":"Point","coordinates":[30.366316,50.465456]},"properties":{"lines":"97","color":"#0059a9","mode":"bus","arr":["97"],"angle":-5}},{"type":"Feature","geometry":{"type":"Point","coordinates":[30.358913,50.464953]},"properties":{"lines":"97","color":"#0059a9","mode":"bus","arr":["97"],"angle":-6.3,"extra":1,"ei":0}},{"type":"Feature","geometry":{"type":"Point","coordinates":[30.361861,50.465148]},"properties":{"lines":"97","color":"#0059a9","mode":"bus","arr":["97"],"angle":-6.3,"extra":1,"ei":1}},{"type":"Feature","geometry":{"type":"Point","coordinates":[30.372285,50.462803]},"properties":{"lines":"97","color":"#0059a9","mode":"bus","arr":["97"],"angle":37.9,"extra":1,"ei":2}},{"type":"Feature","geometry":{"type":"Point","coordinates":[30.374627,50.461647]},"properties":{"lines":"97","color":"#0059a9","mode":"bus","arr":["97"],"angle":37.5,"extra":1,"ei":3}},{"type":"Feature","geometry":{"type":"Point","coordinates":[30.377001,50.460517]},"properties":{"lines":"97","color":"#0059a9","mode":"bus","arr":["97"],"angle":37.3,"extra":1,"ei":4}},{"type":"Feature","geometry":{"type":"Point","coordinates":[30.378185,50.45891]},"properties":{"lines":"97","color":"#0059a9","mode":"bus","arr":["97"],"angle":84.6,"extra":1,"ei":5}},{"type":"Feature","geometry":{"type":"Point","coordinates":[30.379147,50.457791]},"properties":{"lines":"97","color":"#0059a9","mode":"bus","arr":["97"],"angle":84.6,"extra":1,"ei":0}},{"type":"Feature","geometry":{"type":"Point","coordinates":[30.383694,50.459062]},"properties":{"lines":"97","color":"#0059a9","mode":"bus","arr":["97"],"angle":-6}},{"type":"Feature","geometry":{"type":"Point","coordinates":[30.379688,50.458795]},"properties":{"lines":"97","color":"#0059a9","mode":"bus","arr":["97"],"angle":-6,"extra":1,"ei":0}},{"type":"Feature","geometry":{"type":"Point","coordinates":[30.385583,50.459188]},"properties":{"lines":"97","color":"#0059a9","mode":"bus","arr":["97"],"angle":-6,"extra":1,"ei":1}},{"type":"Feature","geometry":{"type":"Point","coordinates":[30.387864,50.458746]},"properties":{"lines":"97","color":"#0059a9","mode":"bus","arr":["97"],"angle":-74.4,"extra":1,"ei":2}},{"type":"Feature","geometry":{"type":"Point","coordinates":[30.358489,50.474981]},"properties":{"lines":"97, 97к","color":"#0059a9","mode":"bus","arr":["97","97к"],"angle":-73.2,"side":-1,"mi":5}},{"type":"Feature","geometry":{"type":"Point","coordinates":[30.357931,50.476819]},"properties":{"lines":"97, 97к","color":"#0059a9","mode":"bus","arr":["97","97к"],"angle":36.1,"mi":6}},{"type":"Feature","geometry":{"type":"Point","coordinates":[30.356854,50.475588]},"properties":{"lines":"97, 97к","color":"#0059a9","mode":"bus","arr":["97","97к"],"angle":84,"mi":4}},{"type":"Feature","geometry":{"type":"Point","coordinates":[30.357042,50.474422]},"properties":{"lines":"97, 97к","color":"#0059a9","mode":"bus","arr":["97","97к"],"angle":84.1,"extra":1,"ei":0}},{"type":"Feature","geometry":{"type":"Point","coordinates":[30.338679,50.472569]},"properties":{"lines":"97, 97к","color":"#0059a9","mode":"bus","arr":["97","97к"],"angle":83.5,"mi":2}},{"type":"Feature","geometry":{"type":"Point","coordinates":[30.343808,50.474405]},"properties":{"lines":"97к","color":"#0059a9","mode":"bus","arr":["97к"],"angle":-7}},{"type":"Feature","geometry":{"type":"Point","coordinates":[30.341383,50.464026]},"properties":{"lines":"97к","color":"#0059a9","mode":"bus","arr":["97к"],"angle":-5.3,"mi":1}},{"type":"Feature","geometry":{"type":"Point","coordinates":[30.339399,50.463902]},"properties":{"lines":"97к","color":"#0059a9","mode":"bus","arr":["97к"],"angle":-5.8,"extra":1,"ei":0}},{"type":"Feature","geometry":{"type":"Point","coordinates":[30.337823,50.461834]},"properties":{"lines":"97к","color":"#0059a9","mode":"bus","arr":["97к"],"angle":84.3}},{"type":"Feature","geometry":{"type":"Point","coordinates":[30.342007,50.459928]},"properties":{"lines":"97к","color":"#0059a9","mode":"bus","arr":["97к"],"angle":7.4,"mi":2}},{"type":"Feature","geometry":{"type":"Point","coordinates":[30.339603,50.460043]},"properties":{"lines":"97к","color":"#0059a9","mode":"bus","arr":["97к"],"angle":-3.6,"extra":1,"ei":0}},{"type":"Feature","geometry":{"type":"Point","coordinates":[30.345501,50.459745]},"properties":{"lines":"97к","color":"#0059a9","mode":"bus","arr":["97к"],"angle":-0.1,"extra":1,"ei":1}},{"type":"Feature","geometry":{"type":"Point","coordinates":[30.660766,50.52968]},"properties":{"lines":"98","color":"#0059a9","mode":"bus","arr":["98"],"angle":0.5}},{"type":"Feature","geometry":{"type":"Point","coordinates":[30.657988,50.529697]},"properties":{"lines":"98","color":"#0059a9","mode":"bus","arr":["98"],"angle":0.6,"extra":1,"ei":0}},{"type":"Feature","geometry":{"type":"Point","coordinates":[30.663915,50.529662]},"properties":{"lines":"98","color":"#0059a9","mode":"bus","arr":["98"],"angle":0.5,"extra":1,"ei":1}},{"type":"Feature","geometry":{"type":"Point","coordinates":[30.628041,50.506853]},"properties":{"lines":"98","color":"#0059a9","mode":"bus","arr":["98"],"angle":-2.9,"side":-1,"mi":1}},{"type":"Feature","geometry":{"type":"Point","coordinates":[30.644112,50.516014]},"properties":{"lines":"98","color":"#0059a9","mode":"bus","arr":["98"],"angle":-57.7}},{"type":"Feature","geometry":{"type":"Point","coordinates":[30.656467,50.52877]},"properties":{"lines":"98","color":"#0059a9","mode":"bus","arr":["98"],"angle":-81.9,"extra":1,"ei":0}},{"type":"Feature","geometry":{"type":"Point","coordinates":[30.655143,50.5271]},"properties":{"lines":"98","color":"#0059a9","mode":"bus","arr":["98"],"angle":-56.9,"extra":1,"ei":1}},{"type":"Feature","geometry":{"type":"Point","coordinates":[30.653541,50.525511]},"properties":{"lines":"98","color":"#0059a9","mode":"bus","arr":["98"],"angle":-57.4,"extra":1,"ei":2}},{"type":"Feature","geometry":{"type":"Point","coordinates":[30.651945,50.52392]},"properties":{"lines":"98","color":"#0059a9","mode":"bus","arr":["98"],"angle":-57.5,"extra":1,"ei":3}},{"type":"Feature","geometry":{"type":"Point","coordinates":[30.650351,50.522328]},"properties":{"lines":"98","color":"#0059a9","mode":"bus","arr":["98"],"angle":-57.6,"extra":1,"ei":4}},{"type":"Feature","geometry":{"type":"Point","coordinates":[30.648762,50.520733]},"properties":{"lines":"98","color":"#0059a9","mode":"bus","arr":["98"],"angle":-57.6,"extra":1,"ei":5}},{"type":"Feature","geometry":{"type":"Point","coordinates":[30.647182,50.519136]},"properties":{"lines":"98","color":"#0059a9","mode":"bus","arr":["98"],"angle":-57.8,"extra":1,"ei":6}},{"type":"Feature","geometry":{"type":"Point","coordinates":[30.645603,50.517537]},"properties":{"lines":"98","color":"#0059a9","mode":"bus","arr":["98"],"angle":-57.8,"extra":1,"ei":7}},{"type":"Feature","geometry":{"type":"Point","coordinates":[30.642444,50.514342]},"properties":{"lines":"98","color":"#0059a9","mode":"bus","arr":["98"],"angle":-57.5,"extra":1,"ei":8}},{"type":"Feature","geometry":{"type":"Point","coordinates":[30.640852,50.512749]},"properties":{"lines":"98","color":"#0059a9","mode":"bus","arr":["98"],"angle":-57.5,"extra":1,"ei":9}},{"type":"Feature","geometry":{"type":"Point","coordinates":[30.639271,50.511151]},"properties":{"lines":"98","color":"#0059a9","mode":"bus","arr":["98"],"angle":-57.8,"extra":1,"ei":10}},{"type":"Feature","geometry":{"type":"Point","coordinates":[30.637675,50.50956]},"properties":{"lines":"98","color":"#0059a9","mode":"bus","arr":["98"],"angle":-57.6,"extra":1,"ei":11}},{"type":"Feature","geometry":{"type":"Point","coordinates":[30.635981,50.508015]},"properties":{"lines":"98","color":"#0059a9","mode":"bus","arr":["98"],"angle":-46.2,"extra":1,"ei":12}},{"type":"Feature","geometry":{"type":"Point","coordinates":[30.63347,50.507057]},"properties":{"lines":"98","color":"#0059a9","mode":"bus","arr":["98"],"angle":-15.8,"extra":1,"ei":13}},{"type":"Feature","geometry":{"type":"Point","coordinates":[30.630529,50.506899]},"properties":{"lines":"98","color":"#0059a9","mode":"bus","arr":["98"],"angle":-0.7,"extra":1,"ei":14}},{"type":"Feature","geometry":{"type":"Point","coordinates":[30.6276,50.507061]},"properties":{"lines":"98","color":"#0059a9","mode":"bus","arr":["98"],"angle":17,"extra":1,"ei":15}},{"type":"Feature","geometry":{"type":"Point","coordinates":[30.60855,50.523571]},"properties":{"lines":"98, 31Д, 37","color":"#0059a9","mode":"bus","arr":["98","Тб31Д","Тб37"],"tLines":"31Д, 37","ntLines":"98","angle":3.4}},{"type":"Feature","geometry":{"type":"Point","coordinates":[30.604658,50.529212]},"properties":{"lines":"98","color":"#0059a9","mode":"bus","arr":["98"],"angle":4.4}},{"type":"Feature","geometry":{"type":"Point","coordinates":[30.602376,50.529141]},"properties":{"lines":"98","color":"#0059a9","mode":"bus","arr":["98"],"angle":-21.3,"extra":1,"ei":0}},{"type":"Feature","geometry":{"type":"Point","coordinates":[30.608264,50.529055]},"properties":{"lines":"98","color":"#0059a9","mode":"bus","arr":["98"],"angle":3.2,"extra":1,"ei":1}},{"type":"Feature","geometry":{"type":"Point","coordinates":[30.491733,50.514973]},"properties":{"lines":"99, 44","color":"#0059a9","mode":"bus","arr":["99","Тб44"],"tLines":"44","ntLines":"99","angle":60.5}},{"type":"Feature","geometry":{"type":"Point","coordinates":[30.49318,50.513309]},"properties":{"lines":"99, 44","color":"#0059a9","mode":"bus","arr":["99","Тб44"],"tLines":"44","ntLines":"99","angle":60.2,"extra":1,"ei":0}},{"type":"Feature","geometry":{"type":"Point","coordinates":[30.490311,50.516615]},"properties":{"lines":"99, 44","color":"#0059a9","mode":"bus","arr":["99","Тб44"],"tLines":"44","ntLines":"99","angle":61.6,"extra":1,"ei":1}},{"type":"Feature","geometry":{"type":"Point","coordinates":[30.481421,50.517748]},"properties":{"lines":"32","color":"#149a3f","mode":"bus","arr":["Тб32"],"angle":0.6,"mi":1}},{"type":"Feature","geometry":{"type":"Point","coordinates":[30.474468,50.517844]},"properties":{"lines":"99, 32","color":"#0059a9","mode":"bus","arr":["99","Тб32"],"tLines":"32","ntLines":"99","angle":1.1}},{"type":"Feature","geometry":{"type":"Point","coordinates":[30.478618,50.517781]},"properties":{"lines":"99, 32","color":"#0059a9","mode":"bus","arr":["99","Тб32"],"tLines":"32","ntLines":"99","angle":1.3,"extra":1,"ei":0}},{"type":"Feature","geometry":{"type":"Point","coordinates":[30.469729,50.51789]},"properties":{"lines":"99, 32","color":"#0059a9","mode":"bus","arr":["99","Тб32"],"tLines":"32","ntLines":"99","angle":0.9,"extra":1,"ei":1}},{"type":"Feature","geometry":{"type":"Point","coordinates":[30.58382,50.495817]},"properties":{"lines":"101","color":"#0059a9","mode":"bus","arr":["101"],"angle":3.9}},{"type":"Feature","geometry":{"type":"Point","coordinates":[30.581996,50.495726]},"properties":{"lines":"101","color":"#0059a9","mode":"bus","arr":["101"],"angle":4.5,"mi":1}},{"type":"Feature","geometry":{"type":"Point","coordinates":[30.589404,50.496156]},"properties":{"lines":"101, 50, 50к","color":"#0059a9","mode":"bus","arr":["101","Тб50","Тб50к"],"tLines":"50, 50к","ntLines":"101","angle":86.6}},{"type":"Feature","geometry":{"type":"Point","coordinates":[30.505443,50.498534]},"properties":{"lines":"102А, 44","color":"#0059a9","mode":"bus","arr":["102А","Тб44"],"tLines":"44","ntLines":"102А","angle":56.8}},{"type":"Feature","geometry":{"type":"Point","coordinates":[30.507037,50.496971]},"properties":{"lines":"102А, 44","color":"#0059a9","mode":"bus","arr":["102А","Тб44"],"tLines":"44","ntLines":"102А","angle":57,"extra":1,"ei":0}},{"type":"Feature","geometry":{"type":"Point","coordinates":[30.503825,50.500145]},"properties":{"lines":"102А, 44","color":"#0059a9","mode":"bus","arr":["102А","Тб44"],"tLines":"44","ntLines":"102А","angle":58.1,"extra":1,"ei":1}},{"type":"Feature","geometry":{"type":"Point","coordinates":[30.49122,50.503164]},"properties":{"lines":"102А","color":"#0059a9","mode":"bus","arr":["102А"],"angle":71.7,"mi":1}},{"type":"Feature","geometry":{"type":"Point","coordinates":[30.499125,50.501557]},"properties":{"lines":"102А","color":"#0059a9","mode":"bus","arr":["102А"],"angle":1.5,"mi":2}},{"type":"Feature","geometry":{"type":"Point","coordinates":[30.492407,50.501861]},"properties":{"lines":"102А","color":"#0059a9","mode":"bus","arr":["102А"],"angle":33.7,"extra":1,"ei":0}},{"type":"Feature","geometry":{"type":"Point","coordinates":[30.490109,50.50528]},"properties":{"lines":"102А","color":"#0059a9","mode":"bus","arr":["102А"],"angle":70.3,"extra":1,"ei":1}},{"type":"Feature","geometry":{"type":"Point","coordinates":[30.491351,50.502647]},"properties":{"lines":"102А, 44","color":"#0059a9","mode":"bus","arr":["102А","Тб44"],"tLines":"44","ntLines":"102А","angle":70.1}},{"type":"Feature","geometry":{"type":"Point","coordinates":[30.496271,50.501509]},"properties":{"lines":"102А, 44","color":"#0059a9","mode":"bus","arr":["102А","Тб44"],"tLines":"44","ntLines":"102А","angle":1,"extra":1,"ei":0}},{"type":"Feature","geometry":{"type":"Point","coordinates":[30.493307,50.501542]},"properties":{"lines":"102А, 44","color":"#0059a9","mode":"bus","arr":["102А","Тб44"],"tLines":"44","ntLines":"102А","angle":6.9,"extra":1,"ei":1}},{"type":"Feature","geometry":{"type":"Point","coordinates":[30.490345,50.504553]},"properties":{"lines":"102А, 44","color":"#0059a9","mode":"bus","arr":["102А","Тб44"],"tLines":"44","ntLines":"102А","angle":71.4,"extra":1,"ei":2}},{"type":"Feature","geometry":{"type":"Point","coordinates":[30.489388,50.50634]},"properties":{"lines":"102А, 44","color":"#0059a9","mode":"bus","arr":["102А","Тб44"],"tLines":"44","ntLines":"102А","angle":65.8,"extra":1,"ei":3}},{"type":"Feature","geometry":{"type":"Point","coordinates":[30.495585,50.501599]},"properties":{"lines":"44","color":"#149a3f","mode":"bus","arr":["Тб44"],"angle":1.3,"mi":3}},{"type":"Feature","geometry":{"type":"Point","coordinates":[30.443855,50.505402]},"properties":{"lines":"102А","color":"#0059a9","mode":"bus","arr":["102А"],"angle":-12.8}},{"type":"Feature","geometry":{"type":"Point","coordinates":[30.445936,50.505675]},"properties":{"lines":"102А","color":"#0059a9","mode":"bus","arr":["102А"],"angle":-8.6,"extra":1,"ei":0}},{"type":"Feature","geometry":{"type":"Point","coordinates":[30.421994,50.514267]},"properties":{"lines":"102А, 24, 26, 28Д","color":"#0059a9","mode":"bus","arr":["102А","Тб24","Тб26","Тб28Д"],"tLines":"24, 26, 28Д","ntLines":"102А","angle":47.5,"side":-1}},{"type":"Feature","geometry":{"type":"Point","coordinates":[30.439322,50.504216]},"properties":{"lines":"24","color":"#149a3f","mode":"bus","arr":["Тб24"],"angle":-87.6,"side":-1}},{"type":"Feature","geometry":{"type":"Point","coordinates":[30.482501,50.507075]},"properties":{"lines":"24","color":"#149a3f","mode":"bus","arr":["Тб24"],"angle":1,"side":-1}},{"type":"Feature","geometry":{"type":"Point","coordinates":[30.345577,50.461688]},"properties":{"lines":"103, 39","color":"#0059a9","mode":"bus","arr":["103","Тб39"],"tLines":"39","ntLines":"103","angle":84.2}},{"type":"Feature","geometry":{"type":"Point","coordinates":[30.345315,50.463672]},"properties":{"lines":"103, 39","color":"#0059a9","mode":"bus","arr":["103","Тб39"],"tLines":"39","ntLines":"103","angle":-19.1,"mi":1}},{"type":"Feature","geometry":{"type":"Point","coordinates":[30.388942,50.501002]},"properties":{"lines":"103","color":"#0059a9","mode":"bus","arr":["103"],"angle":-54.7}},{"type":"Feature","geometry":{"type":"Point","coordinates":[30.379955,50.494069]},"properties":{"lines":"103","color":"#0059a9","mode":"bus","arr":["103"],"angle":-50,"extra":1,"ei":0}},{"type":"Feature","geometry":{"type":"Point","coordinates":[30.381848,50.495522]},"properties":{"lines":"103","color":"#0059a9","mode":"bus","arr":["103"],"angle":-50.3,"extra":1,"ei":1}},{"type":"Feature","geometry":{"type":"Point","coordinates":[30.383766,50.496962]},"properties":{"lines":"103","color":"#0059a9","mode":"bus","arr":["103"],"angle":-49.6,"extra":1,"ei":2}},{"type":"Feature","geometry":{"type":"Point","coordinates":[30.385658,50.498415]},"properties":{"lines":"103","color":"#0059a9","mode":"bus","arr":["103"],"angle":-50.4,"extra":1,"ei":3}},{"type":"Feature","geometry":{"type":"Point","coordinates":[30.387558,50.499865]},"properties":{"lines":"103","color":"#0059a9","mode":"bus","arr":["103"],"angle":-50.3,"extra":1,"ei":4}},{"type":"Feature","geometry":{"type":"Point","coordinates":[30.390781,50.503023]},"properties":{"lines":"103","color":"#0059a9","mode":"bus","arr":["103"],"angle":-60.7,"extra":1,"ei":5}},{"type":"Feature","geometry":{"type":"Point","coordinates":[30.392254,50.504662]},"properties":{"lines":"103","color":"#0059a9","mode":"bus","arr":["103"],"angle":-59.7,"extra":1,"ei":6}},{"type":"Feature","geometry":{"type":"Point","coordinates":[30.393698,50.506311]},"properties":{"lines":"103","color":"#0059a9","mode":"bus","arr":["103"],"angle":-61,"extra":1,"ei":7}},{"type":"Feature","geometry":{"type":"Point","coordinates":[30.395169,50.50795]},"properties":{"lines":"103","color":"#0059a9","mode":"bus","arr":["103"],"angle":-58.9,"extra":1,"ei":8}},{"type":"Feature","geometry":{"type":"Point","coordinates":[30.396658,50.509582]},"properties":{"lines":"103","color":"#0059a9","mode":"bus","arr":["103"],"angle":-61.7,"extra":1,"ei":9}},{"type":"Feature","geometry":{"type":"Point","coordinates":[30.40187,50.508591]},"properties":{"lines":"103","color":"#0059a9","mode":"bus","arr":["103"],"angle":17.2,"mi":1}},{"type":"Feature","geometry":{"type":"Point","coordinates":[30.407077,50.507588]},"properties":{"lines":"103","color":"#0059a9","mode":"bus","arr":["103"],"angle":-66.4}},{"type":"Feature","geometry":{"type":"Point","coordinates":[30.398107,50.50934]},"properties":{"lines":"103","color":"#0059a9","mode":"bus","arr":["103"],"angle":17.5,"extra":1,"ei":0}},{"type":"Feature","geometry":{"type":"Point","coordinates":[30.403766,50.508217]},"properties":{"lines":"103","color":"#0059a9","mode":"bus","arr":["103"],"angle":17.3,"extra":1,"ei":1}},{"type":"Feature","geometry":{"type":"Point","coordinates":[30.687655,50.362823]},"properties":{"lines":"104","color":"#0059a9","mode":"bus","arr":["104"],"angle":-0.8,"mi":2}},{"type":"Feature","geometry":{"type":"Point","coordinates":[30.665755,50.407502]},"properties":{"lines":"104","color":"#0059a9","mode":"bus","arr":["104"],"angle":15.8,"side":-1,"mi":4}},{"type":"Feature","geometry":{"type":"Point","coordinates":[30.691855,50.388621]},"properties":{"lines":"104","color":"#0059a9","mode":"bus","arr":["104"],"angle":-52.7,"mi":1}},{"type":"Feature","geometry":{"type":"Point","coordinates":[30.693111,50.363672]},"properties":{"lines":"104","color":"#0059a9","mode":"bus","arr":["104"],"angle":-34.4}},{"type":"Feature","geometry":{"type":"Point","coordinates":[30.702958,50.368142]},"properties":{"lines":"104","color":"#0059a9","mode":"bus","arr":["104"],"angle":-48.4,"mi":1}},{"type":"Feature","geometry":{"type":"Point","coordinates":[30.696643,50.3654]},"properties":{"lines":"104","color":"#0059a9","mode":"bus","arr":["104"],"angle":-23.4,"extra":1,"ei":0}},{"type":"Feature","geometry":{"type":"Point","coordinates":[30.69878,50.366638]},"properties":{"lines":"104","color":"#0059a9","mode":"bus","arr":["104"],"angle":-54.7,"extra":1,"ei":1}},{"type":"Feature","geometry":{"type":"Point","coordinates":[30.699783,50.368393]},"properties":{"lines":"104","color":"#0059a9","mode":"bus","arr":["104"],"angle":-74.1,"extra":1,"ei":2}},{"type":"Feature","geometry":{"type":"Point","coordinates":[30.706,50.370327]},"properties":{"lines":"104","color":"#0059a9","mode":"bus","arr":["104"],"angle":-48.4,"extra":1,"ei":3}},{"type":"Feature","geometry":{"type":"Point","coordinates":[30.707966,50.37174]},"properties":{"lines":"104","color":"#0059a9","mode":"bus","arr":["104"],"angle":-48.1,"extra":1,"ei":4}},{"type":"Feature","geometry":{"type":"Point","coordinates":[30.709939,50.373149]},"properties":{"lines":"104","color":"#0059a9","mode":"bus","arr":["104"],"angle":-48.1,"extra":1,"ei":5}},{"type":"Feature","geometry":{"type":"Point","coordinates":[30.708262,50.375367]},"properties":{"lines":"104","color":"#0059a9","mode":"bus","arr":["104"],"angle":46.1,"mi":4}},{"type":"Feature","geometry":{"type":"Point","coordinates":[30.706807,50.376331]},"properties":{"lines":"104","color":"#0059a9","mode":"bus","arr":["104"],"angle":46.1,"extra":1,"ei":0}},{"type":"Feature","geometry":{"type":"Point","coordinates":[30.693468,50.385179]},"properties":{"lines":"104","color":"#0059a9","mode":"bus","arr":["104"],"angle":37.4}},{"type":"Feature","geometry":{"type":"Point","coordinates":[30.704763,50.377699]},"properties":{"lines":"104","color":"#0059a9","mode":"bus","arr":["104"],"angle":46.7,"extra":1,"ei":0}},{"type":"Feature","geometry":{"type":"Point","coordinates":[30.702725,50.37907]},"properties":{"lines":"104","color":"#0059a9","mode":"bus","arr":["104"],"angle":46.4,"extra":1,"ei":1}},{"type":"Feature","geometry":{"type":"Point","coordinates":[30.700681,50.380438]},"properties":{"lines":"104","color":"#0059a9","mode":"bus","arr":["104"],"angle":46.4,"extra":1,"ei":2}},{"type":"Feature","geometry":{"type":"Point","coordinates":[30.698642,50.381808]},"properties":{"lines":"104","color":"#0059a9","mode":"bus","arr":["104"],"angle":46.4,"extra":1,"ei":3}},{"type":"Feature","geometry":{"type":"Point","coordinates":[30.696608,50.383181]},"properties":{"lines":"104","color":"#0059a9","mode":"bus","arr":["104"],"angle":46.6,"extra":1,"ei":4}},{"type":"Feature","geometry":{"type":"Point","coordinates":[30.690218,50.387027]},"properties":{"lines":"104","color":"#0059a9","mode":"bus","arr":["104"],"angle":-86.9,"extra":1,"ei":5}},{"type":"Feature","geometry":{"type":"Point","coordinates":[30.691887,50.38857]},"properties":{"lines":"104","color":"#0059a9","mode":"bus","arr":["104"],"angle":-52.8,"extra":1,"ei":6,"side":-1}},{"type":"Feature","geometry":{"type":"Point","coordinates":[30.693647,50.39009]},"properties":{"lines":"104","color":"#0059a9","mode":"bus","arr":["104"],"angle":-52.3,"extra":1,"ei":7}},{"type":"Feature","geometry":{"type":"Point","coordinates":[30.695438,50.391594]},"properties":{"lines":"104","color":"#0059a9","mode":"bus","arr":["104"],"angle":-53.8,"extra":1,"ei":8}},{"type":"Feature","geometry":{"type":"Point","coordinates":[30.697203,50.393111]},"properties":{"lines":"104","color":"#0059a9","mode":"bus","arr":["104"],"angle":-53,"extra":1,"ei":9}},{"type":"Feature","geometry":{"type":"Point","coordinates":[30.691082,50.397874]},"properties":{"lines":"104","color":"#0059a9","mode":"bus","arr":["104"],"angle":41.8,"mi":3}},{"type":"Feature","geometry":{"type":"Point","coordinates":[30.683806,50.400815]},"properties":{"lines":"104","color":"#0059a9","mode":"bus","arr":["104"],"angle":-17.7,"mi":2}},{"type":"Feature","geometry":{"type":"Point","coordinates":[30.69669,50.3946]},"properties":{"lines":"104","color":"#0059a9","mode":"bus","arr":["104"],"angle":41.4,"extra":1,"ei":0}},{"type":"Feature","geometry":{"type":"Point","coordinates":[30.694484,50.395861]},"properties":{"lines":"104","color":"#0059a9","mode":"bus","arr":["104"],"angle":41.5,"extra":1,"ei":1}},{"type":"Feature","geometry":{"type":"Point","coordinates":[30.687891,50.399658]},"properties":{"lines":"104","color":"#0059a9","mode":"bus","arr":["104"],"angle":39.9,"extra":1,"ei":2}},{"type":"Feature","geometry":{"type":"Point","coordinates":[30.677525,50.405689]},"properties":{"lines":"104","color":"#0059a9","mode":"bus","arr":["104"],"angle":41.3,"mi":1}},{"type":"Feature","geometry":{"type":"Point","coordinates":[30.681962,50.403417]},"properties":{"lines":"104","color":"#0059a9","mode":"bus","arr":["104"],"angle":10.4}},{"type":"Feature","geometry":{"type":"Point","coordinates":[30.674097,50.40761]},"properties":{"lines":"104","color":"#0059a9","mode":"bus","arr":["104"],"angle":41.2,"extra":1,"ei":0}},{"type":"Feature","geometry":{"type":"Point","coordinates":[30.671565,50.409028]},"properties":{"lines":"104, 105","color":"#0059a9","mode":"bus","arr":["104","105"],"angle":42}},{"type":"Feature","geometry":{"type":"Point","coordinates":[30.686974,50.363483]},"properties":{"lines":"104","color":"#0059a9","mode":"bus","arr":["104"],"angle":7.8,"mi":3}},{"type":"Feature","geometry":{"type":"Point","coordinates":[30.765333,50.401867]},"properties":{"lines":"105","color":"#0059a9","mode":"bus","arr":["105"],"angle":-45.3,"mi":6}},{"type":"Feature","geometry":{"type":"Point","coordinates":[30.771441,50.404675]},"properties":{"lines":"105","color":"#0059a9","mode":"bus","arr":["105"],"angle":42.7,"extra":1,"ei":0}},{"type":"Feature","geometry":{"type":"Point","coordinates":[30.769349,50.404737]},"properties":{"lines":"105","color":"#0059a9","mode":"bus","arr":["105"],"angle":-47.8,"extra":1,"ei":1}},{"type":"Feature","geometry":{"type":"Point","coordinates":[30.767464,50.40328]},"properties":{"lines":"105","color":"#0059a9","mode":"bus","arr":["105"],"angle":-51,"extra":1,"ei":2}},{"type":"Feature","geometry":{"type":"Point","coordinates":[30.76341,50.400527]},"properties":{"lines":"105","color":"#0059a9","mode":"bus","arr":["105"],"angle":-47.7,"extra":1,"ei":3}},{"type":"Feature","geometry":{"type":"Point","coordinates":[30.761415,50.399131]},"properties":{"lines":"105","color":"#0059a9","mode":"bus","arr":["105"],"angle":-47.7,"extra":1,"ei":4}},{"type":"Feature","geometry":{"type":"Point","coordinates":[30.75943,50.397729]},"properties":{"lines":"105","color":"#0059a9","mode":"bus","arr":["105"],"angle":-48.7,"extra":1,"ei":5}},{"type":"Feature","geometry":{"type":"Point","coordinates":[30.758303,50.396907]},"properties":{"lines":"105","color":"#0059a9","mode":"bus","arr":["105"],"angle":27.3,"mi":2}},{"type":"Feature","geometry":{"type":"Point","coordinates":[30.757616,50.394748]},"properties":{"lines":"105","color":"#0059a9","mode":"bus","arr":["105"],"angle":-85.5}},{"type":"Feature","geometry":{"type":"Point","coordinates":[30.742934,50.397079]},"properties":{"lines":"105","color":"#0059a9","mode":"bus","arr":["105"],"angle":33.5,"mi":5}},{"type":"Feature","geometry":{"type":"Point","coordinates":[30.754239,50.387785]},"properties":{"lines":"105","color":"#0059a9","mode":"bus","arr":["105"],"angle":15,"mi":4}},{"type":"Feature","geometry":{"type":"Point","coordinates":[30.748118,50.388829]},"properties":{"lines":"105","color":"#0059a9","mode":"bus","arr":["105"],"angle":-0.5,"extra":1,"ei":0}},{"type":"Feature","geometry":{"type":"Point","coordinates":[30.750986,50.388456]},"properties":{"lines":"105","color":"#0059a9","mode":"bus","arr":["105"],"angle":19.2,"extra":1,"ei":1}},{"type":"Feature","geometry":{"type":"Point","coordinates":[30.756698,50.387554]},"properties":{"lines":"105","color":"#0059a9","mode":"bus","arr":["105"],"angle":-3.3,"extra":1,"ei":2}},{"type":"Feature","geometry":{"type":"Point","coordinates":[30.757609,50.388933]},"properties":{"lines":"105","color":"#0059a9","mode":"bus","arr":["105"],"angle":83.1,"extra":1,"ei":3}},{"type":"Feature","geometry":{"type":"Point","coordinates":[30.757611,50.393553]},"properties":{"lines":"105","color":"#0059a9","mode":"bus","arr":["105"],"angle":-70.9,"mi":1}},{"type":"Feature","geometry":{"type":"Point","coordinates":[30.757274,50.391772]},"properties":{"lines":"105","color":"#0059a9","mode":"bus","arr":["105"],"angle":87,"extra":1,"ei":0}},{"type":"Feature","geometry":{"type":"Point","coordinates":[30.757982,50.395462]},"properties":{"lines":"105","color":"#0059a9","mode":"bus","arr":["105"],"angle":87.8,"extra":1,"ei":1}},{"type":"Feature","geometry":{"type":"Point","coordinates":[30.719392,50.399328]},"properties":{"lines":"105","color":"#0059a9","mode":"bus","arr":["105"],"angle":9.4,"side":-1}},{"type":"Feature","geometry":{"type":"Point","coordinates":[30.754692,50.394311]},"properties":{"lines":"105","color":"#0059a9","mode":"bus","arr":["105"],"angle":18.6,"extra":1,"ei":0}},{"type":"Feature","geometry":{"type":"Point","coordinates":[30.751886,50.394918]},"properties":{"lines":"105","color":"#0059a9","mode":"bus","arr":["105"],"angle":19.3,"extra":1,"ei":1}},{"type":"Feature","geometry":{"type":"Point","coordinates":[30.749089,50.395542]},"properties":{"lines":"105","color":"#0059a9","mode":"bus","arr":["105"],"angle":19.3,"extra":1,"ei":2}},{"type":"Feature","geometry":{"type":"Point","coordinates":[30.746292,50.396167]},"properties":{"lines":"105","color":"#0059a9","mode":"bus","arr":["105"],"angle":19.3,"extra":1,"ei":3}},{"type":"Feature","geometry":{"type":"Point","coordinates":[30.739866,50.397326]},"properties":{"lines":"105","color":"#0059a9","mode":"bus","arr":["105"],"angle":9.9,"extra":1,"ei":0}},{"type":"Feature","geometry":{"type":"Point","coordinates":[30.736946,50.397649]},"properties":{"lines":"105","color":"#0059a9","mode":"bus","arr":["105"],"angle":9.9,"extra":1,"ei":1}},{"type":"Feature","geometry":{"type":"Point","coordinates":[30.734025,50.397969]},"properties":{"lines":"105","color":"#0059a9","mode":"bus","arr":["105"],"angle":9.4,"extra":1,"ei":2}},{"type":"Feature","geometry":{"type":"Point","coordinates":[30.731101,50.398277]},"properties":{"lines":"105","color":"#0059a9","mode":"bus","arr":["105"],"angle":9.4,"extra":1,"ei":3}},{"type":"Feature","geometry":{"type":"Point","coordinates":[30.728177,50.398585]},"properties":{"lines":"105","color":"#0059a9","mode":"bus","arr":["105"],"angle":9.4,"extra":1,"ei":4}},{"type":"Feature","geometry":{"type":"Point","coordinates":[30.725253,50.398893]},"properties":{"lines":"105","color":"#0059a9","mode":"bus","arr":["105"],"angle":9.4,"extra":1,"ei":5}},{"type":"Feature","geometry":{"type":"Point","coordinates":[30.722329,50.3992]},"properties":{"lines":"105","color":"#0059a9","mode":"bus","arr":["105"],"angle":9.4,"extra":1,"ei":6}},{"type":"Feature","geometry":{"type":"Point","coordinates":[30.716481,50.399816]},"properties":{"lines":"105","color":"#0059a9","mode":"bus","arr":["105"],"angle":9.4,"extra":1,"ei":7}},{"type":"Feature","geometry":{"type":"Point","coordinates":[30.713557,50.400124]},"properties":{"lines":"105","color":"#0059a9","mode":"bus","arr":["105"],"angle":9.4,"extra":1,"ei":8}},{"type":"Feature","geometry":{"type":"Point","coordinates":[30.710633,50.400432]},"properties":{"lines":"105","color":"#0059a9","mode":"bus","arr":["105"],"angle":9.4,"extra":1,"ei":9}},{"type":"Feature","geometry":{"type":"Point","coordinates":[30.707709,50.40074]},"properties":{"lines":"105","color":"#0059a9","mode":"bus","arr":["105"],"angle":9.4,"extra":1,"ei":10}},{"type":"Feature","geometry":{"type":"Point","coordinates":[30.704785,50.401048]},"properties":{"lines":"105","color":"#0059a9","mode":"bus","arr":["105"],"angle":9.4,"extra":1,"ei":11}},{"type":"Feature","geometry":{"type":"Point","coordinates":[30.701861,50.401356]},"properties":{"lines":"105","color":"#0059a9","mode":"bus","arr":["105"],"angle":9.4,"extra":1,"ei":12}},{"type":"Feature","geometry":{"type":"Point","coordinates":[30.698937,50.401664]},"properties":{"lines":"105","color":"#0059a9","mode":"bus","arr":["105"],"angle":9.4,"extra":1,"ei":13}},{"type":"Feature","geometry":{"type":"Point","coordinates":[30.696005,50.401936]},"properties":{"lines":"105","color":"#0059a9","mode":"bus","arr":["105"],"angle":7.6,"extra":1,"ei":14}},{"type":"Feature","geometry":{"type":"Point","coordinates":[30.693056,50.402105]},"properties":{"lines":"105","color":"#0059a9","mode":"bus","arr":["105"],"angle":3.1,"extra":1,"ei":15}},{"type":"Feature","geometry":{"type":"Point","coordinates":[30.690096,50.402209]},"properties":{"lines":"105","color":"#0059a9","mode":"bus","arr":["105"],"angle":3.1,"extra":1,"ei":16}},{"type":"Feature","geometry":{"type":"Point","coordinates":[30.687137,50.402313]},"properties":{"lines":"105","color":"#0059a9","mode":"bus","arr":["105"],"angle":3.1,"extra":1,"ei":17}},{"type":"Feature","geometry":{"type":"Point","coordinates":[30.742065,50.396856]},"properties":{"lines":"105","color":"#0059a9","mode":"bus","arr":["105"],"angle":13.9,"extra":1,"ei":0,"side":-1}},{"type":"Feature","geometry":{"type":"Point","coordinates":[30.686425,50.404302]},"properties":{"lines":"105","color":"#0059a9","mode":"bus","arr":["105"],"angle":-41.2,"side":-1,"mi":2}},{"type":"Feature","geometry":{"type":"Point","coordinates":[30.680112,50.406752]},"properties":{"lines":"105","color":"#0059a9","mode":"bus","arr":["105"],"angle":41.5,"side":-1}},{"type":"Feature","geometry":{"type":"Point","coordinates":[30.6842,50.404438]},"properties":{"lines":"105","color":"#0059a9","mode":"bus","arr":["105"],"angle":40.9,"extra":1,"ei":0,"side":-1}},{"type":"Feature","geometry":{"type":"Point","coordinates":[30.681979,50.405689]},"properties":{"lines":"105","color":"#0059a9","mode":"bus","arr":["105"],"angle":42.3,"extra":1,"ei":1,"side":-1}},{"type":"Feature","geometry":{"type":"Point","coordinates":[30.67756,50.408203]},"properties":{"lines":"105","color":"#0059a9","mode":"bus","arr":["105"],"angle":43.5,"extra":1,"ei":2,"side":-1}},{"type":"Feature","geometry":{"type":"Point","coordinates":[30.675337,50.409452]},"properties":{"lines":"105","color":"#0059a9","mode":"bus","arr":["105"],"angle":41.8,"extra":1,"ei":3,"side":-1}},{"type":"Feature","geometry":{"type":"Point","coordinates":[30.673965,50.409024]},"properties":{"lines":"105","color":"#0059a9","mode":"bus","arr":["105"],"angle":-47.6,"mi":3}},{"type":"Feature","geometry":{"type":"Point","coordinates":[30.656428,50.408685]},"properties":{"lines":"105, 108, 109","color":"#0059a9","mode":"bus","arr":["105","108","109"],"angle":24.7}},{"type":"Feature","geometry":{"type":"Point","coordinates":[30.648025,50.414769]},"properties":{"lines":"105, 108, 109","color":"#0059a9","mode":"bus","arr":["105","108","109"],"angle":-45.2,"mi":1}},{"type":"Feature","geometry":{"type":"Point","coordinates":[30.683158,50.402334]},"properties":{"lines":"105","color":"#0059a9","mode":"bus","arr":["105"],"angle":6.6,"mi":1}},{"type":"Feature","geometry":{"type":"Point","coordinates":[30.624994,50.415996]},"properties":{"lines":"108","color":"#0059a9","mode":"bus","arr":["108"],"angle":64.8,"mi":2}},{"type":"Feature","geometry":{"type":"Point","coordinates":[30.625425,50.41345]},"properties":{"lines":"108","color":"#0059a9","mode":"bus","arr":["108"],"angle":-35.8}},{"type":"Feature","geometry":{"type":"Point","coordinates":[30.628386,50.40977]},"properties":{"lines":"108","color":"#0059a9","mode":"bus","arr":["108"],"angle":-75.2,"mi":3}},{"type":"Feature","geometry":{"type":"Point","coordinates":[30.592508,50.428622]},"properties":{"lines":"108, 109","color":"#0059a9","mode":"bus","arr":["108","109"],"angle":-85.7}},{"type":"Feature","geometry":{"type":"Point","coordinates":[30.592457,50.431505]},"properties":{"lines":"108, 109","color":"#0059a9","mode":"bus","arr":["108","109"],"angle":-88,"mi":1}},{"type":"Feature","geometry":{"type":"Point","coordinates":[30.623814,50.415308]},"properties":{"lines":"108","color":"#0059a9","mode":"bus","arr":["108"],"angle":68.8,"mi":1}},{"type":"Feature","geometry":{"type":"Point","coordinates":[30.622951,50.416728]},"properties":{"lines":"108","color":"#0059a9","mode":"bus","arr":["108"],"angle":68.9,"extra":1,"ei":0}},{"type":"Feature","geometry":{"type":"Point","coordinates":[30.625103,50.413209]},"properties":{"lines":"108","color":"#0059a9","mode":"bus","arr":["108"],"angle":68.5,"extra":1,"ei":1,"side":-1}},{"type":"Feature","geometry":{"type":"Point","coordinates":[30.515712,50.445661]},"properties":{"lines":"109","color":"#0059a9","mode":"bus","arr":["109"],"angle":14.3}},{"type":"Feature","geometry":{"type":"Point","coordinates":[30.519617,50.445029]},"properties":{"lines":"109","color":"#0059a9","mode":"bus","arr":["109"],"angle":14.3,"mi":2}},{"type":"Feature","geometry":{"type":"Point","coordinates":[30.517706,50.445339]},"properties":{"lines":"109","color":"#0059a9","mode":"bus","arr":["109"],"angle":14.2,"extra":1,"ei":0}},{"type":"Feature","geometry":{"type":"Point","coordinates":[30.519029,50.440391]},"properties":{"lines":"109, 110, 111, 4, 5, 7, 8, 17","color":"#0059a9","mode":"bus","arr":["109","110","111","Тб4","Тб5","Тб7","Тб8","Тб17"],"tLines":"4, 5, 7, 8, 17","ntLines":"109, 110, 111","angle":-35.1,"mi":2}},{"type":"Feature","geometry":{"type":"Point","coordinates":[30.517701,50.439802]},"properties":{"lines":"109, 110, 111, 4, 7, 17","color":"#0059a9","mode":"bus","arr":["109","110","111","Тб4","Тб7","Тб17"],"tLines":"4, 7, 17","ntLines":"109, 110, 111","angle":-35.4}},{"type":"Feature","geometry":{"type":"Point","coordinates":[30.516065,50.437769]},"properties":{"lines":"109","color":"#0059a9","mode":"bus","arr":["109"],"angle":89.9,"mi":3}},{"type":"Feature","geometry":{"type":"Point","coordinates":[30.512368,50.440174]},"properties":{"lines":"109, 110, 111, 4, 5, 7, 8, 17","color":"#0059a9","mode":"bus","arr":["109","110","111","Тб4","Тб5","Тб7","Тб8","Тб17"],"tLines":"4, 5, 7, 8, 17","ntLines":"109, 110, 111","angle":14.9}},{"type":"Feature","geometry":{"type":"Point","coordinates":[30.511744,50.441933]},"properties":{"lines":"109, 110, 111, 4, 5, 7, 8, 17","color":"#0059a9","mode":"bus","arr":["109","110","111","Тб4","Тб5","Тб7","Тб8","Тб17"],"tLines":"4, 5, 7, 8, 17","ntLines":"109, 110, 111","angle":-75.4,"mi":1}},{"type":"Feature","geometry":{"type":"Point","coordinates":[30.512234,50.443116]},"properties":{"lines":"109, 110, 111, 4, 5, 7, 8, 17","color":"#0059a9","mode":"bus","arr":["109","110","111","Тб4","Тб5","Тб7","Тб8","Тб17"],"tLines":"4, 5, 7, 8, 17","ntLines":"109, 110, 111","angle":-75.2,"extra":1,"ei":0}},{"type":"Feature","geometry":{"type":"Point","coordinates":[30.51294,50.444872]},"properties":{"lines":"109","color":"#0059a9","mode":"bus","arr":["109"],"angle":-75.5,"mi":1}},{"type":"Feature","geometry":{"type":"Point","coordinates":[30.526067,50.462272]},"properties":{"lines":"110, 114","color":"#0059a9","mode":"bus","arr":["110","114"],"angle":80.7,"mi":1}},{"type":"Feature","geometry":{"type":"Point","coordinates":[30.526035,50.460107]},"properties":{"lines":"110, 114","color":"#0059a9","mode":"bus","arr":["110","114"],"angle":-47.1}},{"type":"Feature","geometry":{"type":"Point","coordinates":[30.525579,50.463701]},"properties":{"lines":"110, 114, 115","color":"#0059a9","mode":"bus","arr":["110","114","115"],"angle":81}},{"type":"Feature","geometry":{"type":"Point","coordinates":[30.524789,50.466993]},"properties":{"lines":"110, 115","color":"#0059a9","mode":"bus","arr":["110","115"],"angle":81}},{"type":"Feature","geometry":{"type":"Point","coordinates":[30.525285,50.464987]},"properties":{"lines":"110, 115","color":"#0059a9","mode":"bus","arr":["110","115"],"angle":81.3,"extra":1,"ei":0}},{"type":"Feature","geometry":{"type":"Point","coordinates":[30.524361,50.468718]},"properties":{"lines":"110, 115","color":"#0059a9","mode":"bus","arr":["110","115"],"angle":80.3,"extra":1,"ei":1}},{"type":"Feature","geometry":{"type":"Point","coordinates":[30.522742,50.470193]},"properties":{"lines":"110","color":"#0059a9","mode":"bus","arr":["110"],"angle":44}},{"type":"Feature","geometry":{"type":"Point","coordinates":[30.520784,50.469812]},"properties":{"lines":"115","color":"#0059a9","mode":"bus","arr":["115"],"angle":-45.9,"mi":4}},{"type":"Feature","geometry":{"type":"Point","coordinates":[30.521267,50.470967]},"properties":{"lines":"110, 111, 112","color":"#0059a9","mode":"bus","arr":["110","111","112"],"angle":44.7}},{"type":"Feature","geometry":{"type":"Point","coordinates":[30.520888,50.471555]},"properties":{"lines":"110, 111, 112","color":"#0059a9","mode":"bus","arr":["110","111","112"],"angle":-46.2,"mi":1}},{"type":"Feature","geometry":{"type":"Point","coordinates":[30.543084,50.471144]},"properties":{"lines":"110, 111, 112","color":"#0059a9","mode":"bus","arr":["110","111","112"],"angle":-0.5,"side":-1}},{"type":"Feature","geometry":{"type":"Point","coordinates":[30.522182,50.472419]},"properties":{"lines":"110, 111, 112","color":"#0059a9","mode":"bus","arr":["110","111","112"],"angle":-46.3,"extra":1,"ei":0}},{"type":"Feature","geometry":{"type":"Point","coordinates":[30.524241,50.473778]},"properties":{"lines":"110, 111, 112","color":"#0059a9","mode":"bus","arr":["110","111","112"],"angle":-44.3,"extra":1,"ei":1}},{"type":"Feature","geometry":{"type":"Point","coordinates":[30.526905,50.474423]},"properties":{"lines":"110, 111, 112","color":"#0059a9","mode":"bus","arr":["110","111","112"],"angle":1.8,"extra":1,"ei":2}},{"type":"Feature","geometry":{"type":"Point","coordinates":[30.529825,50.474117]},"properties":{"lines":"110, 111, 112","color":"#0059a9","mode":"bus","arr":["110","111","112"],"angle":14,"extra":1,"ei":3}},{"type":"Feature","geometry":{"type":"Point","coordinates":[30.532565,50.473406]},"properties":{"lines":"110, 111, 112","color":"#0059a9","mode":"bus","arr":["110","111","112"],"angle":24.4,"extra":1,"ei":4,"side":-1}},{"type":"Feature","geometry":{"type":"Point","coordinates":[30.535261,50.472622]},"properties":{"lines":"110, 111, 112","color":"#0059a9","mode":"bus","arr":["110","111","112"],"angle":24.5,"extra":1,"ei":5,"side":-1}},{"type":"Feature","geometry":{"type":"Point","coordinates":[30.537964,50.471848]},"properties":{"lines":"110, 111, 112","color":"#0059a9","mode":"bus","arr":["110","111","112"],"angle":24.4,"extra":1,"ei":6,"side":-1}},{"type":"Feature","geometry":{"type":"Point","coordinates":[30.540752,50.471229]},"properties":{"lines":"110, 111, 112","color":"#0059a9","mode":"bus","arr":["110","111","112"],"angle":9.9,"extra":1,"ei":7,"side":-1}},{"type":"Feature","geometry":{"type":"Point","coordinates":[30.54667,50.471167]},"properties":{"lines":"110, 111, 112","color":"#0059a9","mode":"bus","arr":["110","111","112"],"angle":-1.4,"extra":1,"ei":8,"side":-1}},{"type":"Feature","geometry":{"type":"Point","coordinates":[30.549572,50.471497]},"properties":{"lines":"110, 111, 112","color":"#0059a9","mode":"bus","arr":["110","111","112"],"angle":-19.3,"extra":1,"ei":9,"side":-1}},{"type":"Feature","geometry":{"type":"Point","coordinates":[30.552239,50.472314]},"properties":{"lines":"110, 111, 112","color":"#0059a9","mode":"bus","arr":["110","111","112"],"angle":-28,"extra":1,"ei":10,"side":-1}},{"type":"Feature","geometry":{"type":"Point","coordinates":[30.554856,50.473201]},"properties":{"lines":"110, 111, 112","color":"#0059a9","mode":"bus","arr":["110","111","112"],"angle":-28,"extra":1,"ei":11,"side":-1}},{"type":"Feature","geometry":{"type":"Point","coordinates":[30.557473,50.474087]},"properties":{"lines":"110, 111, 112","color":"#0059a9","mode":"bus","arr":["110","111","112"],"angle":-28,"extra":1,"ei":12,"side":-1}},{"type":"Feature","geometry":{"type":"Point","coordinates":[30.560073,50.474993]},"properties":{"lines":"110, 111, 112","color":"#0059a9","mode":"bus","arr":["110","111","112"],"angle":-28.8,"extra":1,"ei":13,"side":-1}},{"type":"Feature","geometry":{"type":"Point","coordinates":[30.562674,50.475899]},"properties":{"lines":"110, 111, 112","color":"#0059a9","mode":"bus","arr":["110","111","112"],"angle":-28.5,"extra":1,"ei":14,"side":-1}},{"type":"Feature","geometry":{"type":"Point","coordinates":[30.565274,50.476805]},"properties":{"lines":"110, 111, 112","color":"#0059a9","mode":"bus","arr":["110","111","112"],"angle":-28.9,"extra":1,"ei":15,"side":-1}},{"type":"Feature","geometry":{"type":"Point","coordinates":[30.526274,50.474515]},"properties":{"lines":"110, 112","color":"#0059a9","mode":"bus","arr":["110","112"],"angle":9}},{"type":"Feature","geometry":{"type":"Point","coordinates":[30.569249,50.47801]},"properties":{"lines":"110, 111, 112","color":"#0059a9","mode":"bus","arr":["110","111","112"],"angle":-29.1}},{"type":"Feature","geometry":{"type":"Point","coordinates":[30.566888,50.477175]},"properties":{"lines":"110, 111, 112","color":"#0059a9","mode":"bus","arr":["110","111","112"],"angle":-23.6,"extra":1,"ei":0}},{"type":"Feature","geometry":{"type":"Point","coordinates":[30.572199,50.478835]},"properties":{"lines":"110, 111, 112","color":"#0059a9","mode":"bus","arr":["110","111","112"],"angle":-23.5,"extra":1,"ei":1}},{"type":"Feature","geometry":{"type":"Point","coordinates":[30.574515,50.480032]},"properties":{"lines":"112","color":"#0059a9","mode":"bus","arr":["112"],"angle":-31.9,"side":-1,"mi":3}},{"type":"Feature","geometry":{"type":"Point","coordinates":[30.597576,50.490309]},"properties":{"lines":"112","color":"#0059a9","mode":"bus","arr":["112"],"angle":-12.2,"side":-1,"mi":3}},{"type":"Feature","geometry":{"type":"Point","coordinates":[30.606318,50.488447]},"properties":{"lines":"112","color":"#0059a9","mode":"bus","arr":["112"],"angle":27.8,"side":-1}},{"type":"Feature","geometry":{"type":"Point","coordinates":[30.606648,50.487455]},"properties":{"lines":"112","color":"#0059a9","mode":"bus","arr":["112"],"angle":-18.8,"mi":2}},{"type":"Feature","geometry":{"type":"Point","coordinates":[30.597371,50.531921]},"properties":{"lines":"110","color":"#0059a9","mode":"bus","arr":["110"],"angle":2.6,"side":-1}},{"type":"Feature","geometry":{"type":"Point","coordinates":[30.568865,50.478489]},"properties":{"lines":"110, 111","color":"#0059a9","mode":"bus","arr":["110","111"],"angle":-28.1}},{"type":"Feature","geometry":{"type":"Point","coordinates":[30.571081,50.479444]},"properties":{"lines":"110, 111","color":"#0059a9","mode":"bus","arr":["110","111"],"angle":-36.2,"extra":1,"ei":0}},{"type":"Feature","geometry":{"type":"Point","coordinates":[30.566073,50.477443]},"properties":{"lines":"110, 111","color":"#0059a9","mode":"bus","arr":["110","111"],"angle":-38.8,"extra":1,"ei":1}},{"type":"Feature","geometry":{"type":"Point","coordinates":[30.548699,50.471476]},"properties":{"lines":"110, 111","color":"#0059a9","mode":"bus","arr":["110","111"],"angle":-14.8}},{"type":"Feature","geometry":{"type":"Point","coordinates":[30.564065,50.476616]},"properties":{"lines":"110, 111","color":"#0059a9","mode":"bus","arr":["110","111"],"angle":-29.1,"extra":1,"ei":0}},{"type":"Feature","geometry":{"type":"Point","coordinates":[30.561468,50.475706]},"properties":{"lines":"110, 111","color":"#0059a9","mode":"bus","arr":["110","111"],"angle":-28.8,"extra":1,"ei":1}},{"type":"Feature","geometry":{"type":"Point","coordinates":[30.558872,50.474795]},"properties":{"lines":"110, 111","color":"#0059a9","mode":"bus","arr":["110","111"],"angle":-28.8,"extra":1,"ei":2}},{"type":"Feature","geometry":{"type":"Point","coordinates":[30.556272,50.473889]},"properties":{"lines":"110, 111","color":"#0059a9","mode":"bus","arr":["110","111"],"angle":-28.5,"extra":1,"ei":3}},{"type":"Feature","geometry":{"type":"Point","coordinates":[30.553668,50.472987]},"properties":{"lines":"110, 111","color":"#0059a9","mode":"bus","arr":["110","111"],"angle":-28.5,"extra":1,"ei":4}},{"type":"Feature","geometry":{"type":"Point","coordinates":[30.551058,50.472093]},"properties":{"lines":"110, 111","color":"#0059a9","mode":"bus","arr":["110","111"],"angle":-27.7,"extra":1,"ei":5}},{"type":"Feature","geometry":{"type":"Point","coordinates":[30.545349,50.471309]},"properties":{"lines":"110, 111","color":"#0059a9","mode":"bus","arr":["110","111"],"angle":0,"extra":1,"ei":6}},{"type":"Feature","geometry":{"type":"Point","coordinates":[30.542385,50.471301]},"properties":{"lines":"110, 111","color":"#0059a9","mode":"bus","arr":["110","111"],"angle":0.6,"extra":1,"ei":7}},{"type":"Feature","geometry":{"type":"Point","coordinates":[30.539484,50.471624]},"properties":{"lines":"110, 111","color":"#0059a9","mode":"bus","arr":["110","111"],"angle":20,"extra":1,"ei":8}},{"type":"Feature","geometry":{"type":"Point","coordinates":[30.536771,50.472383]},"properties":{"lines":"110, 111","color":"#0059a9","mode":"bus","arr":["110","111"],"angle":24.1,"extra":1,"ei":9}},{"type":"Feature","geometry":{"type":"Point","coordinates":[30.534064,50.473151]},"properties":{"lines":"110, 111","color":"#0059a9","mode":"bus","arr":["110","111"],"angle":24,"extra":1,"ei":10}},{"type":"Feature","geometry":{"type":"Point","coordinates":[30.531475,50.474039]},"properties":{"lines":"110, 111","color":"#0059a9","mode":"bus","arr":["110","111"],"angle":31.9,"extra":1,"ei":11}},{"type":"Feature","geometry":{"type":"Point","coordinates":[30.530506,50.474291]},"properties":{"lines":"111, 112","color":"#0059a9","mode":"bus","arr":["111","112"],"angle":22}},{"type":"Feature","geometry":{"type":"Point","coordinates":[30.530322,50.475317]},"properties":{"lines":"111","color":"#0059a9","mode":"bus","arr":["111"],"angle":-24.7,"side":-1}},{"type":"Feature","geometry":{"type":"Point","coordinates":[30.533622,50.474477]},"properties":{"lines":"111, 114","color":"#0059a9","mode":"bus","arr":["111","114"],"angle":-55.4}},{"type":"Feature","geometry":{"type":"Point","coordinates":[30.531139,50.47235]},"properties":{"lines":"110, 111, 112, 114","color":"#0059a9","mode":"bus","arr":["110","111","112","114"],"angle":-52.3,"mi":2}},{"type":"Feature","geometry":{"type":"Point","coordinates":[30.532376,50.473388]},"properties":{"lines":"110, 111, 112, 114","color":"#0059a9","mode":"bus","arr":["110","111","112","114"],"angle":-53.3,"extra":1,"ei":0}},{"type":"Feature","geometry":{"type":"Point","coordinates":[30.527234,50.469313]},"properties":{"lines":"110, 111, 112, 114","color":"#0059a9","mode":"bus","arr":["110","111","112","114"],"angle":-49.2}},{"type":"Feature","geometry":{"type":"Point","coordinates":[30.524972,50.467618]},"properties":{"lines":"110, 111, 112, 114","color":"#0059a9","mode":"bus","arr":["110","111","112","114"],"angle":-53.1,"mi":1}},{"type":"Feature","geometry":{"type":"Point","coordinates":[30.525334,50.463852]},"properties":{"lines":"110, 111, 114, 115","color":"#0059a9","mode":"bus","arr":["110","111","114","115"],"angle":82.8,"side":-1}},{"type":"Feature","geometry":{"type":"Point","coordinates":[30.524846,50.466198]},"properties":{"lines":"110, 111, 114, 115","color":"#0059a9","mode":"bus","arr":["110","111","114","115"],"angle":82,"extra":1,"ei":0,"side":-1}},{"type":"Feature","geometry":{"type":"Point","coordinates":[30.525625,50.462453]},"properties":{"lines":"110, 111, 114, 115","color":"#0059a9","mode":"bus","arr":["110","111","114","115"],"angle":82.2,"extra":1,"ei":1,"side":-1}},{"type":"Feature","geometry":{"type":"Point","coordinates":[30.526004,50.46058]},"properties":{"lines":"110, 111, 114, 115","color":"#0059a9","mode":"bus","arr":["110","111","114","115"],"angle":83.3,"extra":1,"ei":2,"side":-1}},{"type":"Feature","geometry":{"type":"Point","coordinates":[30.525302,50.459889]},"properties":{"lines":"110, 111, 114","color":"#0059a9","mode":"bus","arr":["110","111","114"],"angle":-43}},{"type":"Feature","geometry":{"type":"Point","coordinates":[30.516296,50.439449]},"properties":{"lines":"110, 5","color":"#0059a9","mode":"bus","arr":["110","Тб5"],"tLines":"5","ntLines":"110","angle":17.7,"side":-1}},{"type":"Feature","geometry":{"type":"Point","coordinates":[30.514888,50.439763]},"properties":{"lines":"4, 8","color":"#149a3f","mode":"bus","arr":["Тб4","Тб8"],"angle":14.9}},{"type":"Feature","geometry":{"type":"Point","coordinates":[30.52606,50.460241]},"properties":{"lines":"111, 115","color":"#0059a9","mode":"bus","arr":["111","115"],"angle":84.1,"side":-1}},{"type":"Feature","geometry":{"type":"Point","coordinates":[30.524043,50.4691]},"properties":{"lines":"111, 112, 115","color":"#0059a9","mode":"bus","arr":["111","112","115"],"angle":70.8,"side":-1}},{"type":"Feature","geometry":{"type":"Point","coordinates":[30.516534,50.439473]},"properties":{"lines":"111, 4, 8","color":"#0059a9","mode":"bus","arr":["111","Тб4","Тб8"],"tLines":"4, 8","ntLines":"111","angle":17}},{"type":"Feature","geometry":{"type":"Point","coordinates":[30.48634,50.458148]},"properties":{"lines":"112, 119","color":"#0059a9","mode":"bus","arr":["112","119"],"angle":-77.7,"side":-1,"mi":1}},{"type":"Feature","geometry":{"type":"Point","coordinates":[30.487431,50.459904]},"properties":{"lines":"112, 119","color":"#0059a9","mode":"bus","arr":["112","119"],"angle":-51.6}},{"type":"Feature","geometry":{"type":"Point","coordinates":[30.509785,50.464283]},"properties":{"lines":"112, 119","color":"#0059a9","mode":"bus","arr":["112","119"],"angle":-45.7,"side":-1}},{"type":"Feature","geometry":{"type":"Point","coordinates":[30.511861,50.465627]},"properties":{"lines":"112, 119","color":"#0059a9","mode":"bus","arr":["112","119"],"angle":-46.6,"extra":1,"ei":0,"side":-1}},{"type":"Feature","geometry":{"type":"Point","coordinates":[30.507711,50.46293]},"properties":{"lines":"112, 119","color":"#0059a9","mode":"bus","arr":["112","119"],"angle":-44.7,"extra":1,"ei":1,"side":-1}},{"type":"Feature","geometry":{"type":"Point","coordinates":[30.526219,50.460744]},"properties":{"lines":"115","color":"#0059a9","mode":"bus","arr":["115"],"angle":83.9,"mi":3}},{"type":"Feature","geometry":{"type":"Point","coordinates":[30.525875,50.462378]},"properties":{"lines":"114, 115","color":"#0059a9","mode":"bus","arr":["114","115"],"angle":82.2}},{"type":"Feature","geometry":{"type":"Point","coordinates":[30.525172,50.466082]},"properties":{"lines":"114","color":"#0059a9","mode":"bus","arr":["114"],"angle":82.1}},{"type":"Feature","geometry":{"type":"Point","coordinates":[30.528766,50.487869]},"properties":{"lines":"114","color":"#0059a9","mode":"bus","arr":["114"],"angle":-57.4,"side":-1}},{"type":"Feature","geometry":{"type":"Point","coordinates":[30.524245,50.488907]},"properties":{"lines":"114","color":"#0059a9","mode":"bus","arr":["114"],"angle":-73.9,"mi":1}},{"type":"Feature","geometry":{"type":"Point","coordinates":[30.527379,50.469245]},"properties":{"lines":"114","color":"#0059a9","mode":"bus","arr":["114"],"angle":-49.6,"side":-1,"mi":1}},{"type":"Feature","geometry":{"type":"Point","coordinates":[30.53779,50.4802]},"properties":{"lines":"114","color":"#0059a9","mode":"bus","arr":["114"],"angle":-77.8,"side":-1}},{"type":"Feature","geometry":{"type":"Point","coordinates":[30.530021,50.471265]},"properties":{"lines":"114","color":"#0059a9","mode":"bus","arr":["114"],"angle":-51.3,"extra":1,"ei":0,"side":-1}},{"type":"Feature","geometry":{"type":"Point","coordinates":[30.531872,50.47274]},"properties":{"lines":"114","color":"#0059a9","mode":"bus","arr":["114"],"angle":-52.5,"extra":1,"ei":1,"side":-1}},{"type":"Feature","geometry":{"type":"Point","coordinates":[30.53361,50.47427]},"properties":{"lines":"114","color":"#0059a9","mode":"bus","arr":["114"],"angle":-54.1,"extra":1,"ei":2,"side":-1}},{"type":"Feature","geometry":{"type":"Point","coordinates":[30.535159,50.475877]},"properties":{"lines":"114","color":"#0059a9","mode":"bus","arr":["114"],"angle":-63.7,"extra":1,"ei":3,"side":-1}},{"type":"Feature","geometry":{"type":"Point","coordinates":[30.536363,50.477603]},"properties":{"lines":"114","color":"#0059a9","mode":"bus","arr":["114"],"angle":-66.4,"extra":1,"ei":4,"side":-1}},{"type":"Feature","geometry":{"type":"Point","coordinates":[30.538144,50.48309]},"properties":{"lines":"114","color":"#0059a9","mode":"bus","arr":["114"],"angle":86.5,"extra":1,"ei":5}},{"type":"Feature","geometry":{"type":"Point","coordinates":[30.537041,50.484798]},"properties":{"lines":"114","color":"#0059a9","mode":"bus","arr":["114"],"angle":51.6,"extra":1,"ei":6}},{"type":"Feature","geometry":{"type":"Point","coordinates":[30.534728,50.485918]},"properties":{"lines":"114","color":"#0059a9","mode":"bus","arr":["114"],"angle":16,"extra":1,"ei":7}},{"type":"Feature","geometry":{"type":"Point","coordinates":[30.531827,50.485789]},"properties":{"lines":"114","color":"#0059a9","mode":"bus","arr":["114"],"angle":-10.8,"extra":1,"ei":8}},{"type":"Feature","geometry":{"type":"Point","coordinates":[30.529009,50.486155]},"properties":{"lines":"114","color":"#0059a9","mode":"bus","arr":["114"],"angle":35.4,"extra":1,"ei":9}},{"type":"Feature","geometry":{"type":"Point","coordinates":[30.527363,50.487196]},"properties":{"lines":"114","color":"#0059a9","mode":"bus","arr":["114"],"angle":54.6,"extra":1,"ei":0}},{"type":"Feature","geometry":{"type":"Point","coordinates":[30.536956,50.478896]},"properties":{"lines":"114","color":"#0059a9","mode":"bus","arr":["114"],"angle":-70.2,"extra":1,"ei":1}},{"type":"Feature","geometry":{"type":"Point","coordinates":[30.619826,50.525311]},"properties":{"lines":"114, 30, 47, 50, 50к","color":"#0059a9","mode":"bus","arr":["114","Тб30","Тб47","Тб50","Тб50к"],"tLines":"30, 47, 50, 50к","ntLines":"114","angle":-85.9}},{"type":"Feature","geometry":{"type":"Point","coordinates":[30.620159,50.526854]},"properties":{"lines":"114, 30, 47, 50к","color":"#0059a9","mode":"bus","arr":["114","Тб30","Тб47","Тб50к"],"tLines":"30, 47, 50к","ntLines":"114","angle":-85.7,"side":-1}},{"type":"Feature","geometry":{"type":"Point","coordinates":[30.517764,50.465474]},"properties":{"lines":"115, 119","color":"#0059a9","mode":"bus","arr":["115","119"],"angle":44.1}},{"type":"Feature","geometry":{"type":"Point","coordinates":[30.520395,50.467741]},"properties":{"lines":"115","color":"#0059a9","mode":"bus","arr":["115"],"angle":-46,"mi":1}},{"type":"Feature","geometry":{"type":"Point","coordinates":[30.518374,50.46641]},"properties":{"lines":"115","color":"#0059a9","mode":"bus","arr":["115"],"angle":-45.7,"extra":1,"ei":0}},{"type":"Feature","geometry":{"type":"Point","coordinates":[30.522496,50.469124]},"properties":{"lines":"115","color":"#0059a9","mode":"bus","arr":["115"],"angle":-45.9,"extra":1,"ei":1}},{"type":"Feature","geometry":{"type":"Point","coordinates":[30.52629,50.459215]},"properties":{"lines":"115","color":"#0059a9","mode":"bus","arr":["115"],"angle":77.3,"side":-1,"mi":5}},{"type":"Feature","geometry":{"type":"Point","coordinates":[30.559208,50.440969]},"properties":{"lines":"115","color":"#0059a9","mode":"bus","arr":["115"],"angle":59.5,"side":-1,"mi":1}},{"type":"Feature","geometry":{"type":"Point","coordinates":[30.567943,50.424191]},"properties":{"lines":"115","color":"#0059a9","mode":"bus","arr":["115"],"angle":-23.9,"mi":1}},{"type":"Feature","geometry":{"type":"Point","coordinates":[30.568907,50.424812]},"properties":{"lines":"115","color":"#0059a9","mode":"bus","arr":["115"],"angle":59}},{"type":"Feature","geometry":{"type":"Point","coordinates":[30.526433,50.459231]},"properties":{"lines":"115","color":"#0059a9","mode":"bus","arr":["115"],"angle":77.9,"mi":6}},{"type":"Feature","geometry":{"type":"Point","coordinates":[30.553851,50.445692]},"properties":{"lines":"115","color":"#0059a9","mode":"bus","arr":["115"],"angle":48}},{"type":"Feature","geometry":{"type":"Point","coordinates":[30.527736,50.4579]},"properties":{"lines":"115","color":"#0059a9","mode":"bus","arr":["115"],"angle":41.8,"extra":1,"ei":0,"side":-1}},{"type":"Feature","geometry":{"type":"Point","coordinates":[30.529948,50.456643]},"properties":{"lines":"115","color":"#0059a9","mode":"bus","arr":["115"],"angle":41.3,"extra":1,"ei":1,"side":-1}},{"type":"Feature","geometry":{"type":"Point","coordinates":[30.532278,50.455481]},"properties":{"lines":"115","color":"#0059a9","mode":"bus","arr":["115"],"angle":33.3,"extra":1,"ei":2,"side":-1}},{"type":"Feature","geometry":{"type":"Point","coordinates":[30.53478,50.454469]},"properties":{"lines":"115","color":"#0059a9","mode":"bus","arr":["115"],"angle":31.6,"extra":1,"ei":3,"side":-1}},{"type":"Feature","geometry":{"type":"Point","coordinates":[30.537307,50.453482]},"properties":{"lines":"115","color":"#0059a9","mode":"bus","arr":["115"],"angle":31.5,"extra":1,"ei":4,"side":-1}},{"type":"Feature","geometry":{"type":"Point","coordinates":[30.539839,50.452501]},"properties":{"lines":"115","color":"#0059a9","mode":"bus","arr":["115"],"angle":31.6,"extra":1,"ei":5,"side":-1}},{"type":"Feature","geometry":{"type":"Point","coordinates":[30.542324,50.451472]},"properties":{"lines":"115","color":"#0059a9","mode":"bus","arr":["115"],"angle":35.2,"extra":1,"ei":6,"side":-1}},{"type":"Feature","geometry":{"type":"Point","coordinates":[30.544708,50.450351]},"properties":{"lines":"115","color":"#0059a9","mode":"bus","arr":["115"],"angle":38.1,"extra":1,"ei":7,"side":-1}},{"type":"Feature","geometry":{"type":"Point","coordinates":[30.54704,50.449186]},"properties":{"lines":"115","color":"#0059a9","mode":"bus","arr":["115"],"angle":38.2,"extra":1,"ei":8,"side":-1}},{"type":"Feature","geometry":{"type":"Point","coordinates":[30.54937,50.448019]},"properties":{"lines":"115","color":"#0059a9","mode":"bus","arr":["115"],"angle":38.2,"extra":1,"ei":9,"side":-1}},{"type":"Feature","geometry":{"type":"Point","coordinates":[30.5517,50.446852]},"properties":{"lines":"115","color":"#0059a9","mode":"bus","arr":["115"],"angle":39,"extra":1,"ei":10,"side":-1}},{"type":"Feature","geometry":{"type":"Point","coordinates":[30.55579,50.444126]},"properties":{"lines":"115","color":"#0059a9","mode":"bus","arr":["115"],"angle":49.2,"extra":1,"ei":11,"side":-1}},{"type":"Feature","geometry":{"type":"Point","coordinates":[30.557646,50.442655]},"properties":{"lines":"115","color":"#0059a9","mode":"bus","arr":["115"],"angle":53.8,"extra":1,"ei":12,"side":-1}},{"type":"Feature","geometry":{"type":"Point","coordinates":[30.56142,50.438761]},"properties":{"lines":"115","color":"#0059a9","mode":"bus","arr":["115"],"angle":58.7,"extra":1,"ei":0,"side":-1}},{"type":"Feature","geometry":{"type":"Point","coordinates":[30.563,50.437163]},"properties":{"lines":"115","color":"#0059a9","mode":"bus","arr":["115"],"angle":58,"extra":1,"ei":1,"side":-1}},{"type":"Feature","geometry":{"type":"Point","coordinates":[30.564234,50.435455]},"properties":{"lines":"115","color":"#0059a9","mode":"bus","arr":["115"],"angle":73.5,"extra":1,"ei":2,"side":-1}},{"type":"Feature","geometry":{"type":"Point","coordinates":[30.565093,50.433648]},"properties":{"lines":"115","color":"#0059a9","mode":"bus","arr":["115"],"angle":72.9,"extra":1,"ei":3,"side":-1}},{"type":"Feature","geometry":{"type":"Point","coordinates":[30.565882,50.431829]},"properties":{"lines":"115","color":"#0059a9","mode":"bus","arr":["115"],"angle":76.7,"extra":1,"ei":4,"side":-1}},{"type":"Feature","geometry":{"type":"Point","coordinates":[30.566589,50.429994]},"properties":{"lines":"115","color":"#0059a9","mode":"bus","arr":["115"],"angle":76.3,"extra":1,"ei":5,"side":-1}},{"type":"Feature","geometry":{"type":"Point","coordinates":[30.567257,50.428155]},"properties":{"lines":"115","color":"#0059a9","mode":"bus","arr":["115"],"angle":77,"extra":1,"ei":6,"side":-1}},{"type":"Feature","geometry":{"type":"Point","coordinates":[30.567956,50.426319]},"properties":{"lines":"115","color":"#0059a9","mode":"bus","arr":["115"],"angle":76.8,"extra":1,"ei":7,"side":-1}},{"type":"Feature","geometry":{"type":"Point","coordinates":[30.560678,50.439922]},"properties":{"lines":"115","color":"#0059a9","mode":"bus","arr":["115"],"angle":56.8,"extra":1,"ei":0}},{"type":"Feature","geometry":{"type":"Point","coordinates":[30.559066,50.441507]},"properties":{"lines":"115","color":"#0059a9","mode":"bus","arr":["115"],"angle":56.4,"extra":1,"ei":1}},{"type":"Feature","geometry":{"type":"Point","coordinates":[30.659362,50.429515]},"properties":{"lines":"115","color":"#0059a9","mode":"bus","arr":["115"],"angle":70.1,"mi":1}},{"type":"Feature","geometry":{"type":"Point","coordinates":[30.656592,50.428141]},"properties":{"lines":"115","color":"#0059a9","mode":"bus","arr":["115"],"angle":-21.3}},{"type":"Feature","geometry":{"type":"Point","coordinates":[30.65834,50.428566]},"properties":{"lines":"115","color":"#0059a9","mode":"bus","arr":["115"],"angle":-19.6,"extra":1,"ei":0}},{"type":"Feature","geometry":{"type":"Point","coordinates":[30.652193,50.429491]},"properties":{"lines":"115","color":"#0059a9","mode":"bus","arr":["115"],"angle":69.4,"side":-1,"mi":2}},{"type":"Feature","geometry":{"type":"Point","coordinates":[30.652936,50.428242]},"properties":{"lines":"115","color":"#0059a9","mode":"bus","arr":["115"],"angle":68.9,"extra":1,"ei":0,"side":-1}},{"type":"Feature","geometry":{"type":"Point","coordinates":[30.521132,50.468206]},"properties":{"lines":"115","color":"#0059a9","mode":"bus","arr":["115"],"angle":43.6,"mi":2}},{"type":"Feature","geometry":{"type":"Point","coordinates":[30.521776,50.466802]},"properties":{"lines":"115","color":"#0059a9","mode":"bus","arr":["115"],"angle":-46.2}},{"type":"Feature","geometry":{"type":"Point","coordinates":[30.480492,50.448735]},"properties":{"lines":"118д, 4, 5, 7, 23Д","color":"#0059a9","mode":"bus","arr":["118д","Тб4","Тб5","Тб7","Тб23Д"],"tLines":"4, 5, 7, 23Д","ntLines":"118д","angle":19}},{"type":"Feature","geometry":{"type":"Point","coordinates":[30.497724,50.446107]},"properties":{"lines":"118д, 4, 5, 7, 8, 17","color":"#0059a9","mode":"bus","arr":["118д","Тб4","Тб5","Тб7","Тб8","Тб17"],"tLines":"4, 5, 7, 8, 17","ntLines":"118д","angle":14.4}},{"type":"Feature","geometry":{"type":"Point","coordinates":[30.499668,50.445788]},"properties":{"lines":"118д, 4, 5, 7, 8, 17","color":"#0059a9","mode":"bus","arr":["118д","Тб4","Тб5","Тб7","Тб8","Тб17"],"tLines":"4, 5, 7, 8, 17","ntLines":"118д","angle":14.6,"extra":1,"ei":0}},{"type":"Feature","geometry":{"type":"Point","coordinates":[30.547687,50.41903]},"properties":{"lines":"118д","color":"#0059a9","mode":"bus","arr":["118д"],"angle":-38.5,"side":-1}},{"type":"Feature","geometry":{"type":"Point","coordinates":[30.547109,50.419023]},"properties":{"lines":"118д","color":"#0059a9","mode":"bus","arr":["118д"],"angle":-35.1,"mi":1}},{"type":"Feature","geometry":{"type":"Point","coordinates":[30.546508,50.418635]},"properties":{"lines":"118д","color":"#0059a9","mode":"bus","arr":["118д"],"angle":-21.5,"side":-1,"mi":2}},{"type":"Feature","geometry":{"type":"Point","coordinates":[30.571239,50.423973]},"properties":{"lines":"118д","color":"#0059a9","mode":"bus","arr":["118д"],"angle":-44,"side":-1}},{"type":"Feature","geometry":{"type":"Point","coordinates":[30.625049,50.443531]},"properties":{"lines":"118д","color":"#0059a9","mode":"bus","arr":["118д"],"angle":-69.2}},{"type":"Feature","geometry":{"type":"Point","coordinates":[30.480909,50.447883]},"properties":{"lines":"118д","color":"#0059a9","mode":"bus","arr":["118д"],"angle":38,"side":-1}},{"type":"Feature","geometry":{"type":"Point","coordinates":[30.625848,50.444217]},"properties":{"lines":"118д, 29, 50","color":"#0059a9","mode":"bus","arr":["118д","Тб29","Тб50"],"tLines":"29, 50","ntLines":"118д","angle":23.9}},{"type":"Feature","geometry":{"type":"Point","coordinates":[30.548248,50.421091]},"properties":{"lines":"118д","color":"#0059a9","mode":"bus","arr":["118д"],"angle":7.6,"mi":3}},{"type":"Feature","geometry":{"type":"Point","coordinates":[30.525423,50.438833]},"properties":{"lines":"118д","color":"#0059a9","mode":"bus","arr":["118д"],"angle":76}},{"type":"Feature","geometry":{"type":"Point","coordinates":[30.523893,50.439852]},"properties":{"lines":"118д","color":"#0059a9","mode":"bus","arr":["118д"],"angle":42.3,"mi":1}},{"type":"Feature","geometry":{"type":"Point","coordinates":[30.482754,50.448577]},"properties":{"lines":"118д, 4, 5, 7, 8, 17","color":"#0059a9","mode":"bus","arr":["118д","Тб4","Тб5","Тб7","Тб8","Тб17"],"tLines":"4, 5, 7, 8, 17","ntLines":"118д","angle":14.3}},{"type":"Feature","geometry":{"type":"Point","coordinates":[30.481812,50.449211]},"properties":{"lines":"118д, 8, 17","color":"#0059a9","mode":"bus","arr":["118д","Тб8","Тб17"],"tLines":"8, 17","ntLines":"118д","angle":-33.2}},{"type":"Feature","geometry":{"type":"Point","coordinates":[30.481346,50.44733]},"properties":{"lines":"118д, 23Д","color":"#0059a9","mode":"bus","arr":["118д","Тб23Д"],"tLines":"23Д","ntLines":"118д","angle":-3.1}},{"type":"Feature","geometry":{"type":"Point","coordinates":[30.453031,50.450002]},"properties":{"lines":"118д","color":"#0059a9","mode":"bus","arr":["118д"],"angle":89.1}},{"type":"Feature","geometry":{"type":"Point","coordinates":[30.452974,50.452347]},"properties":{"lines":"118д","color":"#0059a9","mode":"bus","arr":["118д"],"angle":-89.9,"extra":1,"ei":0}},{"type":"Feature","geometry":{"type":"Point","coordinates":[30.453077,50.44857]},"properties":{"lines":"118д","color":"#0059a9","mode":"bus","arr":["118д"],"angle":88.1,"extra":1,"ei":1}},{"type":"Feature","geometry":{"type":"Point","coordinates":[30.50263,50.462494]},"properties":{"lines":"119","color":"#0059a9","mode":"bus","arr":["119"],"angle":-25.6,"side":-1}},{"type":"Feature","geometry":{"type":"Point","coordinates":[30.481214,50.445619]},"properties":{"lines":"119, 8, 17, 19, 33, 35","color":"#0059a9","mode":"bus","arr":["119","Тб8","Тб17","Тб19","Тб33","Тб35"],"tLines":"8, 17, 19, 33, 35","ntLines":"119","angle":-74.5}},{"type":"Feature","geometry":{"type":"Point","coordinates":[30.480406,50.442847]},"properties":{"lines":"119, 8, 17, 19, 33, 35","color":"#0059a9","mode":"bus","arr":["119","Тб8","Тб17","Тб19","Тб33","Тб35"],"tLines":"8, 17, 19, 33, 35","ntLines":"119","angle":-76.8,"side":-1,"mi":1}},{"type":"Feature","geometry":{"type":"Point","coordinates":[30.481289,50.445469]},"properties":{"lines":"119, 8, 17, 33, 35","color":"#0059a9","mode":"bus","arr":["119","Тб8","Тб17","Тб33","Тб35"],"tLines":"8, 17, 33, 35","ntLines":"119","angle":-75.5,"side":-1,"mi":1}},{"type":"Feature","geometry":{"type":"Point","coordinates":[30.48026,50.442861]},"properties":{"lines":"119, 8, 17, 33, 35","color":"#0059a9","mode":"bus","arr":["119","Тб8","Тб17","Тб33","Тб35"],"tLines":"8, 17, 33, 35","ntLines":"119","angle":-76.7}},{"type":"Feature","geometry":{"type":"Point","coordinates":[30.474457,50.43708]},"properties":{"lines":"119, 8, 17, 19, 35","color":"#0059a9","mode":"bus","arr":["119","Тб8","Тб17","Тб19","Тб35"],"tLines":"8, 17, 19, 35","ntLines":"119","angle":-57.7}},{"type":"Feature","geometry":{"type":"Point","coordinates":[30.479314,50.440841]},"properties":{"lines":"119, 8, 17, 19, 35","color":"#0059a9","mode":"bus","arr":["119","Тб8","Тб17","Тб19","Тб35"],"tLines":"8, 17, 19, 35","ntLines":"119","angle":-64.6,"extra":1,"ei":0}},{"type":"Feature","geometry":{"type":"Point","coordinates":[30.477683,50.439273]},"properties":{"lines":"119, 8, 17, 19, 35","color":"#0059a9","mode":"bus","arr":["119","Тб8","Тб17","Тб19","Тб35"],"tLines":"8, 17, 19, 35","ntLines":"119","angle":-47.2,"extra":1,"ei":1}},{"type":"Feature","geometry":{"type":"Point","coordinates":[30.47227,50.43483]},"properties":{"lines":"119, 8, 17, 19, 35","color":"#0059a9","mode":"bus","arr":["119","Тб8","Тб17","Тб19","Тб35"],"tLines":"8, 17, 19, 35","ntLines":"119","angle":-58.4,"extra":1,"ei":2}},{"type":"Feature","geometry":{"type":"Point","coordinates":[30.470701,50.433228]},"properties":{"lines":"119, 8, 17, 19, 35","color":"#0059a9","mode":"bus","arr":["119","Тб8","Тб17","Тб19","Тб35"],"tLines":"8, 17, 19, 35","ntLines":"119","angle":-58.1,"extra":1,"ei":3}},{"type":"Feature","geometry":{"type":"Point","coordinates":[30.49462,50.407477]},"properties":{"lines":"42","color":"#149a3f","mode":"bus","arr":["Тб42"],"angle":-6.5,"side":-1}},{"type":"Feature","geometry":{"type":"Point","coordinates":[30.517756,50.405707]},"properties":{"lines":"42","color":"#149a3f","mode":"bus","arr":["Тб42"],"angle":64.8}},{"type":"Feature","geometry":{"type":"Point","coordinates":[30.508554,50.401448]},"properties":{"lines":"119","color":"#0059a9","mode":"bus","arr":["119"],"angle":-59.5,"mi":1}},{"type":"Feature","geometry":{"type":"Point","coordinates":[30.513427,50.406699]},"properties":{"lines":"119","color":"#0059a9","mode":"bus","arr":["119"],"angle":-84}},{"type":"Feature","geometry":{"type":"Point","coordinates":[30.500154,50.398707]},"properties":{"lines":"119","color":"#0059a9","mode":"bus","arr":["119"],"angle":11.6,"extra":1,"ei":0}},{"type":"Feature","geometry":{"type":"Point","coordinates":[30.502992,50.399111]},"properties":{"lines":"119","color":"#0059a9","mode":"bus","arr":["119"],"angle":-23.6,"extra":1,"ei":1}},{"type":"Feature","geometry":{"type":"Point","coordinates":[30.5057,50.399878]},"properties":{"lines":"119","color":"#0059a9","mode":"bus","arr":["119"],"angle":-23.9,"extra":1,"ei":2}},{"type":"Feature","geometry":{"type":"Point","coordinates":[30.509723,50.402523]},"properties":{"lines":"119","color":"#0059a9","mode":"bus","arr":["119"],"angle":-42.3,"extra":1,"ei":3}},{"type":"Feature","geometry":{"type":"Point","coordinates":[30.512184,50.403568]},"properties":{"lines":"119","color":"#0059a9","mode":"bus","arr":["119"],"angle":-42,"extra":1,"ei":4}},{"type":"Feature","geometry":{"type":"Point","coordinates":[30.513233,50.405276]},"properties":{"lines":"119","color":"#0059a9","mode":"bus","arr":["119"],"angle":-83.6,"extra":1,"ei":5}},{"type":"Feature","geometry":{"type":"Point","coordinates":[30.470413,50.387181]},"properties":{"lines":"119, 120","color":"#0059a9","mode":"bus","arr":["119","120"],"angle":-32.1}},{"type":"Feature","geometry":{"type":"Point","coordinates":[30.481445,50.38988]},"properties":{"lines":"119, 120","color":"#0059a9","mode":"bus","arr":["119","120"],"angle":-12.7,"extra":1,"ei":0}},{"type":"Feature","geometry":{"type":"Point","coordinates":[30.478552,50.389471]},"properties":{"lines":"119, 120","color":"#0059a9","mode":"bus","arr":["119","120"],"angle":-12.5,"extra":1,"ei":1}},{"type":"Feature","geometry":{"type":"Point","coordinates":[30.460346,50.383244]},"properties":{"lines":"119, 120","color":"#0059a9","mode":"bus","arr":["119","120"],"angle":-30.9,"extra":1,"ei":0}},{"type":"Feature","geometry":{"type":"Point","coordinates":[30.462878,50.384226]},"properties":{"lines":"119, 120","color":"#0059a9","mode":"bus","arr":["119","120"],"angle":-31.6,"extra":1,"ei":1}},{"type":"Feature","geometry":{"type":"Point","coordinates":[30.465407,50.385211]},"properties":{"lines":"119, 120","color":"#0059a9","mode":"bus","arr":["119","120"],"angle":-31.2,"extra":1,"ei":2}},{"type":"Feature","geometry":{"type":"Point","coordinates":[30.467933,50.386198]},"properties":{"lines":"119, 120","color":"#0059a9","mode":"bus","arr":["119","120"],"angle":-31.4,"extra":1,"ei":3}},{"type":"Feature","geometry":{"type":"Point","coordinates":[30.472971,50.388188]},"properties":{"lines":"119, 120","color":"#0059a9","mode":"bus","arr":["119","120"],"angle":-31.5,"extra":1,"ei":4}},{"type":"Feature","geometry":{"type":"Point","coordinates":[30.475642,50.388971]},"properties":{"lines":"119, 120","color":"#0059a9","mode":"bus","arr":["119","120"],"angle":-12.8,"extra":1,"ei":5}},{"type":"Feature","geometry":{"type":"Point","coordinates":[30.457511,50.383905]},"properties":{"lines":"119, 120","color":"#0059a9","mode":"bus","arr":["119","120"],"angle":49.6,"mi":1}},{"type":"Feature","geometry":{"type":"Point","coordinates":[30.456145,50.384907]},"properties":{"lines":"119, 120","color":"#0059a9","mode":"bus","arr":["119","120"],"angle":49,"extra":1,"ei":0}},{"type":"Feature","geometry":{"type":"Point","coordinates":[30.454839,50.384704]},"properties":{"lines":"119, 120, 12, 45","color":"#0059a9","mode":"bus","arr":["119","120","Тб12","Тб45"],"tLines":"12, 45","ntLines":"119, 120","angle":-41.8,"mi":1}},{"type":"Feature","geometry":{"type":"Point","coordinates":[30.452986,50.383682]},"properties":{"lines":"119, 120, 12, 45","color":"#0059a9","mode":"bus","arr":["119","120","Тб12","Тб45"],"tLines":"12, 45","ntLines":"119, 120","angle":44.6}},{"type":"Feature","geometry":{"type":"Point","coordinates":[30.454759,50.380756]},"properties":{"lines":"119, 120, 12, 45","color":"#0059a9","mode":"bus","arr":["119","120","Тб12","Тб45"],"tLines":"12, 45","ntLines":"119, 120","angle":48.6,"mi":2}},{"type":"Feature","geometry":{"type":"Point","coordinates":[30.456549,50.379442]},"properties":{"lines":"119, 120, 12, 45","color":"#0059a9","mode":"bus","arr":["119","120","Тб12","Тб45"],"tLines":"12, 45","ntLines":"119, 120","angle":49.3,"extra":1,"ei":0}},{"type":"Feature","geometry":{"type":"Point","coordinates":[30.452717,50.382317]},"properties":{"lines":"119, 120, 12, 45","color":"#0059a9","mode":"bus","arr":["119","120","Тб12","Тб45"],"tLines":"12, 45","ntLines":"119, 120","angle":59.4,"extra":1,"ei":1}},{"type":"Feature","geometry":{"type":"Point","coordinates":[30.457674,50.378661]},"properties":{"lines":"120, 12, 45","color":"#0059a9","mode":"bus","arr":["120","Тб12","Тб45"],"tLines":"12, 45","ntLines":"120","angle":47.2}},{"type":"Feature","geometry":{"type":"Point","coordinates":[30.49299,50.40815]},"properties":{"lines":"119, 42","color":"#0059a9","mode":"bus","arr":["119","Тб42"],"tLines":"42","ntLines":"119","angle":23.3}},{"type":"Feature","geometry":{"type":"Point","coordinates":[30.51258,50.407333]},"properties":{"lines":"119, 42","color":"#0059a9","mode":"bus","arr":["119","Тб42"],"tLines":"42","ntLines":"119","angle":6.1,"extra":1,"ei":0}},{"type":"Feature","geometry":{"type":"Point","coordinates":[30.509633,50.407531]},"properties":{"lines":"119, 42","color":"#0059a9","mode":"bus","arr":["119","Тб42"],"tLines":"42","ntLines":"119","angle":6.2,"extra":1,"ei":1}},{"type":"Feature","geometry":{"type":"Point","coordinates":[30.506679,50.407679]},"properties":{"lines":"119, 42","color":"#0059a9","mode":"bus","arr":["119","Тб42"],"tLines":"42","ntLines":"119","angle":3.1,"extra":1,"ei":2}},{"type":"Feature","geometry":{"type":"Point","coordinates":[30.503719,50.40777]},"properties":{"lines":"119, 42","color":"#0059a9","mode":"bus","arr":["119","Тб42"],"tLines":"42","ntLines":"119","angle":3,"extra":1,"ei":3}},{"type":"Feature","geometry":{"type":"Point","coordinates":[30.500757,50.407825]},"properties":{"lines":"119, 42","color":"#0059a9","mode":"bus","arr":["119","Тб42"],"tLines":"42","ntLines":"119","angle":-0.1,"extra":1,"ei":4}},{"type":"Feature","geometry":{"type":"Point","coordinates":[30.497795,50.407778]},"properties":{"lines":"119, 42","color":"#0059a9","mode":"bus","arr":["119","Тб42"],"tLines":"42","ntLines":"119","angle":-1.7,"extra":1,"ei":5}},{"type":"Feature","geometry":{"type":"Point","coordinates":[30.494834,50.407809]},"properties":{"lines":"119, 42","color":"#0059a9","mode":"bus","arr":["119","Тб42"],"tLines":"42","ntLines":"119","angle":6.9,"extra":1,"ei":6}},{"type":"Feature","geometry":{"type":"Point","coordinates":[30.489703,50.409588]},"properties":{"lines":"119, 42","color":"#0059a9","mode":"bus","arr":["119","Тб42"],"tLines":"42","ntLines":"119","angle":37.5,"extra":1,"ei":7}},{"type":"Feature","geometry":{"type":"Point","coordinates":[30.487361,50.410745]},"properties":{"lines":"119, 42","color":"#0059a9","mode":"bus","arr":["119","Тб42"],"tLines":"42","ntLines":"119","angle":37.6,"extra":1,"ei":8}},{"type":"Feature","geometry":{"type":"Point","coordinates":[30.485014,50.411899]},"properties":{"lines":"119, 42","color":"#0059a9","mode":"bus","arr":["119","Тб42"],"tLines":"42","ntLines":"119","angle":38,"extra":1,"ei":9}},{"type":"Feature","geometry":{"type":"Point","coordinates":[30.482677,50.41306]},"properties":{"lines":"119, 42","color":"#0059a9","mode":"bus","arr":["119","Тб42"],"tLines":"42","ntLines":"119","angle":37.6,"extra":1,"ei":10}},{"type":"Feature","geometry":{"type":"Point","coordinates":[30.480511,50.414335]},"properties":{"lines":"119, 42","color":"#0059a9","mode":"bus","arr":["119","Тб42"],"tLines":"42","ntLines":"119","angle":54,"extra":1,"ei":11}},{"type":"Feature","geometry":{"type":"Point","coordinates":[30.47919,50.416023]},"properties":{"lines":"119, 42","color":"#0059a9","mode":"bus","arr":["119","Тб42"],"tLines":"42","ntLines":"119","angle":67,"extra":1,"ei":12}},{"type":"Feature","geometry":{"type":"Point","coordinates":[30.471057,50.433416]},"properties":{"lines":"119, 8, 35","color":"#0059a9","mode":"bus","arr":["119","Тб8","Тб35"],"tLines":"8, 35","ntLines":"119","angle":-58.3,"side":-1}},{"type":"Feature","geometry":{"type":"Point","coordinates":[30.472098,50.43446]},"properties":{"lines":"119, 8, 35","color":"#0059a9","mode":"bus","arr":["119","Тб8","Тб35"],"tLines":"8, 35","ntLines":"119","angle":-58.5,"extra":1,"ei":0,"side":-1}},{"type":"Feature","geometry":{"type":"Point","coordinates":[30.482136,50.447674]},"properties":{"lines":"119, 23Д, 33, 35","color":"#0059a9","mode":"bus","arr":["119","Тб23Д","Тб33","Тб35"],"tLines":"23Д, 33, 35","ntLines":"119","angle":-76.7,"side":-1}},{"type":"Feature","geometry":{"type":"Point","coordinates":[30.482489,50.448555]},"properties":{"lines":"119, 23Д, 28Д, 33, 35","color":"#0059a9","mode":"bus","arr":["119","Тб23Д","Тб28Д","Тб33","Тб35"],"tLines":"23Д, 28Д, 33, 35","ntLines":"119","angle":-75}},{"type":"Feature","geometry":{"type":"Point","coordinates":[30.482828,50.449341]},"properties":{"lines":"119, 23Д, 28Д, 31Д, 33, 35","color":"#0059a9","mode":"bus","arr":["119","Тб23Д","Тб28Д","Тб31Д","Тб33","Тб35"],"tLines":"23Д, 28Д, 31Д, 33, 35","ntLines":"119","angle":-74.5,"side":-1}},{"type":"Feature","geometry":{"type":"Point","coordinates":[30.486166,50.457641]},"properties":{"lines":"119, 28Д","color":"#0059a9","mode":"bus","arr":["119","Тб28Д"],"tLines":"28Д","ntLines":"119","angle":-77.7}},{"type":"Feature","geometry":{"type":"Point","coordinates":[30.463448,50.378943]},"properties":{"lines":"120, 12, 45","color":"#0059a9","mode":"bus","arr":["120","Тб12","Тб45"],"tLines":"12, 45","ntLines":"120","angle":2.7,"mi":1}},{"type":"Feature","geometry":{"type":"Point","coordinates":[30.459161,50.378704]},"properties":{"lines":"120, 12, 45","color":"#0059a9","mode":"bus","arr":["120","Тб12","Тб45"],"tLines":"12, 45","ntLines":"120","angle":-30.5,"extra":1,"ei":0}},{"type":"Feature","geometry":{"type":"Point","coordinates":[30.467213,50.377674]},"properties":{"lines":"120, 12, 45","color":"#0059a9","mode":"bus","arr":["120","Тб12","Тб45"],"tLines":"12, 45","ntLines":"120","angle":52.5,"extra":1,"ei":1,"side":-1}},{"type":"Feature","geometry":{"type":"Point","coordinates":[30.467573,50.376368]},"properties":{"lines":"120","color":"#0059a9","mode":"bus","arr":["120"],"angle":-68.9,"mi":2}},{"type":"Feature","geometry":{"type":"Point","coordinates":[30.444393,50.361524]},"properties":{"lines":"120","color":"#0059a9","mode":"bus","arr":["120"],"angle":71.2,"side":-1}},{"type":"Feature","geometry":{"type":"Point","coordinates":[30.460393,50.370162]},"properties":{"lines":"120","color":"#0059a9","mode":"bus","arr":["120"],"angle":89.1,"side":-1,"mi":3}},{"type":"Feature","geometry":{"type":"Point","coordinates":[30.456486,50.384323]},"properties":{"lines":"120","color":"#0059a9","mode":"bus","arr":["120"],"angle":49.7,"side":-1,"mi":4}},{"type":"Feature","geometry":{"type":"Point","coordinates":[30.451516,50.365572]},"properties":{"lines":"120, 43","color":"#0059a9","mode":"bus","arr":["120","Тб43"],"tLines":"43","ntLines":"120","angle":-45.7,"side":-1}},{"type":"Feature","geometry":{"type":"Point","coordinates":[30.456966,50.36933]},"properties":{"lines":"120, 43","color":"#0059a9","mode":"bus","arr":["120","Тб43"],"tLines":"43","ntLines":"120","angle":-45.6,"extra":1,"ei":0}},{"type":"Feature","geometry":{"type":"Point","coordinates":[30.454885,50.367985]},"properties":{"lines":"120, 43","color":"#0059a9","mode":"bus","arr":["120","Тб43"],"tLines":"43","ntLines":"120","angle":-46,"extra":1,"ei":1}},{"type":"Feature","geometry":{"type":"Point","coordinates":[30.45284,50.366619]},"properties":{"lines":"120, 43","color":"#0059a9","mode":"bus","arr":["120","Тб43"],"tLines":"43","ntLines":"120","angle":-46.1,"extra":1,"ei":2}},{"type":"Feature","geometry":{"type":"Point","coordinates":[30.448724,50.3639]},"properties":{"lines":"120, 43","color":"#0059a9","mode":"bus","arr":["120","Тб43"],"tLines":"43","ntLines":"120","angle":-46.1,"extra":1,"ei":3}},{"type":"Feature","geometry":{"type":"Point","coordinates":[30.446167,50.362033]},"properties":{"lines":"120, 43","color":"#0059a9","mode":"bus","arr":["120","Тб43"],"tLines":"43","ntLines":"120","angle":-46.1,"extra":1,"ei":0,"side":-1}},{"type":"Feature","geometry":{"type":"Point","coordinates":[30.446539,50.362449]},"properties":{"lines":"120","color":"#0059a9","mode":"bus","arr":["120"],"angle":-46.4,"mi":1}},{"type":"Feature","geometry":{"type":"Point","coordinates":[30.453813,50.374488]},"properties":{"lines":"120","color":"#0059a9","mode":"bus","arr":["120"],"angle":54.5,"mi":1}},{"type":"Feature","geometry":{"type":"Point","coordinates":[30.455371,50.376649]},"properties":{"lines":"120","color":"#0059a9","mode":"bus","arr":["120"],"angle":-41.4}},{"type":"Feature","geometry":{"type":"Point","coordinates":[30.453927,50.375842]},"properties":{"lines":"120","color":"#0059a9","mode":"bus","arr":["120"],"angle":-40.9,"extra":1,"ei":0}},{"type":"Feature","geometry":{"type":"Point","coordinates":[30.528917,50.399956]},"properties":{"lines":"1","color":"#149a3f","mode":"bus","arr":["Тб1"],"angle":-54.1,"mi":1}},{"type":"Feature","geometry":{"type":"Point","coordinates":[30.52898,50.399832]},"properties":{"lines":"1","color":"#149a3f","mode":"bus","arr":["Тб1"],"angle":7.3,"side":-1}},{"type":"Feature","geometry":{"type":"Point","coordinates":[30.473906,50.429313]},"properties":{"lines":"3, 40, 40к","color":"#149a3f","mode":"bus","arr":["Тб3","Тб40","Тб40к"],"angle":54.5}},{"type":"Feature","geometry":{"type":"Point","coordinates":[30.472733,50.430368]},"properties":{"lines":"3, 40, 40к","color":"#149a3f","mode":"bus","arr":["Тб3","Тб40","Тб40к"],"angle":53.5,"extra":1,"ei":0}},{"type":"Feature","geometry":{"type":"Point","coordinates":[30.487785,50.423272]},"properties":{"lines":"3","color":"#149a3f","mode":"bus","arr":["Тб3"],"angle":-39.1}},{"type":"Feature","geometry":{"type":"Point","coordinates":[30.484475,50.422565]},"properties":{"lines":"3","color":"#149a3f","mode":"bus","arr":["Тб3"],"angle":-12.9,"extra":1,"ei":0}},{"type":"Feature","geometry":{"type":"Point","coordinates":[30.489329,50.424438]},"properties":{"lines":"3","color":"#149a3f","mode":"bus","arr":["Тб3"],"angle":-51.8,"extra":1,"ei":1}},{"type":"Feature","geometry":{"type":"Point","coordinates":[30.481443,50.448767]},"properties":{"lines":"4, 5, 7, 8","color":"#149a3f","mode":"bus","arr":["Тб4","Тб5","Тб7","Тб8"],"angle":8.7}},{"type":"Feature","geometry":{"type":"Point","coordinates":[30.436826,50.456101]},"properties":{"lines":"4, 5, 7","color":"#149a3f","mode":"bus","arr":["Тб4","Тб5","Тб7"],"angle":14.3}},{"type":"Feature","geometry":{"type":"Point","coordinates":[30.478735,50.449191]},"properties":{"lines":"4, 5, 7","color":"#149a3f","mode":"bus","arr":["Тб4","Тб5","Тб7"],"angle":14.8}},{"type":"Feature","geometry":{"type":"Point","coordinates":[30.406857,50.45855]},"properties":{"lines":"4, 5, 7","color":"#149a3f","mode":"bus","arr":["Тб4","Тб5","Тб7"],"angle":-6.3}},{"type":"Feature","geometry":{"type":"Point","coordinates":[30.476763,50.449523]},"properties":{"lines":"4, 5, 7","color":"#149a3f","mode":"bus","arr":["Тб4","Тб5","Тб7"],"angle":14.2,"extra":1,"ei":0}},{"type":"Feature","geometry":{"type":"Point","coordinates":[30.465534,50.451368]},"properties":{"lines":"4, 5, 7","color":"#149a3f","mode":"bus","arr":["Тб4","Тб5","Тб7"],"angle":14,"extra":1,"ei":0}},{"type":"Feature","geometry":{"type":"Point","coordinates":[30.462659,50.451827]},"properties":{"lines":"4, 5, 7","color":"#149a3f","mode":"bus","arr":["Тб4","Тб5","Тб7"],"angle":14.1,"extra":1,"ei":1}},{"type":"Feature","geometry":{"type":"Point","coordinates":[30.459785,50.452288]},"properties":{"lines":"4, 5, 7","color":"#149a3f","mode":"bus","arr":["Тб4","Тб5","Тб7"],"angle":14.6,"extra":1,"ei":2}},{"type":"Feature","geometry":{"type":"Point","coordinates":[30.45692,50.452771]},"properties":{"lines":"4, 5, 7","color":"#149a3f","mode":"bus","arr":["Тб4","Тб5","Тб7"],"angle":14.4,"extra":1,"ei":3}},{"type":"Feature","geometry":{"type":"Point","coordinates":[30.454052,50.453247]},"properties":{"lines":"4, 5, 7","color":"#149a3f","mode":"bus","arr":["Тб4","Тб5","Тб7"],"angle":14.8,"extra":1,"ei":4}},{"type":"Feature","geometry":{"type":"Point","coordinates":[30.451184,50.453723]},"properties":{"lines":"4, 5, 7","color":"#149a3f","mode":"bus","arr":["Тб4","Тб5","Тб7"],"angle":14.7,"extra":1,"ei":5}},{"type":"Feature","geometry":{"type":"Point","coordinates":[30.448317,50.4542]},"properties":{"lines":"4, 5, 7","color":"#149a3f","mode":"bus","arr":["Тб4","Тб5","Тб7"],"angle":14.6,"extra":1,"ei":6}},{"type":"Feature","geometry":{"type":"Point","coordinates":[30.445446,50.454669]},"properties":{"lines":"4, 5, 7","color":"#149a3f","mode":"bus","arr":["Тб4","Тб5","Тб7"],"angle":14.6,"extra":1,"ei":7}},{"type":"Feature","geometry":{"type":"Point","coordinates":[30.442578,50.455145]},"properties":{"lines":"4, 5, 7","color":"#149a3f","mode":"bus","arr":["Тб4","Тб5","Тб7"],"angle":14.6,"extra":1,"ei":8}},{"type":"Feature","geometry":{"type":"Point","coordinates":[30.439711,50.455623]},"properties":{"lines":"4, 5, 7","color":"#149a3f","mode":"bus","arr":["Тб4","Тб5","Тб7"],"angle":14.6,"extra":1,"ei":9}},{"type":"Feature","geometry":{"type":"Point","coordinates":[30.43397,50.456563]},"properties":{"lines":"4, 5, 7","color":"#149a3f","mode":"bus","arr":["Тб4","Тб5","Тб7"],"angle":14.2,"extra":1,"ei":10}},{"type":"Feature","geometry":{"type":"Point","coordinates":[30.4311,50.457033]},"properties":{"lines":"4, 5, 7","color":"#149a3f","mode":"bus","arr":["Тб4","Тб5","Тб7"],"angle":14.5,"extra":1,"ei":11}},{"type":"Feature","geometry":{"type":"Point","coordinates":[30.428228,50.457501]},"properties":{"lines":"4, 5, 7","color":"#149a3f","mode":"bus","arr":["Тб4","Тб5","Тб7"],"angle":14,"extra":1,"ei":12}},{"type":"Feature","geometry":{"type":"Point","coordinates":[30.425356,50.457967]},"properties":{"lines":"4, 5, 7","color":"#149a3f","mode":"bus","arr":["Тб4","Тб5","Тб7"],"angle":14.5,"extra":1,"ei":13}},{"type":"Feature","geometry":{"type":"Point","coordinates":[30.422488,50.458442]},"properties":{"lines":"4, 5, 7","color":"#149a3f","mode":"bus","arr":["Тб4","Тб5","Тб7"],"angle":14.6,"extra":1,"ei":14}},{"type":"Feature","geometry":{"type":"Point","coordinates":[30.419616,50.458906]},"properties":{"lines":"4, 5, 7","color":"#149a3f","mode":"bus","arr":["Тб4","Тб5","Тб7"],"angle":14,"extra":1,"ei":15}},{"type":"Feature","geometry":{"type":"Point","coordinates":[30.41679,50.459472]},"properties":{"lines":"4, 5, 7","color":"#149a3f","mode":"bus","arr":["Тб4","Тб5","Тб7"],"angle":16.9,"extra":1,"ei":16}},{"type":"Feature","geometry":{"type":"Point","coordinates":[30.413859,50.459468]},"properties":{"lines":"4, 5, 7","color":"#149a3f","mode":"bus","arr":["Тб4","Тб5","Тб7"],"angle":-10.9,"extra":1,"ei":17}},{"type":"Feature","geometry":{"type":"Point","coordinates":[30.41096,50.459088]},"properties":{"lines":"4, 5, 7","color":"#149a3f","mode":"bus","arr":["Тб4","Тб5","Тб7"],"angle":-5.5,"extra":1,"ei":18}},{"type":"Feature","geometry":{"type":"Point","coordinates":[30.517285,50.439512]},"properties":{"lines":"5","color":"#149a3f","mode":"bus","arr":["Тб5"],"angle":-34.2,"side":-1}},{"type":"Feature","geometry":{"type":"Point","coordinates":[30.424847,50.488862]},"properties":{"lines":"5","color":"#149a3f","mode":"bus","arr":["Тб5"],"angle":17.1}},{"type":"Feature","geometry":{"type":"Point","coordinates":[30.423565,50.488781]},"properties":{"lines":"5","color":"#149a3f","mode":"bus","arr":["Тб5"],"angle":21.3,"mi":1}},{"type":"Feature","geometry":{"type":"Point","coordinates":[30.520402,50.452991]},"properties":{"lines":"6, 16, 18","color":"#149a3f","mode":"bus","arr":["Тб6","Тб16","Тб18"],"angle":57,"mi":5}},{"type":"Feature","geometry":{"type":"Point","coordinates":[30.518011,50.454126]},"properties":{"lines":"6, 16, 18","color":"#149a3f","mode":"bus","arr":["Тб6","Тб16","Тб18"],"angle":-32.6,"mi":2}},{"type":"Feature","geometry":{"type":"Point","coordinates":[30.516858,50.453929]},"properties":{"lines":"6, 16, 18","color":"#149a3f","mode":"bus","arr":["Тб6","Тб16","Тб18"],"angle":60.3,"mi":1}},{"type":"Feature","geometry":{"type":"Point","coordinates":[30.512236,50.455358]},"properties":{"lines":"6, 16, 18","color":"#149a3f","mode":"bus","arr":["Тб6","Тб16","Тб18"],"angle":-2.4}},{"type":"Feature","geometry":{"type":"Point","coordinates":[30.51564,50.455417]},"properties":{"lines":"6, 16, 18","color":"#149a3f","mode":"bus","arr":["Тб6","Тб16","Тб18"],"angle":0.7,"extra":1,"ei":0}},{"type":"Feature","geometry":{"type":"Point","coordinates":[30.509727,50.455208]},"properties":{"lines":"6, 16, 18","color":"#149a3f","mode":"bus","arr":["Тб6","Тб16","Тб18"],"angle":-5.2,"extra":1,"ei":1}},{"type":"Feature","geometry":{"type":"Point","coordinates":[30.506889,50.455295]},"properties":{"lines":"6, 16, 18","color":"#149a3f","mode":"bus","arr":["Тб6","Тб16","Тб18"],"angle":9.6,"mi":3}},{"type":"Feature","geometry":{"type":"Point","coordinates":[30.494234,50.45626]},"properties":{"lines":"6, 16, 18","color":"#149a3f","mode":"bus","arr":["Тб6","Тб16","Тб18"],"angle":-2.4,"mi":6}},{"type":"Feature","geometry":{"type":"Point","coordinates":[30.500682,50.456452]},"properties":{"lines":"6, 16, 18","color":"#149a3f","mode":"bus","arr":["Тб6","Тб16","Тб18"],"angle":-2.9,"extra":1,"ei":0}},{"type":"Feature","geometry":{"type":"Point","coordinates":[30.497723,50.456355]},"properties":{"lines":"6, 16, 18","color":"#149a3f","mode":"bus","arr":["Тб6","Тб16","Тб18"],"angle":-2.9,"extra":1,"ei":1}},{"type":"Feature","geometry":{"type":"Point","coordinates":[30.491801,50.456196]},"properties":{"lines":"6, 16, 18","color":"#149a3f","mode":"bus","arr":["Тб6","Тб16","Тб18"],"angle":-2.4,"extra":1,"ei":2}},{"type":"Feature","geometry":{"type":"Point","coordinates":[30.489118,50.45676]},"properties":{"lines":"6, 16, 18","color":"#149a3f","mode":"bus","arr":["Тб6","Тб16","Тб18"],"angle":36.6,"extra":1,"ei":3}},{"type":"Feature","geometry":{"type":"Point","coordinates":[30.473943,50.467516]},"properties":{"lines":"6, 18, 28Д, 33","color":"#149a3f","mode":"bus","arr":["Тб6","Тб18","Тб28Д","Тб33"],"angle":63.3,"mi":2}},{"type":"Feature","geometry":{"type":"Point","coordinates":[30.473252,50.468641]},"properties":{"lines":"6, 18, 28Д, 33","color":"#149a3f","mode":"bus","arr":["Тб6","Тб18","Тб28Д","Тб33"],"angle":82.7,"extra":1,"ei":0}},{"type":"Feature","geometry":{"type":"Point","coordinates":[30.473188,50.469771]},"properties":{"lines":"6, 18, 28Д, 33","color":"#149a3f","mode":"bus","arr":["Тб6","Тб18","Тб28Д","Тб33"],"angle":-89.9,"mi":1}},{"type":"Feature","geometry":{"type":"Point","coordinates":[30.477224,50.478347]},"properties":{"lines":"6, 18, 28Д, 33","color":"#149a3f","mode":"bus","arr":["Тб6","Тб18","Тб28Д","Тб33"],"angle":81.1}},{"type":"Feature","geometry":{"type":"Point","coordinates":[30.47601,50.474209]},"properties":{"lines":"6, 18, 28Д, 33","color":"#149a3f","mode":"bus","arr":["Тб6","Тб18","Тб28Д","Тб33"],"angle":64.9,"extra":1,"ei":0}},{"type":"Feature","geometry":{"type":"Point","coordinates":[30.475659,50.476057]},"properties":{"lines":"6, 18, 28Д, 33","color":"#149a3f","mode":"bus","arr":["Тб6","Тб18","Тб28Д","Тб33"],"angle":-75.2,"extra":1,"ei":1}},{"type":"Feature","geometry":{"type":"Point","coordinates":[30.476456,50.479489]},"properties":{"lines":"6, 18, 28Д, 33","color":"#149a3f","mode":"bus","arr":["Тб6","Тб18","Тб28Д","Тб33"],"angle":60.9,"extra":1,"ei":2}},{"type":"Feature","geometry":{"type":"Point","coordinates":[30.475083,50.481143]},"properties":{"lines":"6, 18, 28Д, 33","color":"#149a3f","mode":"bus","arr":["Тб6","Тб18","Тб28Д","Тб33"],"angle":-87.5,"extra":1,"ei":3}},{"type":"Feature","geometry":{"type":"Point","coordinates":[30.476316,50.482755]},"properties":{"lines":"6, 18, 28Д, 33","color":"#149a3f","mode":"bus","arr":["Тб6","Тб18","Тб28Д","Тб33"],"angle":78.4,"extra":1,"ei":4,"side":-1}},{"type":"Feature","geometry":{"type":"Point","coordinates":[30.474683,50.484425]},"properties":{"lines":"6, 18, 28Д, 33","color":"#149a3f","mode":"bus","arr":["Тб6","Тб18","Тб28Д","Тб33"],"angle":56,"side":-1,"mi":3}},{"type":"Feature","geometry":{"type":"Point","coordinates":[30.473631,50.485417]},"properties":{"lines":"6, 18, 28Д, 33","color":"#149a3f","mode":"bus","arr":["Тб6","Тб18","Тб28Д","Тб33"],"angle":51.1,"extra":1,"ei":0,"side":-1}},{"type":"Feature","geometry":{"type":"Point","coordinates":[30.469164,50.488113]},"properties":{"lines":"6, 18, 25, 28Д, 33","color":"#149a3f","mode":"bus","arr":["Тб6","Тб18","Тб25","Тб28Д","Тб33"],"angle":43.5,"side":-1}},{"type":"Feature","geometry":{"type":"Point","coordinates":[30.47213,50.486409]},"properties":{"lines":"6, 18, 25, 28Д, 33","color":"#149a3f","mode":"bus","arr":["Тб6","Тб18","Тб25","Тб28Д","Тб33"],"angle":41.8,"extra":1,"ei":0,"side":-1}},{"type":"Feature","geometry":{"type":"Point","coordinates":[30.467761,50.48896]},"properties":{"lines":"6, 18, 25, 28Д, 33","color":"#149a3f","mode":"bus","arr":["Тб6","Тб18","Тб25","Тб28Д","Тб33"],"angle":43.4,"extra":1,"ei":1,"side":-1}},{"type":"Feature","geometry":{"type":"Point","coordinates":[30.465611,50.49026]},"properties":{"lines":"6, 18, 25, 28Д, 33","color":"#149a3f","mode":"bus","arr":["Тб6","Тб18","Тб25","Тб28Д","Тб33"],"angle":44,"extra":1,"ei":2,"side":-1}},{"type":"Feature","geometry":{"type":"Point","coordinates":[30.450128,50.509812]},"properties":{"lines":"6, 18","color":"#149a3f","mode":"bus","arr":["Тб6","Тб18"],"angle":82.1,"side":-1}},{"type":"Feature","geometry":{"type":"Point","coordinates":[30.454023,50.520186]},"properties":{"lines":"6, 33","color":"#149a3f","mode":"bus","arr":["Тб6","Тб33"],"angle":12.5,"mi":2}},{"type":"Feature","geometry":{"type":"Point","coordinates":[30.445042,50.521962]},"properties":{"lines":"6, 33","color":"#149a3f","mode":"bus","arr":["Тб6","Тб33"],"angle":13.1}},{"type":"Feature","geometry":{"type":"Point","coordinates":[30.447912,50.521018]},"properties":{"lines":"6, 18, 32, 33","color":"#149a3f","mode":"bus","arr":["Тб6","Тб18","Тб32","Тб33"],"angle":32.2}},{"type":"Feature","geometry":{"type":"Point","coordinates":[30.446367,50.521753]},"properties":{"lines":"6, 32, 33","color":"#149a3f","mode":"bus","arr":["Тб6","Тб32","Тб33"],"angle":38}},{"type":"Feature","geometry":{"type":"Point","coordinates":[30.445133,50.522251]},"properties":{"lines":"6, 33","color":"#149a3f","mode":"bus","arr":["Тб6","Тб33"],"angle":23.8,"mi":1}},{"type":"Feature","geometry":{"type":"Point","coordinates":[30.447151,50.500458]},"properties":{"lines":"25, 28Д","color":"#149a3f","mode":"bus","arr":["Тб25","Тб28Д"],"angle":-3.9,"mi":1}},{"type":"Feature","geometry":{"type":"Point","coordinates":[30.449994,50.500554]},"properties":{"lines":"25, 28Д","color":"#149a3f","mode":"bus","arr":["Тб25","Тб28Д"],"angle":-1.7,"extra":1,"ei":0}},{"type":"Feature","geometry":{"type":"Point","coordinates":[30.444078,50.500328]},"properties":{"lines":"25, 28Д","color":"#149a3f","mode":"bus","arr":["Тб25","Тб28Д"],"angle":-2.8,"extra":1,"ei":1}},{"type":"Feature","geometry":{"type":"Point","coordinates":[30.460856,50.49396]},"properties":{"lines":"28Д","color":"#149a3f","mode":"bus","arr":["Тб28Д"],"angle":50.2,"side":-1,"mi":1}},{"type":"Feature","geometry":{"type":"Point","coordinates":[30.475495,50.481778]},"properties":{"lines":"18","color":"#149a3f","mode":"bus","arr":["Тб18"],"angle":-39.1}},{"type":"Feature","geometry":{"type":"Point","coordinates":[30.518527,50.452114]},"properties":{"lines":"6, 16, 18","color":"#149a3f","mode":"bus","arr":["Тб6","Тб16","Тб18"],"angle":20.9,"mi":4}},{"type":"Feature","geometry":{"type":"Point","coordinates":[30.52026,50.45168]},"properties":{"lines":"6, 16, 18","color":"#149a3f","mode":"bus","arr":["Тб6","Тб16","Тб18"],"angle":21.3,"extra":1,"ei":0}},{"type":"Feature","geometry":{"type":"Point","coordinates":[30.347535,50.454888]},"properties":{"lines":"7","color":"#149a3f","mode":"bus","arr":["Тб7"],"angle":-4.1}},{"type":"Feature","geometry":{"type":"Point","coordinates":[30.448998,50.423512]},"properties":{"lines":"8","color":"#149a3f","mode":"bus","arr":["Тб8"],"angle":24.9}},{"type":"Feature","geometry":{"type":"Point","coordinates":[30.453663,50.422129]},"properties":{"lines":"8","color":"#149a3f","mode":"bus","arr":["Тб8"],"angle":25.1,"extra":1,"ei":0}},{"type":"Feature","geometry":{"type":"Point","coordinates":[30.450977,50.422928]},"properties":{"lines":"8","color":"#149a3f","mode":"bus","arr":["Тб8"],"angle":24.8,"extra":1,"ei":1}},{"type":"Feature","geometry":{"type":"Point","coordinates":[30.445598,50.424513]},"properties":{"lines":"8","color":"#149a3f","mode":"bus","arr":["Тб8"],"angle":25.8,"extra":1,"ei":2}},{"type":"Feature","geometry":{"type":"Point","coordinates":[30.444248,50.427002]},"properties":{"lines":"8","color":"#149a3f","mode":"bus","arr":["Тб8"],"angle":-65.2,"mi":2}},{"type":"Feature","geometry":{"type":"Point","coordinates":[30.45212,50.426844]},"properties":{"lines":"8","color":"#149a3f","mode":"bus","arr":["Тб8"],"angle":23.5,"mi":1}},{"type":"Feature","geometry":{"type":"Point","coordinates":[30.446872,50.428364]},"properties":{"lines":"8","color":"#149a3f","mode":"bus","arr":["Тб8"],"angle":24.9,"extra":1,"ei":0}},{"type":"Feature","geometry":{"type":"Point","coordinates":[30.449562,50.427572]},"properties":{"lines":"8","color":"#149a3f","mode":"bus","arr":["Тб8"],"angle":24.2,"extra":1,"ei":1}},{"type":"Feature","geometry":{"type":"Point","coordinates":[30.454983,50.426045]},"properties":{"lines":"8","color":"#149a3f","mode":"bus","arr":["Тб8"],"angle":25.4,"extra":1,"ei":2}},{"type":"Feature","geometry":{"type":"Point","coordinates":[30.457673,50.425253]},"properties":{"lines":"8","color":"#149a3f","mode":"bus","arr":["Тб8"],"angle":24.2,"extra":1,"ei":3}},{"type":"Feature","geometry":{"type":"Point","coordinates":[30.48277,50.447639]},"properties":{"lines":"8, 17, 23Д","color":"#149a3f","mode":"bus","arr":["Тб8","Тб17","Тб23Д"],"angle":-66.9}},{"type":"Feature","geometry":{"type":"Point","coordinates":[30.516843,50.405607]},"properties":{"lines":"11, 12, 43","color":"#149a3f","mode":"bus","arr":["Тб11","Тб12","Тб43"],"angle":-69.9}},{"type":"Feature","geometry":{"type":"Point","coordinates":[30.515881,50.403007]},"properties":{"lines":"11","color":"#149a3f","mode":"bus","arr":["Тб11"],"angle":-54.3,"mi":1}},{"type":"Feature","geometry":{"type":"Point","coordinates":[30.515974,50.402922]},"properties":{"lines":"11","color":"#149a3f","mode":"bus","arr":["Тб11"],"angle":-67.9}},{"type":"Feature","geometry":{"type":"Point","coordinates":[30.496691,50.388745]},"properties":{"lines":"11, 12, 43","color":"#149a3f","mode":"bus","arr":["Тб11","Тб12","Тб43"],"angle":-31.6,"side":-1}},{"type":"Feature","geometry":{"type":"Point","coordinates":[30.509365,50.396401]},"properties":{"lines":"11, 12, 43","color":"#149a3f","mode":"bus","arr":["Тб11","Тб12","Тб43"],"angle":-66.9,"extra":1,"ei":0}},{"type":"Feature","geometry":{"type":"Point","coordinates":[30.50815,50.394679]},"properties":{"lines":"11, 12, 43","color":"#149a3f","mode":"bus","arr":["Тб11","Тб12","Тб43"],"angle":-64.7,"extra":1,"ei":1}},{"type":"Feature","geometry":{"type":"Point","coordinates":[30.506561,50.39309]},"properties":{"lines":"11, 12, 43","color":"#149a3f","mode":"bus","arr":["Тб11","Тб12","Тб43"],"angle":-50.8,"extra":1,"ei":2,"side":-1}},{"type":"Feature","geometry":{"type":"Point","coordinates":[30.504388,50.391819]},"properties":{"lines":"11, 12, 43","color":"#149a3f","mode":"bus","arr":["Тб11","Тб12","Тб43"],"angle":-33.3,"extra":1,"ei":3,"side":-1}},{"type":"Feature","geometry":{"type":"Point","coordinates":[30.501875,50.390818]},"properties":{"lines":"11, 12, 43","color":"#149a3f","mode":"bus","arr":["Тб11","Тб12","Тб43"],"angle":-32,"extra":1,"ei":4,"side":-1}},{"type":"Feature","geometry":{"type":"Point","coordinates":[30.499377,50.389802]},"properties":{"lines":"11, 12, 43","color":"#149a3f","mode":"bus","arr":["Тб11","Тб12","Тб43"],"angle":-32.1,"extra":1,"ei":5,"side":-1}},{"type":"Feature","geometry":{"type":"Point","coordinates":[30.49433,50.387822]},"properties":{"lines":"11, 12, 43","color":"#149a3f","mode":"bus","arr":["Тб11","Тб12","Тб43"],"angle":-31.5,"extra":1,"ei":6}},{"type":"Feature","geometry":{"type":"Point","coordinates":[30.491807,50.38683]},"properties":{"lines":"11, 12, 43","color":"#149a3f","mode":"bus","arr":["Тб11","Тб12","Тб43"],"angle":-31.8,"extra":1,"ei":7}},{"type":"Feature","geometry":{"type":"Point","coordinates":[30.489291,50.385832]},"properties":{"lines":"11, 12, 43","color":"#149a3f","mode":"bus","arr":["Тб11","Тб12","Тб43"],"angle":-31.9,"extra":1,"ei":8}},{"type":"Feature","geometry":{"type":"Point","coordinates":[30.486779,50.38483]},"properties":{"lines":"11, 12, 43","color":"#149a3f","mode":"bus","arr":["Тб11","Тб12","Тб43"],"angle":-32.2,"extra":1,"ei":9}},{"type":"Feature","geometry":{"type":"Point","coordinates":[30.484261,50.383834]},"properties":{"lines":"11, 12, 43","color":"#149a3f","mode":"bus","arr":["Тб11","Тб12","Тб43"],"angle":-31.9,"extra":1,"ei":10}},{"type":"Feature","geometry":{"type":"Point","coordinates":[30.481739,50.382842]},"properties":{"lines":"11, 12, 43","color":"#149a3f","mode":"bus","arr":["Тб11","Тб12","Тб43"],"angle":-31.6,"extra":1,"ei":11}},{"type":"Feature","geometry":{"type":"Point","coordinates":[30.479047,50.381722]},"properties":{"lines":"11, 12, 43, 45","color":"#149a3f","mode":"bus","arr":["Тб11","Тб12","Тб43","Тб45"],"angle":-30.1,"side":-1}},{"type":"Feature","geometry":{"type":"Point","coordinates":[30.490673,50.440765]},"properties":{"lines":"12","color":"#149a3f","mode":"bus","arr":["Тб12"],"angle":21.9}},{"type":"Feature","geometry":{"type":"Point","coordinates":[30.517741,50.405379]},"properties":{"lines":"12, 43","color":"#149a3f","mode":"bus","arr":["Тб12","Тб43"],"angle":-61.6}},{"type":"Feature","geometry":{"type":"Point","coordinates":[30.511134,50.398667]},"properties":{"lines":"12, 43","color":"#149a3f","mode":"bus","arr":["Тб12","Тб43"],"angle":-69.6,"mi":1}},{"type":"Feature","geometry":{"type":"Point","coordinates":[30.516853,50.404049]},"properties":{"lines":"12, 43","color":"#149a3f","mode":"bus","arr":["Тб12","Тб43"],"angle":-68.7,"extra":1,"ei":0}},{"type":"Feature","geometry":{"type":"Point","coordinates":[30.519855,50.407272]},"properties":{"lines":"12, 43","color":"#149a3f","mode":"bus","arr":["Тб12","Тб43"],"angle":-49.2,"extra":1,"ei":1,"side":-1}},{"type":"Feature","geometry":{"type":"Point","coordinates":[30.500857,50.390627]},"properties":{"lines":"12","color":"#149a3f","mode":"bus","arr":["Тб12"],"angle":-32.3}},{"type":"Feature","geometry":{"type":"Point","coordinates":[30.50614,50.393084]},"properties":{"lines":"12","color":"#149a3f","mode":"bus","arr":["Тб12"],"angle":-50.8,"extra":1,"ei":0}},{"type":"Feature","geometry":{"type":"Point","coordinates":[30.50391,50.391856]},"properties":{"lines":"12","color":"#149a3f","mode":"bus","arr":["Тб12"],"angle":-34.5,"extra":1,"ei":1}},{"type":"Feature","geometry":{"type":"Point","coordinates":[30.498855,50.389896]},"properties":{"lines":"12","color":"#149a3f","mode":"bus","arr":["Тб12"],"angle":-26,"extra":1,"ei":2}},{"type":"Feature","geometry":{"type":"Point","coordinates":[30.496429,50.388864]},"properties":{"lines":"12","color":"#149a3f","mode":"bus","arr":["Тб12"],"angle":-32.2,"extra":1,"ei":3}},{"type":"Feature","geometry":{"type":"Point","coordinates":[30.469247,50.377472]},"properties":{"lines":"12","color":"#149a3f","mode":"bus","arr":["Тб12"],"angle":-22.8,"mi":3}},{"type":"Feature","geometry":{"type":"Point","coordinates":[30.467889,50.377479]},"properties":{"lines":"12, 45","color":"#149a3f","mode":"bus","arr":["Тб12","Тб45"],"angle":22.4,"mi":1}},{"type":"Feature","geometry":{"type":"Point","coordinates":[30.458293,50.378369]},"properties":{"lines":"12, 45","color":"#149a3f","mode":"bus","arr":["Тб12","Тб45"],"angle":-2.8}},{"type":"Feature","geometry":{"type":"Point","coordinates":[30.465288,50.378113]},"properties":{"lines":"12","color":"#149a3f","mode":"bus","arr":["Тб12"],"angle":47.9,"mi":1}},{"type":"Feature","geometry":{"type":"Point","coordinates":[30.52113,50.40801]},"properties":{"lines":"12, 42, 43","color":"#149a3f","mode":"bus","arr":["Тб12","Тб42","Тб43"],"angle":-40,"side":-1}},{"type":"Feature","geometry":{"type":"Point","coordinates":[30.542209,50.423111]},"properties":{"lines":"14","color":"#149a3f","mode":"bus","arr":["Тб14"],"angle":-4.1}},{"type":"Feature","geometry":{"type":"Point","coordinates":[30.548479,50.419133]},"properties":{"lines":"14, 15, 38","color":"#149a3f","mode":"bus","arr":["Тб14","Тб15","Тб38"],"angle":58.3,"side":-1}},{"type":"Feature","geometry":{"type":"Point","coordinates":[30.549259,50.41183]},"properties":{"lines":"15, 38","color":"#149a3f","mode":"bus","arr":["Тб15","Тб38"],"angle":81.7,"mi":2}},{"type":"Feature","geometry":{"type":"Point","coordinates":[30.548894,50.418015]},"properties":{"lines":"15, 38","color":"#149a3f","mode":"bus","arr":["Тб15","Тб38"],"angle":89.6,"extra":1,"ei":0,"side":-1}},{"type":"Feature","geometry":{"type":"Point","coordinates":[30.548879,50.416127]},"properties":{"lines":"15, 38","color":"#149a3f","mode":"bus","arr":["Тб15","Тб38"],"angle":-89.9,"extra":1,"ei":1}},{"type":"Feature","geometry":{"type":"Point","coordinates":[30.548881,50.414238]},"properties":{"lines":"15, 38","color":"#149a3f","mode":"bus","arr":["Тб15","Тб38"],"angle":89.4,"extra":1,"ei":2,"side":-1}},{"type":"Feature","geometry":{"type":"Point","coordinates":[30.549707,50.410529]},"properties":{"lines":"15, 38","color":"#149a3f","mode":"bus","arr":["Тб15","Тб38"],"angle":65.3,"extra":1,"ei":3,"side":-1}},{"type":"Feature","geometry":{"type":"Point","coordinates":[30.551202,50.4089]},"properties":{"lines":"15, 38","color":"#149a3f","mode":"bus","arr":["Тб15","Тб38"],"angle":59.9,"extra":1,"ei":4,"side":-1}},{"type":"Feature","geometry":{"type":"Point","coordinates":[30.552214,50.407138]},"properties":{"lines":"15, 38","color":"#149a3f","mode":"bus","arr":["Тб15","Тб38"],"angle":81.1,"extra":1,"ei":5,"side":-1}},{"type":"Feature","geometry":{"type":"Point","coordinates":[30.552817,50.403815]},"properties":{"lines":"15, 38","color":"#149a3f","mode":"bus","arr":["Тб15","Тб38"],"angle":39.5}},{"type":"Feature","geometry":{"type":"Point","coordinates":[30.554802,50.402964]},"properties":{"lines":"15, 38","color":"#149a3f","mode":"bus","arr":["Тб15","Тб38"],"angle":13.1,"mi":1}},{"type":"Feature","geometry":{"type":"Point","coordinates":[30.453209,50.472583]},"properties":{"lines":"16, 35","color":"#149a3f","mode":"bus","arr":["Тб16","Тб35"],"angle":12.8,"side":-1}},{"type":"Feature","geometry":{"type":"Point","coordinates":[30.448685,50.47325]},"properties":{"lines":"16, 35","color":"#149a3f","mode":"bus","arr":["Тб16","Тб35"],"angle":13.2,"side":-1,"mi":1}},{"type":"Feature","geometry":{"type":"Point","coordinates":[30.433914,50.476777]},"properties":{"lines":"16, 23Д, 35","color":"#149a3f","mode":"bus","arr":["Тб16","Тб23Д","Тб35"],"angle":35.9,"mi":2}},{"type":"Feature","geometry":{"type":"Point","coordinates":[30.435988,50.475511]},"properties":{"lines":"16, 23Д, 35","color":"#149a3f","mode":"bus","arr":["Тб16","Тб23Д","Тб35"],"angle":43.8,"extra":1,"ei":0}},{"type":"Feature","geometry":{"type":"Point","coordinates":[30.430987,50.476931]},"properties":{"lines":"16, 23Д, 35","color":"#149a3f","mode":"bus","arr":["Тб16","Тб23Д","Тб35"],"angle":-11,"extra":1,"ei":1}},{"type":"Feature","geometry":{"type":"Point","coordinates":[30.421747,50.477136]},"properties":{"lines":"16, 23Д, 35","color":"#149a3f","mode":"bus","arr":["Тб16","Тб23Д","Тб35"],"angle":5.1}},{"type":"Feature","geometry":{"type":"Point","coordinates":[30.410087,50.478999]},"properties":{"lines":"16, 23Д, 35","color":"#149a3f","mode":"bus","arr":["Тб16","Тб23Д","Тб35"],"angle":39.7,"mi":1}},{"type":"Feature","geometry":{"type":"Point","coordinates":[30.428259,50.476597]},"properties":{"lines":"16, 23Д, 35","color":"#149a3f","mode":"bus","arr":["Тб16","Тб23Д","Тб35"],"angle":-2.4,"extra":1,"ei":0}},{"type":"Feature","geometry":{"type":"Point","coordinates":[30.425339,50.476875]},"properties":{"lines":"16, 23Д, 35","color":"#149a3f","mode":"bus","arr":["Тб16","Тб23Д","Тб35"],"angle":12.4,"extra":1,"ei":1}},{"type":"Feature","geometry":{"type":"Point","coordinates":[30.419448,50.477266]},"properties":{"lines":"16, 23Д, 35","color":"#149a3f","mode":"bus","arr":["Тб16","Тб23Д","Тб35"],"angle":5.1,"extra":1,"ei":2}},{"type":"Feature","geometry":{"type":"Point","coordinates":[30.416495,50.477421]},"properties":{"lines":"16, 23Д, 35","color":"#149a3f","mode":"bus","arr":["Тб16","Тб23Д","Тб35"],"angle":2.7,"extra":1,"ei":3}},{"type":"Feature","geometry":{"type":"Point","coordinates":[30.412218,50.477829]},"properties":{"lines":"16, 23Д, 35","color":"#149a3f","mode":"bus","arr":["Тб16","Тб23Д","Тб35"],"angle":36.6,"extra":1,"ei":0}},{"type":"Feature","geometry":{"type":"Point","coordinates":[30.407663,50.480242]},"properties":{"lines":"16, 23Д, 35","color":"#149a3f","mode":"bus","arr":["Тб16","Тб23Д","Тб35"],"angle":36.7,"extra":1,"ei":1,"side":-1}},{"type":"Feature","geometry":{"type":"Point","coordinates":[30.407744,50.48038]},"properties":{"lines":"16, 35","color":"#149a3f","mode":"bus","arr":["Тб16","Тб35"],"angle":50.4}},{"type":"Feature","geometry":{"type":"Point","coordinates":[30.4,50.481484]},"properties":{"lines":"16, 23Д","color":"#149a3f","mode":"bus","arr":["Тб16","Тб23Д"],"angle":-0.6}},{"type":"Feature","geometry":{"type":"Point","coordinates":[30.397272,50.481464]},"properties":{"lines":"16, 23Д","color":"#149a3f","mode":"bus","arr":["Тб16","Тб23Д"],"angle":-0.7,"extra":1,"ei":0}},{"type":"Feature","geometry":{"type":"Point","coordinates":[30.402953,50.481918]},"properties":{"lines":"16, 23Д","color":"#149a3f","mode":"bus","arr":["Тб16","Тб23Д"],"angle":-48.5,"extra":1,"ei":1}},{"type":"Feature","geometry":{"type":"Point","coordinates":[30.440302,50.47332]},"properties":{"lines":"23Д","color":"#149a3f","mode":"bus","arr":["Тб23Д"],"angle":-76,"mi":1}},{"type":"Feature","geometry":{"type":"Point","coordinates":[30.447225,50.472202]},"properties":{"lines":"19, 22к, 27, 31Д, 42","color":"#149a3f","mode":"bus","arr":["Тб19","Тб22к","Тб27","Тб31Д","Тб42"],"angle":-79.4}},{"type":"Feature","geometry":{"type":"Point","coordinates":[30.461256,50.430085]},"properties":{"lines":"17, 19","color":"#149a3f","mode":"bus","arr":["Тб17","Тб19"],"angle":20.6,"mi":3}},{"type":"Feature","geometry":{"type":"Point","coordinates":[30.464946,50.429198]},"properties":{"lines":"17, 19","color":"#149a3f","mode":"bus","arr":["Тб17","Тб19"],"angle":20.2,"extra":1,"ei":0}},{"type":"Feature","geometry":{"type":"Point","coordinates":[30.459399,50.43053]},"properties":{"lines":"17, 19","color":"#149a3f","mode":"bus","arr":["Тб17","Тб19"],"angle":20.8,"extra":1,"ei":1}},{"type":"Feature","geometry":{"type":"Point","coordinates":[30.456641,50.43122]},"properties":{"lines":"17, 19","color":"#149a3f","mode":"bus","arr":["Тб17","Тб19"],"angle":21.5,"extra":1,"ei":2}},{"type":"Feature","geometry":{"type":"Point","coordinates":[30.456304,50.435012]},"properties":{"lines":"17, 19","color":"#149a3f","mode":"bus","arr":["Тб17","Тб19"],"angle":-15.1,"mi":1}},{"type":"Feature","geometry":{"type":"Point","coordinates":[30.458209,50.435358]},"properties":{"lines":"17, 19","color":"#149a3f","mode":"bus","arr":["Тб17","Тб19"],"angle":-15.4,"extra":1,"ei":0}},{"type":"Feature","geometry":{"type":"Point","coordinates":[30.462031,50.437468]},"properties":{"lines":"17, 19","color":"#149a3f","mode":"bus","arr":["Тб17","Тб19"],"angle":-15.8}},{"type":"Feature","geometry":{"type":"Point","coordinates":[30.459228,50.436143]},"properties":{"lines":"17, 19","color":"#149a3f","mode":"bus","arr":["Тб17","Тб19"],"angle":-64.3,"extra":1,"ei":0}},{"type":"Feature","geometry":{"type":"Point","coordinates":[30.464212,50.437861]},"properties":{"lines":"17, 19","color":"#149a3f","mode":"bus","arr":["Тб17","Тб19"],"angle":-15.3,"extra":1,"ei":1}},{"type":"Feature","geometry":{"type":"Point","coordinates":[30.468926,50.436181]},"properties":{"lines":"17, 19","color":"#149a3f","mode":"bus","arr":["Тб17","Тб19"],"angle":34.1,"mi":2}},{"type":"Feature","geometry":{"type":"Point","coordinates":[30.467625,50.43749]},"properties":{"lines":"17, 19","color":"#149a3f","mode":"bus","arr":["Тб17","Тб19"],"angle":64.7,"extra":1,"ei":0}},{"type":"Feature","geometry":{"type":"Point","coordinates":[30.471835,50.435]},"properties":{"lines":"17, 19","color":"#149a3f","mode":"bus","arr":["Тб17","Тб19"],"angle":32.8,"extra":1,"ei":1}},{"type":"Feature","geometry":{"type":"Point","coordinates":[30.446782,50.470639]},"properties":{"lines":"19, 22к, 27, 30, 31Д, 42","color":"#149a3f","mode":"bus","arr":["Тб19","Тб22к","Тб27","Тб30","Тб31Д","Тб42"],"angle":-78.1}},{"type":"Feature","geometry":{"type":"Point","coordinates":[30.45666,50.469796]},"properties":{"lines":"19, 23Д, 31Д","color":"#149a3f","mode":"bus","arr":["Тб19","Тб23Д","Тб31Д"],"angle":-6.6,"mi":2}},{"type":"Feature","geometry":{"type":"Point","coordinates":[30.445162,50.470215]},"properties":{"lines":"19, 23Д, 31Д","color":"#149a3f","mode":"bus","arr":["Тб19","Тб23Д","Тб31Д"],"angle":4}},{"type":"Feature","geometry":{"type":"Point","coordinates":[30.449138,50.469991]},"properties":{"lines":"19, 23Д, 31Д","color":"#149a3f","mode":"bus","arr":["Тб19","Тб23Д","Тб31Д"],"angle":6.9,"extra":1,"ei":0,"side":-1}},{"type":"Feature","geometry":{"type":"Point","coordinates":[30.452092,50.469856]},"properties":{"lines":"19, 23Д, 31Д","color":"#149a3f","mode":"bus","arr":["Тб19","Тб23Д","Тб31Д"],"angle":2.1,"extra":1,"ei":1}},{"type":"Feature","geometry":{"type":"Point","coordinates":[30.460896,50.470322]},"properties":{"lines":"19, 23Д, 31Д","color":"#149a3f","mode":"bus","arr":["Тб19","Тб23Д","Тб31Д"],"angle":-5.7,"extra":1,"ei":2}},{"type":"Feature","geometry":{"type":"Point","coordinates":[30.463855,50.470419]},"properties":{"lines":"19, 23Д, 31Д","color":"#149a3f","mode":"bus","arr":["Тб19","Тб23Д","Тб31Д"],"angle":-3.6,"extra":1,"ei":3}},{"type":"Feature","geometry":{"type":"Point","coordinates":[30.443059,50.470335]},"properties":{"lines":"19, 23Д, 31Д","color":"#149a3f","mode":"bus","arr":["Тб19","Тб23Д","Тб31Д"],"angle":18,"mi":1}},{"type":"Feature","geometry":{"type":"Point","coordinates":[30.441549,50.470691]},"properties":{"lines":"23Д, 31Д","color":"#149a3f","mode":"bus","arr":["Тб23Д","Тб31Д"],"angle":56.3,"side":-1,"mi":1}},{"type":"Feature","geometry":{"type":"Point","coordinates":[30.447421,50.472363]},"properties":{"lines":"19, 27, 30","color":"#149a3f","mode":"bus","arr":["Тб19","Тб27","Тб30"],"angle":-77.7}},{"type":"Feature","geometry":{"type":"Point","coordinates":[30.446027,50.479759]},"properties":{"lines":"19, 22к, 42","color":"#149a3f","mode":"bus","arr":["Тб19","Тб22к","Тб42"],"angle":-50.6}},{"type":"Feature","geometry":{"type":"Point","coordinates":[30.445944,50.480228]},"properties":{"lines":"19, 22к, 42","color":"#149a3f","mode":"bus","arr":["Тб19","Тб22к","Тб42"],"angle":39,"mi":1}},{"type":"Feature","geometry":{"type":"Point","coordinates":[30.446776,50.46731]},"properties":{"lines":"22к, 27, 30","color":"#149a3f","mode":"bus","arr":["Тб22к","Тб27","Тб30"],"angle":87.2,"side":-1}},{"type":"Feature","geometry":{"type":"Point","coordinates":[30.446668,50.469072]},"properties":{"lines":"22к, 27, 30","color":"#149a3f","mode":"bus","arr":["Тб22к","Тб27","Тб30"],"angle":88.6,"extra":1,"ei":0,"side":-1}},{"type":"Feature","geometry":{"type":"Point","coordinates":[30.446915,50.465298]},"properties":{"lines":"22к, 27, 30","color":"#149a3f","mode":"bus","arr":["Тб22к","Тб27","Тб30"],"angle":87.3,"extra":1,"ei":1,"side":-1}},{"type":"Feature","geometry":{"type":"Point","coordinates":[30.446943,50.466986]},"properties":{"lines":"22к, 27, 30, 42","color":"#149a3f","mode":"bus","arr":["Тб22к","Тб27","Тб30","Тб42"],"angle":87.7,"mi":3}},{"type":"Feature","geometry":{"type":"Point","coordinates":[30.447094,50.464759]},"properties":{"lines":"22к, 27, 30, 42","color":"#149a3f","mode":"bus","arr":["Тб22к","Тб27","Тб30","Тб42"],"angle":87.9,"extra":1,"ei":0}},{"type":"Feature","geometry":{"type":"Point","coordinates":[30.446824,50.468532]},"properties":{"lines":"22к, 27, 30, 42","color":"#149a3f","mode":"bus","arr":["Тб22к","Тб27","Тб30","Тб42"],"angle":88.2,"extra":1,"ei":1}},{"type":"Feature","geometry":{"type":"Point","coordinates":[30.447347,50.459767]},"properties":{"lines":"22к, 27, 30, 42","color":"#149a3f","mode":"bus","arr":["Тб22к","Тб27","Тб30","Тб42"],"angle":87.9}},{"type":"Feature","geometry":{"type":"Point","coordinates":[30.447046,50.462862]},"properties":{"lines":"22к, 27, 30, 42","color":"#149a3f","mode":"bus","arr":["Тб22к","Тб27","Тб30","Тб42"],"angle":88.7,"extra":1,"ei":0,"side":-1}},{"type":"Feature","geometry":{"type":"Point","coordinates":[30.447132,50.460974]},"properties":{"lines":"22к, 27, 30, 42","color":"#149a3f","mode":"bus","arr":["Тб22к","Тб27","Тб30","Тб42"],"angle":87.6,"extra":1,"ei":1,"side":-1}},{"type":"Feature","geometry":{"type":"Point","coordinates":[30.446744,50.457223]},"properties":{"lines":"22к, 27, 30, 42","color":"#149a3f","mode":"bus","arr":["Тб22к","Тб27","Тб30","Тб42"],"angle":-79.2,"extra":1,"ei":2}},{"type":"Feature","geometry":{"type":"Point","coordinates":[30.447277,50.458553]},"properties":{"lines":"22к, 27, 30, 42","color":"#149a3f","mode":"bus","arr":["Тб22к","Тб27","Тб30","Тб42"],"angle":-81.2,"extra":1,"ei":0,"side":-1}},{"type":"Feature","geometry":{"type":"Point","coordinates":[30.445804,50.454244]},"properties":{"lines":"22к, 27, 30, 42","color":"#149a3f","mode":"bus","arr":["Тб22к","Тб27","Тб30","Тб42"],"angle":-76,"side":-1,"mi":1}},{"type":"Feature","geometry":{"type":"Point","coordinates":[30.445188,50.45303]},"properties":{"lines":"22к, 27, 30, 42","color":"#149a3f","mode":"bus","arr":["Тб22к","Тб27","Тб30","Тб42"],"angle":-76.3,"extra":1,"ei":0}},{"type":"Feature","geometry":{"type":"Point","coordinates":[30.44628,50.455459]},"properties":{"lines":"22к, 27, 30, 42","color":"#149a3f","mode":"bus","arr":["Тб22к","Тб27","Тб30","Тб42"],"angle":-76,"extra":1,"ei":0,"side":-1}},{"type":"Feature","geometry":{"type":"Point","coordinates":[30.443381,50.448469]},"properties":{"lines":"22к, 27, 30, 42","color":"#149a3f","mode":"bus","arr":["Тб22к","Тб27","Тб30","Тб42"],"angle":-75.8,"mi":2}},{"type":"Feature","geometry":{"type":"Point","coordinates":[30.444712,50.451813]},"properties":{"lines":"22к, 27, 30, 42","color":"#149a3f","mode":"bus","arr":["Тб22к","Тб27","Тб30","Тб42"],"angle":-76,"extra":1,"ei":0}},{"type":"Feature","geometry":{"type":"Point","coordinates":[30.443977,50.449984]},"properties":{"lines":"22к, 27, 30, 42","color":"#149a3f","mode":"bus","arr":["Тб22к","Тб27","Тб30","Тб42"],"angle":-76.1,"extra":1,"ei":1}},{"type":"Feature","geometry":{"type":"Point","coordinates":[30.442532,50.446321]},"properties":{"lines":"22к, 27, 30, 42","color":"#149a3f","mode":"bus","arr":["Тб22к","Тб27","Тб30","Тб42"],"angle":-75.9,"extra":1,"ei":2}},{"type":"Feature","geometry":{"type":"Point","coordinates":[30.44199,50.444471]},"properties":{"lines":"22к, 27, 30, 42","color":"#149a3f","mode":"bus","arr":["Тб22к","Тб27","Тб30","Тб42"],"angle":89,"extra":1,"ei":3}},{"type":"Feature","geometry":{"type":"Point","coordinates":[30.459824,50.415839]},"properties":{"lines":"22к, 30, 35, 40, 40к","color":"#149a3f","mode":"bus","arr":["Тб22к","Тб30","Тб35","Тб40","Тб40к"],"angle":7.2}},{"type":"Feature","geometry":{"type":"Point","coordinates":[30.456674,50.416093]},"properties":{"lines":"22к, 30, 35, 40, 40к","color":"#149a3f","mode":"bus","arr":["Тб22к","Тб30","Тб35","Тб40","Тб40к"],"angle":7.2,"extra":1,"ei":0}},{"type":"Feature","geometry":{"type":"Point","coordinates":[30.462548,50.41559]},"properties":{"lines":"22к, 30, 35, 40, 40к","color":"#149a3f","mode":"bus","arr":["Тб22к","Тб30","Тб35","Тб40","Тб40к"],"angle":9.4,"extra":1,"ei":1}},{"type":"Feature","geometry":{"type":"Point","coordinates":[30.46435,50.414838]},"properties":{"lines":"22к, 30, 35, 40, 40к","color":"#149a3f","mode":"bus","arr":["Тб22к","Тб30","Тб35","Тб40","Тб40к"],"angle":-85.1,"mi":1}},{"type":"Feature","geometry":{"type":"Point","coordinates":[30.447676,50.472246]},"properties":{"lines":"22к, 30, 31Д, 42","color":"#149a3f","mode":"bus","arr":["Тб22к","Тб30","Тб31Д","Тб42"],"angle":-77.6,"side":-1}},{"type":"Feature","geometry":{"type":"Point","coordinates":[30.464836,50.470649]},"properties":{"lines":"23Д","color":"#149a3f","mode":"bus","arr":["Тб23Д"],"angle":86.2,"side":-1}},{"type":"Feature","geometry":{"type":"Point","coordinates":[30.441969,50.470705]},"properties":{"lines":"23Д, 31Д","color":"#149a3f","mode":"bus","arr":["Тб23Д","Тб31Д"],"angle":36.4}},{"type":"Feature","geometry":{"type":"Point","coordinates":[30.43933,50.472454]},"properties":{"lines":"23Д","color":"#149a3f","mode":"bus","arr":["Тб23Д"],"angle":30.6}},{"type":"Feature","geometry":{"type":"Point","coordinates":[30.441312,50.471516]},"properties":{"lines":"23Д","color":"#149a3f","mode":"bus","arr":["Тб23Д"],"angle":-47.7,"mi":3}},{"type":"Feature","geometry":{"type":"Point","coordinates":[30.436857,50.474098]},"properties":{"lines":"23Д","color":"#149a3f","mode":"bus","arr":["Тб23Д"],"angle":-67.3,"mi":4}},{"type":"Feature","geometry":{"type":"Point","coordinates":[30.410308,50.478718]},"properties":{"lines":"23Д, 35","color":"#149a3f","mode":"bus","arr":["Тб23Д","Тб35"],"angle":40.7,"side":-1}},{"type":"Feature","geometry":{"type":"Point","coordinates":[30.439113,50.504227]},"properties":{"lines":"24, 25, 28Д","color":"#149a3f","mode":"bus","arr":["Тб24","Тб25","Тб28Д"],"angle":51.3,"side":-1}},{"type":"Feature","geometry":{"type":"Point","coordinates":[30.444558,50.505068]},"properties":{"lines":"24","color":"#149a3f","mode":"bus","arr":["Тб24"],"angle":-12.6,"side":-1,"mi":1}},{"type":"Feature","geometry":{"type":"Point","coordinates":[30.497451,50.486081]},"properties":{"lines":"25","color":"#149a3f","mode":"bus","arr":["Тб25"],"angle":-88.9,"mi":1}},{"type":"Feature","geometry":{"type":"Point","coordinates":[30.472684,50.486993]},"properties":{"lines":"25","color":"#149a3f","mode":"bus","arr":["Тб25"],"angle":-26.7}},{"type":"Feature","geometry":{"type":"Point","coordinates":[30.497747,50.48557]},"properties":{"lines":"25","color":"#149a3f","mode":"bus","arr":["Тб25"],"angle":6.5,"mi":2}},{"type":"Feature","geometry":{"type":"Point","coordinates":[30.498392,50.489218]},"properties":{"lines":"25, 27, 29, 30, 31Д, 34","color":"#149a3f","mode":"bus","arr":["Тб25","Тб27","Тб29","Тб30","Тб31Д","Тб34"],"angle":0.5}},{"type":"Feature","geometry":{"type":"Point","coordinates":[30.480634,50.488364]},"properties":{"lines":"25, 27, 30, 31Д","color":"#149a3f","mode":"bus","arr":["Тб25","Тб27","Тб30","Тб31Д"],"angle":-13.7}},{"type":"Feature","geometry":{"type":"Point","coordinates":[30.478533,50.488032]},"properties":{"lines":"25, 27, 30, 31Д","color":"#149a3f","mode":"bus","arr":["Тб25","Тб27","Тб30","Тб31Д"],"angle":-13.9,"extra":1,"ei":0}},{"type":"Feature","geometry":{"type":"Point","coordinates":[30.476157,50.487647]},"properties":{"lines":"25, 27, 30, 31Д","color":"#149a3f","mode":"bus","arr":["Тб25","Тб27","Тб30","Тб31Д"],"angle":-14.6,"mi":1}},{"type":"Feature","geometry":{"type":"Point","coordinates":[30.474188,50.487184]},"properties":{"lines":"25, 27, 30, 31Д","color":"#149a3f","mode":"bus","arr":["Тб25","Тб27","Тб30","Тб31Д"],"angle":-30.3,"extra":1,"ei":0}},{"type":"Feature","geometry":{"type":"Point","coordinates":[30.441556,50.502304]},"properties":{"lines":"25, 28Д","color":"#149a3f","mode":"bus","arr":["Тб25","Тб28Д"],"angle":53.6}},{"type":"Feature","geometry":{"type":"Point","coordinates":[30.442522,50.501211]},"properties":{"lines":"25, 28Д","color":"#149a3f","mode":"bus","arr":["Тб25","Тб28Д"],"angle":70.2,"extra":1,"ei":0}},{"type":"Feature","geometry":{"type":"Point","coordinates":[30.472688,50.4854]},"properties":{"lines":"25, 28Д","color":"#149a3f","mode":"bus","arr":["Тб25","Тб28Д"],"angle":-47}},{"type":"Feature","geometry":{"type":"Point","coordinates":[30.424263,50.417104]},"properties":{"lines":"27","color":"#149a3f","mode":"bus","arr":["Тб27"],"angle":-80.1}},{"type":"Feature","geometry":{"type":"Point","coordinates":[30.423679,50.415269]},"properties":{"lines":"27","color":"#149a3f","mode":"bus","arr":["Тб27"],"angle":-67.2,"extra":1,"ei":0}},{"type":"Feature","geometry":{"type":"Point","coordinates":[30.42478,50.418976]},"properties":{"lines":"27","color":"#149a3f","mode":"bus","arr":["Тб27"],"angle":-79.8,"extra":1,"ei":1}},{"type":"Feature","geometry":{"type":"Point","coordinates":[30.444515,50.442721]},"properties":{"lines":"27","color":"#149a3f","mode":"bus","arr":["Тб27"],"angle":66.5}},{"type":"Feature","geometry":{"type":"Point","coordinates":[30.470164,50.483618]},"properties":{"lines":"27","color":"#149a3f","mode":"bus","arr":["Тб27"],"angle":-39.8,"side":-1}},{"type":"Feature","geometry":{"type":"Point","coordinates":[30.471669,50.48484]},"properties":{"lines":"27","color":"#149a3f","mode":"bus","arr":["Тб27"],"angle":-33.3,"side":-1,"mi":1}},{"type":"Feature","geometry":{"type":"Point","coordinates":[30.462131,50.482681]},"properties":{"lines":"27, 30, 31Д","color":"#149a3f","mode":"bus","arr":["Тб27","Тб30","Тб31Д"],"angle":-21.3}},{"type":"Feature","geometry":{"type":"Point","coordinates":[30.472926,50.486458]},"properties":{"lines":"27, 30, 31Д","color":"#149a3f","mode":"bus","arr":["Тб27","Тб30","Тб31Д"],"angle":-48.5,"extra":1,"ei":0}},{"type":"Feature","geometry":{"type":"Point","coordinates":[30.471225,50.484921]},"properties":{"lines":"27, 30, 31Д","color":"#149a3f","mode":"bus","arr":["Тб27","Тб30","Тб31Д"],"angle":-59.6,"extra":1,"ei":1}},{"type":"Feature","geometry":{"type":"Point","coordinates":[30.469102,50.483643]},"properties":{"lines":"27, 30, 31Д","color":"#149a3f","mode":"bus","arr":["Тб27","Тб30","Тб31Д"],"angle":-27.6,"extra":1,"ei":2}},{"type":"Feature","geometry":{"type":"Point","coordinates":[30.466253,50.483184]},"properties":{"lines":"27, 30, 31Д","color":"#149a3f","mode":"bus","arr":["Тб27","Тб30","Тб31Д"],"angle":-6.4,"extra":1,"ei":3}},{"type":"Feature","geometry":{"type":"Point","coordinates":[30.457775,50.481594]},"properties":{"lines":"27, 30, 31Д","color":"#149a3f","mode":"bus","arr":["Тб27","Тб30","Тб31Д"],"angle":-19.7,"extra":1,"ei":4}},{"type":"Feature","geometry":{"type":"Point","coordinates":[30.45515,50.480728]},"properties":{"lines":"27, 30, 31Д","color":"#149a3f","mode":"bus","arr":["Тб27","Тб30","Тб31Д"],"angle":-34.2,"extra":1,"ei":5}},{"type":"Feature","geometry":{"type":"Point","coordinates":[30.452872,50.479526]},"properties":{"lines":"27, 30, 31Д","color":"#149a3f","mode":"bus","arr":["Тб27","Тб30","Тб31Д"],"angle":-45.3,"extra":1,"ei":6}},{"type":"Feature","geometry":{"type":"Point","coordinates":[30.45104,50.478044]},"properties":{"lines":"27, 30, 31Д","color":"#149a3f","mode":"bus","arr":["Тб27","Тб30","Тб31Д"],"angle":-54.5,"extra":1,"ei":7}},{"type":"Feature","geometry":{"type":"Point","coordinates":[30.436501,50.438518]},"properties":{"lines":"27","color":"#149a3f","mode":"bus","arr":["Тб27"],"angle":57.6,"mi":1}},{"type":"Feature","geometry":{"type":"Point","coordinates":[30.476426,50.482798]},"properties":{"lines":"28Д","color":"#149a3f","mode":"bus","arr":["Тб28Д"],"angle":47.7,"side":-1}},{"type":"Feature","geometry":{"type":"Point","coordinates":[30.457211,50.496054]},"properties":{"lines":"28Д","color":"#149a3f","mode":"bus","arr":["Тб28Д"],"angle":36.2,"side":-1}},{"type":"Feature","geometry":{"type":"Point","coordinates":[30.485399,50.48917]},"properties":{"lines":"34","color":"#149a3f","mode":"bus","arr":["Тб34"],"angle":-7.7}},{"type":"Feature","geometry":{"type":"Point","coordinates":[30.528474,50.487765]},"properties":{"lines":"34","color":"#149a3f","mode":"bus","arr":["Тб34"],"angle":-68.3}},{"type":"Feature","geometry":{"type":"Point","coordinates":[30.486012,50.488873]},"properties":{"lines":"29, 34","color":"#149a3f","mode":"bus","arr":["Тб29","Тб34"],"angle":-8.3,"side":-1}},{"type":"Feature","geometry":{"type":"Point","coordinates":[30.499729,50.489067]},"properties":{"lines":"29, 30, 31Д","color":"#149a3f","mode":"bus","arr":["Тб29","Тб30","Тб31Д"],"angle":1.1}},{"type":"Feature","geometry":{"type":"Point","coordinates":[30.496068,50.489111]},"properties":{"lines":"29, 30, 31Д","color":"#149a3f","mode":"bus","arr":["Тб29","Тб30","Тб31Д"],"angle":1,"extra":1,"ei":0,"side":-1}},{"type":"Feature","geometry":{"type":"Point","coordinates":[30.50199,50.488987]},"properties":{"lines":"29, 30, 31Д","color":"#149a3f","mode":"bus","arr":["Тб29","Тб30","Тб31Д"],"angle":4.9,"extra":1,"ei":1}},{"type":"Feature","geometry":{"type":"Point","coordinates":[30.60581,50.457236]},"properties":{"lines":"29, 50к","color":"#149a3f","mode":"bus","arr":["Тб29","Тб50к"],"angle":-22.7,"side":-1}},{"type":"Feature","geometry":{"type":"Point","coordinates":[30.620353,50.445706]},"properties":{"lines":"29, 50, 50к","color":"#149a3f","mode":"bus","arr":["Тб29","Тб50","Тб50к"],"angle":22.9}},{"type":"Feature","geometry":{"type":"Point","coordinates":[30.609774,50.455591]},"properties":{"lines":"29, 50, 50к","color":"#149a3f","mode":"bus","arr":["Тб29","Тб50","Тб50к"],"angle":66.9}},{"type":"Feature","geometry":{"type":"Point","coordinates":[30.61696,50.446619]},"properties":{"lines":"29, 50, 50к","color":"#149a3f","mode":"bus","arr":["Тб29","Тб50","Тб50к"],"angle":22.7,"extra":1,"ei":0}},{"type":"Feature","geometry":{"type":"Point","coordinates":[30.62242,50.44515]},"properties":{"lines":"29, 50, 50к","color":"#149a3f","mode":"bus","arr":["Тб29","Тб50","Тб50к"],"angle":22.9,"extra":1,"ei":1}},{"type":"Feature","geometry":{"type":"Point","coordinates":[30.590466,50.492828]},"properties":{"lines":"29","color":"#149a3f","mode":"bus","arr":["Тб29"],"angle":77.6}},{"type":"Feature","geometry":{"type":"Point","coordinates":[30.590962,50.491381]},"properties":{"lines":"29","color":"#149a3f","mode":"bus","arr":["Тб29"],"angle":77.7,"extra":1,"ei":0}},{"type":"Feature","geometry":{"type":"Point","coordinates":[30.589736,50.495076]},"properties":{"lines":"29","color":"#149a3f","mode":"bus","arr":["Тб29"],"angle":80.4,"extra":1,"ei":1}},{"type":"Feature","geometry":{"type":"Point","coordinates":[30.501387,50.489146]},"properties":{"lines":"29, 30, 31Д, 34","color":"#149a3f","mode":"bus","arr":["Тб29","Тб30","Тб31Д","Тб34"],"angle":4.2}},{"type":"Feature","geometry":{"type":"Point","coordinates":[30.499211,50.489212]},"properties":{"lines":"29, 30, 31Д, 34","color":"#149a3f","mode":"bus","arr":["Тб29","Тб30","Тб31Д","Тб34"],"angle":1,"extra":1,"ei":0}},{"type":"Feature","geometry":{"type":"Point","coordinates":[30.464234,50.414037]},"properties":{"lines":"30, 35","color":"#149a3f","mode":"bus","arr":["Тб30","Тб35"],"angle":-84.3}},{"type":"Feature","geometry":{"type":"Point","coordinates":[30.486525,50.517677]},"properties":{"lines":"32","color":"#149a3f","mode":"bus","arr":["Тб32"],"angle":1.6,"mi":2}},{"type":"Feature","geometry":{"type":"Point","coordinates":[30.483892,50.517718]},"properties":{"lines":"32","color":"#149a3f","mode":"bus","arr":["Тб32"],"angle":1.3}},{"type":"Feature","geometry":{"type":"Point","coordinates":[30.484383,50.440037]},"properties":{"lines":"33","color":"#149a3f","mode":"bus","arr":["Тб33"],"angle":49.4,"mi":1}},{"type":"Feature","geometry":{"type":"Point","coordinates":[30.482186,50.441487]},"properties":{"lines":"33","color":"#149a3f","mode":"bus","arr":["Тб33"],"angle":30.7,"mi":2}},{"type":"Feature","geometry":{"type":"Point","coordinates":[30.480113,50.441958]},"properties":{"lines":"33","color":"#149a3f","mode":"bus","arr":["Тб33"],"angle":16.6,"extra":1,"ei":0}},{"type":"Feature","geometry":{"type":"Point","coordinates":[30.484062,50.439897]},"properties":{"lines":"33","color":"#149a3f","mode":"bus","arr":["Тб33"],"angle":83.3,"side":-1}},{"type":"Feature","geometry":{"type":"Point","coordinates":[30.525883,50.489082]},"properties":{"lines":"34","color":"#149a3f","mode":"bus","arr":["Тб34"],"angle":57.3,"mi":1}},{"type":"Feature","geometry":{"type":"Point","coordinates":[30.524774,50.490131]},"properties":{"lines":"34","color":"#149a3f","mode":"bus","arr":["Тб34"],"angle":57.6,"extra":1,"ei":0}},{"type":"Feature","geometry":{"type":"Point","coordinates":[30.507416,50.509083]},"properties":{"lines":"34, 47","color":"#149a3f","mode":"bus","arr":["Тб34","Тб47"],"angle":71.2}},{"type":"Feature","geometry":{"type":"Point","coordinates":[30.508867,50.507168]},"properties":{"lines":"34, 47","color":"#149a3f","mode":"bus","arr":["Тб34","Тб47"],"angle":63.5,"extra":1,"ei":0}},{"type":"Feature","geometry":{"type":"Point","coordinates":[30.506767,50.510676]},"properties":{"lines":"34, 47","color":"#149a3f","mode":"bus","arr":["Тб34","Тб47"],"angle":79.2,"extra":1,"ei":1}},{"type":"Feature","geometry":{"type":"Point","coordinates":[30.507212,50.492353]},"properties":{"lines":"34","color":"#149a3f","mode":"bus","arr":["Тб34"],"angle":-89}},{"type":"Feature","geometry":{"type":"Point","coordinates":[30.507287,50.495054]},"properties":{"lines":"34","color":"#149a3f","mode":"bus","arr":["Тб34"],"angle":-88.9,"extra":1,"ei":0}},{"type":"Feature","geometry":{"type":"Point","coordinates":[30.507126,50.489389]},"properties":{"lines":"34","color":"#149a3f","mode":"bus","arr":["Тб34"],"angle":84.9,"extra":1,"ei":1}},{"type":"Feature","geometry":{"type":"Point","coordinates":[30.40564,50.482065]},"properties":{"lines":"35","color":"#149a3f","mode":"bus","arr":["Тб35"],"angle":-24.4,"mi":1}},{"type":"Feature","geometry":{"type":"Point","coordinates":[30.404453,50.482166]},"properties":{"lines":"35","color":"#149a3f","mode":"bus","arr":["Тб35"],"angle":-67.5,"side":-1}},{"type":"Feature","geometry":{"type":"Point","coordinates":[30.557107,50.402808]},"properties":{"lines":"38","color":"#149a3f","mode":"bus","arr":["Тб38"],"angle":-10}},{"type":"Feature","geometry":{"type":"Point","coordinates":[30.357258,50.46507]},"properties":{"lines":"39","color":"#149a3f","mode":"bus","arr":["Тб39"],"angle":76.1,"side":-1}},{"type":"Feature","geometry":{"type":"Point","coordinates":[30.514896,50.428051]},"properties":{"lines":"40, 40к","color":"#149a3f","mode":"bus","arr":["Тб40","Тб40к"],"angle":-1.5}},{"type":"Feature","geometry":{"type":"Point","coordinates":[30.371527,50.429526]},"properties":{"lines":"41","color":"#149a3f","mode":"bus","arr":["Тб41"],"angle":64.9}},{"type":"Feature","geometry":{"type":"Point","coordinates":[30.373252,50.427056]},"properties":{"lines":"41","color":"#149a3f","mode":"bus","arr":["Тб41"],"angle":88.5,"extra":1,"ei":0}},{"type":"Feature","geometry":{"type":"Point","coordinates":[30.369763,50.432253]},"properties":{"lines":"41","color":"#149a3f","mode":"bus","arr":["Тб41"],"angle":79.2,"extra":1,"ei":1}},{"type":"Feature","geometry":{"type":"Point","coordinates":[30.369939,50.42557]},"properties":{"lines":"41","color":"#149a3f","mode":"bus","arr":["Тб41"],"angle":-21.7,"mi":6}},{"type":"Feature","geometry":{"type":"Point","coordinates":[30.36697,50.426164]},"properties":{"lines":"41","color":"#149a3f","mode":"bus","arr":["Тб41"],"angle":30.6,"mi":4}},{"type":"Feature","geometry":{"type":"Point","coordinates":[30.36594,50.426566]},"properties":{"lines":"41","color":"#149a3f","mode":"bus","arr":["Тб41"],"angle":37.2,"mi":3}},{"type":"Feature","geometry":{"type":"Point","coordinates":[30.369453,50.431015]},"properties":{"lines":"41","color":"#149a3f","mode":"bus","arr":["Тб41"],"angle":-22.1,"mi":1}},{"type":"Feature","geometry":{"type":"Point","coordinates":[30.363894,50.429551]},"properties":{"lines":"41","color":"#149a3f","mode":"bus","arr":["Тб41"],"angle":-23.9,"mi":2}},{"type":"Feature","geometry":{"type":"Point","coordinates":[30.515154,50.407135]},"properties":{"lines":"42","color":"#149a3f","mode":"bus","arr":["Тб42"],"angle":3.4,"mi":2}},{"type":"Feature","geometry":{"type":"Point","coordinates":[30.524127,50.413452]},"properties":{"lines":"42, 43, 50","color":"#149a3f","mode":"bus","arr":["Тб42","Тб43","Тб50"],"angle":-31.9}},{"type":"Feature","geometry":{"type":"Point","coordinates":[30.446138,50.362686]},"properties":{"lines":"43","color":"#149a3f","mode":"bus","arr":["Тб43"],"angle":-45.8}},{"type":"Feature","geometry":{"type":"Point","coordinates":[30.447672,50.363693]},"properties":{"lines":"43","color":"#149a3f","mode":"bus","arr":["Тб43"],"angle":-46,"extra":1,"ei":0}},{"type":"Feature","geometry":{"type":"Point","coordinates":[30.498223,50.502583]},"properties":{"lines":"44","color":"#149a3f","mode":"bus","arr":["Тб44"],"angle":-2.7,"mi":2}},{"type":"Feature","geometry":{"type":"Point","coordinates":[30.497522,50.501758]},"properties":{"lines":"44","color":"#149a3f","mode":"bus","arr":["Тб44"],"angle":-46.5,"mi":1}},{"type":"Feature","geometry":{"type":"Point","coordinates":[30.505268,50.498542]},"properties":{"lines":"44","color":"#149a3f","mode":"bus","arr":["Тб44"],"angle":57.3,"side":-1}},{"type":"Feature","geometry":{"type":"Point","coordinates":[30.503644,50.500154]},"properties":{"lines":"44","color":"#149a3f","mode":"bus","arr":["Тб44"],"angle":57.5,"extra":1,"ei":0}},{"type":"Feature","geometry":{"type":"Point","coordinates":[30.506846,50.496976]},"properties":{"lines":"44","color":"#149a3f","mode":"bus","arr":["Тб44"],"angle":57.3,"extra":1,"ei":1,"side":-1}},{"type":"Feature","geometry":{"type":"Point","coordinates":[30.566209,50.423624]},"properties":{"lines":"50","color":"#149a3f","mode":"bus","arr":["Тб50"],"angle":40.2,"side":-1}},{"type":"Feature","geometry":{"type":"Point","coordinates":[30.615469,50.439057]},"properties":{"lines":"50","color":"#149a3f","mode":"bus","arr":["Тб50"],"angle":22.7,"side":-1}},{"type":"Feature","geometry":{"type":"Point","coordinates":[30.607333,50.455538]},"properties":{"lines":"50","color":"#149a3f","mode":"bus","arr":["Тб50"],"angle":-14.7}},{"type":"Feature","geometry":{"type":"Point","coordinates":[30.61758,50.439641]},"properties":{"lines":"50","color":"#149a3f","mode":"bus","arr":["Тб50"],"angle":-25.6,"side":-1,"mi":1}},{"type":"Feature","geometry":{"type":"Point","coordinates":[30.608146,50.456632]},"properties":{"lines":"50, 50к","color":"#149a3f","mode":"bus","arr":["Тб50","Тб50к"],"angle":28.7}},{"type":"Feature","geometry":{"type":"Point","coordinates":[30.57389,50.484697]},"properties":{"lines":"4т","color":"#0059a9","mode":"bus","arr":["4т"],"angle":-88.1}},{"type":"Feature","geometry":{"type":"Point","coordinates":[30.573812,50.483222]},"properties":{"lines":"4т","color":"#0059a9","mode":"bus","arr":["4т"],"angle":-88.1,"extra":1,"ei":0}},{"type":"Feature","geometry":{"type":"Point","coordinates":[30.574011,50.486997]},"properties":{"lines":"4т","color":"#0059a9","mode":"bus","arr":["4т"],"angle":-88.1,"extra":1,"ei":1,"side":-1}},{"type":"Feature","geometry":{"type":"Point","coordinates":[30.311129,50.452368]},"properties":{"lines":"37а","color":"#0059a9","mode":"bus","arr":["37а"],"angle":5.8,"mi":3}},{"type":"Feature","geometry":{"type":"Point","coordinates":[30.483947,50.517236]},"properties":{"lines":"40, 99","color":"#0059a9","mode":"bus","arr":["40","99"],"angle":0.7}},{"type":"Feature","geometry":{"type":"Point","coordinates":[30.592368,50.429648]},"properties":{"lines":"49, 95","color":"#0059a9","mode":"bus","arr":["49","95"],"angle":17.8,"mi":1}},{"type":"Feature","geometry":{"type":"Point","coordinates":[30.481398,50.488394]},"properties":{"lines":"50","color":"#0059a9","mode":"bus","arr":["50"],"angle":-16.1}},{"type":"Feature","geometry":{"type":"Point","coordinates":[30.479507,50.488045]},"properties":{"lines":"50","color":"#0059a9","mode":"bus","arr":["50"],"angle":-16.1,"extra":1,"ei":0}},{"type":"Feature","geometry":{"type":"Point","coordinates":[30.573228,50.483382]},"properties":{"lines":"70Д","color":"#0059a9","mode":"bus","arr":["70Д"],"angle":-80.7,"mi":2}},{"type":"Feature","geometry":{"type":"Point","coordinates":[30.57335,50.483367]},"properties":{"lines":"70Д","color":"#0059a9","mode":"bus","arr":["70Д"],"angle":-80,"mi":3}},{"type":"Feature","geometry":{"type":"Point","coordinates":[30.483912,50.517948]},"properties":{"lines":"99","color":"#0059a9","mode":"bus","arr":["99"],"angle":-4.8}},{"type":"Feature","geometry":{"type":"Point","coordinates":[30.749858,50.391699]},"properties":{"lines":"105","color":"#0059a9","mode":"bus","arr":["105"],"angle":-52,"mi":3}},{"type":"Feature","geometry":{"type":"Point","coordinates":[30.752305,50.393697]},"properties":{"lines":"105","color":"#0059a9","mode":"bus","arr":["105"],"angle":-52,"extra":1,"ei":0}},{"type":"Feature","geometry":{"type":"Point","coordinates":[30.748658,50.390719]},"properties":{"lines":"105","color":"#0059a9","mode":"bus","arr":["105"],"angle":-52,"extra":1,"ei":1}},{"type":"Feature","geometry":{"type":"Point","coordinates":[30.747073,50.389164]},"properties":{"lines":"105","color":"#0059a9","mode":"bus","arr":["105"],"angle":-81,"extra":1,"ei":2}},{"type":"Feature","geometry":{"type":"Point","coordinates":[30.532139,50.474515]},"properties":{"lines":"110, 112","color":"#0059a9","mode":"bus","arr":["110","112"],"angle":20.4,"mi":1}},{"type":"Feature","geometry":{"type":"Point","coordinates":[30.532769,50.475081]},"properties":{"lines":"111","color":"#0059a9","mode":"bus","arr":["111"],"angle":44.4,"mi":1}},{"type":"Feature","geometry":{"type":"Point","coordinates":[30.574918,50.481289]},"properties":{"lines":"112","color":"#0059a9","mode":"bus","arr":["112"],"angle":-43.8,"mi":1}},{"type":"Feature","geometry":{"type":"Point","coordinates":[30.575015,50.481381]},"properties":{"lines":"112","color":"#0059a9","mode":"bus","arr":["112"],"angle":-73,"mi":2}},{"type":"Feature","geometry":{"type":"Point","coordinates":[30.606802,50.487959]},"properties":{"lines":"112","color":"#0059a9","mode":"bus","arr":["112"],"angle":51.2,"mi":1}},{"type":"Feature","geometry":{"type":"Point","coordinates":[30.574984,50.481232]},"properties":{"lines":"112","color":"#0059a9","mode":"bus","arr":["112"],"angle":56.6}},{"type":"Feature","geometry":{"type":"Point","coordinates":[30.464855,50.378583]},"properties":{"lines":"12","color":"#149a3f","mode":"bus","arr":["Тб12"],"angle":84.2,"mi":2}},{"type":"Feature","geometry":{"type":"Point","coordinates":[30.466065,50.377869]},"properties":{"lines":"12","color":"#149a3f","mode":"bus","arr":["Тб12"],"angle":-20.3}},{"type":"Feature","geometry":{"type":"Point","coordinates":[30.519617,50.407183]},"properties":{"lines":"42","color":"#149a3f","mode":"bus","arr":["Тб42"],"angle":-32.6,"mi":1}},{"type":"Feature","geometry":{"type":"Point","coordinates":[30.489058,50.444068]},"properties":{"lines":"15, 18","color":"#d6212b","mode":"tram","arr":["Тм15","Тм18"],"angle":11.2,"mi":2}},{"type":"Feature","geometry":{"type":"Point","coordinates":[30.488866,50.452478]},"properties":{"lines":"15, 18","color":"#d6212b","mode":"tram","arr":["Тм15","Тм18"],"angle":72.2}},{"type":"Feature","geometry":{"type":"Point","coordinates":[30.490787,50.446914]},"properties":{"lines":"15, 18","color":"#d6212b","mode":"tram","arr":["Тм15","Тм18"],"angle":-76.5,"extra":1,"ei":0}},{"type":"Feature","geometry":{"type":"Point","coordinates":[30.492337,50.448384]},"properties":{"lines":"15, 18","color":"#d6212b","mode":"tram","arr":["Тм15","Тм18"],"angle":-43.1,"extra":1,"ei":1}},{"type":"Feature","geometry":{"type":"Point","coordinates":[30.491185,50.449923]},"properties":{"lines":"15, 18","color":"#d6212b","mode":"tram","arr":["Тм15","Тм18"],"angle":52.6,"extra":1,"ei":2}},{"type":"Feature","geometry":{"type":"Point","coordinates":[30.487629,50.455036]},"properties":{"lines":"15, 18","color":"#d6212b","mode":"tram","arr":["Тм15","Тм18"],"angle":72.8,"extra":1,"ei":3,"side":-1}},{"type":"Feature","geometry":{"type":"Point","coordinates":[30.486745,50.456838]},"properties":{"lines":"15, 18","color":"#d6212b","mode":"tram","arr":["Тм15","Тм18"],"angle":72.4,"extra":1,"ei":4,"side":-1}},{"type":"Feature","geometry":{"type":"Point","coordinates":[30.485435,50.45851]},"properties":{"lines":"15, 18","color":"#d6212b","mode":"tram","arr":["Тм15","Тм18"],"angle":54.9,"extra":1,"ei":5}},{"type":"Feature","geometry":{"type":"Point","coordinates":[30.488807,50.452675]},"properties":{"lines":"15, 18","color":"#d6212b","mode":"tram","arr":["Тм15","Тм18"],"angle":75.3,"mi":1}},{"type":"Feature","geometry":{"type":"Point","coordinates":[30.484792,50.459159]},"properties":{"lines":"15, 18","color":"#d6212b","mode":"tram","arr":["Тм15","Тм18"],"angle":57.1,"extra":1,"ei":0}},{"type":"Feature","geometry":{"type":"Point","coordinates":[30.48644,50.457593]},"properties":{"lines":"15, 18","color":"#d6212b","mode":"tram","arr":["Тм15","Тм18"],"angle":65.7,"extra":1,"ei":1}},{"type":"Feature","geometry":{"type":"Point","coordinates":[30.487365,50.455799]},"properties":{"lines":"15, 18","color":"#d6212b","mode":"tram","arr":["Тм15","Тм18"],"angle":72.6,"extra":1,"ei":2}},{"type":"Feature","geometry":{"type":"Point","coordinates":[30.488239,50.453995]},"properties":{"lines":"15, 18","color":"#d6212b","mode":"tram","arr":["Тм15","Тм18"],"angle":72.9,"extra":1,"ei":3}},{"type":"Feature","geometry":{"type":"Point","coordinates":[30.490477,50.450549]},"properties":{"lines":"15, 18","color":"#d6212b","mode":"tram","arr":["Тм15","Тм18"],"angle":52.8,"extra":1,"ei":4}},{"type":"Feature","geometry":{"type":"Point","coordinates":[30.492278,50.44905]},"properties":{"lines":"15, 18","color":"#d6212b","mode":"tram","arr":["Тм15","Тм18"],"angle":52.7,"extra":1,"ei":5}},{"type":"Feature","geometry":{"type":"Point","coordinates":[30.491116,50.447669]},"properties":{"lines":"15, 18","color":"#d6212b","mode":"tram","arr":["Тм15","Тм18"],"angle":-68.5,"extra":1,"ei":6}},{"type":"Feature","geometry":{"type":"Point","coordinates":[30.491697,50.444754]},"properties":{"lines":"1, 15, 18","color":"#d6212b","mode":"tram","arr":["Тм1","Тм15","Тм18"],"angle":-34}},{"type":"Feature","geometry":{"type":"Point","coordinates":[30.491865,50.444867]},"properties":{"lines":"1, 3, 15, 18","color":"#d6212b","mode":"tram","arr":["Тм1","Тм3","Тм15","Тм18"],"angle":-34.7}},{"type":"Feature","geometry":{"type":"Point","coordinates":[30.484919,50.44639]},"properties":{"lines":"1, 3","color":"#d6212b","mode":"tram","arr":["Тм1","Тм3"],"angle":13.9,"mi":1}},{"type":"Feature","geometry":{"type":"Point","coordinates":[30.488432,50.446252]},"properties":{"lines":"1, 3","color":"#d6212b","mode":"tram","arr":["Тм1","Тм3"],"angle":-1.3,"extra":1,"ei":0}},{"type":"Feature","geometry":{"type":"Point","coordinates":[30.482652,50.446843]},"properties":{"lines":"1, 3","color":"#d6212b","mode":"tram","arr":["Тм1","Тм3"],"angle":17.9,"extra":1,"ei":1}},{"type":"Feature","geometry":{"type":"Point","coordinates":[30.477866,50.447616]},"properties":{"lines":"1, 3","color":"#d6212b","mode":"tram","arr":["Тм1","Тм3","118д"],"busLines":"118д","angle":10.4,"side":-1}},{"type":"Feature","geometry":{"type":"Point","coordinates":[30.475729,50.447757]},"properties":{"lines":"1, 3","color":"#d6212b","mode":"tram","arr":["Тм1","Тм3","118д"],"busLines":"118д","angle":1.2,"extra":1,"ei":0,"side":-1}},{"type":"Feature","geometry":{"type":"Point","coordinates":[30.471598,50.447358]},"properties":{"lines":"1, 3","color":"#d6212b","mode":"tram","arr":["Тм1","Тм3","2","118д"],"busLines":"2, 118д","angle":-16.5}},{"type":"Feature","geometry":{"type":"Point","coordinates":[30.474109,50.447708]},"properties":{"lines":"1, 3","color":"#d6212b","mode":"tram","arr":["Тм1","Тм3","2","118д"],"busLines":"2, 118д","angle":-5.7,"extra":1,"ei":0,"side":-1}},{"type":"Feature","geometry":{"type":"Point","coordinates":[30.468393,50.446732]},"properties":{"lines":"1, 3","color":"#d6212b","mode":"tram","arr":["Тм1","Тм3","2","118д"],"busLines":"2, 118д","angle":-17.4,"extra":1,"ei":1,"side":-1}},{"type":"Feature","geometry":{"type":"Point","coordinates":[30.466538,50.446371]},"properties":{"lines":"1, 3","color":"#d6212b","mode":"tram","arr":["Тм1","Тм3"],"angle":-16.2,"side":-1}},{"type":"Feature","geometry":{"type":"Point","coordinates":[30.458943,50.445963]},"properties":{"lines":"1, 3","color":"#d6212b","mode":"tram","arr":["Тм1","Тм3","2","118д"],"busLines":"2, 118д","angle":10.5,"side":-1,"mi":1}},{"type":"Feature","geometry":{"type":"Point","coordinates":[30.463927,50.445892]},"properties":{"lines":"1, 3","color":"#d6212b","mode":"tram","arr":["Тм1","Тм3","2","118д"],"busLines":"2, 118д","angle":-14.8,"extra":1,"ei":0,"side":-1}},{"type":"Feature","geometry":{"type":"Point","coordinates":[30.460992,50.445731]},"properties":{"lines":"1, 3","color":"#d6212b","mode":"tram","arr":["Тм1","Тм3","2","118д"],"busLines":"2, 118д","angle":6.4,"extra":1,"ei":1,"side":-1}},{"type":"Feature","geometry":{"type":"Point","coordinates":[30.455161,50.446408]},"properties":{"lines":"1, 3","color":"#d6212b","mode":"tram","arr":["Тм1","Тм3","2","118д"],"busLines":"2, 118д","angle":10.1,"extra":1,"ei":2,"side":-1}},{"type":"Feature","geometry":{"type":"Point","coordinates":[30.447891,50.445403]},"properties":{"lines":"1, 3","color":"#d6212b","mode":"tram","arr":["Тм1","Тм3","2"],"busLines":"2","angle":-21.4,"side":-1,"mi":1}},{"type":"Feature","geometry":{"type":"Point","coordinates":[30.451109,50.446209]},"properties":{"lines":"1, 3","color":"#d6212b","mode":"tram","arr":["Тм1","Тм3","2"],"busLines":"2","angle":-21.4,"extra":1,"ei":0,"side":-1}},{"type":"Feature","geometry":{"type":"Point","coordinates":[30.445592,50.444828]},"properties":{"lines":"1, 3","color":"#d6212b","mode":"tram","arr":["Тм1","Тм3","2"],"busLines":"2","angle":-21.4,"extra":1,"ei":1,"side":-1}},{"type":"Feature","geometry":{"type":"Point","coordinates":[30.438046,50.442926]},"properties":{"lines":"1, 3","color":"#d6212b","mode":"tram","arr":["Тм1","Тм3","2","25","69","Тб27"],"busLines":"2, 25, 69, 27","angle":-21.7,"mi":1}},{"type":"Feature","geometry":{"type":"Point","coordinates":[30.441588,50.443823]},"properties":{"lines":"1, 3","color":"#d6212b","mode":"tram","arr":["Тм1","Тм3","2","25","69","Тб27"],"busLines":"2, 25, 69, 27","angle":-21.7,"extra":1,"ei":0}},{"type":"Feature","geometry":{"type":"Point","coordinates":[30.43608,50.442427]},"properties":{"lines":"1, 3","color":"#d6212b","mode":"tram","arr":["Тм1","Тм3","2","25","69","Тб27"],"busLines":"2, 25, 69, 27","angle":-21.7,"extra":1,"ei":1}},{"type":"Feature","geometry":{"type":"Point","coordinates":[30.433321,50.441737]},"properties":{"lines":"1, 3","color":"#d6212b","mode":"tram","arr":["Тм1","Тм3","2","25","69","Тб27"],"busLines":"2, 25, 69, 27","angle":-21.2,"extra":1,"ei":2,"side":-1}},{"type":"Feature","geometry":{"type":"Point","coordinates":[30.43263,50.441566]},"properties":{"lines":"1, 3","color":"#d6212b","mode":"tram","arr":["Тм1","Тм3","25","69","Тб27"],"busLines":"25, 69, 27","angle":-21.2}},{"type":"Feature","geometry":{"type":"Point","coordinates":[30.425441,50.439702]},"properties":{"lines":"1, 3","color":"#d6212b","mode":"tram","arr":["Тм1","Тм3","69"],"busLines":"69","angle":-21.8}},{"type":"Feature","geometry":{"type":"Point","coordinates":[30.43076,50.441095]},"properties":{"lines":"1, 3","color":"#d6212b","mode":"tram","arr":["Тм1","Тм3","69"],"busLines":"69","angle":-22.7,"extra":1,"ei":0}},{"type":"Feature","geometry":{"type":"Point","coordinates":[30.42803,50.44036]},"properties":{"lines":"1, 3","color":"#d6212b","mode":"tram","arr":["Тм1","Тм3","69"],"busLines":"69","angle":-21.8,"extra":1,"ei":1}},{"type":"Feature","geometry":{"type":"Point","coordinates":[30.422527,50.438958]},"properties":{"lines":"1, 3","color":"#d6212b","mode":"tram","arr":["Тм1","Тм3","69"],"busLines":"69","angle":-21.8,"extra":1,"ei":2}},{"type":"Feature","geometry":{"type":"Point","coordinates":[30.419776,50.438255]},"properties":{"lines":"1, 3","color":"#d6212b","mode":"tram","arr":["Тм1","Тм3","69"],"busLines":"69","angle":-22.1,"extra":1,"ei":3}},{"type":"Feature","geometry":{"type":"Point","coordinates":[30.4153,50.437092]},"properties":{"lines":"1, 3","color":"#d6212b","mode":"tram","arr":["Тм1","Тм3","2","69"],"busLines":"2, 69","angle":-22.2}},{"type":"Feature","geometry":{"type":"Point","coordinates":[30.417358,50.437627]},"properties":{"lines":"1, 3","color":"#d6212b","mode":"tram","arr":["Тм1","Тм3","2","69"],"busLines":"2, 69","angle":-22.2,"extra":1,"ei":0}},{"type":"Feature","geometry":{"type":"Point","coordinates":[30.411379,50.436075]},"properties":{"lines":"1, 3","color":"#d6212b","mode":"tram","arr":["Тм1","Тм3","69"],"busLines":"69","angle":-21.9,"mi":1}},{"type":"Feature","geometry":{"type":"Point","coordinates":[30.398261,50.432732]},"properties":{"lines":"1, 3","color":"#d6212b","mode":"tram","arr":["Тм1","Тм3","9","69"],"busLines":"9, 69","angle":-22.3}},{"type":"Feature","geometry":{"type":"Point","coordinates":[30.409511,50.435601]},"properties":{"lines":"1, 3","color":"#d6212b","mode":"tram","arr":["Тм1","Тм3","9","69"],"busLines":"9, 69","angle":-21.7,"extra":1,"ei":0}},{"type":"Feature","geometry":{"type":"Point","coordinates":[30.406758,50.434901]},"properties":{"lines":"1, 3","color":"#d6212b","mode":"tram","arr":["Тм1","Тм3","9","69"],"busLines":"9, 69","angle":-21.7,"extra":1,"ei":1}},{"type":"Feature","geometry":{"type":"Point","coordinates":[30.404005,50.434202]},"properties":{"lines":"1, 3","color":"#d6212b","mode":"tram","arr":["Тм1","Тм3","9","69"],"busLines":"9, 69","angle":-21.7,"extra":1,"ei":2}},{"type":"Feature","geometry":{"type":"Point","coordinates":[30.401257,50.433496]},"properties":{"lines":"1, 3","color":"#d6212b","mode":"tram","arr":["Тм1","Тм3","9","69"],"busLines":"9, 69","angle":-21.8,"extra":1,"ei":3}},{"type":"Feature","geometry":{"type":"Point","coordinates":[30.395758,50.432086]},"properties":{"lines":"1, 3","color":"#d6212b","mode":"tram","arr":["Тм1","Тм3","9","69"],"busLines":"9, 69","angle":-22,"extra":1,"ei":4}},{"type":"Feature","geometry":{"type":"Point","coordinates":[30.393009,50.43138]},"properties":{"lines":"1, 3","color":"#d6212b","mode":"tram","arr":["Тм1","Тм3","9","69"],"busLines":"9, 69","angle":-22,"extra":1,"ei":5}},{"type":"Feature","geometry":{"type":"Point","coordinates":[30.390261,50.430673]},"properties":{"lines":"1, 3","color":"#d6212b","mode":"tram","arr":["Тм1","Тм3","9","69"],"busLines":"9, 69","angle":-22,"extra":1,"ei":6}},{"type":"Feature","geometry":{"type":"Point","coordinates":[30.387513,50.429966]},"properties":{"lines":"1, 3","color":"#d6212b","mode":"tram","arr":["Тм1","Тм3","9","69"],"busLines":"9, 69","angle":-22,"extra":1,"ei":7}},{"type":"Feature","geometry":{"type":"Point","coordinates":[30.398213,50.432685]},"properties":{"lines":"1, 3","color":"#d6212b","mode":"tram","arr":["Тм1","Тм3","9","69"],"busLines":"9, 69","angle":-22.2,"mi":1}},{"type":"Feature","geometry":{"type":"Point","coordinates":[30.387078,50.429812]},"properties":{"lines":"1, 3","color":"#d6212b","mode":"tram","arr":["Тм1","Тм3","9","69"],"busLines":"9, 69","angle":-22.1,"extra":1,"ei":0,"side":-1}},{"type":"Feature","geometry":{"type":"Point","coordinates":[30.389825,50.43052]},"properties":{"lines":"1, 3","color":"#d6212b","mode":"tram","arr":["Тм1","Тм3","9","69"],"busLines":"9, 69","angle":-22,"extra":1,"ei":1,"side":-1}},{"type":"Feature","geometry":{"type":"Point","coordinates":[30.392572,50.431229]},"properties":{"lines":"1, 3","color":"#d6212b","mode":"tram","arr":["Тм1","Тм3","9","69"],"busLines":"9, 69","angle":-22,"extra":1,"ei":2}},{"type":"Feature","geometry":{"type":"Point","coordinates":[30.395319,50.431938]},"properties":{"lines":"1, 3","color":"#d6212b","mode":"tram","arr":["Тм1","Тм3","9","69"],"busLines":"9, 69","angle":-22,"extra":1,"ei":3}},{"type":"Feature","geometry":{"type":"Point","coordinates":[30.400814,50.433353]},"properties":{"lines":"1, 3","color":"#d6212b","mode":"tram","arr":["Тм1","Тм3","9","69"],"busLines":"9, 69","angle":-21.7,"extra":1,"ei":4}},{"type":"Feature","geometry":{"type":"Point","coordinates":[30.403563,50.434059]},"properties":{"lines":"1, 3","color":"#d6212b","mode":"tram","arr":["Тм1","Тм3","9","69"],"busLines":"9, 69","angle":-21.7,"extra":1,"ei":5}},{"type":"Feature","geometry":{"type":"Point","coordinates":[30.406319,50.434754]},"properties":{"lines":"1, 3","color":"#d6212b","mode":"tram","arr":["Тм1","Тм3","9","69"],"busLines":"9, 69","angle":-21.6,"extra":1,"ei":6,"side":-1}},{"type":"Feature","geometry":{"type":"Point","coordinates":[30.409074,50.43545]},"properties":{"lines":"1, 3","color":"#d6212b","mode":"tram","arr":["Тм1","Тм3","9","69"],"busLines":"9, 69","angle":-21.6,"extra":1,"ei":7,"side":-1}},{"type":"Feature","geometry":{"type":"Point","coordinates":[30.411238,50.435998]},"properties":{"lines":"1, 3","color":"#d6212b","mode":"tram","arr":["Тм1","Тм3","69"],"busLines":"69","angle":-22,"side":-1}},{"type":"Feature","geometry":{"type":"Point","coordinates":[30.415324,50.437056]},"properties":{"lines":"1, 3","color":"#d6212b","mode":"tram","arr":["Тм1","Тм3","2","69"],"busLines":"2, 69","angle":-22.2,"side":-1,"mi":1}},{"type":"Feature","geometry":{"type":"Point","coordinates":[30.413101,50.436479]},"properties":{"lines":"1, 3","color":"#d6212b","mode":"tram","arr":["Тм1","Тм3","2","69"],"busLines":"2, 69","angle":-22.2,"extra":1,"ei":0,"side":-1}},{"type":"Feature","geometry":{"type":"Point","coordinates":[30.418591,50.437903]},"properties":{"lines":"1, 3","color":"#d6212b","mode":"tram","arr":["Тм1","Тм3","2","69"],"busLines":"2, 69","angle":-22.2,"extra":1,"ei":1}},{"type":"Feature","geometry":{"type":"Point","coordinates":[30.425463,50.439667]},"properties":{"lines":"1, 3","color":"#d6212b","mode":"tram","arr":["Тм1","Тм3","69"],"busLines":"69","angle":-21.9,"side":-1,"mi":1}},{"type":"Feature","geometry":{"type":"Point","coordinates":[30.420291,50.438343]},"properties":{"lines":"1, 3","color":"#d6212b","mode":"tram","arr":["Тм1","Тм3","69"],"busLines":"69","angle":-21.9,"extra":1,"ei":0,"side":-1}},{"type":"Feature","geometry":{"type":"Point","coordinates":[30.423041,50.439047]},"properties":{"lines":"1, 3","color":"#d6212b","mode":"tram","arr":["Тм1","Тм3","69"],"busLines":"69","angle":-21.9,"extra":1,"ei":1,"side":-1}},{"type":"Feature","geometry":{"type":"Point","coordinates":[30.428539,50.440459]},"properties":{"lines":"1, 3","color":"#d6212b","mode":"tram","arr":["Тм1","Тм3","69"],"busLines":"69","angle":-22.4,"extra":1,"ei":2}},{"type":"Feature","geometry":{"type":"Point","coordinates":[30.431267,50.441196]},"properties":{"lines":"1, 3","color":"#d6212b","mode":"tram","arr":["Тм1","Тм3","69"],"busLines":"69","angle":-21.7,"extra":1,"ei":3}},{"type":"Feature","geometry":{"type":"Point","coordinates":[30.43265,50.441536]},"properties":{"lines":"1, 3","color":"#d6212b","mode":"tram","arr":["Тм1","Тм3","25","69","Тб27"],"busLines":"25, 69, 27","angle":-21.1,"mi":1}},{"type":"Feature","geometry":{"type":"Point","coordinates":[30.438229,50.442939]},"properties":{"lines":"1, 3","color":"#d6212b","mode":"tram","arr":["Тм1","Тм3","2","25","69","Тб27"],"busLines":"2, 25, 69, 27","angle":-21.8}},{"type":"Feature","geometry":{"type":"Point","coordinates":[30.43469,50.442038]},"properties":{"lines":"1, 3","color":"#d6212b","mode":"tram","arr":["Тм1","Тм3","2","25","69","Тб27"],"busLines":"2, 25, 69, 27","angle":-21.3,"extra":1,"ei":0}},{"type":"Feature","geometry":{"type":"Point","coordinates":[30.440196,50.443437]},"properties":{"lines":"1, 3","color":"#d6212b","mode":"tram","arr":["Тм1","Тм3","2","25","69","Тб27"],"busLines":"2, 25, 69, 27","angle":-21.6,"extra":1,"ei":1}},{"type":"Feature","geometry":{"type":"Point","coordinates":[30.442949,50.444136]},"properties":{"lines":"1, 3","color":"#d6212b","mode":"tram","arr":["Тм1","Тм3","2","25","69","Тб27"],"busLines":"2, 25, 69, 27","angle":-21.5,"extra":1,"ei":2,"side":-1}},{"type":"Feature","geometry":{"type":"Point","coordinates":[30.448075,50.445414]},"properties":{"lines":"1, 3","color":"#d6212b","mode":"tram","arr":["Тм1","Тм3","2"],"busLines":"2","angle":-21.4,"side":-1}},{"type":"Feature","geometry":{"type":"Point","coordinates":[30.444855,50.444611]},"properties":{"lines":"1, 3","color":"#d6212b","mode":"tram","arr":["Тм1","Тм3","2"],"busLines":"2","angle":-21.4,"extra":1,"ei":0,"side":-1}},{"type":"Feature","geometry":{"type":"Point","coordinates":[30.450374,50.445988]},"properties":{"lines":"1, 3","color":"#d6212b","mode":"tram","arr":["Тм1","Тм3","2"],"busLines":"2","angle":-21.4,"extra":1,"ei":1,"side":-1}},{"type":"Feature","geometry":{"type":"Point","coordinates":[30.453222,50.446549]},"properties":{"lines":"1, 3","color":"#d6212b","mode":"tram","arr":["Тм1","Тм3"],"angle":0,"side":-1,"mi":2}},{"type":"Feature","geometry":{"type":"Point","coordinates":[30.458785,50.445949]},"properties":{"lines":"1, 3","color":"#d6212b","mode":"tram","arr":["Тм1","Тм3","2","118д"],"busLines":"2, 118д","angle":10.5,"side":-1,"mi":2}},{"type":"Feature","geometry":{"type":"Point","coordinates":[30.455212,50.44637]},"properties":{"lines":"1, 3","color":"#d6212b","mode":"tram","arr":["Тм1","Тм3","2","118д"],"busLines":"2, 118д","angle":10.2,"extra":1,"ei":0,"side":-1}},{"type":"Feature","geometry":{"type":"Point","coordinates":[30.461043,50.445695]},"properties":{"lines":"1, 3","color":"#d6212b","mode":"tram","arr":["Тм1","Тм3","2","118д"],"busLines":"2, 118д","angle":5.3,"extra":1,"ei":1,"side":-1}},{"type":"Feature","geometry":{"type":"Point","coordinates":[30.467399,50.446503]},"properties":{"lines":"1, 3","color":"#d6212b","mode":"tram","arr":["Тм1","Тм3"],"angle":-17,"side":-1,"mi":1}},{"type":"Feature","geometry":{"type":"Point","coordinates":[30.465272,50.446093]},"properties":{"lines":"1, 3","color":"#d6212b","mode":"tram","arr":["Тм1","Тм3"],"angle":-16.8,"extra":1,"ei":0,"side":-1}},{"type":"Feature","geometry":{"type":"Point","coordinates":[30.470942,50.447194]},"properties":{"lines":"1, 3","color":"#d6212b","mode":"tram","arr":["Тм1","Тм3"],"angle":-16.6,"extra":1,"ei":1,"side":-1}},{"type":"Feature","geometry":{"type":"Point","coordinates":[30.473324,50.447606]},"properties":{"lines":"1, 3","color":"#d6212b","mode":"tram","arr":["Тм1","Тм3","2","118д"],"busLines":"2, 118д","angle":-10.9,"side":-1,"mi":3}},{"type":"Feature","geometry":{"type":"Point","coordinates":[30.475289,50.44772]},"properties":{"lines":"1, 3","color":"#d6212b","mode":"tram","arr":["Тм1","Тм3","2","118д"],"busLines":"2, 118д","angle":-1.5,"extra":1,"ei":0,"side":-1}},{"type":"Feature","geometry":{"type":"Point","coordinates":[30.477885,50.447587]},"properties":{"lines":"1, 3","color":"#d6212b","mode":"tram","arr":["Тм1","Тм3","118д"],"busLines":"118д","angle":10.3,"side":-1,"mi":1}},{"type":"Feature","geometry":{"type":"Point","coordinates":[30.485335,50.44629]},"properties":{"lines":"1, 3","color":"#d6212b","mode":"tram","arr":["Тм1","Тм3"],"angle":14}},{"type":"Feature","geometry":{"type":"Point","coordinates":[30.481381,50.447047]},"properties":{"lines":"1, 3","color":"#d6212b","mode":"tram","arr":["Тм1","Тм3"],"angle":14.7,"extra":1,"ei":0,"side":-1}},{"type":"Feature","geometry":{"type":"Point","coordinates":[30.490054,50.446128]},"properties":{"lines":"1, 3","color":"#d6212b","mode":"tram","arr":["Тм1","Тм3"],"angle":15.4,"extra":1,"ei":1,"side":-1}},{"type":"Feature","geometry":{"type":"Point","coordinates":[30.385414,50.429347]},"properties":{"lines":"1","color":"#d6212b","mode":"tram","arr":["Тм1"],"angle":-55.1,"mi":2}},{"type":"Feature","geometry":{"type":"Point","coordinates":[30.408382,50.407641]},"properties":{"lines":"1","color":"#d6212b","mode":"tram","arr":["Тм1"],"angle":61.7,"side":-1}},{"type":"Feature","geometry":{"type":"Point","coordinates":[30.386998,50.417973]},"properties":{"lines":"1","color":"#d6212b","mode":"tram","arr":["Тм1"],"angle":35.7,"mi":3}},{"type":"Feature","geometry":{"type":"Point","coordinates":[30.383629,50.419511]},"properties":{"lines":"1","color":"#d6212b","mode":"tram","arr":["Тм1","9","23","69","90"],"busLines":"9, 23, 69, 90","angle":37.6}},{"type":"Feature","geometry":{"type":"Point","coordinates":[30.381163,50.421085]},"properties":{"lines":"1","color":"#d6212b","mode":"tram","arr":["Тм1"],"angle":76.9}},{"type":"Feature","geometry":{"type":"Point","coordinates":[30.384106,50.424515]},"properties":{"lines":"1","color":"#d6212b","mode":"tram","arr":["Тм1","9","90"],"busLines":"9, 90","angle":-73.9,"side":-1}},{"type":"Feature","geometry":{"type":"Point","coordinates":[30.38209,50.422143]},"properties":{"lines":"1","color":"#d6212b","mode":"tram","arr":["Тм1","9","90"],"busLines":"9, 90","angle":-44.9,"extra":1,"ei":0,"side":-1}},{"type":"Feature","geometry":{"type":"Point","coordinates":[30.385356,50.427304]},"properties":{"lines":"1","color":"#d6212b","mode":"tram","arr":["Тм1","9","90"],"busLines":"9, 90","angle":-74.8,"extra":1,"ei":1,"side":-1}},{"type":"Feature","geometry":{"type":"Point","coordinates":[30.385518,50.428818]},"properties":{"lines":"1","color":"#d6212b","mode":"tram","arr":["Тм1"],"angle":73.1,"mi":1}},{"type":"Feature","geometry":{"type":"Point","coordinates":[30.385461,50.428784]},"properties":{"lines":"1, 2","color":"#d6212b","mode":"tram","arr":["Тм1","Тм2"],"angle":71.2,"mi":5}},{"type":"Feature","geometry":{"type":"Point","coordinates":[30.384144,50.424707]},"properties":{"lines":"1, 2","color":"#d6212b","mode":"tram","arr":["Тм1","Тм2","9","90"],"busLines":"9, 90","angle":-73.8,"side":-1}},{"type":"Feature","geometry":{"type":"Point","coordinates":[30.38538,50.427475]},"properties":{"lines":"1, 2","color":"#d6212b","mode":"tram","arr":["Тм1","Тм2","9","90"],"busLines":"9, 90","angle":-75.7,"extra":1,"ei":0,"side":-1}},{"type":"Feature","geometry":{"type":"Point","coordinates":[30.382225,50.422273]},"properties":{"lines":"1, 2","color":"#d6212b","mode":"tram","arr":["Тм1","Тм2","9","90"],"busLines":"9, 90","angle":-44.9,"extra":1,"ei":1,"side":-1}},{"type":"Feature","geometry":{"type":"Point","coordinates":[30.381089,50.421173]},"properties":{"lines":"1, 2","color":"#d6212b","mode":"tram","arr":["Тм1","Тм2"],"angle":84.3,"mi":2}},{"type":"Feature","geometry":{"type":"Point","coordinates":[30.384879,50.418899]},"properties":{"lines":"1, 2","color":"#d6212b","mode":"tram","arr":["Тм1","Тм2","9","23","69","90"],"busLines":"9, 23, 69, 90","angle":35.5}},{"type":"Feature","geometry":{"type":"Point","coordinates":[30.382309,50.420194]},"properties":{"lines":"1, 2","color":"#d6212b","mode":"tram","arr":["Тм1","Тм2","9","23","69","90"],"busLines":"9, 23, 69, 90","angle":43,"extra":1,"ei":0}},{"type":"Feature","geometry":{"type":"Point","coordinates":[30.387028,50.417915]},"properties":{"lines":"1, 2","color":"#d6212b","mode":"tram","arr":["Тм1","Тм2","9","23","69","90"],"busLines":"9, 23, 69, 90","angle":36,"extra":1,"ei":1}},{"type":"Feature","geometry":{"type":"Point","coordinates":[30.389498,50.416834]},"properties":{"lines":"1, 2","color":"#d6212b","mode":"tram","arr":["Тм1","Тм2","9","23","90"],"busLines":"9, 23, 90","angle":31.4}},{"type":"Feature","geometry":{"type":"Point","coordinates":[30.39445,50.414992]},"properties":{"lines":"1, 2","color":"#d6212b","mode":"tram","arr":["Тм1","Тм2","23","90"],"busLines":"23, 90","angle":52.5}},{"type":"Feature","geometry":{"type":"Point","coordinates":[30.391656,50.416229]},"properties":{"lines":"1, 2","color":"#d6212b","mode":"tram","arr":["Тм1","Тм2","23","90"],"busLines":"23, 90","angle":20.5,"extra":1,"ei":0}},{"type":"Feature","geometry":{"type":"Point","coordinates":[30.395489,50.413577]},"properties":{"lines":"1, 2","color":"#d6212b","mode":"tram","arr":["Тм1","Тм2","23","90"],"busLines":"23, 90","angle":72.8,"extra":1,"ei":1}},{"type":"Feature","geometry":{"type":"Point","coordinates":[30.396719,50.41172]},"properties":{"lines":"1, 2","color":"#d6212b","mode":"tram","arr":["Тм1","Тм2"],"angle":60.4,"mi":1}},{"type":"Feature","geometry":{"type":"Point","coordinates":[30.400749,50.408942]},"properties":{"lines":"1, 2","color":"#d6212b","mode":"tram","arr":["Тм1","Тм2","23"],"busLines":"23","angle":33.7,"mi":1}},{"type":"Feature","geometry":{"type":"Point","coordinates":[30.39795,50.410572]},"properties":{"lines":"1, 2","color":"#d6212b","mode":"tram","arr":["Тм1","Тм2","23"],"busLines":"23","angle":49.9,"extra":1,"ei":0}},{"type":"Feature","geometry":{"type":"Point","coordinates":[30.402602,50.408294]},"properties":{"lines":"1, 2","color":"#d6212b","mode":"tram","arr":["Тм1","Тм2","23"],"busLines":"23","angle":24,"extra":1,"ei":1}},{"type":"Feature","geometry":{"type":"Point","coordinates":[30.405403,50.407691]},"properties":{"lines":"1, 2","color":"#d6212b","mode":"tram","arr":["Тм1","Тм2","23"],"busLines":"23","angle":10.3,"extra":1,"ei":2,"side":-1}},{"type":"Feature","geometry":{"type":"Point","coordinates":[30.406129,50.4076]},"properties":{"lines":"1, 2","color":"#d6212b","mode":"tram","arr":["Тм1","Тм2"],"angle":15,"side":-1,"mi":3}},{"type":"Feature","geometry":{"type":"Point","coordinates":[30.407484,50.407329]},"properties":{"lines":"1, 2","color":"#d6212b","mode":"tram","arr":["Тм1","Тм2","23"],"busLines":"23","angle":16.6,"mi":2}},{"type":"Feature","geometry":{"type":"Point","coordinates":[30.408532,50.40784]},"properties":{"lines":"1, 2","color":"#d6212b","mode":"tram","arr":["Тм1","Тм2"],"angle":-7,"mi":4}},{"type":"Feature","geometry":{"type":"Point","coordinates":[30.403529,50.408083]},"properties":{"lines":"1, 2","color":"#d6212b","mode":"tram","arr":["Тм1","Тм2","23"],"busLines":"23","angle":21.7}},{"type":"Feature","geometry":{"type":"Point","coordinates":[30.397499,50.410985]},"properties":{"lines":"1, 2","color":"#d6212b","mode":"tram","arr":["Тм1","Тм2","9","23"],"busLines":"9, 23","angle":53.8,"mi":1}},{"type":"Feature","geometry":{"type":"Point","coordinates":[30.400431,50.40912]},"properties":{"lines":"1, 2","color":"#d6212b","mode":"tram","arr":["Тм1","Тм2","9","23"],"busLines":"9, 23","angle":35,"extra":1,"ei":0,"side":-1}},{"type":"Feature","geometry":{"type":"Point","coordinates":[30.395487,50.41369]},"properties":{"lines":"1, 2","color":"#d6212b","mode":"tram","arr":["Тм1","Тм2","9","23"],"busLines":"9, 23","angle":72.8,"extra":1,"ei":1}},{"type":"Feature","geometry":{"type":"Point","coordinates":[30.394128,50.415271]},"properties":{"lines":"1, 2","color":"#d6212b","mode":"tram","arr":["Тм1","Тм2","23","90"],"busLines":"23, 90","angle":47.1,"mi":1}},{"type":"Feature","geometry":{"type":"Point","coordinates":[30.392115,50.416154]},"properties":{"lines":"1, 2","color":"#d6212b","mode":"tram","arr":["Тм1","Тм2","9","23","90"],"busLines":"9, 23, 90","angle":21.7,"mi":1}},{"type":"Feature","geometry":{"type":"Point","coordinates":[30.390635,50.41652]},"properties":{"lines":"1, 2","color":"#d6212b","mode":"tram","arr":["Тм1","Тм2","9","23"],"busLines":"9, 23","angle":21.7}},{"type":"Feature","geometry":{"type":"Point","coordinates":[30.38893,50.417094]},"properties":{"lines":"1, 2","color":"#d6212b","mode":"tram","arr":["Тм1","Тм2"],"angle":31.9}},{"type":"Feature","geometry":{"type":"Point","coordinates":[30.413617,50.409706]},"properties":{"lines":"2","color":"#d6212b","mode":"tram","arr":["Тм2"],"angle":-41.6,"mi":1}},{"type":"Feature","geometry":{"type":"Point","coordinates":[30.411769,50.411491]},"properties":{"lines":"2","color":"#d6212b","mode":"tram","arr":["Тм2"],"angle":43.9,"extra":1,"ei":0}},{"type":"Feature","geometry":{"type":"Point","coordinates":[30.412105,50.408869]},"properties":{"lines":"2","color":"#d6212b","mode":"tram","arr":["Тм2"],"angle":-41.7,"extra":1,"ei":1}},{"type":"Feature","geometry":{"type":"Point","coordinates":[30.409567,50.407918]},"properties":{"lines":"2","color":"#d6212b","mode":"tram","arr":["Тм2"],"angle":-14.8,"extra":1,"ei":2}},{"type":"Feature","geometry":{"type":"Point","coordinates":[30.4067,50.407708]},"properties":{"lines":"2","color":"#d6212b","mode":"tram","arr":["Тм2","23"],"busLines":"23","angle":-6.3}},{"type":"Feature","geometry":{"type":"Point","coordinates":[30.385117,50.429144]},"properties":{"lines":"2","color":"#d6212b","mode":"tram","arr":["Тм2"],"angle":35.8,"side":-1}},{"type":"Feature","geometry":{"type":"Point","coordinates":[30.413102,50.409392]},"properties":{"lines":"2","color":"#d6212b","mode":"tram","arr":["Тм2"],"angle":-40.9}},{"type":"Feature","geometry":{"type":"Point","coordinates":[30.409146,50.407637]},"properties":{"lines":"2","color":"#d6212b","mode":"tram","arr":["Тм2"],"angle":-37.7,"extra":1,"ei":0,"side":-1}},{"type":"Feature","geometry":{"type":"Point","coordinates":[30.41168,50.408604]},"properties":{"lines":"2","color":"#d6212b","mode":"tram","arr":["Тм2"],"angle":-38.1,"extra":1,"ei":1}},{"type":"Feature","geometry":{"type":"Point","coordinates":[30.412283,50.411214]},"properties":{"lines":"2","color":"#d6212b","mode":"tram","arr":["Тм2"],"angle":43.8,"extra":1,"ei":2}},{"type":"Feature","geometry":{"type":"Point","coordinates":[30.385028,50.429264]},"properties":{"lines":"2","color":"#d6212b","mode":"tram","arr":["Тм2"],"angle":14.5,"mi":1}},{"type":"Feature","geometry":{"type":"Point","coordinates":[30.374741,50.426637]},"properties":{"lines":"2, 3","color":"#d6212b","mode":"tram","arr":["Тм2","Тм3"],"angle":-22.2}},{"type":"Feature","geometry":{"type":"Point","coordinates":[30.379941,50.427983]},"properties":{"lines":"2, 3","color":"#d6212b","mode":"tram","arr":["Тм2","Тм3","9","90"],"busLines":"9, 90","angle":-22.1,"mi":1}},{"type":"Feature","geometry":{"type":"Point","coordinates":[30.376522,50.427098]},"properties":{"lines":"2, 3","color":"#d6212b","mode":"tram","arr":["Тм2","Тм3","9","90"],"busLines":"9, 90","angle":-22.1,"extra":1,"ei":0}},{"type":"Feature","geometry":{"type":"Point","coordinates":[30.382014,50.428519]},"properties":{"lines":"2, 3","color":"#d6212b","mode":"tram","arr":["Тм2","Тм3","9","90"],"busLines":"9, 90","angle":-22.1,"extra":1,"ei":1}},{"type":"Feature","geometry":{"type":"Point","coordinates":[30.38055,50.428173]},"properties":{"lines":"2, 3","color":"#d6212b","mode":"tram","arr":["Тм2","Тм3","9","90"],"busLines":"9, 90","angle":-22.1}},{"type":"Feature","geometry":{"type":"Point","coordinates":[30.383344,50.428896]},"properties":{"lines":"2, 3","color":"#d6212b","mode":"tram","arr":["Тм2","Тм3","9","90"],"busLines":"9, 90","angle":-22.1,"extra":1,"ei":0}},{"type":"Feature","geometry":{"type":"Point","coordinates":[30.377853,50.427475]},"properties":{"lines":"2, 3","color":"#d6212b","mode":"tram","arr":["Тм2","Тм3","9","90"],"busLines":"9, 90","angle":-22.1,"extra":1,"ei":1}},{"type":"Feature","geometry":{"type":"Point","coordinates":[30.375728,50.426925]},"properties":{"lines":"2, 3","color":"#d6212b","mode":"tram","arr":["Тм2","Тм3","9"],"busLines":"9","angle":-22.1}},{"type":"Feature","geometry":{"type":"Point","coordinates":[30.373143,50.426259]},"properties":{"lines":"2, 3","color":"#d6212b","mode":"tram","arr":["Тм2","Тм3"],"angle":-21.9,"side":-1,"mi":1}},{"type":"Feature","geometry":{"type":"Point","coordinates":[30.385183,50.429371]},"properties":{"lines":"3","color":"#d6212b","mode":"tram","arr":["Тм3"],"angle":-21.7,"mi":1}},{"type":"Feature","geometry":{"type":"Point","coordinates":[30.385216,50.429345]},"properties":{"lines":"3","color":"#d6212b","mode":"tram","arr":["Тм3"],"angle":-22.2}},{"type":"Feature","geometry":{"type":"Point","coordinates":[30.64272,50.463218]},"properties":{"lines":"8, 29","color":"#d6212b","mode":"tram","arr":["Тм8","Тм29"],"angle":-85.2}},{"type":"Feature","geometry":{"type":"Point","coordinates":[30.651122,50.431376]},"properties":{"lines":"8, 29","color":"#d6212b","mode":"tram","arr":["Тм8","Тм29"],"angle":45.3,"side":-1}},{"type":"Feature","geometry":{"type":"Point","coordinates":[30.658135,50.421191]},"properties":{"lines":"8, 29","color":"#d6212b","mode":"tram","arr":["Тм8","Тм29"],"angle":-83.2}},{"type":"Feature","geometry":{"type":"Point","coordinates":[30.658826,50.420938]},"properties":{"lines":"29","color":"#d6212b","mode":"tram","arr":["Тм29"],"angle":46.2}},{"type":"Feature","geometry":{"type":"Point","coordinates":[30.683806,50.404715]},"properties":{"lines":"29","color":"#d6212b","mode":"tram","arr":["Тм29"],"angle":41.7,"extra":1,"ei":0}},{"type":"Feature","geometry":{"type":"Point","coordinates":[30.681592,50.405971]},"properties":{"lines":"29","color":"#d6212b","mode":"tram","arr":["Тм29"],"angle":41.5,"extra":1,"ei":1}},{"type":"Feature","geometry":{"type":"Point","coordinates":[30.679371,50.407221]},"properties":{"lines":"29","color":"#d6212b","mode":"tram","arr":["Тм29"],"angle":41.5,"extra":1,"ei":2}},{"type":"Feature","geometry":{"type":"Point","coordinates":[30.677155,50.408475]},"properties":{"lines":"29","color":"#d6212b","mode":"tram","arr":["Тм29"],"angle":41.5,"extra":1,"ei":3,"side":-1}},{"type":"Feature","geometry":{"type":"Point","coordinates":[30.674941,50.409731]},"properties":{"lines":"29","color":"#d6212b","mode":"tram","arr":["Тм29"],"angle":41.7,"extra":1,"ei":4}},{"type":"Feature","geometry":{"type":"Point","coordinates":[30.672723,50.410983]},"properties":{"lines":"29","color":"#d6212b","mode":"tram","arr":["Тм29"],"angle":41.7,"extra":1,"ei":5}},{"type":"Feature","geometry":{"type":"Point","coordinates":[30.670499,50.412231]},"properties":{"lines":"29","color":"#d6212b","mode":"tram","arr":["Тм29"],"angle":39.8,"extra":1,"ei":6}},{"type":"Feature","geometry":{"type":"Point","coordinates":[30.66831,50.413503]},"properties":{"lines":"29","color":"#d6212b","mode":"tram","arr":["Тм29"],"angle":42.1,"extra":1,"ei":7}},{"type":"Feature","geometry":{"type":"Point","coordinates":[30.668479,50.414965]},"properties":{"lines":"29","color":"#d6212b","mode":"tram","arr":["Тм29"],"angle":49.1,"extra":1,"ei":8}},{"type":"Feature","geometry":{"type":"Point","coordinates":[30.666348,50.416277]},"properties":{"lines":"29","color":"#d6212b","mode":"tram","arr":["Тм29"],"angle":44.1,"extra":1,"ei":9}},{"type":"Feature","geometry":{"type":"Point","coordinates":[30.664219,50.417591]},"properties":{"lines":"29","color":"#d6212b","mode":"tram","arr":["Тм29"],"angle":43.8,"extra":1,"ei":10}},{"type":"Feature","geometry":{"type":"Point","coordinates":[30.662091,50.418905]},"properties":{"lines":"29","color":"#d6212b","mode":"tram","arr":["Тм29"],"angle":43.6,"extra":1,"ei":11}},{"type":"Feature","geometry":{"type":"Point","coordinates":[30.642017,50.462631]},"properties":{"lines":"8, 22к, 23к, 29","color":"#d6212b","mode":"tram","arr":["Тм8","Тм22к","Тм23к","Тм29"],"angle":-23.5}},{"type":"Feature","geometry":{"type":"Point","coordinates":[30.636201,50.460473]},"properties":{"lines":"8, 22к, 23к, 29, 33к","color":"#d6212b","mode":"tram","arr":["Тм8","Тм22к","Тм23к","Тм29","Тм33к"],"angle":-57.5}},{"type":"Feature","geometry":{"type":"Point","coordinates":[30.63997,50.462064]},"properties":{"lines":"8, 22к, 23к, 29, 33к","color":"#d6212b","mode":"tram","arr":["Тм8","Тм22к","Тм23к","Тм29","Тм33к"],"angle":-23.4,"extra":1,"ei":0}},{"type":"Feature","geometry":{"type":"Point","coordinates":[30.634495,50.457983]},"properties":{"lines":"8, 22к, 23к, 29, 33к","color":"#d6212b","mode":"tram","arr":["Тм8","Тм22к","Тм23к","Тм29","Тм33к"],"angle":-69.2,"extra":1,"ei":1}},{"type":"Feature","geometry":{"type":"Point","coordinates":[30.635726,50.450254]},"properties":{"lines":"8, 22к, 23к, 29, 33к","color":"#d6212b","mode":"tram","arr":["Тм8","Тм22к","Тм23к","Тм29","Тм33к"],"angle":66.7}},{"type":"Feature","geometry":{"type":"Point","coordinates":[30.633344,50.454807]},"properties":{"lines":"8, 22к, 23к, 29, 33к","color":"#d6212b","mode":"tram","arr":["Тм8","Тм22к","Тм23к","Тм29","Тм33к"],"angle":69.7,"extra":1,"ei":0,"side":-1}},{"type":"Feature","geometry":{"type":"Point","coordinates":[30.634012,50.452996]},"properties":{"lines":"8, 22к, 23к, 29, 33к","color":"#d6212b","mode":"tram","arr":["Тм8","Тм22к","Тм23к","Тм29","Тм33к"],"angle":88.3,"extra":1,"ei":1}},{"type":"Feature","geometry":{"type":"Point","coordinates":[30.637424,50.447779]},"properties":{"lines":"8, 22к, 23к, 29, 33к","color":"#d6212b","mode":"tram","arr":["Тм8","Тм22к","Тм23к","Тм29","Тм33к"],"angle":65.8,"extra":1,"ei":2}},{"type":"Feature","geometry":{"type":"Point","coordinates":[30.638654,50.446061]},"properties":{"lines":"8, 22к, 23к, 29, 33к","color":"#d6212b","mode":"tram","arr":["Тм8","Тм22к","Тм23к","Тм29","Тм33к"],"angle":65.1,"extra":1,"ei":3}},{"type":"Feature","geometry":{"type":"Point","coordinates":[30.633439,50.456308]},"properties":{"lines":"8, 22к, 33к","color":"#d6212b","mode":"tram","arr":["Тм8","Тм22к","Тм33к"],"angle":-67.6}},{"type":"Feature","geometry":{"type":"Point","coordinates":[30.631459,50.446334]},"properties":{"lines":"22к, 33к","color":"#d6212b","mode":"tram","arr":["Тм22к","Тм33к"],"angle":3}},{"type":"Feature","geometry":{"type":"Point","coordinates":[30.637545,50.444858]},"properties":{"lines":"22к, 33к","color":"#d6212b","mode":"tram","arr":["Тм22к","Тм33к"],"angle":20.7,"extra":1,"ei":0}},{"type":"Feature","geometry":{"type":"Point","coordinates":[30.634777,50.445534]},"properties":{"lines":"22к, 33к","color":"#d6212b","mode":"tram","arr":["Тм22к","Тм33к"],"angle":20.9,"extra":1,"ei":1}},{"type":"Feature","geometry":{"type":"Point","coordinates":[30.630239,50.445161]},"properties":{"lines":"22к, 33к","color":"#d6212b","mode":"tram","arr":["Тм22к","Тм33к"],"angle":-69.6,"extra":1,"ei":2}},{"type":"Feature","geometry":{"type":"Point","coordinates":[30.629026,50.443455]},"properties":{"lines":"22к, 33к","color":"#d6212b","mode":"tram","arr":["Тм22к","Тм33к"],"angle":-53.7,"extra":1,"ei":3,"side":-1}},{"type":"Feature","geometry":{"type":"Point","coordinates":[30.631468,50.446371]},"properties":{"lines":"8, 22к, 29, 33к","color":"#d6212b","mode":"tram","arr":["Тм8","Тм22к","Тм29","Тм33к"],"angle":4.6}},{"type":"Feature","geometry":{"type":"Point","coordinates":[30.637498,50.444904]},"properties":{"lines":"8, 22к, 29, 33к","color":"#d6212b","mode":"tram","arr":["Тм8","Тм22к","Тм29","Тм33к"],"angle":20.5,"extra":1,"ei":0}},{"type":"Feature","geometry":{"type":"Point","coordinates":[30.63473,50.445578]},"properties":{"lines":"8, 22к, 29, 33к","color":"#d6212b","mode":"tram","arr":["Тм8","Тм22к","Тм29","Тм33к"],"angle":21.2,"extra":1,"ei":1}},{"type":"Feature","geometry":{"type":"Point","coordinates":[30.630207,50.445189]},"properties":{"lines":"8, 22к, 29, 33к","color":"#d6212b","mode":"tram","arr":["Тм8","Тм22к","Тм29","Тм33к"],"angle":-69.4,"extra":1,"ei":2}},{"type":"Feature","geometry":{"type":"Point","coordinates":[30.628997,50.44348]},"properties":{"lines":"8, 22к, 29, 33к","color":"#d6212b","mode":"tram","arr":["Тм8","Тм22к","Тм29","Тм33к"],"angle":-53.3,"extra":1,"ei":3,"side":-1}},{"type":"Feature","geometry":{"type":"Point","coordinates":[30.627938,50.441786]},"properties":{"lines":"8, 22к, 29, 33к","color":"#d6212b","mode":"tram","arr":["Тм8","Тм22к","Тм29","Тм33к"],"angle":-75.2,"mi":1}},{"type":"Feature","geometry":{"type":"Point","coordinates":[30.6394,50.444677]},"properties":{"lines":"8, 29, 33к","color":"#d6212b","mode":"tram","arr":["Тм8","Тм29","Тм33к"],"angle":-57}},{"type":"Feature","geometry":{"type":"Point","coordinates":[30.639585,50.444399]},"properties":{"lines":"22к","color":"#d6212b","mode":"tram","arr":["Тм22к"],"angle":27.2,"side":-1,"mi":1}},{"type":"Feature","geometry":{"type":"Point","coordinates":[30.635679,50.450244]},"properties":{"lines":"22к","color":"#d6212b","mode":"tram","arr":["Тм22к"],"angle":67.1,"mi":2}},{"type":"Feature","geometry":{"type":"Point","coordinates":[30.63331,50.45479]},"properties":{"lines":"22к","color":"#d6212b","mode":"tram","arr":["Тм22к"],"angle":69.1,"extra":1,"ei":0}},{"type":"Feature","geometry":{"type":"Point","coordinates":[30.633972,50.452978]},"properties":{"lines":"22к","color":"#d6212b","mode":"tram","arr":["Тм22к"],"angle":88.1,"extra":1,"ei":1}},{"type":"Feature","geometry":{"type":"Point","coordinates":[30.637384,50.447763]},"properties":{"lines":"22к","color":"#d6212b","mode":"tram","arr":["Тм22к"],"angle":65.8,"extra":1,"ei":2}},{"type":"Feature","geometry":{"type":"Point","coordinates":[30.638616,50.446046]},"properties":{"lines":"22к","color":"#d6212b","mode":"tram","arr":["Тм22к"],"angle":65.2,"extra":1,"ei":3}},{"type":"Feature","geometry":{"type":"Point","coordinates":[30.639727,50.444549]},"properties":{"lines":"22к","color":"#d6212b","mode":"tram","arr":["Тм22к"],"angle":63.5}},{"type":"Feature","geometry":{"type":"Point","coordinates":[30.651133,50.4316]},"properties":{"lines":"22к","color":"#d6212b","mode":"tram","arr":["Тм22к","51","63","115"],"busLines":"51, 63, 115","angle":-7.3}},{"type":"Feature","geometry":{"type":"Point","coordinates":[30.627878,50.441729]},"properties":{"lines":"8, 22к, 29","color":"#d6212b","mode":"tram","arr":["Тм8","Тм22к","Тм29","63"],"busLines":"63","angle":-84.5}},{"type":"Feature","geometry":{"type":"Point","coordinates":[30.628261,50.440932]},"properties":{"lines":"8, 22к, 29","color":"#d6212b","mode":"tram","arr":["Тм8","Тм22к","Тм29","42","63"],"busLines":"42, 63","angle":66.4,"mi":1}},{"type":"Feature","geometry":{"type":"Point","coordinates":[30.631785,50.435073]},"properties":{"lines":"8, 22к, 29","color":"#d6212b","mode":"tram","arr":["Тм8","Тм22к","Тм29","42","45","51","63","115"],"busLines":"42, 45, 51, 63, 115","angle":69.2,"mi":1}},{"type":"Feature","geometry":{"type":"Point","coordinates":[30.62913,50.439532]},"properties":{"lines":"8, 22к, 29","color":"#d6212b","mode":"tram","arr":["Тм8","Тм22к","Тм29","42","45","51","63","115"],"busLines":"42, 45, 51, 63, 115","angle":69.2,"extra":1,"ei":0}},{"type":"Feature","geometry":{"type":"Point","coordinates":[30.630177,50.437765]},"properties":{"lines":"8, 22к, 29","color":"#d6212b","mode":"tram","arr":["Тм8","Тм22к","Тм29","42","45","51","63","115"],"busLines":"42, 45, 51, 63, 115","angle":69.4,"extra":1,"ei":1}},{"type":"Feature","geometry":{"type":"Point","coordinates":[30.633339,50.43247]},"properties":{"lines":"8, 22к, 29","color":"#d6212b","mode":"tram","arr":["Тм8","Тм22к","Тм29","42","45","51","63","115"],"busLines":"42, 45, 51, 63, 115","angle":68.8,"extra":1,"ei":2}},{"type":"Feature","geometry":{"type":"Point","coordinates":[30.634399,50.430706]},"properties":{"lines":"8, 22к, 29","color":"#d6212b","mode":"tram","arr":["Тм8","Тм22к","Тм29","42","45","51","63","115"],"busLines":"42, 45, 51, 63, 115","angle":69,"extra":1,"ei":3}},{"type":"Feature","geometry":{"type":"Point","coordinates":[30.643762,50.429651]},"properties":{"lines":"8, 22к, 29","color":"#d6212b","mode":"tram","arr":["Тм8","Тм22к","Тм29","51","63","115"],"busLines":"51, 63, 115","angle":-25.1}},{"type":"Feature","geometry":{"type":"Point","coordinates":[30.649317,50.431119]},"properties":{"lines":"8, 22к, 29","color":"#d6212b","mode":"tram","arr":["Тм8","Тм22к","Тм29","51","63","115"],"busLines":"51, 63, 115","angle":-21.6,"extra":1,"ei":0}},{"type":"Feature","geometry":{"type":"Point","coordinates":[30.646566,50.430417]},"properties":{"lines":"8, 22к, 29","color":"#d6212b","mode":"tram","arr":["Тм8","Тм22к","Тм29","51","63","115"],"busLines":"51, 63, 115","angle":-21.7,"extra":1,"ei":1}},{"type":"Feature","geometry":{"type":"Point","coordinates":[30.641159,50.428873]},"properties":{"lines":"8, 22к, 29","color":"#d6212b","mode":"tram","arr":["Тм8","Тм22к","Тм29","51","63","115"],"busLines":"51, 63, 115","angle":-25.1,"extra":1,"ei":2}},{"type":"Feature","geometry":{"type":"Point","coordinates":[30.638476,50.42807]},"properties":{"lines":"8, 22к, 29","color":"#d6212b","mode":"tram","arr":["Тм8","Тм22к","Тм29","51","63","115"],"busLines":"51, 63, 115","angle":-25.1,"extra":1,"ei":3}},{"type":"Feature","geometry":{"type":"Point","coordinates":[30.632445,50.434042]},"properties":{"lines":"8, 22к, 29","color":"#d6212b","mode":"tram","arr":["Тм8","Тм22к","Тм29","42","45","51","63","115"],"busLines":"42, 45, 51, 63, 115","angle":69.4}},{"type":"Feature","geometry":{"type":"Point","coordinates":[30.635919,50.428686]},"properties":{"lines":"8, 22к, 29","color":"#d6212b","mode":"tram","arr":["Тм8","Тм22к","Тм29","42","45","51","63","115"],"busLines":"42, 45, 51, 63, 115","angle":63.3,"extra":1,"ei":0}},{"type":"Feature","geometry":{"type":"Point","coordinates":[30.634653,50.430392]},"properties":{"lines":"8, 22к, 29","color":"#d6212b","mode":"tram","arr":["Тм8","Тм22к","Тм29","42","45","51","63","115"],"busLines":"42, 45, 51, 63, 115","angle":67.4,"extra":1,"ei":1}},{"type":"Feature","geometry":{"type":"Point","coordinates":[30.633587,50.432154]},"properties":{"lines":"8, 22к, 29","color":"#d6212b","mode":"tram","arr":["Тм8","Тм22к","Тм29","42","45","51","63","115"],"busLines":"42, 45, 51, 63, 115","angle":68.8,"extra":1,"ei":2}},{"type":"Feature","geometry":{"type":"Point","coordinates":[30.631476,50.435684]},"properties":{"lines":"8, 22к, 29","color":"#d6212b","mode":"tram","arr":["Тм8","Тм22к","Тм29","42","45","51","63","115"],"busLines":"42, 45, 51, 63, 115","angle":68.8,"extra":1,"ei":3}},{"type":"Feature","geometry":{"type":"Point","coordinates":[30.630418,50.437448]},"properties":{"lines":"8, 22к, 29","color":"#d6212b","mode":"tram","arr":["Тм8","Тм22к","Тм29","42","45","51","63","115"],"busLines":"42, 45, 51, 63, 115","angle":69.1,"extra":1,"ei":4}},{"type":"Feature","geometry":{"type":"Point","coordinates":[30.629376,50.439216]},"properties":{"lines":"8, 22к, 29","color":"#d6212b","mode":"tram","arr":["Тм8","Тм22к","Тм29","42","45","51","63","115"],"busLines":"42, 45, 51, 63, 115","angle":69.4,"extra":1,"ei":5}},{"type":"Feature","geometry":{"type":"Point","coordinates":[30.6283,50.440964]},"properties":{"lines":"8, 22к, 29","color":"#d6212b","mode":"tram","arr":["Тм8","Тм22к","Тм29","42","63"],"busLines":"42, 63","angle":66}},{"type":"Feature","geometry":{"type":"Point","coordinates":[30.654438,50.425876]},"properties":{"lines":"8, 25, 29","color":"#d6212b","mode":"tram","arr":["Тм8","Тм25","Тм29"],"angle":68.6}},{"type":"Feature","geometry":{"type":"Point","coordinates":[30.651835,50.430214]},"properties":{"lines":"8, 25, 29","color":"#d6212b","mode":"tram","arr":["Тм8","Тм25","Тм29"],"angle":69,"extra":1,"ei":0}},{"type":"Feature","geometry":{"type":"Point","coordinates":[30.652895,50.42845]},"properties":{"lines":"8, 25, 29","color":"#d6212b","mode":"tram","arr":["Тм8","Тм25","Тм29"],"angle":69,"extra":1,"ei":1}},{"type":"Feature","geometry":{"type":"Point","coordinates":[30.656068,50.423158]},"properties":{"lines":"8, 25, 29","color":"#d6212b","mode":"tram","arr":["Тм8","Тм25","Тм29"],"angle":69,"extra":1,"ei":2}},{"type":"Feature","geometry":{"type":"Point","coordinates":[30.657722,50.421636]},"properties":{"lines":"8, 25, 29","color":"#d6212b","mode":"tram","arr":["Тм8","Тм25","Тм29"],"angle":44.4,"extra":1,"ei":3}},{"type":"Feature","geometry":{"type":"Point","coordinates":[30.639681,50.411624]},"properties":{"lines":"8, 25","color":"#d6212b","mode":"tram","arr":["Тм8","Тм25"],"angle":-22.2}},{"type":"Feature","geometry":{"type":"Point","coordinates":[30.65699,50.42033]},"properties":{"lines":"8, 25","color":"#d6212b","mode":"tram","arr":["Тм8","Тм25"],"angle":-44.8,"extra":1,"ei":0}},{"type":"Feature","geometry":{"type":"Point","coordinates":[30.654893,50.418996]},"properties":{"lines":"8, 25","color":"#d6212b","mode":"tram","arr":["Тм8","Тм25"],"angle":-45.2,"extra":1,"ei":1}},{"type":"Feature","geometry":{"type":"Point","coordinates":[30.652792,50.417664]},"properties":{"lines":"8, 25","color":"#d6212b","mode":"tram","arr":["Тм8","Тм25"],"angle":-44.8,"extra":1,"ei":2}},{"type":"Feature","geometry":{"type":"Point","coordinates":[30.65069,50.416332]},"properties":{"lines":"8, 25","color":"#d6212b","mode":"tram","arr":["Тм8","Тм25"],"angle":-45,"extra":1,"ei":3}},{"type":"Feature","geometry":{"type":"Point","coordinates":[30.648582,50.415005]},"properties":{"lines":"8, 25","color":"#d6212b","mode":"tram","arr":["Тм8","Тм25"],"angle":-45,"extra":1,"ei":4}},{"type":"Feature","geometry":{"type":"Point","coordinates":[30.646486,50.41367]},"properties":{"lines":"8, 25","color":"#d6212b","mode":"tram","arr":["Тм8","Тм25"],"angle":-44.6,"extra":1,"ei":5}},{"type":"Feature","geometry":{"type":"Point","coordinates":[30.643974,50.412696]},"properties":{"lines":"8, 25","color":"#d6212b","mode":"tram","arr":["Тм8","Тм25"],"angle":-22.2,"extra":1,"ei":6}},{"type":"Feature","geometry":{"type":"Point","coordinates":[30.635719,50.410593]},"properties":{"lines":"8, 25","color":"#d6212b","mode":"tram","arr":["Тм8","Тм25"],"angle":-22,"extra":1,"ei":7}},{"type":"Feature","geometry":{"type":"Point","coordinates":[30.632972,50.409884]},"properties":{"lines":"8, 25","color":"#d6212b","mode":"tram","arr":["Тм8","Тм25"],"angle":-22.1,"extra":1,"ei":8}},{"type":"Feature","geometry":{"type":"Point","coordinates":[30.630225,50.409175]},"properties":{"lines":"8, 25","color":"#d6212b","mode":"tram","arr":["Тм8","Тм25"],"angle":-22.1,"extra":1,"ei":9}},{"type":"Feature","geometry":{"type":"Point","coordinates":[30.629488,50.4077]},"properties":{"lines":"8, 25","color":"#d6212b","mode":"tram","arr":["Тм8","Тм25"],"angle":73.2,"extra":1,"ei":10}},{"type":"Feature","geometry":{"type":"Point","coordinates":[30.630476,50.405921]},"properties":{"lines":"8, 25","color":"#d6212b","mode":"tram","arr":["Тм8","Тм25"],"angle":68.4,"extra":1,"ei":11}},{"type":"Feature","geometry":{"type":"Point","coordinates":[30.631561,50.404163]},"properties":{"lines":"8, 25","color":"#d6212b","mode":"tram","arr":["Тм8","Тм25"],"angle":68.7,"extra":1,"ei":12}},{"type":"Feature","geometry":{"type":"Point","coordinates":[30.632605,50.402397]},"properties":{"lines":"8, 25","color":"#d6212b","mode":"tram","arr":["Тм8","Тм25"],"angle":76.9,"extra":1,"ei":13}},{"type":"Feature","geometry":{"type":"Point","coordinates":[30.630127,50.409115]},"properties":{"lines":"8, 25","color":"#d6212b","mode":"tram","arr":["Тм8","Тм25"],"angle":-22.4,"mi":1}},{"type":"Feature","geometry":{"type":"Point","coordinates":[30.632786,50.401806]},"properties":{"lines":"8, 25","color":"#d6212b","mode":"tram","arr":["Тм8","Тм25"],"angle":83.5,"extra":1,"ei":0,"side":-1}},{"type":"Feature","geometry":{"type":"Point","coordinates":[30.631956,50.403607]},"properties":{"lines":"8, 25","color":"#d6212b","mode":"tram","arr":["Тм8","Тм25"],"angle":68.6,"extra":1,"ei":1}},{"type":"Feature","geometry":{"type":"Point","coordinates":[30.630875,50.405366]},"properties":{"lines":"8, 25","color":"#d6212b","mode":"tram","arr":["Тм8","Тм25"],"angle":68.6,"extra":1,"ei":2}},{"type":"Feature","geometry":{"type":"Point","coordinates":[30.629816,50.407129]},"properties":{"lines":"8, 25","color":"#d6212b","mode":"tram","arr":["Тм8","Тм25"],"angle":72.5,"extra":1,"ei":3}},{"type":"Feature","geometry":{"type":"Point","coordinates":[30.632176,50.409648]},"properties":{"lines":"8, 25","color":"#d6212b","mode":"tram","arr":["Тм8","Тм25"],"angle":-22.2,"extra":1,"ei":4}},{"type":"Feature","geometry":{"type":"Point","coordinates":[30.634921,50.410359]},"properties":{"lines":"8, 25","color":"#d6212b","mode":"tram","arr":["Тм8","Тм25"],"angle":-22,"extra":1,"ei":5}},{"type":"Feature","geometry":{"type":"Point","coordinates":[30.637669,50.411067]},"properties":{"lines":"8, 25","color":"#d6212b","mode":"tram","arr":["Тм8","Тм25"],"angle":-22,"extra":1,"ei":6}},{"type":"Feature","geometry":{"type":"Point","coordinates":[30.640416,50.411775]},"properties":{"lines":"8, 25","color":"#d6212b","mode":"tram","arr":["Тм8","Тм25"],"angle":-22,"extra":1,"ei":7}},{"type":"Feature","geometry":{"type":"Point","coordinates":[30.643177,50.412461]},"properties":{"lines":"8, 25","color":"#d6212b","mode":"tram","arr":["Тм8","Тм25"],"angle":-20.5,"extra":1,"ei":8}},{"type":"Feature","geometry":{"type":"Point","coordinates":[30.632981,50.400651]},"properties":{"lines":"8","color":"#d6212b","mode":"tram","arr":["Тм8"],"angle":-84.2}},{"type":"Feature","geometry":{"type":"Point","coordinates":[30.650987,50.416478]},"properties":{"lines":"8","color":"#d6212b","mode":"tram","arr":["Тм8"],"angle":-44.9}},{"type":"Feature","geometry":{"type":"Point","coordinates":[30.64457,50.412818]},"properties":{"lines":"8","color":"#d6212b","mode":"tram","arr":["Тм8"],"angle":-24.2,"extra":1,"ei":0}},{"type":"Feature","geometry":{"type":"Point","coordinates":[30.646952,50.413917]},"properties":{"lines":"8","color":"#d6212b","mode":"tram","arr":["Тм8"],"angle":-44.6,"extra":1,"ei":1}},{"type":"Feature","geometry":{"type":"Point","coordinates":[30.649033,50.415261]},"properties":{"lines":"8","color":"#d6212b","mode":"tram","arr":["Тм8"],"angle":-44.8,"extra":1,"ei":2}},{"type":"Feature","geometry":{"type":"Point","coordinates":[30.653245,50.417918]},"properties":{"lines":"8","color":"#d6212b","mode":"tram","arr":["Тм8"],"angle":-44.6,"extra":1,"ei":3}},{"type":"Feature","geometry":{"type":"Point","coordinates":[30.655353,50.419245]},"properties":{"lines":"8","color":"#d6212b","mode":"tram","arr":["Тм8"],"angle":-44.4,"extra":1,"ei":4}},{"type":"Feature","geometry":{"type":"Point","coordinates":[30.657455,50.420577]},"properties":{"lines":"8","color":"#d6212b","mode":"tram","arr":["Тм8"],"angle":-44.8,"extra":1,"ei":5}},{"type":"Feature","geometry":{"type":"Point","coordinates":[30.654313,50.426166]},"properties":{"lines":"25","color":"#d6212b","mode":"tram","arr":["Тм25"],"angle":69,"mi":1}},{"type":"Feature","geometry":{"type":"Point","coordinates":[30.657543,50.421791]},"properties":{"lines":"25","color":"#d6212b","mode":"tram","arr":["Тм25"],"angle":44.7,"extra":1,"ei":0}},{"type":"Feature","geometry":{"type":"Point","coordinates":[30.656007,50.423361]},"properties":{"lines":"25","color":"#d6212b","mode":"tram","arr":["Тм25"],"angle":69.4,"extra":1,"ei":1}},{"type":"Feature","geometry":{"type":"Point","coordinates":[30.652822,50.42865]},"properties":{"lines":"25","color":"#d6212b","mode":"tram","arr":["Тм25"],"angle":68.9,"extra":1,"ei":2}},{"type":"Feature","geometry":{"type":"Point","coordinates":[30.651765,50.430414]},"properties":{"lines":"25","color":"#d6212b","mode":"tram","arr":["Тм25"],"angle":69.1,"extra":1,"ei":3}},{"type":"Feature","geometry":{"type":"Point","coordinates":[30.689933,50.424736]},"properties":{"lines":"25","color":"#d6212b","mode":"tram","arr":["Тм25","51","63"],"busLines":"51, 63","angle":15.2}},{"type":"Feature","geometry":{"type":"Point","coordinates":[30.690561,50.42486]},"properties":{"lines":"25","color":"#d6212b","mode":"tram","arr":["Тм25"],"angle":-9.6}},{"type":"Feature","geometry":{"type":"Point","coordinates":[30.651454,50.431388]},"properties":{"lines":"25","color":"#d6212b","mode":"tram","arr":["Тм25"],"angle":-47.3,"side":-1}},{"type":"Feature","geometry":{"type":"Point","coordinates":[30.632672,50.440732]},"properties":{"lines":"33к","color":"#d6212b","mode":"tram","arr":["Тм33к","33т"],"busLines":"33т","angle":17.9,"side":-1}},{"type":"Feature","geometry":{"type":"Point","coordinates":[30.629604,50.441363]},"properties":{"lines":"33к","color":"#d6212b","mode":"tram","arr":["Тм33к","33т"],"busLines":"33т","angle":17.9,"extra":1,"ei":0,"side":-1}},{"type":"Feature","geometry":{"type":"Point","coordinates":[30.635244,50.440202]},"properties":{"lines":"33к","color":"#d6212b","mode":"tram","arr":["Тм33к","33т"],"busLines":"33т","angle":18,"extra":1,"ei":1,"side":-1}},{"type":"Feature","geometry":{"type":"Point","coordinates":[30.639317,50.444672]},"properties":{"lines":"33к","color":"#d6212b","mode":"tram","arr":["Тм33к"],"angle":-50.1}},{"type":"Feature","geometry":{"type":"Point","coordinates":[30.638506,50.461692]},"properties":{"lines":"33к","color":"#d6212b","mode":"tram","arr":["Тм33к"],"angle":-23.5}},{"type":"Feature","geometry":{"type":"Point","coordinates":[30.516022,50.466552]},"properties":{"lines":"11, 12, 14, 16, 18, 19","color":"#d6212b","mode":"tram","arr":["Тм11","Тм12","Тм14","Тм16","Тм18","Тм19","119"],"busLines":"119","angle":43.7}},{"type":"Feature","geometry":{"type":"Point","coordinates":[30.514324,50.465427]},"properties":{"lines":"11, 12, 14, 16, 18, 19","color":"#d6212b","mode":"tram","arr":["Тм11","Тм12","Тм14","Тм16","Тм18","Тм19","119"],"busLines":"119","angle":43.9,"mi":1}},{"type":"Feature","geometry":{"type":"Point","coordinates":[30.483294,50.478287]},"properties":{"lines":"11, 12, 16, 19","color":"#d6212b","mode":"tram","arr":["Тм11","Тм12","Тм16","Тм19"],"angle":34.1,"mi":1}},{"type":"Feature","geometry":{"type":"Point","coordinates":[30.513624,50.46804]},"properties":{"lines":"11, 12, 16, 19","color":"#d6212b","mode":"tram","arr":["Тм11","Тм12","Тм16","Тм19"],"angle":45,"extra":1,"ei":0}},{"type":"Feature","geometry":{"type":"Point","coordinates":[30.511507,50.469362]},"properties":{"lines":"11, 12, 16, 19","color":"#d6212b","mode":"tram","arr":["Тм11","Тм12","Тм16","Тм19"],"angle":36.3,"extra":1,"ei":1}},{"type":"Feature","geometry":{"type":"Point","coordinates":[30.509324,50.468561]},"properties":{"lines":"11, 12, 16, 19","color":"#d6212b","mode":"tram","arr":["Тм11","Тм12","Тм16","Тм19"],"angle":29.9,"extra":1,"ei":2}},{"type":"Feature","geometry":{"type":"Point","coordinates":[30.507196,50.469876]},"properties":{"lines":"11, 12, 16, 19","color":"#d6212b","mode":"tram","arr":["Тм11","Тм12","Тм16","Тм19"],"angle":42.9,"extra":1,"ei":3}},{"type":"Feature","geometry":{"type":"Point","coordinates":[30.505049,50.471178]},"properties":{"lines":"11, 12, 16, 19","color":"#d6212b","mode":"tram","arr":["Тм11","Тм12","Тм16","Тм19"],"angle":43.9,"extra":1,"ei":4}},{"type":"Feature","geometry":{"type":"Point","coordinates":[30.502871,50.471439]},"properties":{"lines":"11, 12, 16, 19","color":"#d6212b","mode":"tram","arr":["Тм11","Тм12","Тм16","Тм19"],"angle":-47.1,"extra":1,"ei":5}},{"type":"Feature","geometry":{"type":"Point","coordinates":[30.50072,50.470944]},"properties":{"lines":"11, 12, 16, 19","color":"#d6212b","mode":"tram","arr":["Тм11","Тм12","Тм16","Тм19"],"angle":40.2,"extra":1,"ei":6}},{"type":"Feature","geometry":{"type":"Point","coordinates":[30.498457,50.472164]},"properties":{"lines":"11, 12, 16, 19","color":"#d6212b","mode":"tram","arr":["Тм11","Тм12","Тм16","Тм19"],"angle":39.7,"extra":1,"ei":7}},{"type":"Feature","geometry":{"type":"Point","coordinates":[30.495992,50.473208]},"properties":{"lines":"11, 12, 16, 19","color":"#d6212b","mode":"tram","arr":["Тм11","Тм12","Тм16","Тм19"],"angle":31.3,"extra":1,"ei":8}},{"type":"Feature","geometry":{"type":"Point","coordinates":[30.493467,50.474197]},"properties":{"lines":"11, 12, 16, 19","color":"#d6212b","mode":"tram","arr":["Тм11","Тм12","Тм16","Тм19"],"angle":31.7,"extra":1,"ei":9}},{"type":"Feature","geometry":{"type":"Point","coordinates":[30.490942,50.475185]},"properties":{"lines":"11, 12, 16, 19","color":"#d6212b","mode":"tram","arr":["Тм11","Тм12","Тм16","Тм19"],"angle":30.8,"extra":1,"ei":10}},{"type":"Feature","geometry":{"type":"Point","coordinates":[30.488414,50.476171]},"properties":{"lines":"11, 12, 16, 19","color":"#d6212b","mode":"tram","arr":["Тм11","Тм12","Тм16","Тм19"],"angle":32.6,"extra":1,"ei":11}},{"type":"Feature","geometry":{"type":"Point","coordinates":[30.485881,50.47715]},"properties":{"lines":"11, 12, 16, 19","color":"#d6212b","mode":"tram","arr":["Тм11","Тм12","Тм16","Тм19"],"angle":31.7,"extra":1,"ei":12}},{"type":"Feature","geometry":{"type":"Point","coordinates":[30.480983,50.479277]},"properties":{"lines":"11, 12, 16, 19","color":"#d6212b","mode":"tram","arr":["Тм11","Тм12","Тм16","Тм19"],"angle":34.8,"extra":1,"ei":13}},{"type":"Feature","geometry":{"type":"Point","coordinates":[30.479089,50.480713]},"properties":{"lines":"11, 12, 16, 19","color":"#d6212b","mode":"tram","arr":["Тм11","Тм12","Тм16","Тм19"],"angle":53.1,"extra":1,"ei":14}},{"type":"Feature","geometry":{"type":"Point","coordinates":[30.47731,50.482224]},"properties":{"lines":"11, 12, 16, 19","color":"#d6212b","mode":"tram","arr":["Тм11","Тм12","Тм16","Тм19"],"angle":53.2,"extra":1,"ei":15}},{"type":"Feature","geometry":{"type":"Point","coordinates":[30.475623,50.483776]},"properties":{"lines":"11, 12, 16, 19","color":"#d6212b","mode":"tram","arr":["Тм11","Тм12","Тм16","Тм19"],"angle":55.7,"extra":1,"ei":16}},{"type":"Feature","geometry":{"type":"Point","coordinates":[30.473956,50.485337]},"properties":{"lines":"11, 12, 16, 19","color":"#d6212b","mode":"tram","arr":["Тм11","Тм12","Тм16","Тм19"],"angle":53.3,"extra":1,"ei":17}},{"type":"Feature","geometry":{"type":"Point","coordinates":[30.471934,50.486705]},"properties":{"lines":"11, 12, 16, 19","color":"#d6212b","mode":"tram","arr":["Тм11","Тм12","Тм16","Тм19"],"angle":42,"extra":1,"ei":18}},{"type":"Feature","geometry":{"type":"Point","coordinates":[30.469755,50.487984]},"properties":{"lines":"11, 12, 16, 19","color":"#d6212b","mode":"tram","arr":["Тм11","Тм12","Тм16","Тм19"],"angle":42.9,"extra":1,"ei":19}},{"type":"Feature","geometry":{"type":"Point","coordinates":[30.467583,50.48927]},"properties":{"lines":"11, 12, 16, 19","color":"#d6212b","mode":"tram","arr":["Тм11","Тм12","Тм16","Тм19"],"angle":42.7,"extra":1,"ei":20}},{"type":"Feature","geometry":{"type":"Point","coordinates":[30.46542,50.490561]},"properties":{"lines":"11, 12, 16, 19","color":"#d6212b","mode":"tram","arr":["Тм11","Тм12","Тм16","Тм19"],"angle":43.5,"extra":1,"ei":21}},{"type":"Feature","geometry":{"type":"Point","coordinates":[30.463665,50.492074]},"properties":{"lines":"11, 12, 16, 19","color":"#d6212b","mode":"tram","arr":["Тм11","Тм12","Тм16","Тм19"],"angle":56.4,"extra":1,"ei":22}},{"type":"Feature","geometry":{"type":"Point","coordinates":[30.46201,50.493636]},"properties":{"lines":"11, 12, 16, 19","color":"#d6212b","mode":"tram","arr":["Тм11","Тм12","Тм16","Тм19"],"angle":69.6,"extra":1,"ei":23}},{"type":"Feature","geometry":{"type":"Point","coordinates":[30.461683,50.495503]},"properties":{"lines":"11, 12, 16, 19","color":"#d6212b","mode":"tram","arr":["Тм11","Тм12","Тм16","Тм19"],"angle":-84.2,"extra":1,"ei":24}},{"type":"Feature","geometry":{"type":"Point","coordinates":[30.462395,50.497319]},"properties":{"lines":"11, 12, 16, 19","color":"#d6212b","mode":"tram","arr":["Тм11","Тм12","Тм16","Тм19"],"angle":-80.5,"extra":1,"ei":25}},{"type":"Feature","geometry":{"type":"Point","coordinates":[30.482408,50.478635]},"properties":{"lines":"11, 12, 16, 19","color":"#d6212b","mode":"tram","arr":["Тм11","Тм12","Тм16","Тм19"],"angle":33.9}},{"type":"Feature","geometry":{"type":"Point","coordinates":[30.46199,50.496734]},"properties":{"lines":"11, 12, 16, 19","color":"#d6212b","mode":"tram","arr":["Тм11","Тм12","Тм16","Тм19"],"angle":-68.4,"extra":1,"ei":0}},{"type":"Feature","geometry":{"type":"Point","coordinates":[30.461631,50.494871]},"properties":{"lines":"11, 12, 16, 19","color":"#d6212b","mode":"tram","arr":["Тм11","Тм12","Тм16","Тм19"],"angle":84.7,"extra":1,"ei":1}},{"type":"Feature","geometry":{"type":"Point","coordinates":[30.462478,50.493101]},"properties":{"lines":"11, 12, 16, 19","color":"#d6212b","mode":"tram","arr":["Тм11","Тм12","Тм16","Тм19"],"angle":53.6,"extra":1,"ei":2}},{"type":"Feature","geometry":{"type":"Point","coordinates":[30.464151,50.491543]},"properties":{"lines":"11, 12, 16, 19","color":"#d6212b","mode":"tram","arr":["Тм11","Тм12","Тм16","Тм19"],"angle":56.4,"extra":1,"ei":3}},{"type":"Feature","geometry":{"type":"Point","coordinates":[30.466078,50.490123]},"properties":{"lines":"11, 12, 16, 19","color":"#d6212b","mode":"tram","arr":["Тм11","Тм12","Тм16","Тм19"],"angle":43,"extra":1,"ei":4}},{"type":"Feature","geometry":{"type":"Point","coordinates":[30.468241,50.488832]},"properties":{"lines":"11, 12, 16, 19","color":"#d6212b","mode":"tram","arr":["Тм11","Тм12","Тм16","Тм19"],"angle":43.1,"extra":1,"ei":5}},{"type":"Feature","geometry":{"type":"Point","coordinates":[30.470404,50.487541]},"properties":{"lines":"11, 12, 16, 19","color":"#d6212b","mode":"tram","arr":["Тм11","Тм12","Тм16","Тм19"],"angle":43.1,"extra":1,"ei":6}},{"type":"Feature","geometry":{"type":"Point","coordinates":[30.472581,50.48626]},"properties":{"lines":"11, 12, 16, 19","color":"#d6212b","mode":"tram","arr":["Тм11","Тм12","Тм16","Тм19"],"angle":41.6,"extra":1,"ei":7}},{"type":"Feature","geometry":{"type":"Point","coordinates":[30.474455,50.484808]},"properties":{"lines":"11, 12, 16, 19","color":"#d6212b","mode":"tram","arr":["Тм11","Тм12","Тм16","Тм19"],"angle":57,"extra":1,"ei":8}},{"type":"Feature","geometry":{"type":"Point","coordinates":[30.476127,50.483249]},"properties":{"lines":"11, 12, 16, 19","color":"#d6212b","mode":"tram","arr":["Тм11","Тм12","Тм16","Тм19"],"angle":55.8,"extra":1,"ei":9}},{"type":"Feature","geometry":{"type":"Point","coordinates":[30.477858,50.481716]},"properties":{"lines":"11, 12, 16, 19","color":"#d6212b","mode":"tram","arr":["Тм11","Тм12","Тм16","Тм19"],"angle":53.2,"extra":1,"ei":10}},{"type":"Feature","geometry":{"type":"Point","coordinates":[30.479629,50.480202]},"properties":{"lines":"11, 12, 16, 19","color":"#d6212b","mode":"tram","arr":["Тм11","Тм12","Тм16","Тм19"],"angle":52.9,"extra":1,"ei":11}},{"type":"Feature","geometry":{"type":"Point","coordinates":[30.484201,50.477856]},"properties":{"lines":"11, 12, 16, 19","color":"#d6212b","mode":"tram","arr":["Тм11","Тм12","Тм16","Тм19"],"angle":34.9,"extra":1,"ei":12}},{"type":"Feature","geometry":{"type":"Point","coordinates":[30.486672,50.476816]},"properties":{"lines":"11, 12, 16, 19","color":"#d6212b","mode":"tram","arr":["Тм11","Тм12","Тм16","Тм19"],"angle":30.3,"extra":1,"ei":13}},{"type":"Feature","geometry":{"type":"Point","coordinates":[30.489192,50.475823]},"properties":{"lines":"11, 12, 16, 19","color":"#d6212b","mode":"tram","arr":["Тм11","Тм12","Тм16","Тм19"],"angle":31.7,"extra":1,"ei":14}},{"type":"Feature","geometry":{"type":"Point","coordinates":[30.491728,50.474845]},"properties":{"lines":"11, 12, 16, 19","color":"#d6212b","mode":"tram","arr":["Тм11","Тм12","Тм16","Тм19"],"angle":31.5,"extra":1,"ei":15}},{"type":"Feature","geometry":{"type":"Point","coordinates":[30.494249,50.473852]},"properties":{"lines":"11, 12, 16, 19","color":"#d6212b","mode":"tram","arr":["Тм11","Тм12","Тм16","Тм19"],"angle":31.7,"extra":1,"ei":16}},{"type":"Feature","geometry":{"type":"Point","coordinates":[30.496778,50.472868]},"properties":{"lines":"11, 12, 16, 19","color":"#d6212b","mode":"tram","arr":["Тм11","Тм12","Тм16","Тм19"],"angle":31.8,"extra":1,"ei":17}},{"type":"Feature","geometry":{"type":"Point","coordinates":[30.499154,50.471745]},"properties":{"lines":"11, 12, 16, 19","color":"#d6212b","mode":"tram","arr":["Тм11","Тм12","Тм16","Тм19"],"angle":40.2,"extra":1,"ei":18}},{"type":"Feature","geometry":{"type":"Point","coordinates":[30.501416,50.470525]},"properties":{"lines":"11, 12, 16, 19","color":"#d6212b","mode":"tram","arr":["Тм11","Тм12","Тм16","Тм19"],"angle":39.7,"extra":1,"ei":19,"side":-1}},{"type":"Feature","geometry":{"type":"Point","coordinates":[30.503726,50.469342]},"properties":{"lines":"11, 12, 16, 19","color":"#d6212b","mode":"tram","arr":["Тм11","Тм12","Тм16","Тм19"],"angle":35.4,"extra":1,"ei":20}},{"type":"Feature","geometry":{"type":"Point","coordinates":[30.506231,50.468335]},"properties":{"lines":"11, 12, 16, 19","color":"#d6212b","mode":"tram","arr":["Тм11","Тм12","Тм16","Тм19"],"angle":30.7,"extra":1,"ei":21}},{"type":"Feature","geometry":{"type":"Point","coordinates":[30.508702,50.467873]},"properties":{"lines":"11, 12, 16, 19","color":"#d6212b","mode":"tram","arr":["Тм11","Тм12","Тм16","Тм19"],"angle":-45,"extra":1,"ei":22}},{"type":"Feature","geometry":{"type":"Point","coordinates":[30.510922,50.467549]},"properties":{"lines":"11, 12, 16, 19","color":"#d6212b","mode":"tram","arr":["Тм11","Тм12","Тм16","Тм19"],"angle":44.2,"extra":1,"ei":23}},{"type":"Feature","geometry":{"type":"Point","coordinates":[30.513043,50.46623]},"properties":{"lines":"11, 12, 16, 19","color":"#d6212b","mode":"tram","arr":["Тм11","Тм12","Тм16","Тм19"],"angle":46.4,"extra":1,"ei":24}},{"type":"Feature","geometry":{"type":"Point","coordinates":[30.46216,50.498695]},"properties":{"lines":"11, 12, 16, 17, 19","color":"#d6212b","mode":"tram","arr":["Тм11","Тм12","Тм16","Тм17","Тм19"],"angle":68.6}},{"type":"Feature","geometry":{"type":"Point","coordinates":[30.457024,50.510385]},"properties":{"lines":"12, 17, 19","color":"#d6212b","mode":"tram","arr":["Тм12","Тм17","Тм19"],"angle":77.2}},{"type":"Feature","geometry":{"type":"Point","coordinates":[30.461293,50.499631]},"properties":{"lines":"12, 17, 19","color":"#d6212b","mode":"tram","arr":["Тм12","Тм17","Тм19"],"angle":58.8,"extra":1,"ei":0}},{"type":"Feature","geometry":{"type":"Point","coordinates":[30.460256,50.501354]},"properties":{"lines":"12, 17, 19","color":"#d6212b","mode":"tram","arr":["Тм12","Тм17","Тм19"],"angle":79.1,"extra":1,"ei":1}},{"type":"Feature","geometry":{"type":"Point","coordinates":[30.459591,50.503195]},"properties":{"lines":"12, 17, 19","color":"#d6212b","mode":"tram","arr":["Тм12","Тм17","Тм19"],"angle":77,"extra":1,"ei":2}},{"type":"Feature","geometry":{"type":"Point","coordinates":[30.458953,50.505038]},"properties":{"lines":"12, 17, 19","color":"#d6212b","mode":"tram","arr":["Тм12","Тм17","Тм19"],"angle":79.4,"extra":1,"ei":3}},{"type":"Feature","geometry":{"type":"Point","coordinates":[30.458295,50.506879]},"properties":{"lines":"12, 17, 19","color":"#d6212b","mode":"tram","arr":["Тм12","Тм17","Тм19"],"angle":77,"extra":1,"ei":4}},{"type":"Feature","geometry":{"type":"Point","coordinates":[30.457624,50.508719]},"properties":{"lines":"12, 17, 19","color":"#d6212b","mode":"tram","arr":["Тм12","Тм17","Тм19"],"angle":76.5,"extra":1,"ei":5}},{"type":"Feature","geometry":{"type":"Point","coordinates":[30.456305,50.512401]},"properties":{"lines":"12, 17, 19","color":"#d6212b","mode":"tram","arr":["Тм12","Тм17","Тм19"],"angle":76.9,"extra":1,"ei":6}},{"type":"Feature","geometry":{"type":"Point","coordinates":[30.455641,50.514242]},"properties":{"lines":"12, 17, 19","color":"#d6212b","mode":"tram","arr":["Тм12","Тм17","Тм19"],"angle":77.5,"extra":1,"ei":7}},{"type":"Feature","geometry":{"type":"Point","coordinates":[30.454987,50.516084]},"properties":{"lines":"12, 17, 19","color":"#d6212b","mode":"tram","arr":["Тм12","Тм17","Тм19"],"angle":77.1,"extra":1,"ei":8}},{"type":"Feature","geometry":{"type":"Point","coordinates":[30.454327,50.517925]},"properties":{"lines":"12, 17, 19","color":"#d6212b","mode":"tram","arr":["Тм12","Тм17","Тм19"],"angle":77.8,"extra":1,"ei":9}},{"type":"Feature","geometry":{"type":"Point","coordinates":[30.453688,50.519769]},"properties":{"lines":"12, 17, 19","color":"#d6212b","mode":"tram","arr":["Тм12","Тм17","Тм19"],"angle":71.7,"extra":1,"ei":10}},{"type":"Feature","geometry":{"type":"Point","coordinates":[30.451207,50.520583]},"properties":{"lines":"12, 17, 19","color":"#d6212b","mode":"tram","arr":["Тм12","Тм17","Тм19"],"angle":14,"extra":1,"ei":11,"side":-1}},{"type":"Feature","geometry":{"type":"Point","coordinates":[30.477468,50.500117]},"properties":{"lines":"11, 16, 17","color":"#d6212b","mode":"tram","arr":["Тм11","Тм16","Тм17"],"angle":0.6}},{"type":"Feature","geometry":{"type":"Point","coordinates":[30.46339,50.499303]},"properties":{"lines":"11, 16, 17","color":"#d6212b","mode":"tram","arr":["Тм11","Тм16","Тм17"],"angle":-19.2,"extra":1,"ei":0}},{"type":"Feature","geometry":{"type":"Point","coordinates":[30.466201,50.499896]},"properties":{"lines":"11, 16, 17","color":"#d6212b","mode":"tram","arr":["Тм11","Тм16","Тм17"],"angle":-10.9,"extra":1,"ei":1}},{"type":"Feature","geometry":{"type":"Point","coordinates":[30.469144,50.500102]},"properties":{"lines":"11, 16, 17","color":"#d6212b","mode":"tram","arr":["Тм11","Тм16","Тм17"],"angle":-2.1,"extra":1,"ei":2}},{"type":"Feature","geometry":{"type":"Point","coordinates":[30.472105,50.500101]},"properties":{"lines":"11, 16, 17","color":"#d6212b","mode":"tram","arr":["Тм11","Тм16","Тм17"],"angle":2.4,"extra":1,"ei":3}},{"type":"Feature","geometry":{"type":"Point","coordinates":[30.475068,50.500075]},"properties":{"lines":"11, 16, 17","color":"#d6212b","mode":"tram","arr":["Тм11","Тм16","Тм17"],"angle":-1.3,"extra":1,"ei":4}},{"type":"Feature","geometry":{"type":"Point","coordinates":[30.480988,50.499999]},"properties":{"lines":"11, 16, 17","color":"#d6212b","mode":"tram","arr":["Тм11","Тм16","Тм17"],"angle":0.9,"extra":1,"ei":5}},{"type":"Feature","geometry":{"type":"Point","coordinates":[30.483951,50.499955]},"properties":{"lines":"11, 16, 17","color":"#d6212b","mode":"tram","arr":["Тм11","Тм16","Тм17"],"angle":1.8,"extra":1,"ei":6}},{"type":"Feature","geometry":{"type":"Point","coordinates":[30.486914,50.499906]},"properties":{"lines":"11, 16, 17","color":"#d6212b","mode":"tram","arr":["Тм11","Тм16","Тм17"],"angle":1.4,"extra":1,"ei":7}},{"type":"Feature","geometry":{"type":"Point","coordinates":[30.489764,50.500329]},"properties":{"lines":"11, 16, 17","color":"#d6212b","mode":"tram","arr":["Тм11","Тм16","Тм17"],"angle":-25.2,"extra":1,"ei":8}},{"type":"Feature","geometry":{"type":"Point","coordinates":[30.49175,50.501461]},"properties":{"lines":"11, 16, 17","color":"#d6212b","mode":"tram","arr":["Тм11","Тм16","Тм17"],"angle":77.1,"extra":1,"ei":9,"side":-1}},{"type":"Feature","geometry":{"type":"Point","coordinates":[30.462371,50.498244]},"properties":{"lines":"11, 12, 17, 19","color":"#d6212b","mode":"tram","arr":["Тм11","Тм12","Тм17","Тм19"],"angle":80.5,"side":-1}},{"type":"Feature","geometry":{"type":"Point","coordinates":[30.499239,50.501239]},"properties":{"lines":"11, 17","color":"#d6212b","mode":"tram","arr":["Тм11","Тм17"],"angle":-0.1,"side":-1}},{"type":"Feature","geometry":{"type":"Point","coordinates":[30.492879,50.50125]},"properties":{"lines":"11, 17","color":"#d6212b","mode":"tram","arr":["Тм11","Тм17"],"angle":-15.6,"extra":1,"ei":0}},{"type":"Feature","geometry":{"type":"Point","coordinates":[30.495831,50.501276]},"properties":{"lines":"11, 17","color":"#d6212b","mode":"tram","arr":["Тм11","Тм17"],"angle":1.6,"extra":1,"ei":1,"side":-1}},{"type":"Feature","geometry":{"type":"Point","coordinates":[30.501753,50.501211]},"properties":{"lines":"11, 17","color":"#d6212b","mode":"tram","arr":["Тм11","Тм17"],"angle":14.7,"extra":1,"ei":2,"side":-1}},{"type":"Feature","geometry":{"type":"Point","coordinates":[30.503761,50.499875]},"properties":{"lines":"11, 17","color":"#d6212b","mode":"tram","arr":["Тм11","Тм17"],"angle":58.6,"extra":1,"ei":3,"side":-1}},{"type":"Feature","geometry":{"type":"Point","coordinates":[30.492065,50.501406]},"properties":{"lines":"11, 17","color":"#d6212b","mode":"tram","arr":["Тм11","Тм17"],"angle":43.7,"mi":1}},{"type":"Feature","geometry":{"type":"Point","coordinates":[30.516146,50.464833]},"properties":{"lines":"11, 12, 19","color":"#d6212b","mode":"tram","arr":["Тм11","Тм12","Тм19"],"angle":-44.6,"side":-1}},{"type":"Feature","geometry":{"type":"Point","coordinates":[30.488756,50.443647]},"properties":{"lines":"18","color":"#d6212b","mode":"tram","arr":["Тм18"],"angle":20.2}},{"type":"Feature","geometry":{"type":"Point","coordinates":[30.386687,50.524616]},"properties":{"lines":"12, 17","color":"#d6212b","mode":"tram","arr":["Тм12","Тм17"],"angle":-36.7}},{"type":"Feature","geometry":{"type":"Point","coordinates":[30.336155,50.551917]},"properties":{"lines":"12, 17","color":"#d6212b","mode":"tram","arr":["Тм12","Тм17"],"angle":48.9,"extra":1,"ei":0}},{"type":"Feature","geometry":{"type":"Point","coordinates":[30.338073,50.550477]},"properties":{"lines":"12, 17","color":"#d6212b","mode":"tram","arr":["Тм12","Тм17"],"angle":50.1,"extra":1,"ei":1}},{"type":"Feature","geometry":{"type":"Point","coordinates":[30.339979,50.549031]},"properties":{"lines":"12, 17","color":"#d6212b","mode":"tram","arr":["Тм12","Тм17"],"angle":49.6,"extra":1,"ei":2}},{"type":"Feature","geometry":{"type":"Point","coordinates":[30.341901,50.547593]},"properties":{"lines":"12, 17","color":"#d6212b","mode":"tram","arr":["Тм12","Тм17"],"angle":49.6,"extra":1,"ei":3}},{"type":"Feature","geometry":{"type":"Point","coordinates":[30.343822,50.546155]},"properties":{"lines":"12, 17","color":"#d6212b","mode":"tram","arr":["Тм12","Тм17"],"angle":49.6,"extra":1,"ei":4}},{"type":"Feature","geometry":{"type":"Point","coordinates":[30.345743,50.544717]},"properties":{"lines":"12, 17","color":"#d6212b","mode":"tram","arr":["Тм12","Тм17"],"angle":49.6,"extra":1,"ei":5}},{"type":"Feature","geometry":{"type":"Point","coordinates":[30.347661,50.543277]},"properties":{"lines":"12, 17","color":"#d6212b","mode":"tram","arr":["Тм12","Тм17"],"angle":49.7,"extra":1,"ei":6}},{"type":"Feature","geometry":{"type":"Point","coordinates":[30.349578,50.541837]},"properties":{"lines":"12, 17","color":"#d6212b","mode":"tram","arr":["Тм12","Тм17"],"angle":49.6,"extra":1,"ei":7}},{"type":"Feature","geometry":{"type":"Point","coordinates":[30.351496,50.540397]},"properties":{"lines":"12, 17","color":"#d6212b","mode":"tram","arr":["Тм12","Тм17"],"angle":49.7,"extra":1,"ei":8}},{"type":"Feature","geometry":{"type":"Point","coordinates":[30.353415,50.538958]},"properties":{"lines":"12, 17","color":"#d6212b","mode":"tram","arr":["Тм12","Тм17"],"angle":49.5,"extra":1,"ei":9,"side":-1}},{"type":"Feature","geometry":{"type":"Point","coordinates":[30.355339,50.537522]},"properties":{"lines":"12, 17","color":"#d6212b","mode":"tram","arr":["Тм12","Тм17"],"angle":49.5,"extra":1,"ei":10,"side":-1}},{"type":"Feature","geometry":{"type":"Point","coordinates":[30.354663,50.536121]},"properties":{"lines":"12, 17","color":"#d6212b","mode":"tram","arr":["Тм12","Тм17"],"angle":-56.8,"extra":1,"ei":11}},{"type":"Feature","geometry":{"type":"Point","coordinates":[30.356002,50.534598]},"properties":{"lines":"12, 17","color":"#d6212b","mode":"tram","arr":["Тм12","Тм17"],"angle":48.6,"extra":1,"ei":12,"side":-1}},{"type":"Feature","geometry":{"type":"Point","coordinates":[30.357933,50.533166]},"properties":{"lines":"12, 17","color":"#d6212b","mode":"tram","arr":["Тм12","Тм17"],"angle":49.5,"extra":1,"ei":13}},{"type":"Feature","geometry":{"type":"Point","coordinates":[30.359858,50.531729]},"properties":{"lines":"12, 17","color":"#d6212b","mode":"tram","arr":["Тм12","Тм17"],"angle":49.5,"extra":1,"ei":14}},{"type":"Feature","geometry":{"type":"Point","coordinates":[30.361782,50.530293]},"properties":{"lines":"12, 17","color":"#d6212b","mode":"tram","arr":["Тм12","Тм17"],"angle":49.6,"extra":1,"ei":15}},{"type":"Feature","geometry":{"type":"Point","coordinates":[30.363704,50.528855]},"properties":{"lines":"12, 17","color":"#d6212b","mode":"tram","arr":["Тм12","Тм17"],"angle":49.6,"extra":1,"ei":16}},{"type":"Feature","geometry":{"type":"Point","coordinates":[30.365625,50.527418]},"properties":{"lines":"12, 17","color":"#d6212b","mode":"tram","arr":["Тм12","Тм17"],"angle":49.6,"extra":1,"ei":17}},{"type":"Feature","geometry":{"type":"Point","coordinates":[30.367606,50.526016]},"properties":{"lines":"12, 17","color":"#d6212b","mode":"tram","arr":["Тм12","Тм17"],"angle":37.9,"extra":1,"ei":18}},{"type":"Feature","geometry":{"type":"Point","coordinates":[30.37039,50.525446]},"properties":{"lines":"12, 17","color":"#d6212b","mode":"tram","arr":["Тм12","Тм17"],"angle":8.8,"extra":1,"ei":19}},{"type":"Feature","geometry":{"type":"Point","coordinates":[30.373317,50.525152]},"properties":{"lines":"12, 17","color":"#d6212b","mode":"tram","arr":["Тм12","Тм17"],"angle":9.1,"extra":1,"ei":20}},{"type":"Feature","geometry":{"type":"Point","coordinates":[30.376243,50.524852]},"properties":{"lines":"12, 17","color":"#d6212b","mode":"tram","arr":["Тм12","Тм17"],"angle":9.1,"extra":1,"ei":21}},{"type":"Feature","geometry":{"type":"Point","coordinates":[30.379169,50.524551]},"properties":{"lines":"12, 17","color":"#d6212b","mode":"tram","arr":["Тм12","Тм17"],"angle":9.4,"extra":1,"ei":22}},{"type":"Feature","geometry":{"type":"Point","coordinates":[30.382092,50.524242]},"properties":{"lines":"12, 17","color":"#d6212b","mode":"tram","arr":["Тм12","Тм17"],"angle":9.4,"extra":1,"ei":23}},{"type":"Feature","geometry":{"type":"Point","coordinates":[30.385016,50.523947]},"properties":{"lines":"12, 17","color":"#d6212b","mode":"tram","arr":["Тм12","Тм17"],"angle":-6.9,"extra":1,"ei":24}},{"type":"Feature","geometry":{"type":"Point","coordinates":[30.389842,50.526116]},"properties":{"lines":"12, 17","color":"#d6212b","mode":"tram","arr":["Тм12","Тм17"],"angle":-35.3,"extra":1,"ei":25}},{"type":"Feature","geometry":{"type":"Point","coordinates":[30.392683,50.526516]},"properties":{"lines":"12, 17","color":"#d6212b","mode":"tram","arr":["Тм12","Тм17"],"angle":-5.8,"extra":1,"ei":26}},{"type":"Feature","geometry":{"type":"Point","coordinates":[30.395509,50.526319]},"properties":{"lines":"12, 17","color":"#d6212b","mode":"tram","arr":["Тм12","Тм17"],"angle":30.9,"extra":1,"ei":27}},{"type":"Feature","geometry":{"type":"Point","coordinates":[30.398146,50.525677]},"properties":{"lines":"12, 17","color":"#d6212b","mode":"tram","arr":["Тм12","Тм17"],"angle":-17.9,"extra":1,"ei":28}},{"type":"Feature","geometry":{"type":"Point","coordinates":[30.400945,50.526299]},"properties":{"lines":"12, 17","color":"#d6212b","mode":"tram","arr":["Тм12","Тм17"],"angle":-19.2,"extra":1,"ei":29}},{"type":"Feature","geometry":{"type":"Point","coordinates":[30.403743,50.52692]},"properties":{"lines":"12, 17","color":"#d6212b","mode":"tram","arr":["Тм12","Тм17"],"angle":-19.2,"extra":1,"ei":30}},{"type":"Feature","geometry":{"type":"Point","coordinates":[30.406548,50.52753]},"properties":{"lines":"12, 17","color":"#d6212b","mode":"tram","arr":["Тм12","Тм17"],"angle":-17.3,"extra":1,"ei":31}},{"type":"Feature","geometry":{"type":"Point","coordinates":[30.409372,50.528102]},"properties":{"lines":"12, 17","color":"#d6212b","mode":"tram","arr":["Тм12","Тм17"],"angle":-19.7,"extra":1,"ei":32}},{"type":"Feature","geometry":{"type":"Point","coordinates":[30.412164,50.528735]},"properties":{"lines":"12, 17","color":"#d6212b","mode":"tram","arr":["Тм12","Тм17"],"angle":-17.5,"extra":1,"ei":33}},{"type":"Feature","geometry":{"type":"Point","coordinates":[30.415055,50.529142]},"properties":{"lines":"12, 17","color":"#d6212b","mode":"tram","arr":["Тм12","Тм17"],"angle":-11,"extra":1,"ei":34}},{"type":"Feature","geometry":{"type":"Point","coordinates":[30.417977,50.529441]},"properties":{"lines":"12, 17","color":"#d6212b","mode":"tram","arr":["Тм12","Тм17"],"angle":-4.3,"extra":1,"ei":35}},{"type":"Feature","geometry":{"type":"Point","coordinates":[30.420935,50.52946]},"properties":{"lines":"12, 17","color":"#d6212b","mode":"tram","arr":["Тм12","Тм17"],"angle":2.4,"extra":1,"ei":36}},{"type":"Feature","geometry":{"type":"Point","coordinates":[30.42389,50.529316]},"properties":{"lines":"12, 17","color":"#d6212b","mode":"tram","arr":["Тм12","Тм17"],"angle":5.2,"extra":1,"ei":37}},{"type":"Feature","geometry":{"type":"Point","coordinates":[30.426846,50.529183]},"properties":{"lines":"12, 17","color":"#d6212b","mode":"tram","arr":["Тм12","Тм17"],"angle":3.8,"extra":1,"ei":38}},{"type":"Feature","geometry":{"type":"Point","coordinates":[30.429803,50.529057]},"properties":{"lines":"12, 17","color":"#d6212b","mode":"tram","arr":["Тм12","Тм17"],"angle":3.8,"extra":1,"ei":39}},{"type":"Feature","geometry":{"type":"Point","coordinates":[30.43276,50.528931]},"properties":{"lines":"12, 17","color":"#d6212b","mode":"tram","arr":["Тм12","Тм17"],"angle":3.8,"extra":1,"ei":40}},{"type":"Feature","geometry":{"type":"Point","coordinates":[30.435685,50.528693]},"properties":{"lines":"12, 17","color":"#d6212b","mode":"tram","arr":["Тм12","Тм17"],"angle":21.4,"extra":1,"ei":41}},{"type":"Feature","geometry":{"type":"Point","coordinates":[30.438363,50.527885]},"properties":{"lines":"12, 17","color":"#d6212b","mode":"tram","arr":["Тм12","Тм17"],"angle":25.3,"extra":1,"ei":42}},{"type":"Feature","geometry":{"type":"Point","coordinates":[30.441168,50.527351]},"properties":{"lines":"12, 17","color":"#d6212b","mode":"tram","arr":["Тм12","Тм17"],"angle":-0.3,"extra":1,"ei":43}},{"type":"Feature","geometry":{"type":"Point","coordinates":[30.444128,50.527301]},"properties":{"lines":"12, 17","color":"#d6212b","mode":"tram","arr":["Тм12","Тм17"],"angle":4.8,"extra":1,"ei":44}},{"type":"Feature","geometry":{"type":"Point","coordinates":[30.446809,50.526851]},"properties":{"lines":"12, 17","color":"#d6212b","mode":"tram","arr":["Тм12","Тм17"],"angle":69.4,"extra":1,"ei":45}},{"type":"Feature","geometry":{"type":"Point","coordinates":[30.447489,50.525013]},"properties":{"lines":"12, 17","color":"#d6212b","mode":"tram","arr":["Тм12","Тм17"],"angle":77,"extra":1,"ei":46}},{"type":"Feature","geometry":{"type":"Point","coordinates":[30.448155,50.523173]},"properties":{"lines":"12, 17","color":"#d6212b","mode":"tram","arr":["Тм12","Тм17"],"angle":76.7,"extra":1,"ei":47}},{"type":"Feature","geometry":{"type":"Point","coordinates":[30.448817,50.521332]},"properties":{"lines":"12, 17","color":"#d6212b","mode":"tram","arr":["Тм12","Тм17"],"angle":77.1,"extra":1,"ei":48}},{"type":"Feature","geometry":{"type":"Point","coordinates":[30.334719,50.553214]},"properties":{"lines":"17","color":"#d6212b","mode":"tram","arr":["Тм17"],"angle":-24}},{"type":"Feature","geometry":{"type":"Point","coordinates":[30.462802,50.497813]},"properties":{"lines":"17","color":"#d6212b","mode":"tram","arr":["Тм17"],"angle":59.5}},{"type":"Feature","geometry":{"type":"Point","coordinates":[30.451294,50.520815]},"properties":{"lines":"19","color":"#d6212b","mode":"tram","arr":["Тм19"],"angle":46}},{"type":"Feature","geometry":{"type":"Point","coordinates":[30.515963,50.464821]},"properties":{"lines":"14","color":"#d6212b","mode":"tram","arr":["Тм14"],"angle":-40.4}},{"type":"Feature","geometry":{"type":"Point","coordinates":[30.484285,50.459768]},"properties":{"lines":"14","color":"#d6212b","mode":"tram","arr":["Тм14"],"angle":-84,"side":-1}},{"type":"Feature","geometry":{"type":"Point","coordinates":[30.516641,50.465254]},"properties":{"lines":"16","color":"#d6212b","mode":"tram","arr":["Тм16"],"angle":-43.9}},{"type":"Feature","geometry":{"type":"Point","coordinates":[30.491509,50.501946]},"properties":{"lines":"16","color":"#d6212b","mode":"tram","arr":["Тм16"],"angle":72.4,"side":-1,"mi":2}},{"type":"Feature","geometry":{"type":"Point","coordinates":[30.490134,50.504557]},"properties":{"lines":"16","color":"#d6212b","mode":"tram","arr":["Тм16","102А","Тб44"],"busLines":"102А, 44","angle":71.6,"side":-1}},{"type":"Feature","geometry":{"type":"Point","coordinates":[30.490904,50.503109]},"properties":{"lines":"16","color":"#d6212b","mode":"tram","arr":["Тм16","102А","Тб44"],"busLines":"102А, 44","angle":71.1,"extra":1,"ei":0,"side":-1}},{"type":"Feature","geometry":{"type":"Point","coordinates":[30.489016,50.506689]},"properties":{"lines":"16","color":"#d6212b","mode":"tram","arr":["Тм16","102А","Тб44"],"busLines":"102А, 44","angle":80.1,"extra":1,"ei":1}},{"type":"Feature","geometry":{"type":"Point","coordinates":[30.489101,50.507356]},"properties":{"lines":"16","color":"#d6212b","mode":"tram","arr":["Тм16"],"angle":-72.2}},{"type":"Feature","geometry":{"type":"Point","coordinates":[30.491315,50.509782]},"properties":{"lines":"16","color":"#d6212b","mode":"tram","arr":["Тм16","36тр","Тб24","Тб44"],"busLines":"36тр, 24, 44","angle":-59.1}},{"type":"Feature","geometry":{"type":"Point","coordinates":[30.490174,50.508567]},"properties":{"lines":"16","color":"#d6212b","mode":"tram","arr":["Тм16","36тр","Тб24","Тб44"],"busLines":"36тр, 24, 44","angle":-59.2,"extra":1,"ei":0}},{"type":"Feature","geometry":{"type":"Point","coordinates":[30.493139,50.511827]},"properties":{"lines":"16","color":"#d6212b","mode":"tram","arr":["Тм16","36тр","Тб24","Тб44"],"busLines":"36тр, 24, 44","angle":-71.4,"extra":1,"ei":1}},{"type":"Feature","geometry":{"type":"Point","coordinates":[30.493182,50.512275]},"properties":{"lines":"16","color":"#d6212b","mode":"tram","arr":["Тм16"],"angle":-88.6,"mi":1}},{"type":"Feature","geometry":{"type":"Point","coordinates":[30.49139,50.51502]},"properties":{"lines":"16","color":"#d6212b","mode":"tram","arr":["Тм16","99","Тб44"],"busLines":"99, 44","angle":61,"side":-1}},{"type":"Feature","geometry":{"type":"Point","coordinates":[30.492638,50.513585]},"properties":{"lines":"16","color":"#d6212b","mode":"tram","arr":["Тм16","99","Тб44"],"busLines":"99, 44","angle":61,"extra":1,"ei":0,"side":-1}},{"type":"Feature","geometry":{"type":"Point","coordinates":[30.489783,50.516895]},"properties":{"lines":"16","color":"#d6212b","mode":"tram","arr":["Тм16","99","Тб44"],"busLines":"99, 44","angle":61.9,"extra":1,"ei":1,"side":-1}},{"type":"Feature","geometry":{"type":"Point","coordinates":[30.489447,50.517639]},"properties":{"lines":"16","color":"#d6212b","mode":"tram","arr":["Тм16"],"angle":-88,"mi":3}},{"type":"Feature","geometry":{"type":"Point","coordinates":[30.492239,50.520938]},"properties":{"lines":"16","color":"#d6212b","mode":"tram","arr":["Тм16","40","41","Тб32","Тб44"],"busLines":"40, 41, 32, 44","angle":-59}},{"type":"Feature","geometry":{"type":"Point","coordinates":[30.490244,50.518799]},"properties":{"lines":"16","color":"#d6212b","mode":"tram","arr":["Тм16","40","41","Тб32","Тб44"],"busLines":"40, 41, 32, 44","angle":-59.1,"extra":1,"ei":0}},{"type":"Feature","geometry":{"type":"Point","coordinates":[30.493316,50.522029]},"properties":{"lines":"16","color":"#d6212b","mode":"tram","arr":["Тм16","40","41","Тб32","Тб44"],"busLines":"40, 41, 32, 44","angle":-54.9,"extra":1,"ei":1}},{"type":"Feature","geometry":{"type":"Point","coordinates":[30.495851,50.522829]},"properties":{"lines":"16","color":"#d6212b","mode":"tram","arr":["Тм16","40","41","Тб32","Тб44"],"busLines":"40, 41, 32, 44","angle":-4.8,"extra":1,"ei":2}},{"type":"Feature","geometry":{"type":"Point","coordinates":[30.51388,50.467119]},"properties":{"lines":"14, 18","color":"#d6212b","mode":"tram","arr":["Тм14","Тм18","53","72","112"],"busLines":"53, 72, 112","angle":-46}},{"type":"Feature","geometry":{"type":"Point","coordinates":[30.501396,50.462293]},"properties":{"lines":"14, 18","color":"#d6212b","mode":"tram","arr":["Тм14","Тм18","112","119"],"busLines":"112, 119","angle":-13.9,"mi":1}},{"type":"Feature","geometry":{"type":"Point","coordinates":[30.511767,50.465966]},"properties":{"lines":"14, 18","color":"#d6212b","mode":"tram","arr":["Тм14","Тм18","112","119"],"busLines":"112, 119","angle":-45.7,"extra":1,"ei":0}},{"type":"Feature","geometry":{"type":"Point","coordinates":[30.509706,50.464609]},"properties":{"lines":"14, 18","color":"#d6212b","mode":"tram","arr":["Тм14","Тм18","112","119"],"busLines":"112, 119","angle":-46.8,"extra":1,"ei":1}},{"type":"Feature","geometry":{"type":"Point","coordinates":[30.50765,50.463249]},"properties":{"lines":"14, 18","color":"#d6212b","mode":"tram","arr":["Тм14","Тм18","112","119"],"busLines":"112, 119","angle":-44.8,"extra":1,"ei":2}},{"type":"Feature","geometry":{"type":"Point","coordinates":[30.505167,50.463208]},"properties":{"lines":"14, 18","color":"#d6212b","mode":"tram","arr":["Тм14","Тм18","112","119"],"busLines":"112, 119","angle":8.4,"extra":1,"ei":3}},{"type":"Feature","geometry":{"type":"Point","coordinates":[30.499567,50.462203]},"properties":{"lines":"14, 18","color":"#d6212b","mode":"tram","arr":["Тм14","Тм18","112","119"],"busLines":"112, 119","angle":-4.5,"extra":1,"ei":4}},{"type":"Feature","geometry":{"type":"Point","coordinates":[30.496612,50.46206]},"properties":{"lines":"14, 18","color":"#d6212b","mode":"tram","arr":["Тм14","Тм18","112","119"],"busLines":"112, 119","angle":3.4,"extra":1,"ei":5}},{"type":"Feature","geometry":{"type":"Point","coordinates":[30.49385,50.462587]},"properties":{"lines":"14, 18","color":"#d6212b","mode":"tram","arr":["Тм14","Тм18","112","119"],"busLines":"112, 119","angle":-4.7,"extra":1,"ei":6}},{"type":"Feature","geometry":{"type":"Point","coordinates":[30.490895,50.462446]},"properties":{"lines":"14, 18","color":"#d6212b","mode":"tram","arr":["Тм14","Тм18","112","119"],"busLines":"112, 119","angle":-4.6,"extra":1,"ei":7}},{"type":"Feature","geometry":{"type":"Point","coordinates":[30.488986,50.461225]},"properties":{"lines":"14, 18","color":"#d6212b","mode":"tram","arr":["Тм14","Тм18","112","119"],"busLines":"112, 119","angle":-61,"extra":1,"ei":8}},{"type":"Feature","geometry":{"type":"Point","coordinates":[30.486285,50.460757]},"properties":{"lines":"14, 18","color":"#d6212b","mode":"tram","arr":["Тм14","Тм18","112"],"busLines":"112","angle":-31.5}},{"type":"Feature","geometry":{"type":"Point","coordinates":[30.484444,50.460001]},"properties":{"lines":"14, 18","color":"#d6212b","mode":"tram","arr":["Тм14","Тм18","112"],"busLines":"112","angle":-38.3,"extra":1,"ei":0}},{"type":"Feature","geometry":{"type":"Point","coordinates":[30.484408,50.45997]},"properties":{"lines":"14, 18","color":"#d6212b","mode":"tram","arr":["Тм14","Тм18"],"angle":-19.8}},{"type":"Feature","geometry":{"type":"Point","coordinates":[30.486421,50.46078]},"properties":{"lines":"14, 18","color":"#d6212b","mode":"tram","arr":["Тм14","Тм18","112"],"busLines":"112","angle":-27.7,"mi":1}},{"type":"Feature","geometry":{"type":"Point","coordinates":[30.501343,50.462263]},"properties":{"lines":"14, 18","color":"#d6212b","mode":"tram","arr":["Тм14","Тм18","112","119"],"busLines":"112, 119","angle":-12.1}},{"type":"Feature","geometry":{"type":"Point","coordinates":[30.489266,50.461497]},"properties":{"lines":"14, 18","color":"#d6212b","mode":"tram","arr":["Тм14","Тм18","112","119"],"busLines":"112, 119","angle":-61.3,"extra":1,"ei":0}},{"type":"Feature","geometry":{"type":"Point","coordinates":[30.491449,50.462444]},"properties":{"lines":"14, 18","color":"#d6212b","mode":"tram","arr":["Тм14","Тм18","112","119"],"busLines":"112, 119","angle":-4,"extra":1,"ei":1,"side":-1}},{"type":"Feature","geometry":{"type":"Point","coordinates":[30.494404,50.462584]},"properties":{"lines":"14, 18","color":"#d6212b","mode":"tram","arr":["Тм14","Тм18","112","119"],"busLines":"112, 119","angle":2.4,"extra":1,"ei":2}},{"type":"Feature","geometry":{"type":"Point","coordinates":[30.497165,50.462056]},"properties":{"lines":"14, 18","color":"#d6212b","mode":"tram","arr":["Тм14","Тм18","112","119"],"busLines":"112, 119","angle":-4.9,"extra":1,"ei":3}},{"type":"Feature","geometry":{"type":"Point","coordinates":[30.505687,50.463061]},"properties":{"lines":"14, 18","color":"#d6212b","mode":"tram","arr":["Тм14","Тм18","112","119"],"busLines":"112, 119","angle":26.4,"extra":1,"ei":4}},{"type":"Feature","geometry":{"type":"Point","coordinates":[30.508049,50.463466]},"properties":{"lines":"14, 18","color":"#d6212b","mode":"tram","arr":["Тм14","Тм18","112","119"],"busLines":"112, 119","angle":-44.6,"extra":1,"ei":5}},{"type":"Feature","geometry":{"type":"Point","coordinates":[30.510094,50.464832]},"properties":{"lines":"14, 18","color":"#d6212b","mode":"tram","arr":["Тм14","Тм18","112","119"],"busLines":"112, 119","angle":-46.4,"extra":1,"ei":6}},{"type":"Feature","geometry":{"type":"Point","coordinates":[30.512296,50.465991]},"properties":{"lines":"14, 18","color":"#d6212b","mode":"tram","arr":["Тм14","Тм18","112","119"],"busLines":"112, 119","angle":-45.8,"extra":1,"ei":7,"side":-1}},{"type":"Feature","geometry":{"type":"Point","coordinates":[30.483519,50.460494]},"properties":{"lines":"14, 15","color":"#d6212b","mode":"tram","arr":["Тм14","Тм15"],"angle":59.8}},{"type":"Feature","geometry":{"type":"Point","coordinates":[30.482331,50.461328]},"properties":{"lines":"14, 15","color":"#d6212b","mode":"tram","arr":["Тм14","Тм15","112"],"busLines":"112","angle":18.6,"mi":1}},{"type":"Feature","geometry":{"type":"Point","coordinates":[30.480904,50.461745]},"properties":{"lines":"14, 15","color":"#d6212b","mode":"tram","arr":["Тм14","Тм15","31"],"busLines":"31","angle":12.8}},{"type":"Feature","geometry":{"type":"Point","coordinates":[30.477213,50.461943]},"properties":{"lines":"14, 15","color":"#d6212b","mode":"tram","arr":["Тм14","Тм15","9","31"],"busLines":"9, 31","angle":4.7}},{"type":"Feature","geometry":{"type":"Point","coordinates":[30.479076,50.461844]},"properties":{"lines":"14, 15","color":"#d6212b","mode":"tram","arr":["Тм14","Тм15","9","31"],"busLines":"9, 31","angle":4.9,"extra":1,"ei":0}},{"type":"Feature","geometry":{"type":"Point","coordinates":[30.450516,50.463017]},"properties":{"lines":"14, 15","color":"#d6212b","mode":"tram","arr":["Тм14","Тм15","9"],"busLines":"9","angle":-2.5}},{"type":"Feature","geometry":{"type":"Point","coordinates":[30.472395,50.462192]},"properties":{"lines":"14, 15","color":"#d6212b","mode":"tram","arr":["Тм14","Тм15","9"],"busLines":"9","angle":4.4,"extra":1,"ei":0}},{"type":"Feature","geometry":{"type":"Point","coordinates":[30.469441,50.462344]},"properties":{"lines":"14, 15","color":"#d6212b","mode":"tram","arr":["Тм14","Тм15","9"],"busLines":"9","angle":4.5,"extra":1,"ei":1}},{"type":"Feature","geometry":{"type":"Point","coordinates":[30.466489,50.462512]},"properties":{"lines":"14, 15","color":"#d6212b","mode":"tram","arr":["Тм14","Тм15","9"],"busLines":"9","angle":7.2,"extra":1,"ei":2}},{"type":"Feature","geometry":{"type":"Point","coordinates":[30.463565,50.46282]},"properties":{"lines":"14, 15","color":"#d6212b","mode":"tram","arr":["Тм14","Тм15","9"],"busLines":"9","angle":9.8,"extra":1,"ei":3}},{"type":"Feature","geometry":{"type":"Point","coordinates":[30.460633,50.463092]},"properties":{"lines":"14, 15","color":"#d6212b","mode":"tram","arr":["Тм14","Тм15","9"],"busLines":"9","angle":6.5,"extra":1,"ei":4}},{"type":"Feature","geometry":{"type":"Point","coordinates":[30.457674,50.463154]},"properties":{"lines":"14, 15","color":"#d6212b","mode":"tram","arr":["Тм14","Тм15","9"],"busLines":"9","angle":-0.8,"extra":1,"ei":5}},{"type":"Feature","geometry":{"type":"Point","coordinates":[30.454711,50.463115]},"properties":{"lines":"14, 15","color":"#d6212b","mode":"tram","arr":["Тм14","Тм15","9"],"busLines":"9","angle":-1.8,"extra":1,"ei":6}},{"type":"Feature","geometry":{"type":"Point","coordinates":[30.445829,50.462873]},"properties":{"lines":"14, 15","color":"#d6212b","mode":"tram","arr":["Тм14","Тм15","9"],"busLines":"9","angle":-3.6,"extra":1,"ei":7}},{"type":"Feature","geometry":{"type":"Point","coordinates":[30.44287,50.462771]},"properties":{"lines":"14, 15","color":"#d6212b","mode":"tram","arr":["Тм14","Тм15","9"],"busLines":"9","angle":-4.7,"extra":1,"ei":8}},{"type":"Feature","geometry":{"type":"Point","coordinates":[30.439934,50.462511]},"properties":{"lines":"14, 15","color":"#d6212b","mode":"tram","arr":["Тм14","Тм15","9"],"busLines":"9","angle":-8.1,"extra":1,"ei":9}},{"type":"Feature","geometry":{"type":"Point","coordinates":[30.437014,50.462191]},"properties":{"lines":"14, 15","color":"#d6212b","mode":"tram","arr":["Тм14","Тм15","9"],"busLines":"9","angle":-10.4,"extra":1,"ei":10}},{"type":"Feature","geometry":{"type":"Point","coordinates":[30.434095,50.461865]},"properties":{"lines":"14, 15","color":"#d6212b","mode":"tram","arr":["Тм14","Тм15","9"],"busLines":"9","angle":-9.9,"extra":1,"ei":11}},{"type":"Feature","geometry":{"type":"Point","coordinates":[30.431282,50.4613]},"properties":{"lines":"14, 15","color":"#d6212b","mode":"tram","arr":["Тм14","Тм15","9"],"busLines":"9","angle":-23.2,"extra":1,"ei":12}},{"type":"Feature","geometry":{"type":"Point","coordinates":[30.428571,50.460538]},"properties":{"lines":"14, 15","color":"#d6212b","mode":"tram","arr":["Тм14","Тм15","9"],"busLines":"9","angle":-23.2,"extra":1,"ei":13}},{"type":"Feature","geometry":{"type":"Point","coordinates":[30.426763,50.460272]},"properties":{"lines":"14, 15","color":"#d6212b","mode":"tram","arr":["Тм14","Тм15"],"angle":-9,"mi":1}},{"type":"Feature","geometry":{"type":"Point","coordinates":[30.42463,50.45975]},"properties":{"lines":"14, 15","color":"#d6212b","mode":"tram","arr":["Тм14","Тм15","9"],"busLines":"9","angle":-24.2,"mi":2}},{"type":"Feature","geometry":{"type":"Point","coordinates":[30.421343,50.458683]},"properties":{"lines":"14, 15","color":"#d6212b","mode":"tram","arr":["Тм14","Тм15"],"angle":-23.4,"mi":3}},{"type":"Feature","geometry":{"type":"Point","coordinates":[30.419539,50.457969]},"properties":{"lines":"14, 15","color":"#d6212b","mode":"tram","arr":["Тм14","Тм15"],"angle":-46,"extra":1,"ei":0}},{"type":"Feature","geometry":{"type":"Point","coordinates":[30.417259,50.452419]},"properties":{"lines":"14, 15","color":"#d6212b","mode":"tram","arr":["Тм14","Тм15","9"],"busLines":"9","angle":-89.6,"mi":3}},{"type":"Feature","geometry":{"type":"Point","coordinates":[30.418412,50.457228]},"properties":{"lines":"14, 15","color":"#d6212b","mode":"tram","arr":["Тм14","Тм15","9"],"busLines":"9","angle":-49.7,"extra":1,"ei":0}},{"type":"Feature","geometry":{"type":"Point","coordinates":[30.417363,50.455543]},"properties":{"lines":"14, 15","color":"#d6212b","mode":"tram","arr":["Тм14","Тм15","9"],"busLines":"9","angle":-88.8,"extra":1,"ei":1}},{"type":"Feature","geometry":{"type":"Point","coordinates":[30.417331,50.453655]},"properties":{"lines":"14, 15","color":"#d6212b","mode":"tram","arr":["Тм14","Тм15","9"],"busLines":"9","angle":-87.5,"extra":1,"ei":2}},{"type":"Feature","geometry":{"type":"Point","coordinates":[30.418327,50.449996]},"properties":{"lines":"14, 15","color":"#d6212b","mode":"tram","arr":["Тм14","Тм15","9"],"busLines":"9","angle":68.3,"extra":1,"ei":3,"side":-1}},{"type":"Feature","geometry":{"type":"Point","coordinates":[30.419413,50.448239]},"properties":{"lines":"14, 15","color":"#d6212b","mode":"tram","arr":["Тм14","Тм15","9"],"busLines":"9","angle":69.3,"extra":1,"ei":4,"side":-1}},{"type":"Feature","geometry":{"type":"Point","coordinates":[30.417407,50.445839]},"properties":{"lines":"14, 15","color":"#d6212b","mode":"tram","arr":["Тм14","Тм15","2","9"],"busLines":"2, 9","angle":-22.7,"side":-1}},{"type":"Feature","geometry":{"type":"Point","coordinates":[30.419133,50.446297]},"properties":{"lines":"14, 15","color":"#d6212b","mode":"tram","arr":["Тм14","Тм15","2","9"],"busLines":"2, 9","angle":-22.7,"extra":1,"ei":0,"side":-1}},{"type":"Feature","geometry":{"type":"Point","coordinates":[30.408419,50.442605]},"properties":{"lines":"14, 15","color":"#d6212b","mode":"tram","arr":["Тм14","Тм15","9"],"busLines":"9","angle":-68.6,"side":-1,"mi":1}},{"type":"Feature","geometry":{"type":"Point","coordinates":[30.412956,50.444639]},"properties":{"lines":"14, 15","color":"#d6212b","mode":"tram","arr":["Тм14","Тм15","9"],"busLines":"9","angle":-21.1,"extra":1,"ei":0,"side":-1}},{"type":"Feature","geometry":{"type":"Point","coordinates":[30.410208,50.443933]},"properties":{"lines":"14, 15","color":"#d6212b","mode":"tram","arr":["Тм14","Тм15","9"],"busLines":"9","angle":-30.9,"extra":1,"ei":1,"side":-1}},{"type":"Feature","geometry":{"type":"Point","coordinates":[30.408349,50.440644]},"properties":{"lines":"14, 15","color":"#d6212b","mode":"tram","arr":["Тм14","Тм15","9"],"busLines":"9","angle":72.9,"extra":1,"ei":2}},{"type":"Feature","geometry":{"type":"Point","coordinates":[30.409419,50.438884]},"properties":{"lines":"14, 15","color":"#d6212b","mode":"tram","arr":["Тм14","Тм15","9"],"busLines":"9","angle":68.1,"extra":1,"ei":3}},{"type":"Feature","geometry":{"type":"Point","coordinates":[30.410967,50.435993]},"properties":{"lines":"14, 15","color":"#d6212b","mode":"tram","arr":["Тм14","Тм15","2","9"],"busLines":"2, 9","angle":68.1,"mi":1}},{"type":"Feature","geometry":{"type":"Point","coordinates":[30.410144,50.437309]},"properties":{"lines":"14, 15","color":"#d6212b","mode":"tram","arr":["Тм14","Тм15","2","9"],"busLines":"2, 9","angle":68.7,"extra":1,"ei":0}},{"type":"Feature","geometry":{"type":"Point","coordinates":[30.412126,50.433787]},"properties":{"lines":"14, 15","color":"#d6212b","mode":"tram","arr":["Тм14","Тм15","2","9"],"busLines":"2, 9","angle":-82.3,"extra":1,"ei":1}},{"type":"Feature","geometry":{"type":"Point","coordinates":[30.416968,50.427333]},"properties":{"lines":"14, 15","color":"#d6212b","mode":"tram","arr":["Тм14","Тм15"],"angle":53,"side":-1,"mi":1}},{"type":"Feature","geometry":{"type":"Point","coordinates":[30.412638,50.432904]},"properties":{"lines":"14, 15","color":"#d6212b","mode":"tram","arr":["Тм14","Тм15"],"angle":68.5,"extra":1,"ei":0,"side":-1}},{"type":"Feature","geometry":{"type":"Point","coordinates":[30.413732,50.431149]},"properties":{"lines":"14, 15","color":"#d6212b","mode":"tram","arr":["Тм14","Тм15"],"angle":68.3,"extra":1,"ei":1}},{"type":"Feature","geometry":{"type":"Point","coordinates":[30.414867,50.429405]},"properties":{"lines":"14, 15","color":"#d6212b","mode":"tram","arr":["Тм14","Тм15"],"angle":65,"extra":1,"ei":2}},{"type":"Feature","geometry":{"type":"Point","coordinates":[30.418387,50.426398]},"properties":{"lines":"14, 15","color":"#d6212b","mode":"tram","arr":["Тм14","Тм15"],"angle":40.8,"extra":1,"ei":3}},{"type":"Feature","geometry":{"type":"Point","coordinates":[30.420767,50.425279]},"properties":{"lines":"14, 15","color":"#d6212b","mode":"tram","arr":["Тм14","Тм15"],"angle":29.8,"extra":1,"ei":4}},{"type":"Feature","geometry":{"type":"Point","coordinates":[30.423421,50.424441]},"properties":{"lines":"14, 15","color":"#d6212b","mode":"tram","arr":["Тм14","Тм15"],"angle":22.3,"extra":1,"ei":5}},{"type":"Feature","geometry":{"type":"Point","coordinates":[30.426167,50.423732]},"properties":{"lines":"14, 15","color":"#d6212b","mode":"tram","arr":["Тм14","Тм15"],"angle":22.1,"extra":1,"ei":6}},{"type":"Feature","geometry":{"type":"Point","coordinates":[30.426041,50.422172]},"properties":{"lines":"14, 15","color":"#d6212b","mode":"tram","arr":["Тм14","Тм15","Тб27"],"busLines":"27","angle":-67.6}},{"type":"Feature","geometry":{"type":"Point","coordinates":[30.426092,50.422184]},"properties":{"lines":"14, 15","color":"#d6212b","mode":"tram","arr":["Тм14","Тм15","Тб27"],"busLines":"27","angle":-67.5,"mi":1}},{"type":"Feature","geometry":{"type":"Point","coordinates":[30.426812,50.423296]},"properties":{"lines":"14, 15","color":"#d6212b","mode":"tram","arr":["Тм14","Тм15","Тб27"],"busLines":"27","angle":-80.1,"extra":1,"ei":0}},{"type":"Feature","geometry":{"type":"Point","coordinates":[30.417062,50.427322]},"properties":{"lines":"14, 15","color":"#d6212b","mode":"tram","arr":["Тм14","Тм15"],"angle":51.6}},{"type":"Feature","geometry":{"type":"Point","coordinates":[30.425223,50.424001]},"properties":{"lines":"14, 15","color":"#d6212b","mode":"tram","arr":["Тм14","Тм15"],"angle":22.3,"extra":1,"ei":0}},{"type":"Feature","geometry":{"type":"Point","coordinates":[30.422493,50.424735]},"properties":{"lines":"14, 15","color":"#d6212b","mode":"tram","arr":["Тм14","Тм15"],"angle":25.5,"extra":1,"ei":1}},{"type":"Feature","geometry":{"type":"Point","coordinates":[30.419912,50.425658]},"properties":{"lines":"14, 15","color":"#d6212b","mode":"tram","arr":["Тм14","Тм15"],"angle":35.2,"extra":1,"ei":2}},{"type":"Feature","geometry":{"type":"Point","coordinates":[30.415838,50.428366]},"properties":{"lines":"14, 15","color":"#d6212b","mode":"tram","arr":["Тм14","Тм15"],"angle":58.1,"extra":1,"ei":3}},{"type":"Feature","geometry":{"type":"Point","coordinates":[30.414479,50.430041]},"properties":{"lines":"14, 15","color":"#d6212b","mode":"tram","arr":["Тм14","Тм15"],"angle":67.1,"extra":1,"ei":4}},{"type":"Feature","geometry":{"type":"Point","coordinates":[30.413382,50.431795]},"properties":{"lines":"14, 15","color":"#d6212b","mode":"tram","arr":["Тм14","Тм15"],"angle":68.3,"extra":1,"ei":5}},{"type":"Feature","geometry":{"type":"Point","coordinates":[30.412287,50.43355]},"properties":{"lines":"14, 15","color":"#d6212b","mode":"tram","arr":["Тм14","Тм15"],"angle":69.6,"extra":1,"ei":6,"side":-1}},{"type":"Feature","geometry":{"type":"Point","coordinates":[30.411036,50.43597]},"properties":{"lines":"14, 15","color":"#d6212b","mode":"tram","arr":["Тм14","Тм15","2","9"],"busLines":"2, 9","angle":68.2}},{"type":"Feature","geometry":{"type":"Point","coordinates":[30.411867,50.434656]},"properties":{"lines":"14, 15","color":"#d6212b","mode":"tram","arr":["Тм14","Тм15","2","9"],"busLines":"2, 9","angle":68.2,"extra":1,"ei":0}},{"type":"Feature","geometry":{"type":"Point","coordinates":[30.408463,50.442583]},"properties":{"lines":"14, 15","color":"#d6212b","mode":"tram","arr":["Тм14","Тм15","9"],"busLines":"9","angle":-68.7,"side":-1}},{"type":"Feature","geometry":{"type":"Point","coordinates":[30.409352,50.439068]},"properties":{"lines":"14, 15","color":"#d6212b","mode":"tram","arr":["Тм14","Тм15","9"],"busLines":"9","angle":68.3,"extra":1,"ei":0}},{"type":"Feature","geometry":{"type":"Point","coordinates":[30.40832,50.440837]},"properties":{"lines":"14, 15","color":"#d6212b","mode":"tram","arr":["Тм14","Тм15","9"],"busLines":"9","angle":75.8,"extra":1,"ei":1}},{"type":"Feature","geometry":{"type":"Point","coordinates":[30.410571,50.444006]},"properties":{"lines":"14, 15","color":"#d6212b","mode":"tram","arr":["Тм14","Тм15","9"],"busLines":"9","angle":-24,"extra":1,"ei":2,"side":-1}},{"type":"Feature","geometry":{"type":"Point","coordinates":[30.413328,50.444699]},"properties":{"lines":"14, 15","color":"#d6212b","mode":"tram","arr":["Тм14","Тм15","9"],"busLines":"9","angle":-20.9,"extra":1,"ei":3,"side":-1}},{"type":"Feature","geometry":{"type":"Point","coordinates":[30.417453,50.445814]},"properties":{"lines":"14, 15","color":"#d6212b","mode":"tram","arr":["Тм14","Тм15","2","9"],"busLines":"2, 9","angle":-22.4,"side":-1,"mi":1}},{"type":"Feature","geometry":{"type":"Point","coordinates":[30.415732,50.445348]},"properties":{"lines":"14, 15","color":"#d6212b","mode":"tram","arr":["Тм14","Тм15","2","9"],"busLines":"2, 9","angle":-23.5,"extra":1,"ei":0,"side":-1}},{"type":"Feature","geometry":{"type":"Point","coordinates":[30.417324,50.452511]},"properties":{"lines":"14, 15","color":"#d6212b","mode":"tram","arr":["Тм14","Тм15","9"],"busLines":"9","angle":-89.4}},{"type":"Feature","geometry":{"type":"Point","coordinates":[30.419806,50.44767]},"properties":{"lines":"14, 15","color":"#d6212b","mode":"tram","arr":["Тм14","Тм15","9"],"busLines":"9","angle":70.2,"extra":1,"ei":0}},{"type":"Feature","geometry":{"type":"Point","coordinates":[30.418746,50.449433]},"properties":{"lines":"14, 15","color":"#d6212b","mode":"tram","arr":["Тм14","Тм15","9"],"busLines":"9","angle":68.3,"extra":1,"ei":1}},{"type":"Feature","geometry":{"type":"Point","coordinates":[30.417657,50.45119]},"properties":{"lines":"14, 15","color":"#d6212b","mode":"tram","arr":["Тм14","Тм15","9"],"busLines":"9","angle":68.9,"extra":1,"ei":2}},{"type":"Feature","geometry":{"type":"Point","coordinates":[30.417429,50.454937]},"properties":{"lines":"14, 15","color":"#d6212b","mode":"tram","arr":["Тм14","Тм15","9"],"busLines":"9","angle":89.2,"extra":1,"ei":3}},{"type":"Feature","geometry":{"type":"Point","coordinates":[30.417877,50.456756]},"properties":{"lines":"14, 15","color":"#d6212b","mode":"tram","arr":["Тм14","Тм15","9"],"busLines":"9","angle":-53.3,"extra":1,"ei":4}},{"type":"Feature","geometry":{"type":"Point","coordinates":[30.421546,50.45871]},"properties":{"lines":"14, 15","color":"#d6212b","mode":"tram","arr":["Тм14","Тм15"],"angle":-24.5}},{"type":"Feature","geometry":{"type":"Point","coordinates":[30.424675,50.459725]},"properties":{"lines":"14, 15","color":"#d6212b","mode":"tram","arr":["Тм14","Тм15","9"],"busLines":"9","angle":-24.2,"mi":1}},{"type":"Feature","geometry":{"type":"Point","coordinates":[30.426805,50.460247]},"properties":{"lines":"14, 15","color":"#d6212b","mode":"tram","arr":["Тм14","Тм15"],"angle":-7.9,"mi":2}},{"type":"Feature","geometry":{"type":"Point","coordinates":[30.450383,50.462987]},"properties":{"lines":"14, 15","color":"#d6212b","mode":"tram","arr":["Тм14","Тм15","9"],"busLines":"9","angle":-2,"mi":1}},{"type":"Feature","geometry":{"type":"Point","coordinates":[30.429062,50.460651]},"properties":{"lines":"14, 15","color":"#d6212b","mode":"tram","arr":["Тм14","Тм15","9"],"busLines":"9","angle":-23.6,"extra":1,"ei":0}},{"type":"Feature","geometry":{"type":"Point","coordinates":[30.431777,50.461408]},"properties":{"lines":"14, 15","color":"#d6212b","mode":"tram","arr":["Тм14","Тм15","9"],"busLines":"9","angle":-22.2,"extra":1,"ei":1}},{"type":"Feature","geometry":{"type":"Point","coordinates":[30.434626,50.461893]},"properties":{"lines":"14, 15","color":"#d6212b","mode":"tram","arr":["Тм14","Тм15","9"],"busLines":"9","angle":-9.9,"extra":1,"ei":2}},{"type":"Feature","geometry":{"type":"Point","coordinates":[30.437544,50.462221]},"properties":{"lines":"14, 15","color":"#d6212b","mode":"tram","arr":["Тм14","Тм15","9"],"busLines":"9","angle":-10.2,"extra":1,"ei":3}},{"type":"Feature","geometry":{"type":"Point","coordinates":[30.440468,50.462528]},"properties":{"lines":"14, 15","color":"#d6212b","mode":"tram","arr":["Тм14","Тм15","9"],"busLines":"9","angle":-8.3,"extra":1,"ei":4}},{"type":"Feature","geometry":{"type":"Point","coordinates":[30.443406,50.462765]},"properties":{"lines":"14, 15","color":"#d6212b","mode":"tram","arr":["Тм14","Тм15","9"],"busLines":"9","angle":-3,"extra":1,"ei":5}},{"type":"Feature","geometry":{"type":"Point","coordinates":[30.446366,50.462858]},"properties":{"lines":"14, 15","color":"#d6212b","mode":"tram","arr":["Тм14","Тм15","9"],"busLines":"9","angle":-2.5,"extra":1,"ei":6}},{"type":"Feature","geometry":{"type":"Point","coordinates":[30.452286,50.463039]},"properties":{"lines":"14, 15","color":"#d6212b","mode":"tram","arr":["Тм14","Тм15","9"],"busLines":"9","angle":-2.3,"extra":1,"ei":7}},{"type":"Feature","geometry":{"type":"Point","coordinates":[30.455248,50.463101]},"properties":{"lines":"14, 15","color":"#d6212b","mode":"tram","arr":["Тм14","Тм15","9"],"busLines":"9","angle":-1.1,"extra":1,"ei":8}},{"type":"Feature","geometry":{"type":"Point","coordinates":[30.458211,50.463137]},"properties":{"lines":"14, 15","color":"#d6212b","mode":"tram","arr":["Тм14","Тм15","9"],"busLines":"9","angle":-0.7,"extra":1,"ei":9}},{"type":"Feature","geometry":{"type":"Point","coordinates":[30.461166,50.463025]},"properties":{"lines":"14, 15","color":"#d6212b","mode":"tram","arr":["Тм14","Тм15","9"],"busLines":"9","angle":7.4,"extra":1,"ei":10}},{"type":"Feature","geometry":{"type":"Point","coordinates":[30.464095,50.46274]},"properties":{"lines":"14, 15","color":"#d6212b","mode":"tram","arr":["Тм14","Тм15","9"],"busLines":"9","angle":9.9,"extra":1,"ei":11}},{"type":"Feature","geometry":{"type":"Point","coordinates":[30.467021,50.462446]},"properties":{"lines":"14, 15","color":"#d6212b","mode":"tram","arr":["Тм14","Тм15","9"],"busLines":"9","angle":6.1,"extra":1,"ei":12}},{"type":"Feature","geometry":{"type":"Point","coordinates":[30.469974,50.462288]},"properties":{"lines":"14, 15","color":"#d6212b","mode":"tram","arr":["Тм14","Тм15","9"],"busLines":"9","angle":4.6,"extra":1,"ei":13}},{"type":"Feature","geometry":{"type":"Point","coordinates":[30.472928,50.462137]},"properties":{"lines":"14, 15","color":"#d6212b","mode":"tram","arr":["Тм14","Тм15","9"],"busLines":"9","angle":4.5,"extra":1,"ei":14}},{"type":"Feature","geometry":{"type":"Point","coordinates":[30.477079,50.461925]},"properties":{"lines":"14, 15","color":"#d6212b","mode":"tram","arr":["Тм14","Тм15","9","31"],"busLines":"9, 31","angle":4.6,"mi":1}},{"type":"Feature","geometry":{"type":"Point","coordinates":[30.475039,50.462029]},"properties":{"lines":"14, 15","color":"#d6212b","mode":"tram","arr":["Тм14","Тм15","9","31"],"busLines":"9, 31","angle":4.5,"extra":1,"ei":0}},{"type":"Feature","geometry":{"type":"Point","coordinates":[30.480946,50.461718]},"properties":{"lines":"14, 15","color":"#d6212b","mode":"tram","arr":["Тм14","Тм15","31"],"busLines":"31","angle":14.9,"mi":1}},{"type":"Feature","geometry":{"type":"Point","coordinates":[30.482374,50.461297]},"properties":{"lines":"14, 15","color":"#d6212b","mode":"tram","arr":["Тм14","Тм15","112"],"busLines":"112","angle":19.2}},{"type":"Feature","geometry":{"type":"Point","coordinates":[30.48345,50.460507]},"properties":{"lines":"14, 15","color":"#d6212b","mode":"tram","arr":["Тм14","Тм15"],"angle":59.3,"mi":1}},{"type":"Feature","geometry":{"type":"Point","coordinates":[30.424631,50.4205]},"properties":{"lines":"15","color":"#d6212b","mode":"tram","arr":["Тм15"],"angle":-32.8}},{"type":"Feature","geometry":{"type":"Point","coordinates":[30.484107,50.459802]},"properties":{"lines":"14, 15, 18","color":"#d6212b","mode":"tram","arr":["Тм14","Тм15","Тм18"],"angle":59.3,"side":-1}},{"type":"Feature","geometry":{"type":"Point","coordinates":[30.633453,50.456669]},"properties":{"lines":"23к","color":"#d6212b","mode":"tram","arr":["Тм23к"],"angle":-26.5}},{"type":"Feature","geometry":{"type":"Point","coordinates":[30.640377,50.441651]},"properties":{"lines":"23к","color":"#d6212b","mode":"tram","arr":["Тм23к"],"angle":-27.3}},{"type":"Feature","geometry":{"type":"Point","coordinates":[30.640686,50.443307]},"properties":{"lines":"23к","color":"#d6212b","mode":"tram","arr":["Тм23к"],"angle":58,"extra":1,"ei":0}},{"type":"Feature","geometry":{"type":"Point","coordinates":[30.638297,50.440955]},"properties":{"lines":"23к","color":"#d6212b","mode":"tram","arr":["Тм23к"],"angle":-27.6,"extra":1,"ei":1}},{"type":"Feature","geometry":{"type":"Point","coordinates":[30.676625,50.448606]},"properties":{"lines":"23к","color":"#d6212b","mode":"tram","arr":["Тм23к"],"angle":-20.9}},{"type":"Feature","geometry":{"type":"Point","coordinates":[30.633431,50.456366]},"properties":{"lines":"22к, 23к, 29, 33к","color":"#d6212b","mode":"tram","arr":["Тм22к","Тм23к","Тм29","Тм33к"],"angle":-66.9}},{"type":"Feature","geometry":{"type":"Point","coordinates":[30.639751,50.444562]},"properties":{"lines":"22к, 23к","color":"#d6212b","mode":"tram","arr":["Тм22к","Тм23к"],"angle":63.7}},{"type":"Feature","geometry":{"type":"Point","coordinates":[30.655005,50.430919]},"properties":{"lines":"22к, 25","color":"#d6212b","mode":"tram","arr":["Тм22к","Тм25","51","63","115"],"busLines":"51, 63, 115","angle":15.5}},{"type":"Feature","geometry":{"type":"Point","coordinates":[30.652272,50.431411]},"properties":{"lines":"22к, 25","color":"#d6212b","mode":"tram","arr":["Тм22к","Тм25","51","63","115"],"busLines":"51, 63, 115","angle":16.2,"extra":1,"ei":0}},{"type":"Feature","geometry":{"type":"Point","coordinates":[30.657979,50.430392]},"properties":{"lines":"22к, 25","color":"#d6212b","mode":"tram","arr":["Тм22к","Тм25","51","63","115"],"busLines":"51, 63, 115","angle":15.9,"extra":1,"ei":1}},{"type":"Feature","geometry":{"type":"Point","coordinates":[30.674246,50.427505]},"properties":{"lines":"22к, 25","color":"#d6212b","mode":"tram","arr":["Тм22к","Тм25","51","63"],"busLines":"51, 63","angle":15.2,"mi":1}},{"type":"Feature","geometry":{"type":"Point","coordinates":[30.660596,50.429927]},"properties":{"lines":"22к, 25","color":"#d6212b","mode":"tram","arr":["Тм22к","Тм25","51","63"],"busLines":"51, 63","angle":15.5,"extra":1,"ei":0}},{"type":"Feature","geometry":{"type":"Point","coordinates":[30.663451,50.42942]},"properties":{"lines":"22к, 25","color":"#d6212b","mode":"tram","arr":["Тм22к","Тм25","51","63"],"busLines":"51, 63","angle":15.4,"extra":1,"ei":1}},{"type":"Feature","geometry":{"type":"Point","coordinates":[30.666307,50.428916]},"properties":{"lines":"22к, 25","color":"#d6212b","mode":"tram","arr":["Тм22к","Тм25","51","63"],"busLines":"51, 63","angle":16,"extra":1,"ei":2}},{"type":"Feature","geometry":{"type":"Point","coordinates":[30.66916,50.428405]},"properties":{"lines":"22к, 25","color":"#d6212b","mode":"tram","arr":["Тм22к","Тм25","51","63"],"busLines":"51, 63","angle":15.5,"extra":1,"ei":3}},{"type":"Feature","geometry":{"type":"Point","coordinates":[30.672014,50.427897]},"properties":{"lines":"22к, 25","color":"#d6212b","mode":"tram","arr":["Тм22к","Тм25","51","63"],"busLines":"51, 63","angle":15.6,"extra":1,"ei":4,"side":-1}},{"type":"Feature","geometry":{"type":"Point","coordinates":[30.677726,50.426888]},"properties":{"lines":"22к, 25","color":"#d6212b","mode":"tram","arr":["Тм22к","Тм25","51","63"],"busLines":"51, 63","angle":15.7,"extra":1,"ei":5}},{"type":"Feature","geometry":{"type":"Point","coordinates":[30.68058,50.426378]},"properties":{"lines":"22к, 25","color":"#d6212b","mode":"tram","arr":["Тм22к","Тм25","51","63"],"busLines":"51, 63","angle":15.5,"extra":1,"ei":6,"side":-1}},{"type":"Feature","geometry":{"type":"Point","coordinates":[30.683435,50.425872]},"properties":{"lines":"22к, 25","color":"#d6212b","mode":"tram","arr":["Тм22к","Тм25","51","63"],"busLines":"51, 63","angle":15.4,"extra":1,"ei":7}},{"type":"Feature","geometry":{"type":"Point","coordinates":[30.686292,50.425369]},"properties":{"lines":"22к, 25","color":"#d6212b","mode":"tram","arr":["Тм22к","Тм25","51","63"],"busLines":"51, 63","angle":15.6,"extra":1,"ei":8}},{"type":"Feature","geometry":{"type":"Point","coordinates":[30.68915,50.424871]},"properties":{"lines":"22к, 25","color":"#d6212b","mode":"tram","arr":["Тм22к","Тм25","51","63"],"busLines":"51, 63","angle":15.1,"extra":1,"ei":9,"side":-1}},{"type":"Feature","geometry":{"type":"Point","coordinates":[30.674242,50.427542]},"properties":{"lines":"22к, 25","color":"#d6212b","mode":"tram","arr":["Тм22к","Тм25","51","63"],"busLines":"51, 63","angle":15.6}},{"type":"Feature","geometry":{"type":"Point","coordinates":[30.687853,50.425128]},"properties":{"lines":"22к, 25","color":"#d6212b","mode":"tram","arr":["Тм22к","Тм25","51","63"],"busLines":"51, 63","angle":15.4,"extra":1,"ei":0}},{"type":"Feature","geometry":{"type":"Point","coordinates":[30.684998,50.425634]},"properties":{"lines":"22к, 25","color":"#d6212b","mode":"tram","arr":["Тм22к","Тм25","51","63"],"busLines":"51, 63","angle":15.6,"extra":1,"ei":1}},{"type":"Feature","geometry":{"type":"Point","coordinates":[30.682143,50.426139]},"properties":{"lines":"22к, 25","color":"#d6212b","mode":"tram","arr":["Тм22к","Тм25","51","63"],"busLines":"51, 63","angle":15.6,"extra":1,"ei":2}},{"type":"Feature","geometry":{"type":"Point","coordinates":[30.679287,50.426644]},"properties":{"lines":"22к, 25","color":"#d6212b","mode":"tram","arr":["Тм22к","Тм25","51","63"],"busLines":"51, 63","angle":15.5,"extra":1,"ei":3}},{"type":"Feature","geometry":{"type":"Point","coordinates":[30.676433,50.427152]},"properties":{"lines":"22к, 25","color":"#d6212b","mode":"tram","arr":["Тм22к","Тм25","51","63"],"busLines":"51, 63","angle":15.6,"extra":1,"ei":4}},{"type":"Feature","geometry":{"type":"Point","coordinates":[30.670723,50.428166]},"properties":{"lines":"22к, 25","color":"#d6212b","mode":"tram","arr":["Тм22к","Тм25","51","63"],"busLines":"51, 63","angle":15.4,"extra":1,"ei":5}},{"type":"Feature","geometry":{"type":"Point","coordinates":[30.667866,50.428668]},"properties":{"lines":"22к, 25","color":"#d6212b","mode":"tram","arr":["Тм22к","Тм25","51","63"],"busLines":"51, 63","angle":15.6,"extra":1,"ei":6}},{"type":"Feature","geometry":{"type":"Point","coordinates":[30.665013,50.429178]},"properties":{"lines":"22к, 25","color":"#d6212b","mode":"tram","arr":["Тм22к","Тм25","51","63"],"busLines":"51, 63","angle":15.6,"extra":1,"ei":7}},{"type":"Feature","geometry":{"type":"Point","coordinates":[30.66216,50.429689]},"properties":{"lines":"22к, 25","color":"#d6212b","mode":"tram","arr":["Тм22к","Тм25","51","63"],"busLines":"51, 63","angle":15.9,"extra":1,"ei":8}},{"type":"Feature","geometry":{"type":"Point","coordinates":[30.659303,50.43019]},"properties":{"lines":"22к, 25","color":"#d6212b","mode":"tram","arr":["Тм22к","Тм25","51","63"],"busLines":"51, 63","angle":15.4,"extra":1,"ei":9}},{"type":"Feature","geometry":{"type":"Point","coordinates":[30.655551,50.430858]},"properties":{"lines":"22к, 25","color":"#d6212b","mode":"tram","arr":["Тм22к","Тм25","51","63","115"],"busLines":"51, 63, 115","angle":15.2,"mi":1}},{"type":"Feature","geometry":{"type":"Point","coordinates":[30.657774,50.430461]},"properties":{"lines":"22к, 25","color":"#d6212b","mode":"tram","arr":["Тм22к","Тм25","51","63","115"],"busLines":"51, 63, 115","angle":15.9,"extra":1,"ei":0}},{"type":"Feature","geometry":{"type":"Point","coordinates":[30.652066,50.43148]},"properties":{"lines":"22к, 25","color":"#d6212b","mode":"tram","arr":["Тм22к","Тм25","51","63","115"],"busLines":"51, 63, 115","angle":15.9,"extra":1,"ei":1}},{"type":"Feature","geometry":{"type":"Point","coordinates":[30.655872,50.440206]},"properties":{"lines":"23к, 33к","color":"#d6212b","mode":"tram","arr":["Тм23к","Тм33к","33т"],"busLines":"33т","angle":-15.1}},{"type":"Feature","geometry":{"type":"Point","coordinates":[30.638523,50.439463]},"properties":{"lines":"23к, 33к","color":"#d6212b","mode":"tram","arr":["Тм23к","Тм33к","33т"],"busLines":"33т","angle":29.5,"extra":1,"ei":0,"side":-1}},{"type":"Feature","geometry":{"type":"Point","coordinates":[30.640788,50.43825]},"properties":{"lines":"23к, 33к","color":"#d6212b","mode":"tram","arr":["Тм23к","Тм33к","33т"],"busLines":"33т","angle":42.1,"extra":1,"ei":1,"side":-1}},{"type":"Feature","geometry":{"type":"Point","coordinates":[30.642984,50.436982]},"properties":{"lines":"23к, 33к","color":"#d6212b","mode":"tram","arr":["Тм23к","Тм33к","33т"],"busLines":"33т","angle":41.8,"extra":1,"ei":2,"side":-1}},{"type":"Feature","geometry":{"type":"Point","coordinates":[30.645182,50.435715]},"properties":{"lines":"23к, 33к","color":"#d6212b","mode":"tram","arr":["Тм23к","Тм33к","33т"],"busLines":"33т","angle":42.5,"extra":1,"ei":3}},{"type":"Feature","geometry":{"type":"Point","coordinates":[30.647561,50.436257]},"properties":{"lines":"23к, 33к","color":"#d6212b","mode":"tram","arr":["Тм23к","Тм33к","33т"],"busLines":"33т","angle":-39.1,"extra":1,"ei":4}},{"type":"Feature","geometry":{"type":"Point","coordinates":[30.649869,50.437442]},"properties":{"lines":"23к, 33к","color":"#d6212b","mode":"tram","arr":["Тм23к","Тм33к","33т"],"busLines":"33т","angle":-38.6,"extra":1,"ei":5}},{"type":"Feature","geometry":{"type":"Point","coordinates":[30.652189,50.438617]},"properties":{"lines":"23к, 33к","color":"#d6212b","mode":"tram","arr":["Тм23к","Тм33к","33т"],"busLines":"33т","angle":-38,"extra":1,"ei":6}},{"type":"Feature","geometry":{"type":"Point","coordinates":[30.660266,50.440547]},"properties":{"lines":"23к, 33к","color":"#d6212b","mode":"tram","arr":["Тм23к","Тм33к","33т"],"busLines":"33т","angle":-9,"extra":1,"ei":7}},{"type":"Feature","geometry":{"type":"Point","coordinates":[30.662819,50.441437]},"properties":{"lines":"23к, 33к","color":"#d6212b","mode":"tram","arr":["Тм23к","Тм33к","33т"],"busLines":"33т","angle":-39.9,"extra":1,"ei":8}},{"type":"Feature","geometry":{"type":"Point","coordinates":[30.665087,50.442653]},"properties":{"lines":"23к, 33к","color":"#d6212b","mode":"tram","arr":["Тм23к","Тм33к","33т"],"busLines":"33т","angle":-40.2,"extra":1,"ei":9}},{"type":"Feature","geometry":{"type":"Point","coordinates":[30.667351,50.443871]},"properties":{"lines":"23к, 33к","color":"#d6212b","mode":"tram","arr":["Тм23к","Тм33к","33т"],"busLines":"33т","angle":-40.2,"extra":1,"ei":10}},{"type":"Feature","geometry":{"type":"Point","coordinates":[30.669622,50.445085]},"properties":{"lines":"23к, 33к","color":"#d6212b","mode":"tram","arr":["Тм23к","Тм33к","33т"],"busLines":"33т","angle":-40.4,"extra":1,"ei":11}},{"type":"Feature","geometry":{"type":"Point","coordinates":[30.671885,50.446304]},"properties":{"lines":"23к, 33к","color":"#d6212b","mode":"tram","arr":["Тм23к","Тм33к","33т"],"busLines":"33т","angle":-40.1,"extra":1,"ei":12}},{"type":"Feature","geometry":{"type":"Point","coordinates":[30.674125,50.447541]},"properties":{"lines":"23к, 33к","color":"#d6212b","mode":"tram","arr":["Тм23к","Тм33к","33т"],"busLines":"33т","angle":-41.8,"extra":1,"ei":13}},{"type":"Feature","geometry":{"type":"Point","coordinates":[30.675672,50.448372]},"properties":{"lines":"23к, 33к","color":"#d6212b","mode":"tram","arr":["Тм23к","Тм33к"],"angle":-21.1}}]}