{"type":"FeatureCollection","features":[{"type":"Feature","properties":{"mode":"bus","n":5,"arr":["4т","5т","21","44","73"],"lines":"4т, 5т, 21, 44, 73"},"geometry":{"type":"LineString","coordinates":[[30.58375,50.505451],[30.58385,50.505414]]}},{"type":"Feature","properties":{"mode":"bus","n":5,"arr":["4т","5т","21","44","73"],"lines":"4т, 5т, 21, 44, 73"},"geometry":{"type":"LineString","coordinates":[[30.58366,50.505689],[30.584045,50.505869],[30.584879,50.506351],[30.585255,50.506665]]}},{"type":"Feature","properties":{"mode":"bus","n":6,"arr":["4т","5т","21","44","73","79"],"lines":"4т, 5т, 21, 44, 73, 79"},"geometry":{"type":"LineString","coordinates":[[30.584211,50.505554],[30.584169,50.505486]]}},{"type":"Feature","properties":{"mode":"bus","n":6,"arr":["4т","5т","21","44","73","79"],"lines":"4т, 5т, 21, 44, 73, 79"},"geometry":{"type":"LineString","coordinates":[[30.585255,50.506665],[30.586206,50.507319],[30.586715,50.507607],[30.587479,50.507961],[30.588591,50.508392],[30.595974,50.510887]]}},{"type":"Feature","properties":{"mode":"bus","n":6,"arr":["4т","5т","44","70Д","110","112"],"lines":"4т, 5т, 44, 70Д, 110, 112"},"geometry":{"type":"LineString","coordinates":[[30.578527,50.4951],[30.578485,50.495021]]}},{"type":"Feature","properties":{"mode":"bus","n":6,"arr":["4т","5т","44","70Д","110","112"],"lines":"4т, 5т, 44, 70Д, 110, 112"},"geometry":{"type":"LineString","coordinates":[[30.578364,50.494895],[30.578066,50.49477],[30.577051,50.494264]]}},{"type":"Feature","properties":{"mode":"bus","n":5,"arr":["4т","5т","70Д","110","112"],"lines":"4т, 5т, 70Д, 110, 112"},"geometry":{"type":"LineString","coordinates":[[30.574923,50.490286],[30.574741,50.490062],[30.5747,50.489959],[30.574699,50.489892],[30.574745,50.489825]]}},{"type":"Feature","properties":{"mode":"bus","n":5,"arr":["4т","5т","70Д","110","112"],"lines":"4т, 5т, 70Д, 110, 112"},"geometry":{"type":"LineString","coordinates":[[30.574591,50.489705],[30.573876,50.489621]]}},{"type":"Feature","properties":{"mode":"bus","n":5,"arr":["4т","5т","70Д","110","112"],"lines":"4т, 5т, 70Д, 110, 112"},"geometry":{"type":"LineString","coordinates":[[30.577051,50.494264],[30.576228,50.493859],[30.575665,50.49353],[30.575358,50.493214],[30.575242,50.493042],[30.575156,50.492844],[30.575118,50.492649],[30.575096,50.492275],[30.575142,50.490583]]}},{"type":"Feature","properties":{"mode":"bus","n":10,"arr":["6","37Д","79","114","Тб30","Тб31Д","Тб37","Тб47","Тб50","Тб50к"],"lines":"6, 37Д, 79, 114, 30, 31Д, 37, 47, 50, 50к"},"geometry":{"type":"LineString","coordinates":[[30.600556,50.505341],[30.600535,50.505283]]}},{"type":"Feature","properties":{"mode":"bus","n":10,"arr":["6","37Д","79","114","Тб30","Тб31Д","Тб37","Тб47","Тб50","Тб50к"],"lines":"6, 37Д, 79, 114, 30, 31Д, 37, 47, 50, 50к"},"geometry":{"type":"LineString","coordinates":[[30.601053,50.504845],[30.600906,50.504873]]}},{"type":"Feature","properties":{"mode":"bus","n":10,"arr":["6","37Д","79","114","Тб30","Тб31Д","Тб37","Тб47","Тб50","Тб50к"],"lines":"6, 37Д, 79, 114, 30, 31Д, 37, 47, 50, 50к"},"geometry":{"type":"LineString","coordinates":[[30.601696,50.505126],[30.601665,50.505053]]}},{"type":"Feature","properties":{"mode":"bus","n":10,"arr":["6","37Д","79","114","Тб30","Тб31Д","Тб37","Тб47","Тб50","Тб50к"],"lines":"6, 37Д, 79, 114, 30, 31Д, 37, 47, 50, 50к"},"geometry":{"type":"LineString","coordinates":[[30.601353,50.505563],[30.601227,50.505587]]}},{"type":"Feature","properties":{"mode":"bus","n":5,"arr":["14","90","90к","Тб16","Тб23Д"],"lines":"14, 90, 90к, 16, 23Д"},"geometry":{"type":"LineString","coordinates":[[30.395435,50.4863],[30.395368,50.486417]]}},{"type":"Feature","properties":{"mode":"bus","n":5,"arr":["14","90","90к","Тб16","Тб23Д"],"lines":"14, 90, 90к, 16, 23Д"},"geometry":{"type":"LineString","coordinates":[[30.395917,50.486692],[30.396062,50.486644],[30.396168,50.486565],[30.396802,50.48622],[30.396961,50.486095],[30.403212,50.482712],[30.403852,50.482463]]}},{"type":"Feature","properties":{"mode":"bus","n":5,"arr":["14","90","90к","Тб16","Тб23Д"],"lines":"14, 90, 90к, 16, 23Д"},"geometry":{"type":"LineString","coordinates":[[30.4036,50.482413],[30.404483,50.48195]]}},{"type":"Feature","properties":{"mode":"bus","n":5,"arr":["17","18","91","108","109"],"lines":"17, 18, 91, 108, 109"},"geometry":{"type":"LineString","coordinates":[[30.645096,50.412702],[30.645231,50.412665]]}},{"type":"Feature","properties":{"mode":"bus","n":6,"arr":["22","45","104","105","108","109"],"lines":"22, 45, 104, 105, 108, 109"},"geometry":{"type":"LineString","coordinates":[[30.656322,50.40826],[30.65639,50.407543]]}},{"type":"Feature","properties":{"mode":"bus","n":6,"arr":["23","36тр","47","Тб4","Тб5","Тб7"],"lines":"23, 36тр, 47, 4, 5, 7"},"geometry":{"type":"LineString","coordinates":[[30.406282,50.45851],[30.405561,50.45847]]}},{"type":"Feature","properties":{"mode":"bus","n":6,"arr":["32","40","Тб6","Тб18","Тб32","Тб33"],"lines":"32, 40, 6, 18, 32, 33"},"geometry":{"type":"LineString","coordinates":[[30.449683,50.520644],[30.449751,50.520677]]}},{"type":"Feature","properties":{"mode":"bus","n":6,"arr":["32","40","Тб6","Тб18","Тб32","Тб33"],"lines":"32, 40, 6, 18, 32, 33"},"geometry":{"type":"LineString","coordinates":[[30.449862,50.520848],[30.449758,50.52099],[30.449652,50.521036],[30.449451,50.521052],[30.449288,50.521004],[30.44918,50.520902],[30.449164,50.520836],[30.449207,50.52073]]}},{"type":"Feature","properties":{"mode":"bus","n":5,"arr":["33","37Д","63","79","81"],"lines":"33, 37Д, 63, 79, 81"},"geometry":{"type":"LineString","coordinates":[[30.633641,50.482916],[30.633614,50.48287]]}},{"type":"Feature","properties":{"mode":"bus","n":5,"arr":["33","37Д","63","79","81"],"lines":"33, 37Д, 63, 79, 81"},"geometry":{"type":"LineString","coordinates":[[30.634548,50.482711],[30.634529,50.482675]]}},{"type":"Feature","properties":{"mode":"bus","n":5,"arr":["33","37Д","63","79","Тб37"],"lines":"33, 37Д, 63, 79, 37"},"geometry":{"type":"LineString","coordinates":[[30.624937,50.480524],[30.625081,50.480644],[30.625203,50.480689],[30.62543,50.480711],[30.625666,50.48066]]}},{"type":"Feature","properties":{"mode":"bus","n":5,"arr":["33","37Д","63","79","Тб37"],"lines":"33, 37Д, 63, 79, 37"},"geometry":{"type":"LineString","coordinates":[[30.625213,50.480102],[30.625164,50.480115]]}},{"type":"Feature","properties":{"mode":"bus","n":5,"arr":["33","37Д","63","79","Тб37"],"lines":"33, 37Д, 63, 79, 37"},"geometry":{"type":"LineString","coordinates":[[30.633028,50.482492],[30.626356,50.480637]]}},{"type":"Feature","properties":{"mode":"bus","n":5,"arr":["33","63","79","81","Тб37"],"lines":"33, 63, 79, 81, 37"},"geometry":{"type":"LineString","coordinates":[[30.633925,50.482495],[30.633855,50.482513]]}},{"type":"Feature","properties":{"mode":"bus","n":6,"arr":["36тр","102А","103","Тб4","Тб26","Тб35"],"lines":"36тр, 102А, 103, 4, 26, 35"},"geometry":{"type":"LineString","coordinates":[[30.408596,50.506919],[30.409071,50.507068],[30.4093,50.507087],[30.419392,50.505126],[30.421057,50.50482]]}},{"type":"Feature","properties":{"mode":"bus","n":6,"arr":["36тр","102А","103","Тб4","Тб26","Тб35"],"lines":"36тр, 102А, 103, 4, 26, 35"},"geometry":{"type":"LineString","coordinates":[[30.408979,50.507477],[30.408918,50.507565]]}},{"type":"Feature","properties":{"mode":"bus","n":6,"arr":["36тр","102А","103","Тб4","Тб26","Тб35"],"lines":"36тр, 102А, 103, 4, 26, 35"},"geometry":{"type":"LineString","coordinates":[[30.407999,50.50776],[30.407883,50.507719]]}},{"type":"Feature","properties":{"mode":"bus","n":6,"arr":["36тр","102А","103","Тб4","Тб26","Тб35"],"lines":"36тр, 102А, 103, 4, 26, 35"},"geometry":{"type":"LineString","coordinates":[[30.407597,50.507198],[30.407727,50.507045],[30.407761,50.506963]]}},{"type":"Feature","properties":{"mode":"bus","n":6,"arr":["36тр","102А","103","Тб4","Тб26","Тб35"],"lines":"36тр, 102А, 103, 4, 26, 35"},"geometry":{"type":"LineString","coordinates":[[30.420076,50.505102],[30.419735,50.505144],[30.418814,50.505318],[30.41279,50.506483]]}},{"type":"Feature","properties":{"mode":"bus","n":5,"arr":["36тр","103","Тб4","Тб26","Тб35"],"lines":"36тр, 103, 4, 26, 35"},"geometry":{"type":"LineString","coordinates":[[30.421057,50.50482],[30.421818,50.504669],[30.421979,50.504655],[30.422165,50.504686],[30.422208,50.504713],[30.422299,50.504808],[30.422321,50.504926],[30.421333,50.507162],[30.420447,50.509314],[30.420354,50.509916],[30.420547,50.510272],[30.420841,50.510661]]}},{"type":"Feature","properties":{"mode":"bus","n":5,"arr":["36тр","103","Тб4","Тб26","Тб35"],"lines":"36тр, 103, 4, 26, 35"},"geometry":{"type":"LineString","coordinates":[[30.423385,50.512903],[30.423192,50.51255],[30.422951,50.512285],[30.420841,50.510661],[30.420089,50.510299],[30.419776,50.510182],[30.419647,50.510051],[30.419674,50.509896],[30.419846,50.509787],[30.41995,50.509645],[30.420337,50.509286],[30.42177,50.505824],[30.421832,50.505531],[30.421791,50.505433],[30.421663,50.505333],[30.4214,50.505194],[30.420995,50.505139],[30.420529,50.505106],[30.420076,50.505102]]}},{"type":"Feature","properties":{"mode":"bus","n":5,"arr":["36тр","103","Тб4","Тб26","Тб35"],"lines":"36тр, 103, 4, 26, 35"},"geometry":{"type":"LineString","coordinates":[[30.408918,50.507565],[30.408719,50.507709],[30.408444,50.507788],[30.408143,50.507789],[30.407999,50.50776]]}},{"type":"Feature","properties":{"mode":"bus","n":5,"arr":["36тр","103","Тб4","Тб26","Тб35"],"lines":"36тр, 103, 4, 26, 35"},"geometry":{"type":"LineString","coordinates":[[30.408331,50.506786],[30.408596,50.506919]]}},{"type":"Feature","properties":{"mode":"bus","n":5,"arr":["36тр","103","Тб4","Тб26","Тб35"],"lines":"36тр, 103, 4, 26, 35"},"geometry":{"type":"LineString","coordinates":[[30.423868,50.512628],[30.423267,50.512438],[30.422951,50.512285]]}},{"type":"Feature","properties":{"mode":"bus","n":10,"arr":["36тр","72","102А","103","Тб4","Тб24","Тб25","Тб26","Тб28Д","Тб35"],"lines":"36тр, 72, 102А, 103, 4, 24, 25, 26, 28Д, 35"},"geometry":{"type":"LineString","coordinates":[[30.423948,50.512641],[30.423868,50.512628]]}},{"type":"Feature","properties":{"mode":"bus","n":10,"arr":["36тр","72","102А","103","Тб4","Тб24","Тб25","Тб26","Тб28Д","Тб35"],"lines":"36тр, 72, 102А, 103, 4, 24, 25, 26, 28Д, 35"},"geometry":{"type":"LineString","coordinates":[[30.424143,50.513058],[30.424026,50.513127]]}},{"type":"Feature","properties":{"mode":"bus","n":10,"arr":["36тр","72","102А","103","Тб4","Тб24","Тб25","Тб26","Тб28Д","Тб35"],"lines":"36тр, 72, 102А, 103, 4, 24, 25, 26, 28Д, 35"},"geometry":{"type":"LineString","coordinates":[[30.423395,50.512955],[30.423385,50.512903]]}},{"type":"Feature","properties":{"mode":"bus","n":6,"arr":["36тр","72","102А","Тб24","Тб25","Тб28Д"],"lines":"36тр, 72, 102А, 24, 25, 28Д"},"geometry":{"type":"LineString","coordinates":[[30.428668,50.510476],[30.427896,50.510902]]}},{"type":"Feature","properties":{"mode":"bus","n":6,"arr":["36тр","72","102А","Тб24","Тб25","Тб28Д"],"lines":"36тр, 72, 102А, 24, 25, 28Д"},"geometry":{"type":"LineString","coordinates":[[30.429074,50.510515],[30.429128,50.510549],[30.429164,50.510632],[30.429131,50.51076],[30.428987,50.510852],[30.428785,50.510874]]}},{"type":"Feature","properties":{"mode":"bus","n":6,"arr":["36тр","72","102А","Тб24","Тб25","Тб28Д"],"lines":"36тр, 72, 102А, 24, 25, 28Д"},"geometry":{"type":"LineString","coordinates":[[30.431782,50.508752],[30.42919,50.510219]]}},{"type":"Feature","properties":{"mode":"bus","n":5,"arr":["36тр","99","Тб24","Тб34","Тб44"],"lines":"36тр, 99, 24, 34, 44"},"geometry":{"type":"LineString","coordinates":[[30.494278,50.511984],[30.494153,50.511943]]}},{"type":"Feature","properties":{"mode":"bus","n":5,"arr":["36тр","99","Тб24","Тб34","Тб44"],"lines":"36тр, 99, 24, 34, 44"},"geometry":{"type":"LineString","coordinates":[[30.49423,50.512668],[30.49431,50.512639]]}},{"type":"Feature","properties":{"mode":"bus","n":5,"arr":["36тр","99","Тб24","Тб34","Тб44"],"lines":"36тр, 99, 24, 34, 44"},"geometry":{"type":"LineString","coordinates":[[30.493485,50.512389],[30.493489,50.512234]]}},{"type":"Feature","properties":{"mode":"bus","n":7,"arr":["36тр","50","73","99","Тб24","Тб34","Тб47"],"lines":"36тр, 50, 73, 99, 24, 34, 47"},"geometry":{"type":"LineString","coordinates":[[30.498027,50.511241],[30.498033,50.511674]]}},{"type":"Feature","properties":{"mode":"bus","n":7,"arr":["36тр","50","73","99","Тб24","Тб34","Тб47"],"lines":"36тр, 50, 73, 99, 24, 34, 47"},"geometry":{"type":"LineString","coordinates":[[30.498994,50.511501],[30.498989,50.51134]]}},{"type":"Feature","properties":{"mode":"bus","n":7,"arr":["36тр","50","73","99","Тб24","Тб34","Тб47"],"lines":"36тр, 50, 73, 99, 24, 34, 47"},"geometry":{"type":"LineString","coordinates":[[30.499026,50.512935],[30.498992,50.513255]]}},{"type":"Feature","properties":{"mode":"bus","n":7,"arr":["36тр","50","73","99","Тб24","Тб34","Тб47"],"lines":"36тр, 50, 73, 99, 24, 34, 47"},"geometry":{"type":"LineString","coordinates":[[30.498094,50.513306],[30.498063,50.512904]]}},{"type":"Feature","properties":{"mode":"bus","n":5,"arr":["36тр","99","Тб24","Тб34","Тб47"],"lines":"36тр, 99, 24, 34, 47"},"geometry":{"type":"LineString","coordinates":[[30.498989,50.51134],[30.498953,50.511241],[30.498852,50.511143],[30.498739,50.511081],[30.498589,50.511055],[30.498313,50.511064],[30.498193,50.511107],[30.498027,50.511241]]}},{"type":"Feature","properties":{"mode":"bus","n":5,"arr":["36тр","99","Тб24","Тб34","Тб47"],"lines":"36тр, 99, 24, 34, 47"},"geometry":{"type":"LineString","coordinates":[[30.498992,50.513255],[30.498857,50.513371],[30.49861,50.513419],[30.498307,50.513388],[30.498094,50.513306]]}},{"type":"Feature","properties":{"mode":"bus","n":5,"arr":["36тр","99","Тб24","Тб34","Тб47"],"lines":"36тр, 99, 24, 34, 47"},"geometry":{"type":"LineString","coordinates":[[30.498033,50.511674],[30.497898,50.511857],[30.497758,50.511954],[30.497479,50.512049]]}},{"type":"Feature","properties":{"mode":"bus","n":5,"arr":["36тр","99","Тб24","Тб34","Тб47"],"lines":"36тр, 99, 24, 34, 47"},"geometry":{"type":"LineString","coordinates":[[30.498063,50.512904],[30.497984,50.512762],[30.497902,50.512685],[30.497667,50.512536]]}},{"type":"Feature","properties":{"mode":"bus","n":7,"arr":["36тр","41","50","Тб24","Тб32","Тб34","Тб44"],"lines":"36тр, 41, 50, 24, 32, 34, 44"},"geometry":{"type":"LineString","coordinates":[[30.513863,50.522418],[30.513891,50.522855],[30.513973,50.522985],[30.515843,50.524611],[30.516155,50.524953],[30.51637,50.525282]]}},{"type":"Feature","properties":{"mode":"bus","n":7,"arr":["36тр","41","50","Тб24","Тб32","Тб34","Тб44"],"lines":"36тр, 41, 50, 24, 32, 34, 44"},"geometry":{"type":"LineString","coordinates":[[30.513006,50.522735],[30.51321,50.522797]]}},{"type":"Feature","properties":{"mode":"bus","n":7,"arr":["36тр","41","50","Тб24","Тб32","Тб34","Тб44"],"lines":"36тр, 41, 50, 24, 32, 34, 44"},"geometry":{"type":"LineString","coordinates":[[30.513045,50.522178],[30.512951,50.522226]]}},{"type":"Feature","properties":{"mode":"bus","n":5,"arr":["36тр","102А","Тб4","Тб26","Тб35"],"lines":"36тр, 102А, 4, 26, 35"},"geometry":{"type":"LineString","coordinates":[[30.407883,50.507719],[30.407695,50.507601],[30.407585,50.507448],[30.407569,50.507281],[30.407597,50.507198]]}},{"type":"Feature","properties":{"mode":"bus","n":5,"arr":["36тр","102А","Тб4","Тб26","Тб35"],"lines":"36тр, 102А, 4, 26, 35"},"geometry":{"type":"LineString","coordinates":[[30.41279,50.506483],[30.40936,50.507156],[30.409216,50.507251],[30.408979,50.507477]]}},{"type":"Feature","properties":{"mode":"bus","n":5,"arr":["37","37а","90","97","Тб41"],"lines":"37, 37а, 90, 97, 41"},"geometry":{"type":"LineString","coordinates":[[30.387253,50.458137],[30.387382,50.458273],[30.387576,50.45831],[30.387773,50.458305],[30.387877,50.458282],[30.388046,50.458179],[30.388076,50.458043]]}},{"type":"Feature","properties":{"mode":"bus","n":8,"arr":["37Д","114","Тб30","Тб31Д","Тб37","Тб47","Тб50","Тб50к"],"lines":"37Д, 114, 30, 31Д, 37, 47, 50, 50к"},"geometry":{"type":"LineString","coordinates":[[30.619331,50.522668],[30.619147,50.522809]]}},{"type":"Feature","properties":{"mode":"bus","n":8,"arr":["37Д","114","Тб30","Тб31Д","Тб37","Тб47","Тб50","Тб50к"],"lines":"37Д, 114, 30, 31Д, 37, 47, 50, 50к"},"geometry":{"type":"LineString","coordinates":[[30.620072,50.522762],[30.619875,50.522668]]}},{"type":"Feature","properties":{"mode":"bus","n":8,"arr":["37Д","114","Тб30","Тб31Д","Тб37","Тб47","Тб50","Тб50к"],"lines":"37Д, 114, 30, 31Д, 37, 47, 50, 50к"},"geometry":{"type":"LineString","coordinates":[[30.62018,50.522886],[30.620202,50.523028],[30.620179,50.523098],[30.620134,50.523164],[30.619996,50.523267]]}},{"type":"Feature","properties":{"mode":"bus","n":8,"arr":["37Д","114","Тб30","Тб31Д","Тб37","Тб47","Тб50","Тб50к"],"lines":"37Д, 114, 30, 31Д, 37, 47, 50, 50к"},"geometry":{"type":"LineString","coordinates":[[30.619169,50.523208],[30.619307,50.523291]]}},{"type":"Feature","properties":{"mode":"bus","n":7,"arr":["114","Тб30","Тб31Д","Тб37","Тб47","Тб50","Тб50к"],"lines":"114, 30, 31Д, 37, 47, 50, 50к"},"geometry":{"type":"LineString","coordinates":[[30.62018,50.522886],[30.620072,50.522762]]}},{"type":"Feature","properties":{"mode":"bus","n":7,"arr":["114","Тб30","Тб31Д","Тб37","Тб47","Тб50","Тб50к"],"lines":"114, 30, 31Д, 37, 47, 50, 50к"},"geometry":{"type":"LineString","coordinates":[[30.613769,50.512992],[30.613617,50.512938],[30.613497,50.512858],[30.613422,50.512758],[30.613398,50.512648]]}},{"type":"Feature","properties":{"mode":"bus","n":7,"arr":["114","Тб30","Тб31Д","Тб37","Тб47","Тб50","Тб50к"],"lines":"114, 30, 31Д, 37, 47, 50, 50к"},"geometry":{"type":"LineString","coordinates":[[30.619331,50.522668],[30.619444,50.522449],[30.619439,50.522167],[30.61916,50.520803],[30.618952,50.520032],[30.61878,50.519529],[30.617938,50.517648],[30.617048,50.516231],[30.616044,50.514892],[30.614517,50.513274],[30.614347,50.513139],[30.614098,50.513048]]}},{"type":"Feature","properties":{"mode":"bus","n":7,"arr":["114","Тб30","Тб31Д","Тб37","Тб47","Тб50","Тб50к"],"lines":"114, 30, 31Д, 37, 47, 50, 50к"},"geometry":{"type":"LineString","coordinates":[[30.613401,50.512292],[30.613361,50.51219],[30.613251,50.512065],[30.611891,50.510838],[30.61091,50.510132],[30.607477,50.507976],[30.606483,50.507458],[30.604384,50.506418],[30.603502,50.506048],[30.602079,50.505552],[30.601778,50.505517],[30.601353,50.505563]]}},{"type":"Feature","properties":{"mode":"bus","n":7,"arr":["114","Тб30","Тб31Д","Тб37","Тб47","Тб50","Тб50к"],"lines":"114, 30, 31Д, 37, 47, 50, 50к"},"geometry":{"type":"LineString","coordinates":[[30.613962,50.512289],[30.613506,50.512099],[30.612021,50.510764],[30.611034,50.510044],[30.609664,50.509171],[30.607558,50.507885],[30.606707,50.507428]]}},{"type":"Feature","properties":{"mode":"bus","n":7,"arr":["114","Тб30","Тб31Д","Тб37","Тб47","Тб50","Тб50к"],"lines":"114, 30, 31Д, 37, 47, 50, 50к"},"geometry":{"type":"LineString","coordinates":[[30.619875,50.522668],[30.619644,50.522429],[30.619514,50.521651],[30.619313,50.520791],[30.618922,50.519492],[30.618131,50.517709],[30.617882,50.517269],[30.617275,50.516328],[30.616398,50.515151],[30.615954,50.514619],[30.614554,50.5131],[30.614494,50.512899],[30.614502,50.512783]]}},{"type":"Feature","properties":{"mode":"bus","n":5,"arr":["40","41","99","Тб32","Тб44"],"lines":"40, 41, 99, 32, 44"},"geometry":{"type":"LineString","coordinates":[[30.48906,50.517312],[30.489152,50.517279]]}},{"type":"Feature","properties":{"mode":"bus","n":5,"arr":["40","41","99","Тб32","Тб44"],"lines":"40, 41, 99, 32, 44"},"geometry":{"type":"LineString","coordinates":[[30.489864,50.51758],[30.489863,50.517525]]}},{"type":"Feature","properties":{"mode":"bus","n":5,"arr":["40","41","99","Тб32","Тб44"],"lines":"40, 41, 99, 32, 44"},"geometry":{"type":"LineString","coordinates":[[30.489102,50.517898],[30.489015,50.517862]]}},{"type":"Feature","properties":{"mode":"bus","n":5,"arr":["40","41","50","Тб32","Тб44"],"lines":"40, 41, 50, 32, 44"},"geometry":{"type":"LineString","coordinates":[[30.49836,50.522405],[30.498299,50.522456]]}},{"type":"Feature","properties":{"mode":"bus","n":5,"arr":["40","41","50","Тб32","Тб44"],"lines":"40, 41, 50, 32, 44"},"geometry":{"type":"LineString","coordinates":[[30.499377,50.522414],[30.499437,50.52247]]}},{"type":"Feature","properties":{"mode":"bus","n":5,"arr":["40","41","50","Тб32","Тб44"],"lines":"40, 41, 50, 32, 44"},"geometry":{"type":"LineString","coordinates":[[30.498356,50.522959],[30.498294,50.522903]]}},{"type":"Feature","properties":{"mode":"bus","n":8,"arr":["42","44","46","70Д","87","95","108","111"],"lines":"42, 44, 46, 70Д, 87, 95, 108, 111"},"geometry":{"type":"LineString","coordinates":[[30.59877,50.450843],[30.598869,50.450568]]}},{"type":"Feature","properties":{"mode":"bus","n":8,"arr":["42","44","46","70Д","87","95","108","111"],"lines":"42, 44, 46, 70Д, 87, 95, 108, 111"},"geometry":{"type":"LineString","coordinates":[[30.598015,50.450571],[30.598319,50.450984],[30.598357,50.451328],[30.597908,50.452135]]}},{"type":"Feature","properties":{"mode":"bus","n":8,"arr":["42","44","46","70Д","87","95","108","111"],"lines":"42, 44, 46, 70Д, 87, 95, 108, 111"},"geometry":{"type":"LineString","coordinates":[[30.598468,50.450241],[30.598256,50.450267]]}},{"type":"Feature","properties":{"mode":"bus","n":5,"arr":["42","87","95","108","111"],"lines":"42, 87, 95, 108, 111"},"geometry":{"type":"LineString","coordinates":[[30.597908,50.452135],[30.596938,50.453767],[30.596598,50.45418],[30.596362,50.454388],[30.596062,50.454573],[30.595408,50.454908],[30.594092,50.455405],[30.593594,50.455644],[30.593352,50.455801],[30.593163,50.455989],[30.592346,50.456919],[30.592058,50.457393],[30.590149,50.459596],[30.590028,50.459835],[30.589994,50.459976],[30.590006,50.460421]]}},{"type":"Feature","properties":{"mode":"bus","n":5,"arr":["42","87","95","108","111"],"lines":"42, 87, 95, 108, 111"},"geometry":{"type":"LineString","coordinates":[[30.58954,50.460876],[30.589306,50.460894],[30.589147,50.460874],[30.589001,50.460828],[30.588805,50.460698],[30.588737,50.460588],[30.588734,50.460384],[30.588789,50.46028],[30.588885,50.460193],[30.589064,50.460091],[30.589378,50.46]]}},{"type":"Feature","properties":{"mode":"bus","n":5,"arr":["42","87","95","108","111"],"lines":"42, 87, 95, 108, 111"},"geometry":{"type":"LineString","coordinates":[[30.592058,50.457393],[30.592512,50.456984],[30.59352,50.45588],[30.593744,50.455723],[30.593985,50.455611],[30.595482,50.45505],[30.596194,50.454671],[30.596723,50.454303],[30.597109,50.453802],[30.598084,50.452171]]}},{"type":"Feature","properties":{"mode":"bus","n":6,"arr":["42","44","46","70Д","87","111"],"lines":"42, 44, 46, 70Д, 87, 111"},"geometry":{"type":"LineString","coordinates":[[30.598256,50.450267],[30.598106,50.450341],[30.598053,50.450393],[30.598015,50.450571]]}},{"type":"Feature","properties":{"mode":"bus","n":5,"arr":["45","104","105","108","109"],"lines":"45, 104, 105, 108, 109"},"geometry":{"type":"LineString","coordinates":[[30.657,50.408524],[30.656906,50.408545]]}},{"type":"Feature","properties":{"mode":"bus","n":5,"arr":["45","104","105","108","109"],"lines":"45, 104, 105, 108, 109"},"geometry":{"type":"LineString","coordinates":[[30.65639,50.407543],[30.657094,50.408026]]}},{"type":"Feature","properties":{"mode":"bus","n":5,"arr":["72","102А","Тб24","Тб25","Тб28Д"],"lines":"72, 102А, 24, 25, 28Д"},"geometry":{"type":"LineString","coordinates":[[30.423868,50.512628],[30.423705,50.512633],[30.423557,50.512677],[30.423411,50.512801],[30.423385,50.512903]]}},{"type":"Feature","properties":{"mode":"bus","n":5,"arr":["73","102А","Тб34","Тб44","Тб47"],"lines":"73, 102А, 34, 44, 47"},"geometry":{"type":"LineString","coordinates":[[30.517722,50.496391],[30.517539,50.496213]]}},{"type":"Feature","properties":{"mode":"bus","n":8,"arr":["79","114","Тб30","Тб31Д","Тб37","Тб47","Тб50","Тб50к"],"lines":"79, 114, 30, 31Д, 37, 47, 50, 50к"},"geometry":{"type":"LineString","coordinates":[[30.601227,50.505587],[30.600989,50.505579],[30.600847,50.505544],[30.600725,50.505485],[30.600556,50.505341]]}},{"type":"Feature","properties":{"mode":"bus","n":9,"arr":["98","110","114","Тб30","Тб31Д","Тб37","Тб47","Тб50","Тб50к"],"lines":"98, 110, 114, 30, 31Д, 37, 47, 50, 50к"},"geometry":{"type":"LineString","coordinates":[[30.614502,50.512783],[30.614528,50.512684]]}},{"type":"Feature","properties":{"mode":"bus","n":9,"arr":["98","110","114","Тб30","Тб31Д","Тб37","Тб47","Тб50","Тб50к"],"lines":"98, 110, 114, 30, 31Д, 37, 47, 50, 50к"},"geometry":{"type":"LineString","coordinates":[[30.613769,50.512992],[30.613956,50.513015]]}},{"type":"Feature","properties":{"mode":"bus","n":9,"arr":["98","110","114","Тб30","Тб31Д","Тб37","Тб47","Тб50","Тб50к"],"lines":"98, 110, 114, 30, 31Д, 37, 47, 50, 50к"},"geometry":{"type":"LineString","coordinates":[[30.613398,50.512648],[30.613427,50.512536]]}},{"type":"Feature","properties":{"mode":"bus","n":9,"arr":["98","110","114","Тб30","Тб31Д","Тб37","Тб47","Тб50","Тб50к"],"lines":"98, 110, 114, 30, 31Д, 37, 47, 50, 50к"},"geometry":{"type":"LineString","coordinates":[[30.613962,50.512289],[30.614136,50.512309]]}},{"type":"Feature","properties":{"mode":"bus","n":8,"arr":["98","114","Тб30","Тб31Д","Тб37","Тб47","Тб50","Тб50к"],"lines":"98, 114, 30, 31Д, 37, 47, 50, 50к"},"geometry":{"type":"LineString","coordinates":[[30.614136,50.512309],[30.614289,50.512356],[30.614413,50.51243],[30.614497,50.512525],[30.614528,50.512684]]}},{"type":"Feature","properties":{"mode":"bus","n":8,"arr":["98","114","Тб30","Тб31Д","Тб37","Тб47","Тб50","Тб50к"],"lines":"98, 114, 30, 31Д, 37, 47, 50, 50к"},"geometry":{"type":"LineString","coordinates":[[30.614098,50.513048],[30.613956,50.513015]]}},{"type":"Feature","properties":{"mode":"bus","n":6,"arr":["114","Тб30","Тб31Д","Тб47","Тб50","Тб50к"],"lines":"114, 30, 31Д, 47, 50, 50к"},"geometry":{"type":"LineString","coordinates":[[30.601665,50.505053],[30.60153,50.504949],[30.601402,50.504891],[30.601253,50.504857],[30.601053,50.504845]]}},{"type":"Feature","properties":{"mode":"bus","n":6,"arr":["114","Тб30","Тб31Д","Тб47","Тб50","Тб50к"],"lines":"114, 30, 31Д, 47, 50, 50к"},"geometry":{"type":"LineString","coordinates":[[30.600385,50.505038],[30.600196,50.504936],[30.597873,50.504165]]}},{"type":"Feature","properties":{"mode":"bus","n":6,"arr":["114","Тб30","Тб31Д","Тб47","Тб50","Тб50к"],"lines":"114, 30, 31Д, 47, 50, 50к"},"geometry":{"type":"LineString","coordinates":[[30.597956,50.504074],[30.596689,50.503659],[30.595571,50.503251],[30.594526,50.502773],[30.593307,50.502096],[30.592123,50.501363],[30.591517,50.500907],[30.591135,50.500561],[30.5907,50.499996]]}},{"type":"Feature","properties":{"mode":"bus","n":6,"arr":["114","Тб30","Тб31Д","Тб47","Тб50","Тб50к"],"lines":"114, 30, 31Д, 47, 50, 50к"},"geometry":{"type":"LineString","coordinates":[[30.619996,50.523267],[30.619952,50.523339]]}},{"type":"Feature","properties":{"mode":"bus","n":6,"arr":["114","Тб30","Тб31Д","Тб47","Тб50","Тб50к"],"lines":"114, 30, 31Д, 47, 50, 50к"},"geometry":{"type":"LineString","coordinates":[[30.619307,50.523291],[30.619381,50.523343]]}},{"type":"Feature","properties":{"mode":"bus","n":5,"arr":["114","Тб30","Тб47","Тб50","Тб50к"],"lines":"114, 30, 47, 50, 50к"},"geometry":{"type":"LineString","coordinates":[[30.619169,50.523208],[30.619062,50.523021],[30.619079,50.522906],[30.619147,50.522809]]}},{"type":"Feature","properties":{"mode":"bus","n":5,"arr":["114","Тб30","Тб47","Тб50","Тб50к"],"lines":"114, 30, 47, 50, 50к"},"geometry":{"type":"LineString","coordinates":[[30.619952,50.523339],[30.619813,50.523579],[30.619809,50.523806],[30.620094,50.526293]]}},{"type":"Feature","properties":{"mode":"bus","n":5,"arr":["114","Тб30","Тб47","Тб50","Тб50к"],"lines":"114, 30, 47, 50, 50к"},"geometry":{"type":"LineString","coordinates":[[30.619381,50.523343],[30.619558,50.523484],[30.619634,50.523619],[30.620054,50.527326]]}},{"type":"Feature","properties":{"mode":"bus","n":5,"arr":["2","118д","Тб4","Тб5","Тб7"],"lines":"2, 118д, 4, 5, 7"},"geometry":{"type":"LineString","coordinates":[[30.476345,50.449482],[30.475252,50.449663]]}},{"type":"Feature","properties":{"mode":"bus","n":5,"arr":["2","118д","Тб4","Тб5","Тб7"],"lines":"2, 118д, 4, 5, 7"},"geometry":{"type":"LineString","coordinates":[[30.474103,50.449846],[30.465798,50.451203],[30.461648,50.451848],[30.453023,50.453288]]}},{"type":"Feature","properties":{"mode":"bus","n":8,"arr":["21","73","101","114","Тб29","Тб30","Тб31Д","Тб47"],"lines":"21, 73, 101, 114, 29, 30, 31Д, 47"},"geometry":{"type":"LineString","coordinates":[[30.530082,50.488887],[30.540894,50.492155],[30.543273,50.49285],[30.545063,50.493304],[30.546043,50.493477],[30.557286,50.494938],[30.559064,50.495144],[30.561816,50.495371],[30.563872,50.49546],[30.565597,50.495484],[30.571902,50.495442]]}},{"type":"Feature","properties":{"mode":"bus","n":8,"arr":["21","73","101","114","Тб29","Тб30","Тб31Д","Тб47"],"lines":"21, 73, 101, 114, 29, 30, 31Д, 47"},"geometry":{"type":"LineString","coordinates":[[30.576083,50.49556],[30.565681,50.495582],[30.563213,50.495544],[30.561862,50.49549],[30.559605,50.49531],[30.55725,50.495043],[30.549783,50.494076],[30.546013,50.493623],[30.545008,50.493451],[30.543252,50.492995],[30.541691,50.492526],[30.5409,50.49226],[30.530817,50.489229],[30.530027,50.48901]]}},{"type":"Feature","properties":{"mode":"bus","n":10,"arr":["4т","5т","21","73","101","114","Тб29","Тб30","Тб31Д","Тб47"],"lines":"4т, 5т, 21, 73, 101, 114, 29, 30, 31Д, 47"},"geometry":{"type":"LineString","coordinates":[[30.571902,50.495442],[30.574589,50.495425],[30.575331,50.495401]]}},{"type":"Feature","properties":{"mode":"bus","n":5,"arr":["4т","21","44","73","79"],"lines":"4т, 21, 44, 73, 79"},"geometry":{"type":"LineString","coordinates":[[30.584519,50.505951],[30.584211,50.505554]]}},{"type":"Feature","properties":{"mode":"bus","n":7,"arr":["4т","5т","21","37Д","44","73","79"],"lines":"4т, 5т, 21, 37Д, 44, 73, 79"},"geometry":{"type":"LineString","coordinates":[[30.595974,50.510887],[30.596229,50.510981]]}},{"type":"Feature","properties":{"mode":"bus","n":7,"arr":["4т","5т","6","21","37Д","44","73"],"lines":"4т, 5т, 6, 21, 37Д, 44, 73"},"geometry":{"type":"LineString","coordinates":[[30.596229,50.510981],[30.597923,50.511547],[30.598972,50.511944],[30.600076,50.512451],[30.601229,50.513067],[30.602974,50.514135],[30.603809,50.514826],[30.605238,50.516219]]}},{"type":"Feature","properties":{"mode":"bus","n":5,"arr":["4т","5т","6","21","98"],"lines":"4т, 5т, 6, 21, 98"},"geometry":{"type":"LineString","coordinates":[[30.605238,50.516219],[30.605313,50.5163]]}},{"type":"Feature","properties":{"mode":"bus","n":5,"arr":["4т","5т","21","37Д","98"],"lines":"4т, 5т, 21, 37Д, 98"},"geometry":{"type":"LineString","coordinates":[[30.609521,50.523438],[30.609529,50.523534]]}},{"type":"Feature","properties":{"mode":"bus","n":6,"arr":["4т","21","37Д","98","Тб31Д","Тб37"],"lines":"4т, 21, 37Д, 98, 31Д, 37"},"geometry":{"type":"LineString","coordinates":[[30.609521,50.523438],[30.607891,50.523477]]}},{"type":"Feature","properties":{"mode":"bus","n":5,"arr":["4т","21","28т","101","114"],"lines":"4т, 21, 28т, 101, 114"},"geometry":{"type":"LineString","coordinates":[[30.608902,50.532958],[30.610251,50.532902]]}},{"type":"Feature","properties":{"mode":"bus","n":6,"arr":["4т","5т","21","28т","101","114"],"lines":"4т, 5т, 21, 28т, 101, 114"},"geometry":{"type":"LineString","coordinates":[[30.610251,50.532902],[30.610558,50.532884]]}},{"type":"Feature","properties":{"mode":"bus","n":6,"arr":["4т","6","37Д","44","73","110"],"lines":"4т, 6, 37Д, 44, 73, 110"},"geometry":{"type":"LineString","coordinates":[[30.605238,50.516219],[30.603855,50.516759]]}},{"type":"Feature","properties":{"mode":"bus","n":10,"arr":["4т","5т","21","44","101","114","Тб29","Тб30","Тб31Д","Тб47"],"lines":"4т, 5т, 21, 44, 101, 114, 29, 30, 31Д, 47"},"geometry":{"type":"LineString","coordinates":[[30.577045,50.49541],[30.578148,50.495406]]}},{"type":"Feature","properties":{"mode":"bus","n":8,"arr":["4т","21","101","114","Тб29","Тб30","Тб31Д","Тб47"],"lines":"4т, 21, 101, 114, 29, 30, 31Д, 47"},"geometry":{"type":"LineString","coordinates":[[30.578148,50.495406],[30.578945,50.495404]]}},{"type":"Feature","properties":{"mode":"bus","n":8,"arr":["21","44","101","114","Тб29","Тб30","Тб31Д","Тб47"],"lines":"21, 44, 101, 114, 29, 30, 31Д, 47"},"geometry":{"type":"LineString","coordinates":[[30.578945,50.495404],[30.581896,50.495366],[30.583642,50.495269],[30.587372,50.495236]]}},{"type":"Feature","properties":{"mode":"bus","n":8,"arr":["21","44","101","114","Тб29","Тб30","Тб31Д","Тб47"],"lines":"21, 44, 101, 114, 29, 30, 31Д, 47"},"geometry":{"type":"LineString","coordinates":[[30.587345,50.495572],[30.584525,50.495604]]}},{"type":"Feature","properties":{"mode":"bus","n":8,"arr":["21","44","101","114","Тб29","Тб30","Тб31Д","Тб47"],"lines":"21, 44, 101, 114, 29, 30, 31Д, 47"},"geometry":{"type":"LineString","coordinates":[[30.583136,50.495573],[30.582564,50.495534]]}},{"type":"Feature","properties":{"mode":"bus","n":8,"arr":["21","44","101","114","Тб29","Тб30","Тб31Д","Тб47"],"lines":"21, 44, 101, 114, 29, 30, 31Д, 47"},"geometry":{"type":"LineString","coordinates":[[30.581661,50.495505],[30.578033,50.495533]]}},{"type":"Feature","properties":{"mode":"bus","n":6,"arr":["5","7","24","114","Тб12","Тб14"],"lines":"5, 7, 24, 114, 12, 14"},"geometry":{"type":"LineString","coordinates":[[30.490848,50.440665],[30.49102,50.440777],[30.491709,50.44139]]}},{"type":"Feature","properties":{"mode":"bus","n":6,"arr":["5","7","24","114","Тб12","Тб14"],"lines":"5, 7, 24, 114, 12, 14"},"geometry":{"type":"LineString","coordinates":[[30.490214,50.441344],[30.490185,50.441334]]}},{"type":"Feature","properties":{"mode":"bus","n":7,"arr":["5","7","24","50","114","Тб12","Тб14"],"lines":"5, 7, 24, 50, 114, 12, 14"},"geometry":{"type":"LineString","coordinates":[[30.491709,50.44139],[30.491861,50.44152],[30.491871,50.44153],[30.491874,50.441538],[30.49187,50.441542],[30.491858,50.441544],[30.491839,50.441543],[30.490411,50.441393],[30.490214,50.441344]]}},{"type":"Feature","properties":{"mode":"bus","n":7,"arr":["5","7","24","50","114","Тб12","Тб14"],"lines":"5, 7, 24, 50, 114, 12, 14"},"geometry":{"type":"LineString","coordinates":[[30.497044,50.443721],[30.491895,50.441549]]}},{"type":"Feature","properties":{"mode":"bus","n":5,"arr":["5","69","Тб3","Тб12","Тб14"],"lines":"5, 69, 3, 12, 14"},"geometry":{"type":"LineString","coordinates":[[30.497737,50.440307],[30.498484,50.439696],[30.50454,50.43502],[30.505055,50.434695],[30.507061,50.434339],[30.508733,50.43407],[30.50917,50.434044],[30.513355,50.433995]]}},{"type":"Feature","properties":{"mode":"bus","n":5,"arr":["5","69","Тб3","Тб12","Тб14"],"lines":"5, 69, 3, 12, 14"},"geometry":{"type":"LineString","coordinates":[[30.499749,50.441165],[30.503606,50.438264],[30.505745,50.436706],[30.505984,50.43658],[30.506577,50.436459],[30.509474,50.435981],[30.5134,50.435962]]}},{"type":"Feature","properties":{"mode":"bus","n":6,"arr":["5","69","Тб3","Тб12","Тб14","Тб40к"],"lines":"5, 69, 3, 12, 14, 40к"},"geometry":{"type":"LineString","coordinates":[[30.513355,50.433995],[30.513591,50.433992]]}},{"type":"Feature","properties":{"mode":"bus","n":6,"arr":["5","20","109","Тб12","Тб40","Тб40к"],"lines":"5, 20, 109, 12, 40, 40к"},"geometry":{"type":"LineString","coordinates":[[30.513591,50.433992],[30.513536,50.429908]]}},{"type":"Feature","properties":{"mode":"bus","n":6,"arr":["5","20","109","Тб12","Тб40","Тб40к"],"lines":"5, 20, 109, 12, 40, 40к"},"geometry":{"type":"LineString","coordinates":[[30.516052,50.433946],[30.516063,50.429919]]}},{"type":"Feature","properties":{"mode":"bus","n":7,"arr":["5","20","25","109","Тб12","Тб40","Тб40к"],"lines":"5, 20, 25, 109, 12, 40, 40к"},"geometry":{"type":"LineString","coordinates":[[30.513536,50.429908],[30.513615,50.428027]]}},{"type":"Feature","properties":{"mode":"bus","n":7,"arr":["5","20","25","109","Тб12","Тб40","Тб40к"],"lines":"5, 20, 25, 109, 12, 40, 40к"},"geometry":{"type":"LineString","coordinates":[[30.516063,50.429919],[30.516113,50.428066]]}},{"type":"Feature","properties":{"mode":"bus","n":6,"arr":["5","20","25","109","Тб40","Тб40к"],"lines":"5, 20, 25, 109, 40, 40к"},"geometry":{"type":"LineString","coordinates":[[30.513444,50.428021],[30.513615,50.428027]]}},{"type":"Feature","properties":{"mode":"bus","n":5,"arr":["5","20","25","109","Тб12"],"lines":"5, 20, 25, 109, 12"},"geometry":{"type":"LineString","coordinates":[[30.513615,50.428027],[30.513698,50.427745],[30.515672,50.424568],[30.51701,50.422498]]}},{"type":"Feature","properties":{"mode":"bus","n":5,"arr":["5","20","25","109","Тб12"],"lines":"5, 20, 25, 109, 12"},"geometry":{"type":"LineString","coordinates":[[30.516113,50.428066],[30.519196,50.423097]]}},{"type":"Feature","properties":{"mode":"bus","n":9,"arr":["5","20","69","109","Тб3","Тб12","Тб14","Тб40","Тб40к"],"lines":"5, 20, 69, 109, 3, 12, 14, 40, 40к"},"geometry":{"type":"LineString","coordinates":[[30.516024,50.43595],[30.513616,50.435962]]}},{"type":"Feature","properties":{"mode":"bus","n":6,"arr":["5","69","109","Тб3","Тб12","Тб14"],"lines":"5, 69, 109, 3, 12, 14"},"geometry":{"type":"LineString","coordinates":[[30.5134,50.435962],[30.513616,50.435962]]}},{"type":"Feature","properties":{"mode":"bus","n":5,"arr":["5","7","24","114","Тб14"],"lines":"5, 7, 24, 114, 14"},"geometry":{"type":"LineString","coordinates":[[30.490185,50.441334],[30.489998,50.441254]]}},{"type":"Feature","properties":{"mode":"bus","n":6,"arr":["5т","28т","35т","79","101","110"],"lines":"5т, 28т, 35т, 79, 101, 110"},"geometry":{"type":"LineString","coordinates":[[30.621075,50.50973],[30.62085,50.509514]]}},{"type":"Feature","properties":{"mode":"bus","n":5,"arr":["28т","35т","79","101","110"],"lines":"28т, 35т, 79, 101, 110"},"geometry":{"type":"LineString","coordinates":[[30.62085,50.509514],[30.614504,50.503194],[30.613807,50.502566],[30.613211,50.502115],[30.612364,50.50158],[30.611961,50.501383],[30.606395,50.498798]]}},{"type":"Feature","properties":{"mode":"bus","n":5,"arr":["6","73","98","Тб31Д","Тб37"],"lines":"6, 73, 98, 31Д, 37"},"geometry":{"type":"LineString","coordinates":[[30.599128,50.531171],[30.599066,50.53125]]}},{"type":"Feature","properties":{"mode":"bus","n":6,"arr":["6","73","98","110","Тб31Д","Тб37"],"lines":"6, 73, 98, 110, 31Д, 37"},"geometry":{"type":"LineString","coordinates":[[30.601118,50.528603],[30.599128,50.531171]]}},{"type":"Feature","properties":{"mode":"bus","n":5,"arr":["6","73","110","Тб31Д","Тб37"],"lines":"6, 73, 110, 31Д, 37"},"geometry":{"type":"LineString","coordinates":[[30.600606,50.524563],[30.601103,50.525142],[30.601327,50.525472],[30.601591,50.526014],[30.601702,50.526554],[30.601725,50.527104],[30.601636,50.527563],[30.601461,50.528023],[30.601118,50.528603]]}},{"type":"Feature","properties":{"mode":"bus","n":6,"arr":["6","44","73","110","Тб31Д","Тб37"],"lines":"6, 44, 73, 110, 31Д, 37"},"geometry":{"type":"LineString","coordinates":[[30.600528,50.524481],[30.600606,50.524563]]}},{"type":"Feature","properties":{"mode":"bus","n":6,"arr":["6","37Д","79","114","Тб31Д","Тб37"],"lines":"6, 37Д, 79, 114, 31Д, 37"},"geometry":{"type":"LineString","coordinates":[[30.601303,50.504758],[30.601053,50.504845]]}},{"type":"Feature","properties":{"mode":"bus","n":7,"arr":["6","28т","35т","37Д","79","110","Тб37"],"lines":"6, 28т, 35т, 37Д, 79, 110, 37"},"geometry":{"type":"LineString","coordinates":[[30.6065,50.498671],[30.606395,50.498798]]}},{"type":"Feature","properties":{"mode":"bus","n":6,"arr":["6","28т","35т","37Д","110","Тб37"],"lines":"6, 28т, 35т, 37Д, 110, 37"},"geometry":{"type":"LineString","coordinates":[[30.607875,50.4952],[30.607852,50.495583],[30.608002,50.496384],[30.607997,50.496589],[30.607951,50.496762],[30.607755,50.497078],[30.6065,50.498671]]}},{"type":"Feature","properties":{"mode":"bus","n":5,"arr":["6","37Д","79","110","Тб37"],"lines":"6, 37Д, 79, 110, 37"},"geometry":{"type":"LineString","coordinates":[[30.607902,50.494945],[30.607875,50.4952]]}},{"type":"Feature","properties":{"mode":"bus","n":5,"arr":["6","22тк","28т","35т","63"],"lines":"6, 22тк, 28т, 35т, 63"},"geometry":{"type":"LineString","coordinates":[[30.627767,50.463418],[30.628739,50.461972]]}},{"type":"Feature","properties":{"mode":"bus","n":5,"arr":["6","22тк","28т","35т","63"],"lines":"6, 22тк, 28т, 35т, 63"},"geometry":{"type":"LineString","coordinates":[[30.629002,50.462127],[30.628689,50.462718],[30.627962,50.463814]]}},{"type":"Feature","properties":{"mode":"bus","n":5,"arr":["6","28т","35т","63","118д"],"lines":"6, 28т, 35т, 63, 118д"},"geometry":{"type":"LineString","coordinates":[[30.628739,50.461972],[30.62932,50.461148]]}},{"type":"Feature","properties":{"mode":"bus","n":5,"arr":["6","28т","33т","35т","63"],"lines":"6, 28т, 33т, 35т, 63"},"geometry":{"type":"LineString","coordinates":[[30.62932,50.461148],[30.629828,50.460405]]}},{"type":"Feature","properties":{"mode":"bus","n":5,"arr":["6","28т","33т","63","118д"],"lines":"6, 28т, 33т, 63, 118д"},"geometry":{"type":"LineString","coordinates":[[30.629828,50.460405],[30.630109,50.46001]]}},{"type":"Feature","properties":{"mode":"bus","n":6,"arr":["6","33т","55","63","111","Тб43"],"lines":"6, 33т, 55, 63, 111, 43"},"geometry":{"type":"LineString","coordinates":[[30.62879,50.443468],[30.628668,50.443499]]}},{"type":"Feature","properties":{"mode":"bus","n":6,"arr":["6","33т","55","63","111","Тб43"],"lines":"6, 33т, 55, 63, 111, 43"},"geometry":{"type":"LineString","coordinates":[[30.627185,50.443868],[30.626312,50.444086]]}},{"type":"Feature","properties":{"mode":"bus","n":5,"arr":["6","33т","63","111","Тб43"],"lines":"6, 33т, 63, 111, 43"},"geometry":{"type":"LineString","coordinates":[[30.628668,50.443499],[30.627686,50.443741]]}},{"type":"Feature","properties":{"mode":"bus","n":5,"arr":["6","33т","55","63","111"],"lines":"6, 33т, 55, 63, 111"},"geometry":{"type":"LineString","coordinates":[[30.627686,50.443741],[30.627185,50.443868]]}},{"type":"Feature","properties":{"mode":"bus","n":5,"arr":["6","28т","37Д","110","Тб37"],"lines":"6, 28т, 37Д, 110, 37"},"geometry":{"type":"LineString","coordinates":[[30.606535,50.49886],[30.607546,50.497612],[30.607908,50.49711],[30.608102,50.496779],[30.608166,50.496482],[30.608032,50.495441],[30.608076,50.495219]]}},{"type":"Feature","properties":{"mode":"bus","n":8,"arr":["7","50","118д","Тб4","Тб5","Тб7","Тб8","Тб17"],"lines":"7, 50, 118д, 4, 5, 7, 8, 17"},"geometry":{"type":"LineString","coordinates":[[30.494352,50.446677],[30.494051,50.446736]]}},{"type":"Feature","properties":{"mode":"bus","n":8,"arr":["7","50","118д","Тб4","Тб5","Тб7","Тб8","Тб17"],"lines":"7, 50, 118д, 4, 5, 7, 8, 17"},"geometry":{"type":"LineString","coordinates":[[30.491374,50.447177],[30.490929,50.447247]]}},{"type":"Feature","properties":{"mode":"bus","n":7,"arr":["7","118д","Тб4","Тб5","Тб7","Тб8","Тб17"],"lines":"7, 118д, 4, 5, 7, 8, 17"},"geometry":{"type":"LineString","coordinates":[[30.49429,50.446396],[30.49413,50.446419]]}},{"type":"Feature","properties":{"mode":"bus","n":6,"arr":["118д","Тб4","Тб5","Тб7","Тб8","Тб17"],"lines":"118д, 4, 5, 7, 8, 17"},"geometry":{"type":"LineString","coordinates":[[30.494458,50.446372],[30.49429,50.446396]]}},{"type":"Feature","properties":{"mode":"bus","n":6,"arr":["118д","Тб4","Тб5","Тб7","Тб8","Тб17"],"lines":"118д, 4, 5, 7, 8, 17"},"geometry":{"type":"LineString","coordinates":[[30.500793,50.445373],[30.495021,50.446288]]}},{"type":"Feature","properties":{"mode":"bus","n":6,"arr":["118д","Тб4","Тб5","Тб7","Тб8","Тб17"],"lines":"118д, 4, 5, 7, 8, 17"},"geometry":{"type":"LineString","coordinates":[[30.501103,50.445554],[30.495112,50.446532],[30.494352,50.446677]]}},{"type":"Feature","properties":{"mode":"bus","n":6,"arr":["118д","Тб4","Тб5","Тб7","Тб8","Тб17"],"lines":"118д, 4, 5, 7, 8, 17"},"geometry":{"type":"LineString","coordinates":[[30.483688,50.448426],[30.481822,50.44873]]}},{"type":"Feature","properties":{"mode":"bus","n":5,"arr":["10","11","11д","79","81"],"lines":"10, 11, 11д, 79, 81"},"geometry":{"type":"LineString","coordinates":[[30.648031,50.46644],[30.647448,50.467291]]}},{"type":"Feature","properties":{"mode":"bus","n":5,"arr":["12","25","Тб3","Тб40","Тб40к"],"lines":"12, 25, 3, 40, 40к"},"geometry":{"type":"LineString","coordinates":[[30.483042,50.422216],[30.483239,50.422125]]}},{"type":"Feature","properties":{"mode":"bus","n":6,"arr":["14","90","90к","Тб16","Тб23Д","Тб35"],"lines":"14, 90, 90к, 16, 23Д, 35"},"geometry":{"type":"LineString","coordinates":[[30.404483,50.48195],[30.40583,50.481227]]}},{"type":"Feature","properties":{"mode":"bus","n":6,"arr":["14","90","90к","Тб16","Тб23Д","Тб35"],"lines":"14, 90, 90к, 16, 23Д, 35"},"geometry":{"type":"LineString","coordinates":[[30.406267,50.480985],[30.406757,50.480725]]}},{"type":"Feature","properties":{"mode":"bus","n":6,"arr":["14","90","90к","Тб16","Тб23Д","Тб35"],"lines":"14, 90, 90к, 16, 23Д, 35"},"geometry":{"type":"LineString","coordinates":[[30.404711,50.4823],[30.404975,50.482263],[30.405355,50.482065],[30.407234,50.481026],[30.407326,50.480904]]}},{"type":"Feature","properties":{"mode":"bus","n":6,"arr":["14","32","36тр","Тб4","Тб5","Тб26"],"lines":"14, 32, 36тр, 4, 5, 26"},"geometry":{"type":"LineString","coordinates":[[30.40583,50.481227],[30.405841,50.471936]]}},{"type":"Feature","properties":{"mode":"bus","n":7,"arr":["14","23","32","36тр","Тб4","Тб5","Тб26"],"lines":"14, 23, 32, 36тр, 4, 5, 26"},"geometry":{"type":"LineString","coordinates":[[30.405841,50.471936],[30.405843,50.469854]]}},{"type":"Feature","properties":{"mode":"bus","n":8,"arr":["14","23","32","36тр","47","Тб4","Тб5","Тб26"],"lines":"14, 23, 32, 36тр, 47, 4, 5, 26"},"geometry":{"type":"LineString","coordinates":[[30.405843,50.469854],[30.405866,50.459792]]}},{"type":"Feature","properties":{"mode":"bus","n":7,"arr":["14","32","36тр","47","Тб4","Тб5","Тб26"],"lines":"14, 32, 36тр, 47, 4, 5, 26"},"geometry":{"type":"LineString","coordinates":[[30.405866,50.459792],[30.405774,50.459465]]}},{"type":"Feature","properties":{"mode":"bus","n":5,"arr":["36тр","47","Тб4","Тб5","Тб26"],"lines":"36тр, 47, 4, 5, 26"},"geometry":{"type":"LineString","coordinates":[[30.405774,50.459465],[30.405708,50.459333],[30.405483,50.459111]]}},{"type":"Feature","properties":{"mode":"bus","n":6,"arr":["19","38","78","119","120","Тб12"],"lines":"19, 38, 78, 119, 120, 12"},"geometry":{"type":"LineString","coordinates":[[30.487688,50.393218],[30.488506,50.393355]]}},{"type":"Feature","properties":{"mode":"bus","n":5,"arr":["19","38","119","120","Тб12"],"lines":"19, 38, 119, 120, 12"},"geometry":{"type":"LineString","coordinates":[[30.487424,50.393176],[30.487688,50.393218]]}},{"type":"Feature","properties":{"mode":"bus","n":6,"arr":["19","38","78","119","Тб12","Тб45"],"lines":"19, 38, 78, 119, 12, 45"},"geometry":{"type":"LineString","coordinates":[[30.487074,50.39312],[30.487424,50.393176]]}},{"type":"Feature","properties":{"mode":"bus","n":7,"arr":["19","38","78","119","120","Тб12","Тб45"],"lines":"19, 38, 78, 119, 120, 12, 45"},"geometry":{"type":"LineString","coordinates":[[30.484969,50.392607],[30.485397,50.392769],[30.486052,50.392952],[30.487074,50.39312]]}},{"type":"Feature","properties":{"mode":"bus","n":7,"arr":["19","38","78","119","120","Тб12","Тб45"],"lines":"19, 38, 78, 119, 120, 12, 45"},"geometry":{"type":"LineString","coordinates":[[30.488747,50.393394],[30.493133,50.394108]]}},{"type":"Feature","properties":{"mode":"bus","n":5,"arr":["19","78","120","Тб12","Тб45"],"lines":"19, 78, 120, 12, 45"},"geometry":{"type":"LineString","coordinates":[[30.487011,50.395687],[30.484255,50.393079],[30.484242,50.39306],[30.484245,50.393041],[30.484264,50.393025],[30.484969,50.392607]]}},{"type":"Feature","properties":{"mode":"bus","n":5,"arr":["19","78","120","Тб12","Тб45"],"lines":"19, 78, 120, 12, 45"},"geometry":{"type":"LineString","coordinates":[[30.493133,50.394108],[30.492146,50.396441],[30.492131,50.39646],[30.492108,50.396468],[30.492076,50.396467],[30.489657,50.396071]]}},{"type":"Feature","properties":{"mode":"bus","n":5,"arr":["20","27","52","Тб1","Тб11"],"lines":"20, 27, 52, 1, 11"},"geometry":{"type":"LineString","coordinates":[[30.531412,50.396313],[30.531482,50.395725],[30.531468,50.394983],[30.531395,50.394528],[30.531191,50.393778],[30.53104,50.393367],[30.529458,50.390358],[30.529405,50.390075],[30.529416,50.389809],[30.529463,50.389608],[30.53087,50.385726],[30.53142,50.384507],[30.532536,50.382185],[30.533103,50.381224],[30.534168,50.379747],[30.534429,50.37944]]}},{"type":"Feature","properties":{"mode":"bus","n":5,"arr":["20","27","52","Тб1","Тб11"],"lines":"20, 27, 52, 1, 11"},"geometry":{"type":"LineString","coordinates":[[30.524636,50.403887],[30.525227,50.403554],[30.526243,50.402846],[30.527087,50.402204],[30.52731,50.402067],[30.529564,50.399479]]}},{"type":"Feature","properties":{"mode":"bus","n":7,"arr":["20","22","27","52","91","Тб1","Тб11"],"lines":"20, 22, 27, 52, 91, 1, 11"},"geometry":{"type":"LineString","coordinates":[[30.520969,50.406617],[30.521386,50.406358],[30.522246,50.405719]]}},{"type":"Feature","properties":{"mode":"bus","n":7,"arr":["20","27","52","Тб1","Тб12","Тб42","Тб43"],"lines":"20, 27, 52, 1, 12, 42, 43"},"geometry":{"type":"LineString","coordinates":[[30.526507,50.411444],[30.52719,50.410484],[30.52745,50.409943],[30.527463,50.409819],[30.527429,50.409647],[30.52736,50.409522],[30.527106,50.409311],[30.526771,50.409173],[30.526583,50.409137],[30.526402,50.409118],[30.526077,50.409135],[30.525607,50.409283],[30.525108,50.409507],[30.524888,50.409557],[30.524681,50.409569],[30.524439,50.40954],[30.523944,50.40943],[30.52239,50.408668]]}},{"type":"Feature","properties":{"mode":"bus","n":7,"arr":["20","27","52","Тб1","Тб12","Тб42","Тб43"],"lines":"20, 27, 52, 1, 12, 42, 43"},"geometry":{"type":"LineString","coordinates":[[30.522196,50.408721],[30.523371,50.409331],[30.523648,50.409446],[30.523856,50.409587],[30.525605,50.410475],[30.525887,50.410642],[30.525963,50.410751],[30.525978,50.410882],[30.525958,50.410995],[30.525878,50.41115]]}},{"type":"Feature","properties":{"mode":"bus","n":6,"arr":["20","27","52","Тб1","Тб12","Тб43"],"lines":"20, 27, 52, 1, 12, 43"},"geometry":{"type":"LineString","coordinates":[[30.525148,50.409407],[30.525211,50.409458]]}},{"type":"Feature","properties":{"mode":"bus","n":10,"arr":["20","27","51","52","109","Тб1","Тб12","Тб42","Тб43","Тб50"],"lines":"20, 27, 51, 52, 109, 1, 12, 42, 43, 50"},"geometry":{"type":"LineString","coordinates":[[30.526507,50.411444],[30.526417,50.411593]]}},{"type":"Feature","properties":{"mode":"bus","n":10,"arr":["20","27","51","52","109","Тб1","Тб12","Тб42","Тб43","Тб50"],"lines":"20, 27, 51, 52, 109, 1, 12, 42, 43, 50"},"geometry":{"type":"LineString","coordinates":[[30.524326,50.41242],[30.525878,50.41115]]}},{"type":"Feature","properties":{"mode":"bus","n":9,"arr":["20","27","52","109","Тб1","Тб12","Тб42","Тб43","Тб50"],"lines":"20, 27, 52, 109, 1, 12, 42, 43, 50"},"geometry":{"type":"LineString","coordinates":[[30.526417,50.411593],[30.525842,50.412537]]}},{"type":"Feature","properties":{"mode":"bus","n":8,"arr":["20","27","52","109","Тб1","Тб12","Тб42","Тб43"],"lines":"20, 27, 52, 109, 1, 12, 42, 43"},"geometry":{"type":"LineString","coordinates":[[30.525842,50.412537],[30.525612,50.412892]]}},{"type":"Feature","properties":{"mode":"bus","n":5,"arr":["20","109","Тб12","Тб42","Тб43"],"lines":"20, 109, 12, 42, 43"},"geometry":{"type":"LineString","coordinates":[[30.525612,50.412892],[30.525336,50.413328]]}},{"type":"Feature","properties":{"mode":"bus","n":6,"arr":["69","Тб3","Тб12","Тб14","Тб40","Тб40к"],"lines":"69, 3, 12, 14, 40, 40к"},"geometry":{"type":"LineString","coordinates":[[30.516335,50.435948],[30.518371,50.435946],[30.518402,50.435942],[30.518421,50.43593],[30.518427,50.43591],[30.518442,50.434082],[30.518401,50.433986],[30.518389,50.43397],[30.518368,50.433959],[30.518321,50.433943],[30.516052,50.433946]]}},{"type":"Feature","properties":{"mode":"bus","n":8,"arr":["20","69","109","Тб3","Тб12","Тб14","Тб40","Тб40к"],"lines":"20, 69, 109, 3, 12, 14, 40, 40к"},"geometry":{"type":"LineString","coordinates":[[30.516335,50.435948],[30.516024,50.43595]]}},{"type":"Feature","properties":{"mode":"bus","n":5,"arr":["20","110","Тб5","Тб7","Тб17"],"lines":"20, 110, 5, 7, 17"},"geometry":{"type":"LineString","coordinates":[[30.515906,50.439529],[30.51379,50.439872]]}},{"type":"Feature","properties":{"mode":"bus","n":7,"arr":["20","109","Тб1","Тб12","Тб42","Тб43","Тб50"],"lines":"20, 109, 1, 12, 42, 43, 50"},"geometry":{"type":"LineString","coordinates":[[30.52371,50.412919],[30.524326,50.41242]]}},{"type":"Feature","properties":{"mode":"bus","n":5,"arr":["20","27","51","52","Тб1"],"lines":"20, 27, 51, 52, 1"},"geometry":{"type":"LineString","coordinates":[[30.525044,50.413032],[30.524684,50.412924]]}},{"type":"Feature","properties":{"mode":"bus","n":5,"arr":["20","27","51","52","Тб1"],"lines":"20, 27, 51, 52, 1"},"geometry":{"type":"LineString","coordinates":[[30.524444,50.412832],[30.524345,50.412749],[30.524285,50.412655],[30.524278,50.412554],[30.524326,50.41242]]}},{"type":"Feature","properties":{"mode":"bus","n":8,"arr":["20","27","28","52","91","Тб1","Тб11","Тб12"],"lines":"20, 27, 28, 52, 91, 1, 11, 12"},"geometry":{"type":"LineString","coordinates":[[30.517564,50.406163],[30.518019,50.406692],[30.518044,50.406781],[30.518003,50.406864]]}},{"type":"Feature","properties":{"mode":"bus","n":9,"arr":["20","27","28","52","91","Тб1","Тб11","Тб12","Тб43"],"lines":"20, 27, 28, 52, 91, 1, 11, 12, 43"},"geometry":{"type":"LineString","coordinates":[[30.517228,50.405676],[30.517564,50.406163]]}},{"type":"Feature","properties":{"mode":"bus","n":6,"arr":["20","27","52","91","Тб1","Тб12"],"lines":"20, 27, 52, 91, 1, 12"},"geometry":{"type":"LineString","coordinates":[[30.518003,50.406864],[30.518208,50.406814]]}},{"type":"Feature","properties":{"mode":"bus","n":6,"arr":["20","27","38","52","91","Тб1"],"lines":"20, 27, 38, 52, 91, 1"},"geometry":{"type":"LineString","coordinates":[[30.517097,50.405446],[30.517228,50.405676]]}},{"type":"Feature","properties":{"mode":"bus","n":5,"arr":["38","91","Тб11","Тб12","Тб43"],"lines":"38, 91, 11, 12, 43"},"geometry":{"type":"LineString","coordinates":[[30.516897,50.405042],[30.517097,50.405446]]}},{"type":"Feature","properties":{"mode":"bus","n":5,"arr":["38","91","Тб11","Тб12","Тб43"],"lines":"38, 91, 11, 12, 43"},"geometry":{"type":"LineString","coordinates":[[30.51047,50.397858],[30.51024,50.397618]]}},{"type":"Feature","properties":{"mode":"bus","n":5,"arr":["38","91","Тб11","Тб12","Тб43"],"lines":"38, 91, 11, 12, 43"},"geometry":{"type":"LineString","coordinates":[[30.511258,50.398571],[30.510715,50.398091]]}},{"type":"Feature","properties":{"mode":"bus","n":6,"arr":["28","38","91","Тб11","Тб12","Тб43"],"lines":"28, 38, 91, 11, 12, 43"},"geometry":{"type":"LineString","coordinates":[[30.515544,50.402708],[30.515949,50.403286],[30.516518,50.404243],[30.516897,50.405042]]}},{"type":"Feature","properties":{"mode":"bus","n":6,"arr":["28","38","91","Тб11","Тб12","Тб43"],"lines":"28, 38, 91, 11, 12, 43"},"geometry":{"type":"LineString","coordinates":[[30.51625,50.404018],[30.516373,50.403994]]}},{"type":"Feature","properties":{"mode":"bus","n":6,"arr":["20","27","52","91","Тб1","Тб11"],"lines":"20, 27, 52, 91, 1, 11"},"geometry":{"type":"LineString","coordinates":[[30.517914,50.405277],[30.517856,50.405441]]}},{"type":"Feature","properties":{"mode":"bus","n":5,"arr":["20","27","52","91","Тб1"],"lines":"20, 27, 52, 91, 1"},"geometry":{"type":"LineString","coordinates":[[30.517856,50.405441],[30.517766,50.405516]]}},{"type":"Feature","properties":{"mode":"bus","n":7,"arr":["20","27","39","52","91","Тб1","Тб11"],"lines":"20, 27, 39, 52, 91, 1, 11"},"geometry":{"type":"LineString","coordinates":[[30.518383,50.405426],[30.518154,50.405394],[30.518023,50.40535],[30.517914,50.405277]]}},{"type":"Feature","properties":{"mode":"bus","n":8,"arr":["20","27","39","52","91","Тб1","Тб11","Тб42"],"lines":"20, 27, 39, 52, 91, 1, 11, 42"},"geometry":{"type":"LineString","coordinates":[[30.521996,50.405747],[30.521648,50.405913],[30.521502,50.405959],[30.521156,50.406014],[30.520977,50.406014],[30.520832,50.405996],[30.520643,50.405939],[30.519942,50.405576],[30.519773,50.405517],[30.519499,50.405469],[30.518383,50.405426]]}},{"type":"Feature","properties":{"mode":"bus","n":8,"arr":["20","22","27","39","52","91","Тб1","Тб11"],"lines":"20, 22, 27, 39, 52, 91, 1, 11"},"geometry":{"type":"LineString","coordinates":[[30.523877,50.404335],[30.522876,50.405033],[30.521996,50.405747]]}},{"type":"Feature","properties":{"mode":"bus","n":6,"arr":["20","22","27","52","Тб1","Тб11"],"lines":"20, 22, 27, 52, 1, 11"},"geometry":{"type":"LineString","coordinates":[[30.524316,50.40406],[30.524636,50.403887]]}},{"type":"Feature","properties":{"mode":"bus","n":7,"arr":["21","114","Тб30","Тб31Д","Тб47","Тб50","Тб50к"],"lines":"21, 114, 30, 31Д, 47, 50, 50к"},"geometry":{"type":"LineString","coordinates":[[30.590571,50.500039],[30.589941,50.498975]]}},{"type":"Feature","properties":{"mode":"bus","n":7,"arr":["21","114","Тб30","Тб31Д","Тб47","Тб50","Тб50к"],"lines":"21, 114, 30, 31Д, 47, 50, 50к"},"geometry":{"type":"LineString","coordinates":[[30.5907,50.499996],[30.58998,50.498737],[30.589743,50.498254],[30.589613,50.497886],[30.589525,50.497459],[30.589545,50.496726],[30.589633,50.495559]]}},{"type":"Feature","properties":{"mode":"bus","n":6,"arr":["21","114","Тб30","Тб47","Тб50","Тб50к"],"lines":"21, 114, 30, 47, 50, 50к"},"geometry":{"type":"LineString","coordinates":[[30.589941,50.498975],[30.589567,50.498244],[30.589435,50.497852],[30.589375,50.497457]]}},{"type":"Feature","properties":{"mode":"bus","n":8,"arr":["21","101","114","Тб30","Тб31Д","Тб47","Тб50","Тб50к"],"lines":"21, 101, 114, 30, 31Д, 47, 50, 50к"},"geometry":{"type":"LineString","coordinates":[[30.589375,50.497457],[30.589348,50.496753]]}},{"type":"Feature","properties":{"mode":"bus","n":6,"arr":["21","101","114","Тб30","Тб31Д","Тб47"],"lines":"21, 101, 114, 30, 31Д, 47"},"geometry":{"type":"LineString","coordinates":[[30.589348,50.496753],[30.589274,50.496545],[30.589102,50.496296],[30.588668,50.495968],[30.588115,50.495726],[30.587691,50.495616],[30.587345,50.495572]]}},{"type":"Feature","properties":{"mode":"bus","n":6,"arr":["21","101","114","Тб30","Тб31Д","Тб47"],"lines":"21, 101, 114, 30, 31Д, 47"},"geometry":{"type":"LineString","coordinates":[[30.587372,50.495236],[30.589534,50.495203]]}},{"type":"Feature","properties":{"mode":"bus","n":7,"arr":["21","44","114","Тб29","Тб30","Тб31Д","Тб47"],"lines":"21, 44, 114, 29, 30, 31Д, 47"},"geometry":{"type":"LineString","coordinates":[[30.584525,50.495604],[30.583647,50.4956],[30.583136,50.495573]]}},{"type":"Feature","properties":{"mode":"bus","n":7,"arr":["21","44","114","Тб29","Тб30","Тб31Д","Тб47"],"lines":"21, 44, 114, 29, 30, 31Д, 47"},"geometry":{"type":"LineString","coordinates":[[30.582564,50.495534],[30.581661,50.495505]]}},{"type":"Feature","properties":{"mode":"bus","n":7,"arr":["21","101","114","Тб29","Тб30","Тб31Д","Тб47"],"lines":"21, 101, 114, 29, 30, 31Д, 47"},"geometry":{"type":"LineString","coordinates":[[30.578033,50.495533],[30.576083,50.49556]]}},{"type":"Feature","properties":{"mode":"bus","n":7,"arr":["21","101","114","Тб29","Тб30","Тб31Д","Тб47"],"lines":"21, 101, 114, 29, 30, 31Д, 47"},"geometry":{"type":"LineString","coordinates":[[30.575331,50.495401],[30.577045,50.49541]]}},{"type":"Feature","properties":{"mode":"bus","n":6,"arr":["21","101","114","Тб29","Тб30","Тб31Д"],"lines":"21, 101, 114, 29, 30, 31Д"},"geometry":{"type":"LineString","coordinates":[[30.530027,50.48901],[30.529332,50.488841],[30.527768,50.488548],[30.526909,50.488426],[30.525869,50.488323],[30.525019,50.488273]]}},{"type":"Feature","properties":{"mode":"bus","n":5,"arr":["21","101","Тб29","Тб30","Тб31Д"],"lines":"21, 101, 29, 30, 31Д"},"geometry":{"type":"LineString","coordinates":[[30.525019,50.488273],[30.523826,50.488253],[30.522148,50.488288],[30.507701,50.488874]]}},{"type":"Feature","properties":{"mode":"bus","n":6,"arr":["21","101","Тб29","Тб30","Тб31Д","Тб34"],"lines":"21, 101, 29, 30, 31Д, 34"},"geometry":{"type":"LineString","coordinates":[[30.507701,50.488874],[30.503644,50.489017]]}},{"type":"Feature","properties":{"mode":"bus","n":6,"arr":["21","101","Тб29","Тб30","Тб31Д","Тб34"],"lines":"21, 101, 29, 30, 31Д, 34"},"geometry":{"type":"LineString","coordinates":[[30.50486,50.48884],[30.509658,50.488666],[30.513601,50.488488],[30.523245,50.488108],[30.524187,50.488107],[30.525718,50.488177]]}},{"type":"Feature","properties":{"mode":"bus","n":6,"arr":["21","50","101","Тб25","Тб27","Тб34"],"lines":"21, 50, 101, 25, 27, 34"},"geometry":{"type":"LineString","coordinates":[[30.497655,50.487485],[30.497663,50.488362]]}},{"type":"Feature","properties":{"mode":"bus","n":6,"arr":["21","50","101","Тб25","Тб27","Тб34"],"lines":"21, 50, 101, 25, 27, 34"},"geometry":{"type":"LineString","coordinates":[[30.498121,50.487341],[30.498117,50.488459]]}},{"type":"Feature","properties":{"mode":"bus","n":5,"arr":["21","50","101","Тб25","Тб27"],"lines":"21, 50, 101, 25, 27"},"geometry":{"type":"LineString","coordinates":[[30.498117,50.48676],[30.498121,50.487088]]}},{"type":"Feature","properties":{"mode":"bus","n":8,"arr":["21","73","101","Тб29","Тб30","Тб31Д","Тб34","Тб47"],"lines":"21, 73, 101, 29, 30, 31Д, 34, 47"},"geometry":{"type":"LineString","coordinates":[[30.525718,50.488177],[30.527562,50.488371]]}},{"type":"Feature","properties":{"mode":"bus","n":7,"arr":["21","73","101","Тб29","Тб30","Тб31Д","Тб47"],"lines":"21, 73, 101, 29, 30, 31Д, 47"},"geometry":{"type":"LineString","coordinates":[[30.527562,50.488371],[30.529385,50.488721],[30.530082,50.488887]]}},{"type":"Feature","properties":{"mode":"bus","n":9,"arr":["21","44","101","114","Тб30","Тб31Д","Тб47","Тб50","Тб50к"],"lines":"21, 44, 101, 114, 30, 31Д, 47, 50, 50к"},"geometry":{"type":"LineString","coordinates":[[30.589534,50.495203],[30.589471,50.495559]]}},{"type":"Feature","properties":{"mode":"bus","n":7,"arr":["21","114","Тб29","Тб30","Тб31Д","Тб47","Тб50"],"lines":"21, 114, 29, 30, 31Д, 47, 50"},"geometry":{"type":"LineString","coordinates":[[30.589633,50.495559],[30.589471,50.495559]]}},{"type":"Feature","properties":{"mode":"bus","n":6,"arr":["22","Тб22к","Тб30","Тб35","Тб40","Тб40к"],"lines":"22, 22к, 30, 35, 40, 40к"},"geometry":{"type":"LineString","coordinates":[[30.455527,50.416186],[30.455648,50.41736],[30.455883,50.417901],[30.457863,50.421744],[30.458864,50.423612]]}},{"type":"Feature","properties":{"mode":"bus","n":6,"arr":["22","Тб22к","Тб30","Тб35","Тб40","Тб40к"],"lines":"22, 22к, 30, 35, 40, 40к"},"geometry":{"type":"LineString","coordinates":[[30.455364,50.417422],[30.455204,50.416211]]}},{"type":"Feature","properties":{"mode":"bus","n":11,"arr":["22","25","69","119","Тб8","Тб22к","Тб30","Тб35","Тб40","Тб40к","Тб42"],"lines":"22, 25, 69, 119, 8, 22к, 30, 35, 40, 40к, 42"},"geometry":{"type":"LineString","coordinates":[[30.458864,50.423612],[30.459515,50.424498]]}},{"type":"Feature","properties":{"mode":"bus","n":11,"arr":["22","25","69","119","Тб8","Тб22к","Тб30","Тб35","Тб40","Тб40к","Тб42"],"lines":"22, 25, 69, 119, 8, 22к, 30, 35, 40, 40к, 42"},"geometry":{"type":"LineString","coordinates":[[30.459073,50.425442],[30.458052,50.424017]]}},{"type":"Feature","properties":{"mode":"bus","n":10,"arr":["25","69","119","Тб8","Тб22к","Тб30","Тб35","Тб40","Тб40к","Тб42"],"lines":"25, 69, 119, 8, 22к, 30, 35, 40, 40к, 42"},"geometry":{"type":"LineString","coordinates":[[30.459515,50.424498],[30.459657,50.424709]]}},{"type":"Feature","properties":{"mode":"bus","n":8,"arr":["22","69","Тб8","Тб22к","Тб30","Тб35","Тб40","Тб40к"],"lines":"22, 69, 8, 22к, 30, 35, 40, 40к"},"geometry":{"type":"LineString","coordinates":[[30.459819,50.42493],[30.459657,50.424709]]}},{"type":"Feature","properties":{"mode":"bus","n":9,"arr":["22","27","28","52","91","Тб1","Тб11","Тб12","Тб42"],"lines":"22, 27, 28, 52, 91, 1, 11, 12, 42"},"geometry":{"type":"LineString","coordinates":[[30.517726,50.40701],[30.516263,50.406951]]}},{"type":"Feature","properties":{"mode":"bus","n":7,"arr":["22","27","52","91","Тб1","Тб12","Тб42"],"lines":"22, 27, 52, 91, 1, 12, 42"},"geometry":{"type":"LineString","coordinates":[[30.51857,50.407046],[30.517726,50.40701]]}},{"type":"Feature","properties":{"mode":"bus","n":6,"arr":["22","27","52","Тб1","Тб12","Тб42"],"lines":"22, 27, 52, 1, 12, 42"},"geometry":{"type":"LineString","coordinates":[[30.518882,50.407037],[30.51857,50.407046]]}},{"type":"Feature","properties":{"mode":"bus","n":5,"arr":["22","35","42","87","91"],"lines":"22, 35, 42, 87, 91"},"geometry":{"type":"LineString","coordinates":[[30.614878,50.395321],[30.617483,50.395726]]}},{"type":"Feature","properties":{"mode":"bus","n":5,"arr":["22","45","104","108","109"],"lines":"22, 45, 104, 108, 109"},"geometry":{"type":"LineString","coordinates":[[30.653835,50.403389],[30.65639,50.407543]]}},{"type":"Feature","properties":{"mode":"bus","n":6,"arr":["22","27","52","91","Тб1","Тб11"],"lines":"22, 27, 52, 91, 1, 11"},"geometry":{"type":"LineString","coordinates":[[30.519021,50.40724],[30.518625,50.407304]]}},{"type":"Feature","properties":{"mode":"bus","n":8,"arr":["22","27","52","91","Тб1","Тб11","Тб12","Тб42"],"lines":"22, 27, 52, 91, 1, 11, 12, 42"},"geometry":{"type":"LineString","coordinates":[[30.516263,50.406951],[30.516122,50.407055],[30.516127,50.407123],[30.516252,50.407208],[30.517814,50.407337],[30.518625,50.407304]]}},{"type":"Feature","properties":{"mode":"bus","n":9,"arr":["22","69","119","Тб8","Тб22к","Тб30","Тб35","Тб40","Тб40к"],"lines":"22, 69, 119, 8, 22к, 30, 35, 40, 40к"},"geometry":{"type":"LineString","coordinates":[[30.460145,50.425549],[30.460152,50.425532]]}},{"type":"Feature","properties":{"mode":"bus","n":9,"arr":["22","69","119","Тб8","Тб22к","Тб30","Тб35","Тб40","Тб40к"],"lines":"22, 69, 119, 8, 22к, 30, 35, 40, 40к"},"geometry":{"type":"LineString","coordinates":[[30.459819,50.425778],[30.459905,50.425753]]}},{"type":"Feature","properties":{"mode":"bus","n":7,"arr":["22","69","Тб22к","Тб30","Тб35","Тб40","Тб40к"],"lines":"22, 69, 22к, 30, 35, 40, 40к"},"geometry":{"type":"LineString","coordinates":[[30.459905,50.425753],[30.459978,50.425716]]}},{"type":"Feature","properties":{"mode":"bus","n":7,"arr":["22","69","119","Тб8","Тб35","Тб40","Тб40к"],"lines":"22, 69, 119, 8, 35, 40, 40к"},"geometry":{"type":"LineString","coordinates":[[30.459073,50.425442],[30.459223,50.425627],[30.459331,50.425714],[30.459566,50.425787],[30.459819,50.425778]]}},{"type":"Feature","properties":{"mode":"bus","n":6,"arr":["22","25","69","119","Тб8","Тб42"],"lines":"22, 25, 69, 119, 8, 42"},"geometry":{"type":"LineString","coordinates":[[30.458052,50.424017],[30.458033,50.423815],[30.458083,50.423738],[30.458202,50.423655],[30.458359,50.423606]]}},{"type":"Feature","properties":{"mode":"bus","n":7,"arr":["22","78","Тб22к","Тб30","Тб35","Тб40","Тб40к"],"lines":"22, 78, 22к, 30, 35, 40, 40к"},"geometry":{"type":"LineString","coordinates":[[30.457207,50.421074],[30.455364,50.417422]]}},{"type":"Feature","properties":{"mode":"bus","n":6,"arr":["22тк","44","46","Тб29","Тб50","Тб50к"],"lines":"22тк, 44, 46, 29, 50, 50к"},"geometry":{"type":"LineString","coordinates":[[30.593434,50.483591],[30.592889,50.485216]]}},{"type":"Feature","properties":{"mode":"bus","n":5,"arr":["44","46","Тб29","Тб50","Тб50к"],"lines":"44, 46, 29, 50, 50к"},"geometry":{"type":"LineString","coordinates":[[30.597109,50.472914],[30.595161,50.478552],[30.594558,50.48041],[30.593434,50.483591]]}},{"type":"Feature","properties":{"mode":"bus","n":5,"arr":["44","46","Тб29","Тб50","Тб50к"],"lines":"44, 46, 29, 50, 50к"},"geometry":{"type":"LineString","coordinates":[[30.597237,50.473088],[30.593598,50.483613]]}},{"type":"Feature","properties":{"mode":"bus","n":5,"arr":["23","36тр","90","90к","Тб7"],"lines":"23, 36тр, 90, 90к, 7"},"geometry":{"type":"LineString","coordinates":[[30.388616,50.457567],[30.396072,50.458073]]}},{"type":"Feature","properties":{"mode":"bus","n":5,"arr":["23","36тр","90","90к","Тб7"],"lines":"23, 36тр, 90, 90к, 7"},"geometry":{"type":"LineString","coordinates":[[30.386691,50.457307],[30.393472,50.457777],[30.400804,50.458253],[30.401419,50.458262],[30.405049,50.458437]]}},{"type":"Feature","properties":{"mode":"bus","n":6,"arr":["23","36тр","37","37а","97","Тб7"],"lines":"23, 36тр, 37, 37а, 97, 7"},"geometry":{"type":"LineString","coordinates":[[30.378884,50.45691],[30.385483,50.457356]]}},{"type":"Feature","properties":{"mode":"bus","n":5,"arr":["23","36тр","37","37а","Тб7"],"lines":"23, 36тр, 37, 37а, 7"},"geometry":{"type":"LineString","coordinates":[[30.355099,50.455333],[30.364215,50.455923],[30.378884,50.45691]]}},{"type":"Feature","properties":{"mode":"bus","n":5,"arr":["23","36тр","37","37а","Тб7"],"lines":"23, 36тр, 37, 37а, 7"},"geometry":{"type":"LineString","coordinates":[[30.359611,50.455485],[30.385105,50.457198]]}},{"type":"Feature","properties":{"mode":"bus","n":6,"arr":["23","36тр","56","57","Тб7","Тб39"],"lines":"23, 36тр, 56, 57, 7, 39"},"geometry":{"type":"LineString","coordinates":[[30.357054,50.454881],[30.356852,50.456126]]}},{"type":"Feature","properties":{"mode":"bus","n":5,"arr":["23","56","57","Тб39","Тб41"],"lines":"23, 56, 57, 39, 41"},"geometry":{"type":"LineString","coordinates":[[30.365315,50.427113],[30.363584,50.429462]]}},{"type":"Feature","properties":{"mode":"bus","n":5,"arr":["23","36тр","47","Тб4","Тб5"],"lines":"23, 36тр, 47, 4, 5"},"geometry":{"type":"LineString","coordinates":[[30.405899,50.45955],[30.405975,50.459366],[30.406119,50.459201],[30.4065,50.458904]]}},{"type":"Feature","properties":{"mode":"bus","n":5,"arr":["23","36тр","Тб4","Тб5","Тб26"],"lines":"23, 36тр, 4, 5, 26"},"geometry":{"type":"LineString","coordinates":[[30.405866,50.459792],[30.405899,50.45955]]}},{"type":"Feature","properties":{"mode":"bus","n":8,"arr":["24","114","118д","Тб4","Тб5","Тб7","Тб8","Тб17"],"lines":"24, 114, 118д, 4, 5, 7, 8, 17"},"geometry":{"type":"LineString","coordinates":[[30.512138,50.443529],[30.506586,50.444447],[30.500793,50.445373]]}},{"type":"Feature","properties":{"mode":"bus","n":8,"arr":["24","114","118д","Тб4","Тб5","Тб7","Тб8","Тб17"],"lines":"24, 114, 118д, 4, 5, 7, 8, 17"},"geometry":{"type":"LineString","coordinates":[[30.512476,50.443708],[30.501103,50.445554]]}},{"type":"Feature","properties":{"mode":"bus","n":9,"arr":["24","110","114","118д","Тб4","Тб5","Тб7","Тб8","Тб17"],"lines":"24, 110, 114, 118д, 4, 5, 7, 8, 17"},"geometry":{"type":"LineString","coordinates":[[30.512389,50.443488],[30.512138,50.443529]]}},{"type":"Feature","properties":{"mode":"bus","n":10,"arr":["24","110","111","114","118д","Тб4","Тб5","Тб7","Тб8","Тб17"],"lines":"24, 110, 111, 114, 118д, 4, 5, 7, 8, 17"},"geometry":{"type":"LineString","coordinates":[[30.520135,50.442222],[30.515015,50.44304],[30.512389,50.443488]]}},{"type":"Feature","properties":{"mode":"bus","n":11,"arr":["24","62","109","110","111","118д","Тб4","Тб5","Тб7","Тб8","Тб17"],"lines":"24, 62, 109, 110, 111, 118д, 4, 5, 7, 8, 17"},"geometry":{"type":"LineString","coordinates":[[30.519721,50.440973],[30.520135,50.442222]]}},{"type":"Feature","properties":{"mode":"bus","n":6,"arr":["24","55","62","118д","Тб14","Тб15"],"lines":"24, 55, 62, 118д, 14, 15"},"geometry":{"type":"LineString","coordinates":[[30.524773,50.438686],[30.52356,50.439548],[30.522815,50.440154]]}},{"type":"Feature","properties":{"mode":"bus","n":5,"arr":["24","55","62","Тб14","Тб15"],"lines":"24, 55, 62, 14, 15"},"geometry":{"type":"LineString","coordinates":[[30.525038,50.439072],[30.524092,50.439638]]}},{"type":"Feature","properties":{"mode":"bus","n":6,"arr":["24","62","110","111","114","118д"],"lines":"24, 62, 110, 111, 114, 118д"},"geometry":{"type":"LineString","coordinates":[[30.520463,50.442581],[30.520339,50.442328]]}},{"type":"Feature","properties":{"mode":"bus","n":6,"arr":["24","114","118д","Тб7","Тб8","Тб17"],"lines":"24, 114, 118д, 7, 8, 17"},"geometry":{"type":"LineString","coordinates":[[30.512476,50.443708],[30.512657,50.443675]]}},{"type":"Feature","properties":{"mode":"bus","n":5,"arr":["25","Тб22к","Тб27","Тб30","Тб42"],"lines":"25, 22к, 27, 30, 42"},"geometry":{"type":"LineString","coordinates":[[30.442015,50.444182],[30.442142,50.443618],[30.442398,50.443136]]}},{"type":"Feature","properties":{"mode":"bus","n":6,"arr":["25","69","Тб22к","Тб27","Тб30","Тб42"],"lines":"25, 69, 22к, 27, 30, 42"},"geometry":{"type":"LineString","coordinates":[[30.442398,50.443136],[30.443935,50.440694]]}},{"type":"Feature","properties":{"mode":"bus","n":6,"arr":["25","69","Тб22к","Тб27","Тб30","Тб42"],"lines":"25, 69, 22к, 27, 30, 42"},"geometry":{"type":"LineString","coordinates":[[30.442229,50.444825],[30.442213,50.444577],[30.442245,50.444305],[30.442383,50.443663],[30.442608,50.443168],[30.443537,50.441599]]}},{"type":"Feature","properties":{"mode":"bus","n":5,"arr":["25","69","Тб22к","Тб30","Тб42"],"lines":"25, 69, 22к, 30, 42"},"geometry":{"type":"LineString","coordinates":[[30.443935,50.440694],[30.444166,50.44043],[30.444433,50.440191],[30.444869,50.43988],[30.445438,50.439539],[30.44617,50.439178],[30.446861,50.438926],[30.44752,50.438721],[30.451839,50.437525],[30.452296,50.437302],[30.452573,50.437084],[30.452847,50.436635],[30.455121,50.431547],[30.458067,50.427519],[30.458608,50.426571],[30.459164,50.425836],[30.459191,50.42573],[30.459073,50.425442]]}},{"type":"Feature","properties":{"mode":"bus","n":5,"arr":["25","69","Тб22к","Тб30","Тб42"],"lines":"25, 69, 22к, 30, 42"},"geometry":{"type":"LineString","coordinates":[[30.443537,50.441599],[30.444102,50.440727],[30.444344,50.440469],[30.444655,50.440212],[30.445238,50.439813],[30.4458,50.439498],[30.446575,50.439155],[30.44721,50.438933],[30.451283,50.437828],[30.451928,50.43764],[30.452077,50.437558]]}},{"type":"Feature","properties":{"mode":"bus","n":5,"arr":["25","69","119","Тб8","Тб42"],"lines":"25, 69, 119, 8, 42"},"geometry":{"type":"LineString","coordinates":[[30.458359,50.423606],[30.458503,50.42357],[30.458681,50.423571],[30.458864,50.423612]]}},{"type":"Feature","properties":{"mode":"bus","n":6,"arr":["25","Тб17","Тб19","Тб22к","Тб30","Тб42"],"lines":"25, 17, 19, 22к, 30, 42"},"geometry":{"type":"LineString","coordinates":[[30.453927,50.434596],[30.454985,50.432197]]}},{"type":"Feature","properties":{"mode":"bus","n":5,"arr":["27","52","Тб1","Тб12","Тб42"],"lines":"27, 52, 1, 12, 42"},"geometry":{"type":"LineString","coordinates":[[30.518625,50.407304],[30.519108,50.407336],[30.519275,50.407373],[30.519539,50.407486],[30.521498,50.408484],[30.521964,50.408671],[30.522196,50.408721]]}},{"type":"Feature","properties":{"mode":"bus","n":5,"arr":["27","52","91","Тб1","Тб12"],"lines":"27, 52, 91, 1, 12"},"geometry":{"type":"LineString","coordinates":[[30.518208,50.406814],[30.518143,50.406933],[30.518162,50.406973],[30.518317,50.407044]]}},{"type":"Feature","properties":{"mode":"bus","n":5,"arr":["28","38","91","Тб12","Тб43"],"lines":"28, 38, 91, 12, 43"},"geometry":{"type":"LineString","coordinates":[[30.51136,50.399048],[30.513716,50.40099],[30.515069,50.402236],[30.515544,50.402708]]}},{"type":"Feature","properties":{"mode":"bus","n":5,"arr":["28т","35т","46","110","112"],"lines":"28т, 35т, 46, 110, 112"},"geometry":{"type":"LineString","coordinates":[[30.604894,50.493027],[30.601732,50.491487],[30.601343,50.491311],[30.601159,50.491262]]}},{"type":"Feature","properties":{"mode":"bus","n":5,"arr":["30","56","97","97к","103"],"lines":"30, 56, 97, 97к, 103"},"geometry":{"type":"LineString","coordinates":[[30.35547,50.465101],[30.355459,50.466123],[30.355514,50.467081],[30.355635,50.468021],[30.355795,50.468841],[30.356038,50.469854],[30.356252,50.470532],[30.356913,50.472242],[30.357516,50.473696]]}},{"type":"Feature","properties":{"mode":"bus","n":5,"arr":["30","56","97","97к","103"],"lines":"30, 56, 97, 97к, 103"},"geometry":{"type":"LineString","coordinates":[[30.357781,50.473672],[30.35714,50.472199],[30.356609,50.470824],[30.3563,50.469892],[30.356087,50.46909],[30.355917,50.468333],[30.355725,50.467087],[30.355683,50.466395],[30.355696,50.465118]]}},{"type":"Feature","properties":{"mode":"bus","n":5,"arr":["30","97","97к","103","Тб39"],"lines":"30, 97, 97к, 103, 39"},"geometry":{"type":"LineString","coordinates":[[30.354573,50.465011],[30.35547,50.465101]]}},{"type":"Feature","properties":{"mode":"bus","n":5,"arr":["30","97","97к","103","Тб39"],"lines":"30, 97, 97к, 103, 39"},"geometry":{"type":"LineString","coordinates":[[30.355491,50.464779],[30.353768,50.464764]]}},{"type":"Feature","properties":{"mode":"bus","n":7,"arr":["50","Тб16","Тб19","Тб23Д","Тб28Д","Тб31Д","Тб35"],"lines":"50, 16, 19, 23Д, 28Д, 31Д, 35"},"geometry":{"type":"LineString","coordinates":[[30.473529,50.466815],[30.47448,50.466371]]}},{"type":"Feature","properties":{"mode":"bus","n":6,"arr":["50","Тб16","Тб19","Тб23Д","Тб31Д","Тб35"],"lines":"50, 16, 19, 23Д, 31Д, 35"},"geometry":{"type":"LineString","coordinates":[[30.471887,50.46759],[30.473529,50.466815]]}},{"type":"Feature","properties":{"mode":"bus","n":6,"arr":["50","Тб16","Тб19","Тб23Д","Тб31Д","Тб35"],"lines":"50, 16, 19, 23Д, 31Д, 35"},"geometry":{"type":"LineString","coordinates":[[30.467954,50.469375],[30.465588,50.470489]]}},{"type":"Feature","properties":{"mode":"bus","n":7,"arr":["31","50","Тб16","Тб19","Тб23Д","Тб31Д","Тб35"],"lines":"31, 50, 16, 19, 23Д, 31Д, 35"},"geometry":{"type":"LineString","coordinates":[[30.471609,50.46772],[30.471887,50.46759]]}},{"type":"Feature","properties":{"mode":"bus","n":5,"arr":["31","50","Тб16","Тб19","Тб35"],"lines":"31, 50, 16, 19, 35"},"geometry":{"type":"LineString","coordinates":[[30.468058,50.469439],[30.471556,50.46782],[30.471609,50.46772]]}},{"type":"Feature","properties":{"mode":"bus","n":5,"arr":["31","Тб6","Тб18","Тб28Д","Тб33"],"lines":"31, 6, 18, 28Д, 33"},"geometry":{"type":"LineString","coordinates":[[30.473305,50.47039],[30.476932,50.473547]]}},{"type":"Feature","properties":{"mode":"bus","n":5,"arr":["31","Тб6","Тб18","Тб28Д","Тб33"],"lines":"31, 6, 18, 28Д, 33"},"geometry":{"type":"LineString","coordinates":[[30.473212,50.469041],[30.473204,50.469144]]}},{"type":"Feature","properties":{"mode":"bus","n":5,"arr":["32","36тр","Тб4","Тб5","Тб26"],"lines":"32, 36тр, 4, 5, 26"},"geometry":{"type":"LineString","coordinates":[[30.405838,50.481787],[30.40583,50.481227]]}},{"type":"Feature","properties":{"mode":"bus","n":6,"arr":["32","36тр","Тб4","Тб5","Тб26","Тб35"],"lines":"32, 36тр, 4, 5, 26, 35"},"geometry":{"type":"LineString","coordinates":[[30.405857,50.490879],[30.405816,50.48959],[30.405838,50.481787]]}},{"type":"Feature","properties":{"mode":"bus","n":7,"arr":["32","72","Тб6","Тб18","Тб25","Тб28Д","Тб33"],"lines":"32, 72, 6, 18, 25, 28Д, 33"},"geometry":{"type":"LineString","coordinates":[[30.456446,50.496773],[30.455713,50.497242],[30.453177,50.499169],[30.451844,50.500288],[30.451748,50.500425],[30.45172,50.500578]]}},{"type":"Feature","properties":{"mode":"bus","n":5,"arr":["32","72","Тб6","Тб18","Тб33"],"lines":"32, 72, 6, 18, 33"},"geometry":{"type":"LineString","coordinates":[[30.451692,50.500843],[30.451296,50.503507],[30.450846,50.506051],[30.450707,50.508454],[30.450578,50.509639],[30.450186,50.512518]]}},{"type":"Feature","properties":{"mode":"bus","n":6,"arr":["32","72","Тб6","Тб18","Тб28Д","Тб33"],"lines":"32, 72, 6, 18, 28Д, 33"},"geometry":{"type":"LineString","coordinates":[[30.45172,50.500578],[30.451692,50.500843]]}},{"type":"Feature","properties":{"mode":"bus","n":5,"arr":["32","40","Тб6","Тб32","Тб33"],"lines":"32, 40, 6, 32, 33"},"geometry":{"type":"LineString","coordinates":[[30.449751,50.520677],[30.449992,50.520692],[30.454148,50.520087],[30.457327,50.519357]]}},{"type":"Feature","properties":{"mode":"bus","n":5,"arr":["32","40","Тб6","Тб32","Тб33"],"lines":"32, 40, 6, 32, 33"},"geometry":{"type":"LineString","coordinates":[[30.457382,50.519453],[30.454594,50.520096]]}},{"type":"Feature","properties":{"mode":"bus","n":5,"arr":["32","40","Тб6","Тб32","Тб33"],"lines":"32, 40, 6, 32, 33"},"geometry":{"type":"LineString","coordinates":[[30.453104,50.520365],[30.45259,50.520418],[30.451383,50.520602]]}},{"type":"Feature","properties":{"mode":"bus","n":6,"arr":["32","40","99","Тб6","Тб32","Тб33"],"lines":"32, 40, 99, 6, 32, 33"},"geometry":{"type":"LineString","coordinates":[[30.457327,50.519357],[30.457567,50.519301]]}},{"type":"Feature","properties":{"mode":"bus","n":5,"arr":["33","37Д","79","81","Тб37"],"lines":"33, 37Д, 79, 81, 37"},"geometry":{"type":"LineString","coordinates":[[30.634148,50.482382],[30.633925,50.482495]]}},{"type":"Feature","properties":{"mode":"bus","n":5,"arr":["36","Тб19","Тб23Д","Тб31Д","Тб42"],"lines":"36, 19, 23Д, 31Д, 42"},"geometry":{"type":"LineString","coordinates":[[30.446803,50.470156],[30.446909,50.470152]]}},{"type":"Feature","properties":{"mode":"bus","n":5,"arr":["36","Тб22к","Тб30","Тб31Д","Тб42"],"lines":"36, 22к, 30, 31Д, 42"},"geometry":{"type":"LineString","coordinates":[[30.447159,50.471085],[30.446803,50.470156]]}},{"type":"Feature","properties":{"mode":"bus","n":6,"arr":["36","50","Тб22к","Тб30","Тб31Д","Тб42"],"lines":"36, 50, 22к, 30, 31Д, 42"},"geometry":{"type":"LineString","coordinates":[[30.450628,50.477448],[30.449665,50.476465],[30.449307,50.476017],[30.449121,50.475736]]}},{"type":"Feature","properties":{"mode":"bus","n":6,"arr":["36","50","Тб27","Тб30","Тб31Д","Тб42"],"lines":"36, 50, 27, 30, 31Д, 42"},"geometry":{"type":"LineString","coordinates":[[30.450628,50.477448],[30.450882,50.477682]]}},{"type":"Feature","properties":{"mode":"bus","n":5,"arr":["36","50","Тб22к","Тб27","Тб42"],"lines":"36, 50, 22к, 27, 42"},"geometry":{"type":"LineString","coordinates":[[30.450468,50.477512],[30.450628,50.477448]]}},{"type":"Feature","properties":{"mode":"bus","n":7,"arr":["36","72","Тб6","Тб18","Тб25","Тб28Д","Тб33"],"lines":"36, 72, 6, 18, 25, 28Д, 33"},"geometry":{"type":"LineString","coordinates":[[30.462675,50.492754],[30.462547,50.492868]]}},{"type":"Feature","properties":{"mode":"bus","n":6,"arr":["36","Тб6","Тб18","Тб25","Тб28Д","Тб33"],"lines":"36, 6, 18, 25, 28Д, 33"},"geometry":{"type":"LineString","coordinates":[[30.462675,50.492754],[30.463461,50.49205],[30.464393,50.491155],[30.465194,50.490516]]}},{"type":"Feature","properties":{"mode":"bus","n":8,"arr":["36","50","Тб19","Тб22к","Тб27","Тб30","Тб31Д","Тб42"],"lines":"36, 50, 19, 22к, 27, 30, 31Д, 42"},"geometry":{"type":"LineString","coordinates":[[30.450468,50.477512],[30.449459,50.476439],[30.448921,50.47578]]}},{"type":"Feature","properties":{"mode":"bus","n":5,"arr":["36тр","97к","103","Тб7","Тб39"],"lines":"36тр, 97к, 103, 7, 39"},"geometry":{"type":"LineString","coordinates":[[30.346469,50.459504],[30.346004,50.459372],[30.345982,50.459367],[30.345964,50.45937],[30.345953,50.459378],[30.345947,50.459393],[30.345894,50.459716],[30.345895,50.459732],[30.345904,50.459743],[30.34592,50.45975],[30.345944,50.459752],[30.346339,50.459756]]}},{"type":"Feature","properties":{"mode":"bus","n":5,"arr":["36тр","56","57","Тб7","Тб39"],"lines":"36тр, 56, 57, 7, 39"},"geometry":{"type":"LineString","coordinates":[[30.356852,50.456126],[30.356605,50.457305],[30.35651,50.457962]]}},{"type":"Feature","properties":{"mode":"bus","n":6,"arr":["36тр","72","102А","103","Тб25","Тб28Д"],"lines":"36тр, 72, 102А, 103, 25, 28Д"},"geometry":{"type":"LineString","coordinates":[[30.425185,50.512461],[30.424505,50.512612],[30.423948,50.512641]]}},{"type":"Feature","properties":{"mode":"bus","n":7,"arr":["36тр","72","102А","103","Тб24","Тб25","Тб28Д"],"lines":"36тр, 72, 102А, 103, 24, 25, 28Д"},"geometry":{"type":"LineString","coordinates":[[30.427896,50.510902],[30.427352,50.511202],[30.427077,50.511406],[30.424143,50.513058]]}},{"type":"Feature","properties":{"mode":"bus","n":5,"arr":["36тр","102А","Тб24","Тб25","Тб28Д"],"lines":"36тр, 102А, 24, 25, 28Д"},"geometry":{"type":"LineString","coordinates":[[30.42919,50.510219],[30.429101,50.510245],[30.428668,50.510476]]}},{"type":"Feature","properties":{"mode":"bus","n":5,"arr":["36тр","102А","Тб24","Тб25","Тб28Д"],"lines":"36тр, 102А, 24, 25, 28Д"},"geometry":{"type":"LineString","coordinates":[[30.438846,50.504439],[30.438285,50.504851],[30.437302,50.505638],[30.431782,50.508752]]}},{"type":"Feature","properties":{"mode":"bus","n":5,"arr":["36тр","102А","Тб6","Тб18","Тб24"],"lines":"36тр, 102А, 6, 18, 24"},"geometry":{"type":"LineString","coordinates":[[30.450927,50.50556],[30.451225,50.505571]]}},{"type":"Feature","properties":{"mode":"bus","n":5,"arr":["36тр","102А","Тб6","Тб18","Тб24"],"lines":"36тр, 102А, 6, 18, 24"},"geometry":{"type":"LineString","coordinates":[[30.450873,50.505903],[30.451034,50.505889]]}},{"type":"Feature","properties":{"mode":"bus","n":6,"arr":["36тр","41","50","Тб24","Тб32","Тб34"],"lines":"36тр, 41, 50, 24, 32, 34"},"geometry":{"type":"LineString","coordinates":[[30.51637,50.525282],[30.516466,50.525557],[30.516492,50.525733],[30.516503,50.526765]]}},{"type":"Feature","properties":{"mode":"bus","n":5,"arr":["36тр","41","Тб24","Тб32","Тб34"],"lines":"36тр, 41, 24, 32, 34"},"geometry":{"type":"LineString","coordinates":[[30.516503,50.526765],[30.516469,50.527953]]}},{"type":"Feature","properties":{"mode":"bus","n":6,"arr":["36тр","41","Тб24","Тб32","Тб34","Тб44"],"lines":"36тр, 41, 24, 32, 34, 44"},"geometry":{"type":"LineString","coordinates":[[30.516469,50.527953],[30.51647,50.528041]]}},{"type":"Feature","properties":{"mode":"bus","n":5,"arr":["36тр","Тб24","Тб32","Тб34","Тб44"],"lines":"36тр, 24, 32, 34, 44"},"geometry":{"type":"LineString","coordinates":[[30.516389,50.527157],[30.516345,50.528041]]}},{"type":"Feature","properties":{"mode":"bus","n":6,"arr":["36тр","50","Тб24","Тб32","Тб34","Тб44"],"lines":"36тр, 50, 24, 32, 34, 44"},"geometry":{"type":"LineString","coordinates":[[30.51321,50.522797],[30.513688,50.522927],[30.513926,50.523074],[30.515764,50.524675],[30.516141,50.525126],[30.516276,50.525366],[30.516392,50.525762],[30.516417,50.525968],[30.516389,50.527157]]}},{"type":"Feature","properties":{"mode":"bus","n":5,"arr":["36тр","72","102А","Тб25","Тб28Д"],"lines":"36тр, 72, 102А, 25, 28Д"},"geometry":{"type":"LineString","coordinates":[[30.428785,50.510874],[30.428273,50.510969],[30.427842,50.511077],[30.427649,50.511139],[30.427077,50.511406]]}},{"type":"Feature","properties":{"mode":"bus","n":6,"arr":["37Д","44","73","110","Тб31Д","Тб37"],"lines":"37Д, 44, 73, 110, 31Д, 37"},"geometry":{"type":"LineString","coordinates":[[30.600528,50.524481],[30.600796,50.524362]]}},{"type":"Feature","properties":{"mode":"bus","n":5,"arr":["37Д","Тб31Д","Тб37","Тб50","Тб50к"],"lines":"37Д, 31Д, 37, 50, 50к"},"geometry":{"type":"LineString","coordinates":[[30.619147,50.522809],[30.618956,50.522909]]}},{"type":"Feature","properties":{"mode":"bus","n":7,"arr":["37Д","114","Тб30","Тб31Д","Тб47","Тб50","Тб50к"],"lines":"37Д, 114, 30, 31Д, 47, 50, 50к"},"geometry":{"type":"LineString","coordinates":[[30.600535,50.505283],[30.600449,50.505103],[30.600385,50.505038]]}},{"type":"Feature","properties":{"mode":"bus","n":7,"arr":["79","114","Тб30","Тб31Д","Тб47","Тб50","Тб50к"],"lines":"79, 114, 30, 31Д, 47, 50, 50к"},"geometry":{"type":"LineString","coordinates":[[30.600495,50.50488],[30.600266,50.504846],[30.59986,50.504722],[30.597956,50.504074]]}},{"type":"Feature","properties":{"mode":"bus","n":7,"arr":["79","114","Тб30","Тб31Д","Тб47","Тб50","Тб50к"],"lines":"79, 114, 30, 31Д, 47, 50, 50к"},"geometry":{"type":"LineString","coordinates":[[30.597873,50.504165],[30.596697,50.503768],[30.595505,50.503325],[30.595048,50.503132],[30.594434,50.50284],[30.593431,50.502281],[30.591821,50.501309],[30.59138,50.500966],[30.590813,50.500386],[30.590571,50.500039]]}},{"type":"Feature","properties":{"mode":"bus","n":8,"arr":["37Д","79","114","Тб30","Тб31Д","Тб47","Тб50","Тб50к"],"lines":"37Д, 79, 114, 30, 31Д, 47, 50, 50к"},"geometry":{"type":"LineString","coordinates":[[30.600906,50.504873],[30.600495,50.50488]]}},{"type":"Feature","properties":{"mode":"bus","n":6,"arr":["38","78","119","120","Тб12","Тб45"],"lines":"38, 78, 119, 120, 12, 45"},"geometry":{"type":"LineString","coordinates":[[30.488506,50.393355],[30.488747,50.393394]]}},{"type":"Feature","properties":{"mode":"bus","n":7,"arr":["38","56","75","Тб11","Тб12","Тб43","Тб45"],"lines":"38, 56, 75, 11, 12, 43, 45"},"geometry":{"type":"LineString","coordinates":[[30.471226,50.378599],[30.472092,50.379043],[30.473385,50.379648],[30.476301,50.380825],[30.477288,50.381195]]}},{"type":"Feature","properties":{"mode":"bus","n":8,"arr":["38","56","58","75","Тб11","Тб12","Тб43","Тб45"],"lines":"38, 56, 58, 75, 11, 12, 43, 45"},"geometry":{"type":"LineString","coordinates":[[30.469598,50.37758],[30.470416,50.378127],[30.471226,50.378599]]}},{"type":"Feature","properties":{"mode":"bus","n":8,"arr":["38","56","58","75","Тб11","Тб12","Тб43","Тб45"],"lines":"38, 56, 58, 75, 11, 12, 43, 45"},"geometry":{"type":"LineString","coordinates":[[30.477195,50.381028],[30.475104,50.380207],[30.47343,50.37949],[30.472223,50.378915],[30.471376,50.37848],[30.470574,50.378014],[30.468294,50.376507]]}},{"type":"Feature","properties":{"mode":"bus","n":7,"arr":["38","56","58","75","Тб11","Тб43","Тб45"],"lines":"38, 56, 58, 75, 11, 43, 45"},"geometry":{"type":"LineString","coordinates":[[30.468074,50.376579],[30.469598,50.37758]]}},{"type":"Feature","properties":{"mode":"bus","n":6,"arr":["38","56","58","75","Тб11","Тб43"],"lines":"38, 56, 58, 75, 11, 43"},"geometry":{"type":"LineString","coordinates":[[30.467425,50.37617],[30.468074,50.376579]]}},{"type":"Feature","properties":{"mode":"bus","n":6,"arr":["38","56","58","75","Тб11","Тб43"],"lines":"38, 56, 58, 75, 11, 43"},"geometry":{"type":"LineString","coordinates":[[30.468294,50.376507],[30.46093,50.371651]]}},{"type":"Feature","properties":{"mode":"bus","n":7,"arr":["38","56","58","75","120","Тб11","Тб43"],"lines":"38, 56, 58, 75, 120, 11, 43"},"geometry":{"type":"LineString","coordinates":[[30.461046,50.371927],[30.463466,50.373551],[30.466126,50.37528],[30.467425,50.37617]]}},{"type":"Feature","properties":{"mode":"bus","n":5,"arr":["38","58","120","Тб11","Тб43"],"lines":"38, 58, 120, 11, 43"},"geometry":{"type":"LineString","coordinates":[[30.458002,50.370005],[30.461046,50.371927]]}},{"type":"Feature","properties":{"mode":"bus","n":6,"arr":["38","56","57","58","75","Тб11"],"lines":"38, 56, 57, 58, 75, 11"},"geometry":{"type":"LineString","coordinates":[[30.458998,50.36972],[30.45786,50.370545]]}},{"type":"Feature","properties":{"mode":"bus","n":6,"arr":["38","56","58","75","Тб11","Тб45"],"lines":"38, 56, 58, 75, 11, 45"},"geometry":{"type":"LineString","coordinates":[[30.477418,50.381235],[30.477342,50.381136],[30.477195,50.381028]]}},{"type":"Feature","properties":{"mode":"bus","n":6,"arr":["38","39","91","Тб11","Тб12","Тб43"],"lines":"38, 39, 91, 11, 12, 43"},"geometry":{"type":"LineString","coordinates":[[30.51024,50.397618],[30.510015,50.397373]]}},{"type":"Feature","properties":{"mode":"bus","n":6,"arr":["38","39","91","Тб11","Тб12","Тб43"],"lines":"38, 39, 91, 11, 12, 43"},"geometry":{"type":"LineString","coordinates":[[30.516293,50.403175],[30.515495,50.402278],[30.514581,50.401363],[30.513492,50.400401],[30.511258,50.398571]]}},{"type":"Feature","properties":{"mode":"bus","n":5,"arr":["41","50","Тб24","Тб32","Тб44"],"lines":"41, 50, 24, 32, 44"},"geometry":{"type":"LineString","coordinates":[[30.512951,50.522226],[30.512731,50.522314]]}},{"type":"Feature","properties":{"mode":"bus","n":5,"arr":["42","45","51","63","115"],"lines":"42, 45, 51, 63, 115"},"geometry":{"type":"LineString","coordinates":[[30.628533,50.440258],[30.62943,50.438674],[30.634018,50.431038],[30.634332,50.430558],[30.63504,50.429603],[30.63642,50.427872]]}},{"type":"Feature","properties":{"mode":"bus","n":5,"arr":["42","45","51","63","115"],"lines":"42, 45, 51, 63, 115"},"geometry":{"type":"LineString","coordinates":[[30.635777,50.428512],[30.636569,50.427593],[30.636711,50.427529]]}},{"type":"Feature","properties":{"mode":"bus","n":6,"arr":["42","55","111","118д","Тб43","Тб50"],"lines":"42, 55, 111, 118д, 43, 50"},"geometry":{"type":"LineString","coordinates":[[30.626754,50.442461],[30.626333,50.442959],[30.626146,50.443053],[30.625963,50.443069],[30.625693,50.443006],[30.625591,50.442954],[30.625417,50.442795]]}},{"type":"Feature","properties":{"mode":"bus","n":6,"arr":["42","55","111","118д","Тб43","Тб50"],"lines":"42, 55, 111, 118д, 43, 50"},"geometry":{"type":"LineString","coordinates":[[30.625082,50.442486],[30.624477,50.4421],[30.624319,50.442022],[30.623885,50.44187]]}},{"type":"Feature","properties":{"mode":"bus","n":9,"arr":["42","55","63","111","118д","Тб29","Тб43","Тб50","Тб50к"],"lines":"42, 55, 63, 111, 118д, 29, 43, 50, 50к"},"geometry":{"type":"LineString","coordinates":[[30.625417,50.442795],[30.625346,50.442703],[30.625082,50.442486]]}},{"type":"Feature","properties":{"mode":"bus","n":8,"arr":["42","51","55","111","115","118д","Тб43","Тб50"],"lines":"42, 51, 55, 111, 115, 118д, 43, 50"},"geometry":{"type":"LineString","coordinates":[[30.623885,50.44187],[30.622774,50.441562],[30.610561,50.437804]]}},{"type":"Feature","properties":{"mode":"bus","n":8,"arr":["42","51","55","111","115","118д","Тб43","Тб50"],"lines":"42, 51, 55, 111, 115, 118д, 43, 50"},"geometry":{"type":"LineString","coordinates":[[30.610822,50.437763],[30.615191,50.439109]]}},{"type":"Feature","properties":{"mode":"bus","n":8,"arr":["42","51","55","111","115","118д","Тб43","Тб50"],"lines":"42, 51, 55, 111, 115, 118д, 43, 50"},"geometry":{"type":"LineString","coordinates":[[30.619107,50.440326],[30.622843,50.441469],[30.623926,50.441772],[30.624544,50.441859],[30.625307,50.441883]]}},{"type":"Feature","properties":{"mode":"bus","n":7,"arr":["42","44","70Д","87","95","108","111"],"lines":"42, 44, 70Д, 87, 95, 108, 111"},"geometry":{"type":"LineString","coordinates":[[30.598604,50.451274],[30.59877,50.450843]]}},{"type":"Feature","properties":{"mode":"bus","n":6,"arr":["42","44","87","95","108","111"],"lines":"42, 44, 87, 95, 108, 111"},"geometry":{"type":"LineString","coordinates":[[30.59847,50.451525],[30.598604,50.451274]]}},{"type":"Feature","properties":{"mode":"bus","n":7,"arr":["42","44","46","87","95","108","111"],"lines":"42, 44, 46, 87, 95, 108, 111"},"geometry":{"type":"LineString","coordinates":[[30.598084,50.452171],[30.59847,50.451525]]}},{"type":"Feature","properties":{"mode":"bus","n":7,"arr":["42","44","46","87","95","108","111"],"lines":"42, 44, 46, 87, 95, 108, 111"},"geometry":{"type":"LineString","coordinates":[[30.598654,50.450132],[30.598468,50.450241]]}},{"type":"Feature","properties":{"mode":"bus","n":7,"arr":["42","44","46","87","95","108","111"],"lines":"42, 44, 46, 87, 95, 108, 111"},"geometry":{"type":"LineString","coordinates":[[30.598148,50.450248],[30.598256,50.450267]]}},{"type":"Feature","properties":{"mode":"bus","n":6,"arr":["44","46","87","95","108","111"],"lines":"44, 46, 87, 95, 108, 111"},"geometry":{"type":"LineString","coordinates":[[30.598039,50.450236],[30.598148,50.450248]]}},{"type":"Feature","properties":{"mode":"bus","n":7,"arr":["42","51","55","111","115","118д","Тб43"],"lines":"42, 51, 55, 111, 115, 118д, 43"},"geometry":{"type":"LineString","coordinates":[[30.615191,50.439109],[30.619107,50.440326]]}},{"type":"Feature","properties":{"mode":"bus","n":6,"arr":["44","46","70Д","Тб29","Тб50","Тб50к"],"lines":"44, 46, 70Д, 29, 50, 50к"},"geometry":{"type":"LineString","coordinates":[[30.607819,50.456002],[30.607791,50.455932]]}},{"type":"Feature","properties":{"mode":"bus","n":7,"arr":["44","46","110","112","Тб29","Тб50","Тб50к"],"lines":"44, 46, 110, 112, 29, 50, 50к"},"geometry":{"type":"LineString","coordinates":[[30.593598,50.483613],[30.591377,50.490049]]}},{"type":"Feature","properties":{"mode":"bus","n":7,"arr":["44","46","110","112","Тб29","Тб50","Тб50к"],"lines":"44, 46, 110, 112, 29, 50, 50к"},"geometry":{"type":"LineString","coordinates":[[30.592889,50.485216],[30.591075,50.49049]]}},{"type":"Feature","properties":{"mode":"bus","n":5,"arr":["44","112","Тб29","Тб50","Тб50к"],"lines":"44, 112, 29, 50, 50к"},"geometry":{"type":"LineString","coordinates":[[30.591377,50.490049],[30.591255,50.490456]]}},{"type":"Feature","properties":{"mode":"bus","n":6,"arr":["44","46","110","112","Тб50","Тб50к"],"lines":"44, 46, 110, 112, 50, 50к"},"geometry":{"type":"LineString","coordinates":[[30.591255,50.490456],[30.591075,50.49049]]}},{"type":"Feature","properties":{"mode":"bus","n":5,"arr":["45","118д","Тб29","Тб50","Тб50к"],"lines":"45, 118д, 29, 50, 50к"},"geometry":{"type":"LineString","coordinates":[[30.624563,50.442639],[30.625082,50.442486]]}},{"type":"Feature","properties":{"mode":"bus","n":5,"arr":["46","70Д","Тб29","Тб50","Тб50к"],"lines":"46, 70Д, 29, 50, 50к"},"geometry":{"type":"LineString","coordinates":[[30.597856,50.470896],[30.599011,50.467651],[30.59986,50.465138],[30.599933,50.464844],[30.600234,50.462417],[30.600415,50.46199],[30.600676,50.461684],[30.604402,50.45811],[30.60479,50.457868],[30.605622,50.457502],[30.60661,50.457137],[30.60712,50.456974]]}},{"type":"Feature","properties":{"mode":"bus","n":5,"arr":["46","70Д","Тб29","Тб50","Тб50к"],"lines":"46, 70Д, 29, 50, 50к"},"geometry":{"type":"LineString","coordinates":[[30.605675,50.456795],[30.605128,50.457243],[30.604131,50.458131],[30.600534,50.461599],[30.600253,50.461928],[30.600093,50.462293],[30.599781,50.464804],[30.597714,50.470924],[30.597109,50.472914]]}},{"type":"Feature","properties":{"mode":"bus","n":5,"arr":["46","70Д","Тб29","Тб50","Тб50к"],"lines":"46, 70Д, 29, 50, 50к"},"geometry":{"type":"LineString","coordinates":[[30.597323,50.47286],[30.597237,50.473088]]}},{"type":"Feature","properties":{"mode":"bus","n":7,"arr":["50","118д","Тб4","Тб5","Тб7","Тб8","Тб17"],"lines":"50, 118д, 4, 5, 7, 8, 17"},"geometry":{"type":"LineString","coordinates":[[30.495021,50.446288],[30.494458,50.446372]]}},{"type":"Feature","properties":{"mode":"bus","n":7,"arr":["50","118д","Тб4","Тб5","Тб7","Тб8","Тб17"],"lines":"50, 118д, 4, 5, 7, 8, 17"},"geometry":{"type":"LineString","coordinates":[[30.490929,50.447247],[30.483688,50.448426]]}},{"type":"Feature","properties":{"mode":"bus","n":7,"arr":["50","118д","Тб4","Тб5","Тб7","Тб8","Тб17"],"lines":"50, 118д, 4, 5, 7, 8, 17"},"geometry":{"type":"LineString","coordinates":[[30.49413,50.446419],[30.483325,50.448206]]}},{"type":"Feature","properties":{"mode":"bus","n":7,"arr":["50","119","Тб23Д","Тб28Д","Тб31Д","Тб33","Тб35"],"lines":"50, 119, 23Д, 28Д, 31Д, 33, 35"},"geometry":{"type":"LineString","coordinates":[[30.484863,50.454249],[30.484386,50.453029],[30.483047,50.449844]]}},{"type":"Feature","properties":{"mode":"bus","n":8,"arr":["50","119","Тб19","Тб23Д","Тб28Д","Тб31Д","Тб33","Тб35"],"lines":"50, 119, 19, 23Д, 28Д, 31Д, 33, 35"},"geometry":{"type":"LineString","coordinates":[[30.486105,50.457461],[30.484863,50.454249]]}},{"type":"Feature","properties":{"mode":"bus","n":8,"arr":["50","119","Тб19","Тб23Д","Тб28Д","Тб31Д","Тб33","Тб35"],"lines":"50, 119, 19, 23Д, 28Д, 31Д, 33, 35"},"geometry":{"type":"LineString","coordinates":[[30.486342,50.458568],[30.486111,50.457929]]}},{"type":"Feature","properties":{"mode":"bus","n":7,"arr":["50","Тб19","Тб23Д","Тб28Д","Тб31Д","Тб33","Тб35"],"lines":"50, 19, 23Д, 28Д, 31Д, 33, 35"},"geometry":{"type":"LineString","coordinates":[[30.486105,50.457461],[30.486403,50.457596]]}},{"type":"Feature","properties":{"mode":"bus","n":8,"arr":["50","112","Тб19","Тб23Д","Тб28Д","Тб31Д","Тб33","Тб35"],"lines":"50, 112, 19, 23Д, 28Д, 31Д, 33, 35"},"geometry":{"type":"LineString","coordinates":[[30.487066,50.45788],[30.486403,50.457596]]}},{"type":"Feature","properties":{"mode":"bus","n":10,"arr":["50","112","Тб6","Тб18","Тб19","Тб23Д","Тб28Д","Тб31Д","Тб33","Тб35"],"lines":"50, 112, 6, 18, 19, 23Д, 28Д, 31Д, 33, 35"},"geometry":{"type":"LineString","coordinates":[[30.487201,50.457941],[30.487066,50.45788]]}},{"type":"Feature","properties":{"mode":"bus","n":11,"arr":["50","112","Тб6","Тб16","Тб18","Тб19","Тб23Д","Тб28Д","Тб31Д","Тб33","Тб35"],"lines":"50, 112, 6, 16, 18, 19, 23Д, 28Д, 31Д, 33, 35"},"geometry":{"type":"LineString","coordinates":[[30.48657,50.45858],[30.487201,50.457941]]}},{"type":"Feature","properties":{"mode":"bus","n":11,"arr":["50","112","Тб6","Тб16","Тб18","Тб19","Тб23Д","Тб28Д","Тб31Д","Тб33","Тб35"],"lines":"50, 112, 6, 16, 18, 19, 23Д, 28Д, 31Д, 33, 35"},"geometry":{"type":"LineString","coordinates":[[30.48395,50.461084],[30.485272,50.459865],[30.48651,50.458642]]}},{"type":"Feature","properties":{"mode":"bus","n":12,"arr":["50","112","119","Тб6","Тб16","Тб18","Тб19","Тб23Д","Тб28Д","Тб31Д","Тб33","Тб35"],"lines":"50, 112, 119, 6, 16, 18, 19, 23Д, 28Д, 31Д, 33, 35"},"geometry":{"type":"LineString","coordinates":[[30.48651,50.458642],[30.48657,50.45858]]}},{"type":"Feature","properties":{"mode":"bus","n":10,"arr":["50","Тб6","Тб16","Тб18","Тб19","Тб23Д","Тб28Д","Тб31Д","Тб33","Тб35"],"lines":"50, 6, 16, 18, 19, 23Д, 28Д, 31Д, 33, 35"},"geometry":{"type":"LineString","coordinates":[[30.475099,50.466077],[30.480416,50.463634],[30.481987,50.462888],[30.482172,50.462771],[30.48254,50.462445],[30.48395,50.461084]]}},{"type":"Feature","properties":{"mode":"bus","n":8,"arr":["50","Тб16","Тб18","Тб19","Тб23Д","Тб28Д","Тб31Д","Тб35"],"lines":"50, 16, 18, 19, 23Д, 28Д, 31Д, 35"},"geometry":{"type":"LineString","coordinates":[[30.47448,50.466371],[30.475099,50.466077]]}},{"type":"Feature","properties":{"mode":"bus","n":5,"arr":["50","Тб22к","Тб30","Тб31Д","Тб42"],"lines":"50, 22к, 30, 31Д, 42"},"geometry":{"type":"LineString","coordinates":[[30.449121,50.475736],[30.448891,50.475163],[30.448095,50.473423]]}},{"type":"Feature","properties":{"mode":"bus","n":5,"arr":["50","Тб25","Тб27","Тб30","Тб31Д"],"lines":"50, 25, 27, 30, 31Д"},"geometry":{"type":"LineString","coordinates":[[30.471772,50.485382],[30.471994,50.485611],[30.472404,50.485945],[30.473097,50.486452],[30.473619,50.486765],[30.474094,50.486999],[30.474679,50.487218],[30.475065,50.487321],[30.477292,50.487693]]}},{"type":"Feature","properties":{"mode":"bus","n":5,"arr":["50","Тб25","Тб27","Тб30","Тб31Д"],"lines":"50, 25, 27, 30, 31Д"},"geometry":{"type":"LineString","coordinates":[[30.480802,50.488236],[30.482899,50.4886],[30.485268,50.488916],[30.486066,50.488986],[30.487464,50.489041]]}},{"type":"Feature","properties":{"mode":"bus","n":5,"arr":["50","Тб25","Тб27","Тб30","Тб31Д"],"lines":"50, 25, 27, 30, 31Д"},"geometry":{"type":"LineString","coordinates":[[30.484632,50.488948],[30.482851,50.488705]]}},{"type":"Feature","properties":{"mode":"bus","n":7,"arr":["50","Тб25","Тб27","Тб29","Тб30","Тб31Д","Тб34"],"lines":"50, 25, 27, 29, 30, 31Д, 34"},"geometry":{"type":"LineString","coordinates":[[30.487464,50.489041],[30.489748,50.489093],[30.494586,50.489128]]}},{"type":"Feature","properties":{"mode":"bus","n":7,"arr":["50","Тб25","Тб27","Тб29","Тб30","Тб31Д","Тб34"],"lines":"50, 25, 27, 29, 30, 31Д, 34"},"geometry":{"type":"LineString","coordinates":[[30.49766,50.489222],[30.497606,50.489223]]}},{"type":"Feature","properties":{"mode":"bus","n":7,"arr":["50","Тб25","Тб27","Тб29","Тб30","Тб31Д","Тб34"],"lines":"50, 25, 27, 29, 30, 31Д, 34"},"geometry":{"type":"LineString","coordinates":[[30.494361,50.489245],[30.487265,50.489165]]}},{"type":"Feature","properties":{"mode":"bus","n":5,"arr":["50","Тб29","Тб30","Тб31Д","Тб34"],"lines":"50, 29, 30, 31Д, 34"},"geometry":{"type":"LineString","coordinates":[[30.497606,50.489223],[30.494361,50.489245]]}},{"type":"Feature","properties":{"mode":"bus","n":6,"arr":["50","Тб25","Тб27","Тб29","Тб30","Тб31Д"],"lines":"50, 25, 27, 29, 30, 31Д"},"geometry":{"type":"LineString","coordinates":[[30.487265,50.489165],[30.485313,50.489034],[30.484632,50.488948]]}},{"type":"Feature","properties":{"mode":"bus","n":6,"arr":["50","Тб19","Тб22к","Тб27","Тб31Д","Тб42"],"lines":"50, 19, 22к, 27, 31Д, 42"},"geometry":{"type":"LineString","coordinates":[[30.448921,50.47578],[30.448583,50.475318],[30.448333,50.474912],[30.447631,50.473483]]}},{"type":"Feature","properties":{"mode":"bus","n":5,"arr":["50","Тб19","Тб23Д","Тб31Д","Тб35"],"lines":"50, 19, 23Д, 31Д, 35"},"geometry":{"type":"LineString","coordinates":[[30.471609,50.46772],[30.471445,50.467736],[30.467954,50.469375]]}},{"type":"Feature","properties":{"mode":"bus","n":11,"arr":["50","119","Тб6","Тб16","Тб18","Тб19","Тб23Д","Тб28Д","Тб31Д","Тб33","Тб35"],"lines":"50, 119, 6, 16, 18, 19, 23Д, 28Д, 31Д, 33, 35"},"geometry":{"type":"LineString","coordinates":[[30.486409,50.458756],[30.486342,50.458568]]}},{"type":"Feature","properties":{"mode":"bus","n":7,"arr":["50","119","Тб19","Тб23Д","Тб31Д","Тб33","Тб35"],"lines":"50, 119, 19, 23Д, 31Д, 33, 35"},"geometry":{"type":"LineString","coordinates":[[30.482552,50.449038],[30.484221,50.453036],[30.485897,50.457313],[30.486111,50.457929]]}},{"type":"Feature","properties":{"mode":"bus","n":10,"arr":["50","118д","119","Тб8","Тб17","Тб19","Тб23Д","Тб31Д","Тб33","Тб35"],"lines":"50, 118д, 119, 8, 17, 19, 23Д, 31Д, 33, 35"},"geometry":{"type":"LineString","coordinates":[[30.482441,50.44875],[30.482552,50.449038]]}},{"type":"Feature","properties":{"mode":"bus","n":9,"arr":["50","118д","119","Тб8","Тб17","Тб19","Тб23Д","Тб33","Тб35"],"lines":"50, 118д, 119, 8, 17, 19, 23Д, 33, 35"},"geometry":{"type":"LineString","coordinates":[[30.482006,50.447672],[30.482441,50.44875]]}},{"type":"Feature","properties":{"mode":"bus","n":6,"arr":["51","55","115","118д","Тб43","Тб50"],"lines":"51, 55, 115, 118д, 43, 50"},"geometry":{"type":"LineString","coordinates":[[30.610561,50.437804],[30.608933,50.437248],[30.607539,50.436723],[30.597218,50.432332],[30.593296,50.430686]]}},{"type":"Feature","properties":{"mode":"bus","n":6,"arr":["51","55","115","118д","Тб43","Тб50"],"lines":"51, 55, 115, 118д, 43, 50"},"geometry":{"type":"LineString","coordinates":[[30.592118,50.430193],[30.593037,50.43049],[30.593836,50.43079],[30.600116,50.433468],[30.608102,50.436812],[30.608669,50.437026],[30.610822,50.437763]]}},{"type":"Feature","properties":{"mode":"bus","n":7,"arr":["51","55","109","115","118д","Тб43","Тб50"],"lines":"51, 55, 109, 115, 118д, 43, 50"},"geometry":{"type":"LineString","coordinates":[[30.593296,50.430686],[30.592086,50.430262],[30.585893,50.428466],[30.571692,50.424275]]}},{"type":"Feature","properties":{"mode":"bus","n":7,"arr":["51","55","109","115","118д","Тб43","Тб50"],"lines":"51, 55, 109, 115, 118д, 43, 50"},"geometry":{"type":"LineString","coordinates":[[30.570795,50.423904],[30.573898,50.424838],[30.592118,50.430193]]}},{"type":"Feature","properties":{"mode":"bus","n":6,"arr":["51","55","109","118д","Тб43","Тб50"],"lines":"51, 55, 109, 118д, 43, 50"},"geometry":{"type":"LineString","coordinates":[[30.571692,50.424275],[30.570232,50.423858],[30.569844,50.423783],[30.568826,50.4237],[30.567657,50.423676],[30.567096,50.423718],[30.566603,50.423801],[30.56329,50.424512]]}},{"type":"Feature","properties":{"mode":"bus","n":6,"arr":["51","55","109","118д","Тб43","Тб50"],"lines":"51, 55, 109, 118д, 43, 50"},"geometry":{"type":"LineString","coordinates":[[30.561904,50.424478],[30.562622,50.424465],[30.563307,50.424372],[30.566228,50.423749],[30.566786,50.423648],[30.567426,50.423578],[30.568435,50.423581],[30.56972,50.423656],[30.570254,50.423742],[30.570795,50.423904]]}},{"type":"Feature","properties":{"mode":"bus","n":5,"arr":["51","109","118д","Тб43","Тб50"],"lines":"51, 109, 118д, 43, 50"},"geometry":{"type":"LineString","coordinates":[[30.56329,50.424512],[30.562662,50.424601],[30.562405,50.424618],[30.561614,50.424612],[30.560996,50.424547],[30.559959,50.4243],[30.554744,50.422909],[30.553852,50.422643],[30.552203,50.422023],[30.551344,50.421626],[30.549808,50.420828]]}},{"type":"Feature","properties":{"mode":"bus","n":5,"arr":["51","109","118д","Тб43","Тб50"],"lines":"51, 109, 118д, 43, 50"},"geometry":{"type":"LineString","coordinates":[[30.545337,50.418337],[30.551277,50.421418],[30.552371,50.421936],[30.553202,50.42226],[30.554431,50.422679],[30.560233,50.424208],[30.561143,50.424413],[30.561904,50.424478]]}},{"type":"Feature","properties":{"mode":"bus","n":6,"arr":["55","111","115","118д","Тб43","Тб50"],"lines":"55, 111, 115, 118д, 43, 50"},"geometry":{"type":"LineString","coordinates":[[30.625307,50.441883],[30.626037,50.441828],[30.626278,50.44183],[30.626414,50.441857]]}},{"type":"Feature","properties":{"mode":"bus","n":5,"arr":["55","111","118д","Тб43","Тб50"],"lines":"55, 111, 118д, 43, 50"},"geometry":{"type":"LineString","coordinates":[[30.626414,50.441857],[30.626598,50.441965],[30.626768,50.442153],[30.626754,50.442461]]}},{"type":"Feature","properties":{"mode":"bus","n":7,"arr":["56","58","75","Тб11","Тб12","Тб43","Тб45"],"lines":"56, 58, 75, 11, 12, 43, 45"},"geometry":{"type":"LineString","coordinates":[[30.477288,50.381195],[30.477418,50.381235]]}},{"type":"Feature","properties":{"mode":"bus","n":5,"arr":["58","Тб11","Тб12","Тб43","Тб45"],"lines":"58, 11, 12, 43, 45"},"geometry":{"type":"LineString","coordinates":[[30.479152,50.381857],[30.478582,50.381647]]}},{"type":"Feature","properties":{"mode":"bus","n":6,"arr":["58","75","Тб11","Тб12","Тб43","Тб45"],"lines":"58, 75, 11, 12, 43, 45"},"geometry":{"type":"LineString","coordinates":[[30.478582,50.381647],[30.477418,50.381235]]}},{"type":"Feature","properties":{"mode":"bus","n":5,"arr":["62","118д","Тб14","Тб15","Тб38"],"lines":"62, 118д, 14, 15, 38"},"geometry":{"type":"LineString","coordinates":[[30.542907,50.423565],[30.542086,50.42478],[30.541783,50.425108],[30.541012,50.425773],[30.53845,50.42787]]}},{"type":"Feature","properties":{"mode":"bus","n":5,"arr":["62","118д","Тб14","Тб15","Тб38"],"lines":"62, 118д, 14, 15, 38"},"geometry":{"type":"LineString","coordinates":[[30.548288,50.419319],[30.546781,50.420556],[30.545074,50.42181],[30.543166,50.423306]]}},{"type":"Feature","properties":{"mode":"bus","n":5,"arr":["62","118д","Тб14","Тб15","Тб38"],"lines":"62, 118д, 14, 15, 38"},"geometry":{"type":"LineString","coordinates":[[30.547176,50.420428],[30.546714,50.42082],[30.54327,50.423505],[30.543045,50.423765],[30.542234,50.42493],[30.542008,50.425204],[30.54033,50.426641],[30.538815,50.427869]]}},{"type":"Feature","properties":{"mode":"bus","n":5,"arr":["63","118д","Тб29","Тб50","Тб50к"],"lines":"63, 118д, 29, 50, 50к"},"geometry":{"type":"LineString","coordinates":[[30.626126,50.444138],[30.625417,50.442795]]}},{"type":"Feature","properties":{"mode":"bus","n":7,"arr":["69","Тб8","Тб17","Тб19","Тб35","Тб40","Тб40к"],"lines":"69, 8, 17, 19, 35, 40, 40к"},"geometry":{"type":"LineString","coordinates":[[30.466712,50.429264],[30.469603,50.432112]]}},{"type":"Feature","properties":{"mode":"bus","n":8,"arr":["69","119","Тб8","Тб17","Тб19","Тб35","Тб40","Тб40к"],"lines":"69, 119, 8, 17, 19, 35, 40, 40к"},"geometry":{"type":"LineString","coordinates":[[30.466337,50.428873],[30.466712,50.429264]]}},{"type":"Feature","properties":{"mode":"bus","n":6,"arr":["69","119","Тб8","Тб35","Тб40","Тб40к"],"lines":"69, 119, 8, 35, 40, 40к"},"geometry":{"type":"LineString","coordinates":[[30.459905,50.425753],[30.460259,50.4258],[30.465519,50.428259],[30.465897,50.428475],[30.466337,50.428873]]}},{"type":"Feature","properties":{"mode":"bus","n":6,"arr":["69","119","Тб8","Тб35","Тб40","Тб40к"],"lines":"69, 119, 8, 35, 40, 40к"},"geometry":{"type":"LineString","coordinates":[[30.460145,50.425549],[30.460289,50.425669]]}},{"type":"Feature","properties":{"mode":"bus","n":6,"arr":["69","119","Тб8","Тб35","Тб40","Тб40к"],"lines":"69, 119, 8, 35, 40, 40к"},"geometry":{"type":"LineString","coordinates":[[30.469613,50.431929],[30.469744,50.432057]]}},{"type":"Feature","properties":{"mode":"bus","n":7,"arr":["69","Тб8","Тб22к","Тб30","Тб35","Тб40","Тб40к"],"lines":"69, 8, 22к, 30, 35, 40, 40к"},"geometry":{"type":"LineString","coordinates":[[30.458052,50.424017],[30.457811,50.423697]]}},{"type":"Feature","properties":{"mode":"bus","n":7,"arr":["69","Тб8","Тб22к","Тб30","Тб35","Тб40","Тб40к"],"lines":"69, 8, 22к, 30, 35, 40, 40к"},"geometry":{"type":"LineString","coordinates":[[30.460152,50.425532],[30.460138,50.425379],[30.459819,50.42493]]}},{"type":"Feature","properties":{"mode":"bus","n":6,"arr":["Тб8","Тб22к","Тб30","Тб35","Тб40","Тб40к"],"lines":"8, 22к, 30, 35, 40, 40к"},"geometry":{"type":"LineString","coordinates":[[30.457811,50.423697],[30.455496,50.421583]]}},{"type":"Feature","properties":{"mode":"bus","n":5,"arr":["119","Тб8","Тб35","Тб40","Тб40к"],"lines":"119, 8, 35, 40, 40к"},"geometry":{"type":"LineString","coordinates":[[30.460289,50.425669],[30.465652,50.428166],[30.465978,50.428348],[30.466239,50.428566],[30.466851,50.429213],[30.469613,50.431929]]}},{"type":"Feature","properties":{"mode":"bus","n":6,"arr":["72","Тб6","Тб18","Тб25","Тб28Д","Тб33"],"lines":"72, 6, 18, 25, 28Д, 33"},"geometry":{"type":"LineString","coordinates":[[30.462547,50.492868],[30.4609,50.494225],[30.460154,50.494765],[30.459671,50.495078],[30.459336,50.495281],[30.456446,50.496773]]}},{"type":"Feature","properties":{"mode":"bus","n":8,"arr":["72","102А","Тб4","Тб24","Тб25","Тб26","Тб28Д","Тб35"],"lines":"72, 102А, 4, 24, 25, 26, 28Д, 35"},"geometry":{"type":"LineString","coordinates":[[30.424026,50.513127],[30.423355,50.513634],[30.422956,50.51385],[30.421245,50.515067]]}},{"type":"Feature","properties":{"mode":"bus","n":5,"arr":["72","102А","Тб4","Тб25","Тб28Д"],"lines":"72, 102А, 4, 25, 28Д"},"geometry":{"type":"LineString","coordinates":[[30.421245,50.515067],[30.421083,50.515181],[30.420653,50.515338]]}},{"type":"Feature","properties":{"mode":"bus","n":6,"arr":["72","102А","Тб4","Тб26","Тб28Д","Тб35"],"lines":"72, 102А, 4, 26, 28Д, 35"},"geometry":{"type":"LineString","coordinates":[[30.422956,50.51385],[30.423196,50.513488],[30.423395,50.512955]]}},{"type":"Feature","properties":{"mode":"bus","n":6,"arr":["78","Тб22к","Тб30","Тб35","Тб40","Тб40к"],"lines":"78, 22к, 30, 35, 40, 40к"},"geometry":{"type":"LineString","coordinates":[[30.455496,50.421583],[30.457207,50.421074]]}},{"type":"Feature","properties":{"mode":"bus","n":7,"arr":["79","114","Тб30","Тб31Д","Тб37","Тб47","Тб50к"],"lines":"79, 114, 30, 31Д, 37, 47, 50к"},"geometry":{"type":"LineString","coordinates":[[30.60194,50.505345],[30.601696,50.505126]]}},{"type":"Feature","properties":{"mode":"bus","n":6,"arr":["114","Тб30","Тб31Д","Тб37","Тб47","Тб50к"],"lines":"114, 30, 31Д, 37, 47, 50к"},"geometry":{"type":"LineString","coordinates":[[30.606707,50.507428],[30.604404,50.506288],[30.603554,50.505949],[30.60217,50.505463],[30.60194,50.505345]]}},{"type":"Feature","properties":{"mode":"bus","n":5,"arr":["90","90к","Тб16","Тб23Д","Тб35"],"lines":"90, 90к, 16, 23Д, 35"},"geometry":{"type":"LineString","coordinates":[[30.40583,50.481227],[30.406267,50.480985]]}},{"type":"Feature","properties":{"mode":"bus","n":5,"arr":["102А","Тб24","Тб26","Тб28Д","Тб35"],"lines":"102А, 24, 26, 28Д, 35"},"geometry":{"type":"LineString","coordinates":[[30.422224,50.514105],[30.422378,50.514064],[30.4227,50.514028]]}},{"type":"Feature","properties":{"mode":"bus","n":8,"arr":["109","110","111","Тб4","Тб5","Тб7","Тб8","Тб17"],"lines":"109, 110, 111, 4, 5, 7, 8, 17"},"geometry":{"type":"LineString","coordinates":[[30.51805,50.43996],[30.519407,50.440566],[30.519571,50.440701],[30.519721,50.440973]]}},{"type":"Feature","properties":{"mode":"bus","n":8,"arr":["109","110","111","Тб4","Тб5","Тб7","Тб8","Тб17"],"lines":"109, 110, 111, 4, 5, 7, 8, 17"},"geometry":{"type":"LineString","coordinates":[[30.512389,50.443488],[30.511138,50.440408],[30.511136,50.440387],[30.51115,50.440373],[30.511178,50.440364],[30.513601,50.43995]]}},{"type":"Feature","properties":{"mode":"bus","n":6,"arr":["109","110","111","Тб4","Тб7","Тб17"],"lines":"109, 110, 111, 4, 7, 17"},"geometry":{"type":"LineString","coordinates":[[30.517351,50.439643],[30.51805,50.43996]]}},{"type":"Feature","properties":{"mode":"bus","n":5,"arr":["109","110","111","Тб7","Тб17"],"lines":"109, 110, 111, 7, 17"},"geometry":{"type":"LineString","coordinates":[[30.516978,50.439478],[30.517351,50.439643]]}},{"type":"Feature","properties":{"mode":"bus","n":6,"arr":["109","110","111","Тб7","Тб8","Тб17"],"lines":"109, 110, 111, 7, 8, 17"},"geometry":{"type":"LineString","coordinates":[[30.516821,50.439417],[30.516978,50.439478]]}},{"type":"Feature","properties":{"mode":"bus","n":6,"arr":["109","111","Тб4","Тб7","Тб8","Тб17"],"lines":"109, 111, 4, 7, 8, 17"},"geometry":{"type":"LineString","coordinates":[[30.513601,50.43995],[30.513707,50.439965],[30.513795,50.43995]]}},{"type":"Feature","properties":{"mode":"bus","n":6,"arr":["109","Тб4","Тб5","Тб7","Тб8","Тб17"],"lines":"109, 4, 5, 7, 8, 17"},"geometry":{"type":"LineString","coordinates":[[30.512389,50.443488],[30.512476,50.443708]]}},{"type":"Feature","properties":{"mode":"bus","n":8,"arr":["110","114","Тб30","Тб31Д","Тб37","Тб47","Тб50","Тб50к"],"lines":"110, 114, 30, 31Д, 37, 47, 50, 50к"},"geometry":{"type":"LineString","coordinates":[[30.613427,50.512536],[30.613401,50.512292]]}},{"type":"Feature","properties":{"mode":"bus","n":5,"arr":["112","119","Тб6","Тб16","Тб18"],"lines":"112, 119, 6, 16, 18"},"geometry":{"type":"LineString","coordinates":[[30.48651,50.458642],[30.486452,50.458476]]}},{"type":"Feature","properties":{"mode":"bus","n":5,"arr":["118д","Тб4","Тб5","Тб7","Тб23Д"],"lines":"118д, 4, 5, 7, 23Д"},"geometry":{"type":"LineString","coordinates":[[30.481088,50.448604],[30.479896,50.448866]]}},{"type":"Feature","properties":{"mode":"bus","n":8,"arr":["118д","119","Тб8","Тб17","Тб19","Тб23Д","Тб33","Тб35"],"lines":"118д, 119, 8, 17, 19, 23Д, 33, 35"},"geometry":{"type":"LineString","coordinates":[[30.481943,50.447493],[30.482006,50.447672]]}},{"type":"Feature","properties":{"mode":"bus","n":6,"arr":["119","Тб8","Тб17","Тб19","Тб33","Тб35"],"lines":"119, 8, 17, 19, 33, 35"},"geometry":{"type":"LineString","coordinates":[[30.480504,50.443743],[30.480635,50.444218],[30.481559,50.446426],[30.481943,50.447493]]}},{"type":"Feature","properties":{"mode":"bus","n":6,"arr":["119","Тб8","Тб17","Тб19","Тб33","Тб35"],"lines":"119, 8, 17, 19, 33, 35"},"geometry":{"type":"LineString","coordinates":[[30.479818,50.441727],[30.479925,50.441991]]}},{"type":"Feature","properties":{"mode":"bus","n":6,"arr":["119","Тб8","Тб17","Тб19","Тб33","Тб35"],"lines":"119, 8, 17, 19, 33, 35"},"geometry":{"type":"LineString","coordinates":[[30.480084,50.441964],[30.480577,50.443313],[30.480678,50.443736]]}},{"type":"Feature","properties":{"mode":"bus","n":5,"arr":["119","Тб8","Тб17","Тб33","Тб35"],"lines":"119, 8, 17, 33, 35"},"geometry":{"type":"LineString","coordinates":[[30.479925,50.441991],[30.480312,50.442996],[30.480504,50.443743]]}},{"type":"Feature","properties":{"mode":"bus","n":5,"arr":["119","Тб8","Тб17","Тб33","Тб35"],"lines":"119, 8, 17, 33, 35"},"geometry":{"type":"LineString","coordinates":[[30.480678,50.443736],[30.480782,50.444114],[30.481175,50.445188],[30.481963,50.447192]]}},{"type":"Feature","properties":{"mode":"bus","n":5,"arr":["119","Тб8","Тб17","Тб19","Тб35"],"lines":"119, 8, 17, 19, 35"},"geometry":{"type":"LineString","coordinates":[[30.479818,50.441727],[30.479681,50.441425],[30.479401,50.440947],[30.479016,50.440467],[30.47848,50.439909],[30.477848,50.439383],[30.476173,50.438327],[30.475426,50.437903],[30.475062,50.437646],[30.474784,50.437411],[30.473568,50.436201],[30.472259,50.434819],[30.469603,50.432112]]}},{"type":"Feature","properties":{"mode":"bus","n":5,"arr":["119","Тб8","Тб17","Тб19","Тб35"],"lines":"119, 8, 17, 19, 35"},"geometry":{"type":"LineString","coordinates":[[30.472392,50.434767],[30.474944,50.437341],[30.475504,50.437753],[30.47761,50.439026],[30.478129,50.439395],[30.478903,50.440082],[30.47953,50.440849],[30.479836,50.441389],[30.480084,50.441964]]}},{"type":"Feature","properties":{"mode":"bus","n":5,"arr":["119","Тб23Д","Тб28Д","Тб33","Тб35"],"lines":"119, 23Д, 28Д, 33, 35"},"geometry":{"type":"LineString","coordinates":[[30.48237,50.448273],[30.482607,50.448838]]}},{"type":"Feature","properties":{"mode":"bus","n":6,"arr":["119","Тб23Д","Тб28Д","Тб31Д","Тб33","Тб35"],"lines":"119, 23Д, 28Д, 31Д, 33, 35"},"geometry":{"type":"LineString","coordinates":[[30.483047,50.449844],[30.482607,50.448838]]}},{"type":"Feature","properties":{"mode":"bus","n":5,"arr":["Тб6","Тб18","Тб25","Тб28Д","Тб33"],"lines":"6, 18, 25, 28Д, 33"},"geometry":{"type":"LineString","coordinates":[[30.465194,50.490516],[30.470269,50.487448],[30.472645,50.486106],[30.473178,50.485752],[30.473181,50.485749],[30.473182,50.485745],[30.473178,50.485741],[30.473163,50.485731]]}},{"type":"Feature","properties":{"mode":"bus","n":6,"arr":["Тб6","Тб16","Тб18","Тб23Д","Тб33","Тб35"],"lines":"6, 16, 18, 23Д, 33, 35"},"geometry":{"type":"LineString","coordinates":[[30.486086,50.459081],[30.485912,50.459006]]}},{"type":"Feature","properties":{"mode":"bus","n":6,"arr":["Тб16","Тб19","Тб22к","Тб27","Тб31Д","Тб42"],"lines":"16, 19, 22к, 27, 31Д, 42"},"geometry":{"type":"LineString","coordinates":[[30.447601,50.4734],[30.447559,50.473284]]}},{"type":"Feature","properties":{"mode":"bus","n":5,"arr":["Тб19","Тб22к","Тб27","Тб31Д","Тб42"],"lines":"19, 22к, 27, 31Д, 42"},"geometry":{"type":"LineString","coordinates":[[30.446939,50.471114],[30.447171,50.472013],[30.447559,50.473284]]}},{"type":"Feature","properties":{"mode":"bus","n":5,"arr":["Тб19","Тб22к","Тб27","Тб31Д","Тб42"],"lines":"19, 22к, 27, 31Д, 42"},"geometry":{"type":"LineString","coordinates":[[30.447631,50.473483],[30.447601,50.4734]]}},{"type":"Feature","properties":{"mode":"bus","n":6,"arr":["Тб19","Тб22к","Тб27","Тб30","Тб31Д","Тб42"],"lines":"19, 22к, 27, 30, 31Д, 42"},"geometry":{"type":"LineString","coordinates":[[30.446939,50.471114],[30.446641,50.470162]]}},{"type":"Feature","properties":{"mode":"bus","n":5,"arr":["Тб19","Тб23Д","Тб27","Тб31Д","Тб42"],"lines":"19, 23Д, 27, 31Д, 42"},"geometry":{"type":"LineString","coordinates":[[30.446641,50.470162],[30.446803,50.470156]]}},{"type":"Feature","properties":{"mode":"bus","n":5,"arr":["Тб22к","Тб30","Тб35","Тб40","Тб40к"],"lines":"22к, 30, 35, 40, 40к"},"geometry":{"type":"LineString","coordinates":[[30.455204,50.416211],[30.461044,50.415744],[30.464157,50.415413],[30.464366,50.415377],[30.464395,50.415368],[30.464412,50.415353],[30.464415,50.415332],[30.464277,50.414309]]}},{"type":"Feature","properties":{"mode":"bus","n":6,"arr":["Тб25","Тб27","Тб29","Тб30","Тб31Д","Тб34"],"lines":"25, 27, 29, 30, 31Д, 34"},"geometry":{"type":"LineString","coordinates":[[30.499123,50.489213],[30.49766,50.489222]]}},{"type":"Feature","properties":{"mode":"tram","n":5,"arr":["Тм8","Тм22к","Тм23к","Тм29","Тм33к"],"lines":"8, 22к, 23к, 29, 33к"},"geometry":{"type":"LineString","coordinates":[[30.64133,50.46244],[30.637858,50.461473],[30.637215,50.461207],[30.636572,50.46081],[30.635999,50.460266],[30.635548,50.459716],[30.633823,50.456901]]}},{"type":"Feature","properties":{"mode":"tram","n":5,"arr":["Тм8","Тм22к","Тм23к","Тм29","Тм33к"],"lines":"8, 22к, 23к, 29, 33к"},"geometry":{"type":"LineString","coordinates":[[30.633185,50.455704],[30.633311,50.455441],[30.633267,50.455301],[30.633187,50.455189],[30.633188,50.455072],[30.63393,50.453818],[30.634028,50.453602],[30.634011,50.453014],[30.634021,50.452813],[30.634061,50.452718],[30.637394,50.447821],[30.63945,50.444965]]}},{"type":"Feature","properties":{"mode":"tram","n":5,"arr":["Тм12","Тм14","Тм16","Тм18","Тм19"],"lines":"12, 14, 16, 18, 19"},"geometry":{"type":"LineString","coordinates":[[30.517254,50.465616],[30.517278,50.465694]]}},{"type":"Feature","properties":{"mode":"tram","n":6,"arr":["Тм11","Тм12","Тм14","Тм16","Тм18","Тм19"],"lines":"11, 12, 14, 16, 18, 19"},"geometry":{"type":"LineString","coordinates":[[30.517278,50.465694],[30.517199,50.465836],[30.514683,50.46738]]}},{"type":"Feature","properties":{"mode":"tram","n":6,"arr":["Тм11","Тм12","Тм14","Тм16","Тм18","Тм19"],"lines":"11, 12, 14, 16, 18, 19"},"geometry":{"type":"LineString","coordinates":[[30.515558,50.464684],[30.513096,50.466174]]}},{"type":"Feature","properties":{"mode":"tram","n":5,"arr":["Тм11","Тм12","Тм16","Тм17","Тм19"],"lines":"11, 12, 16, 17, 19"},"geometry":{"type":"LineString","coordinates":[[30.462345,50.498485],[30.462046,50.498818],[30.462083,50.498912]]}},{"type":"Feature","properties":{"mode":"tram","n":5,"arr":["Тм11","Тм12","Тм16","Тм18","Тм19"],"lines":"11, 12, 16, 18, 19"},"geometry":{"type":"LineString","coordinates":[[30.515617,50.464659],[30.515558,50.464684]]}}]}