{"type":"FeatureCollection","features":[{"type":"Feature","geometry":{"type":"Point","coordinates":[30.474667,50.449522]},"properties":{"name":"вул. Шолуденка","lines":"2","arr":["2"],"terminus":1,"mode":"bus","color":"#0059a9","colorDark":"#00294f","angle":14.6,"snapDist":15,"label":1}},{"type":"Feature","geometry":{"type":"Point","coordinates":[30.412186,50.43613]},"properties":{"name":"Поліклініка 49","lines":"2","arr":["2"],"terminus":0,"mode":"bus","color":"#0059a9","colorDark":"#00294f","angle":156.3,"snapDist":5,"label":1}},{"type":"Feature","geometry":{"type":"Point","coordinates":[30.435959,50.421129]},"properties":{"name":"вул. Новопольова","lines":"2","arr":["2"],"terminus":0,"mode":"bus","color":"#0059a9","colorDark":"#00294f","angle":292.2,"snapDist":1,"label":1}},{"type":"Feature","geometry":{"type":"Point","coordinates":[30.429673,50.413563]},"properties":{"name":"з.ст. Київ-Волинський(2)","lines":"2","arr":["2"],"terminus":0,"mode":"bus","color":"#0059a9","colorDark":"#00294f","angle":294.3,"snapDist":7,"label":0}},{"type":"Feature","geometry":{"type":"Point","coordinates":[30.408817,50.412916]},"properties":{"name":"вул. Кікабідзе","lines":"2","arr":["2"],"terminus":1,"mode":"bus","color":"#0059a9","colorDark":"#00294f","angle":231,"snapDist":13,"label":1}},{"type":"Feature","geometry":{"type":"Point","coordinates":[30.409615,50.412366]},"properties":{"name":"вул. Кікабідзе","lines":"2","arr":["2"],"terminus":1,"mode":"bus","color":"#0059a9","colorDark":"#00294f","angle":226.3,"snapDist":11,"label":0}},{"type":"Feature","geometry":{"type":"Point","coordinates":[30.429123,50.412852]},"properties":{"name":"з.ст. Київ-Волинський(2)","lines":"2","arr":["2"],"terminus":0,"mode":"bus","color":"#0059a9","colorDark":"#00294f","angle":125.5,"snapDist":5,"label":0}},{"type":"Feature","geometry":{"type":"Point","coordinates":[30.411977,50.434754]},"properties":{"name":"Медмістечко","lines":"2","arr":["2"],"terminus":0,"mode":"bus","color":"#0059a9","colorDark":"#00294f","angle":61.9,"snapDist":4,"label":1}},{"type":"Feature","geometry":{"type":"Point","coordinates":[30.447364,50.454217]},"properties":{"name":"ст.м. \"Шулявська\"","lines":"2","arr":["2"],"terminus":0,"mode":"bus","color":"#0059a9","colorDark":"#00294f","angle":194,"snapDist":9,"label":1}},{"type":"Feature","geometry":{"type":"Point","coordinates":[30.472944,50.450033]},"properties":{"name":"вул. Шолуденка","lines":"2","arr":["2"],"terminus":1,"mode":"bus","color":"#0059a9","colorDark":"#00294f","angle":194.2,"snapDist":8,"label":0}},{"type":"Feature","geometry":{"type":"Point","coordinates":[30.573846,50.483864]},"properties":{"name":"ст Райдужний","lines":"4т","arr":["4т"],"terminus":1,"mode":"bus","color":"#0059a9","colorDark":"#00294f","angle":91.9,"snapDist":25,"label":1}},{"type":"Feature","geometry":{"type":"Point","coordinates":[30.57471,50.495095]},"properties":{"name":"просп. Шухевича","lines":"4т","arr":["4т"],"terminus":0,"mode":"bus","color":"#0059a9","colorDark":"#00294f","angle":100.1,"snapDist":10,"label":1}},{"type":"Feature","geometry":{"type":"Point","coordinates":[30.597234,50.511316]},"properties":{"name":"вул. Рейгана","lines":"4т","arr":["4т"],"terminus":0,"mode":"bus","color":"#0059a9","colorDark":"#00294f","angle":-27.7,"snapDist":3,"label":1}},{"type":"Feature","geometry":{"type":"Point","coordinates":[30.610545,50.532738]},"properties":{"name":"Милослав.(21)","lines":"4т","arr":["4т"],"terminus":1,"mode":"bus","color":"#0059a9","colorDark":"#00294f","angle":273.2,"snapDist":7,"label":1}},{"type":"Feature","geometry":{"type":"Point","coordinates":[30.610461,50.532049]},"properties":{"name":"Милослав.(21)","lines":"4т","arr":["4т"],"terminus":1,"mode":"bus","color":"#0059a9","colorDark":"#00294f","angle":274.5,"snapDist":3,"label":0}},{"type":"Feature","geometry":{"type":"Point","coordinates":[30.595268,50.510648]},"properties":{"name":"вул. Бальзака","lines":"4т","arr":["4т"],"terminus":0,"mode":"bus","color":"#0059a9","colorDark":"#00294f","angle":332,"snapDist":9,"label":1}},{"type":"Feature","geometry":{"type":"Point","coordinates":[30.575763,50.498121]},"properties":{"name":"Глобал","lines":"4т","arr":["4т"],"terminus":0,"mode":"bus","color":"#0059a9","colorDark":"#00294f","angle":107.1,"snapDist":15,"label":1}},{"type":"Feature","geometry":{"type":"Point","coordinates":[30.574296,50.484107]},"properties":{"name":"ст Райдужний","lines":"4т","arr":["4т"],"terminus":1,"mode":"bus","color":"#0059a9","colorDark":"#00294f","angle":259.2,"snapDist":42,"label":0}},{"type":"Feature","geometry":{"type":"Point","coordinates":[30.490719,50.440606]},"properties":{"name":"Залізничний вокзал","lines":"5","arr":["5"],"terminus":1,"mode":"bus","color":"#0059a9","colorDark":"#00294f","angle":158.9,"snapDist":7,"label":1}},{"type":"Feature","geometry":{"type":"Point","coordinates":[30.49835,50.439802]},"properties":{"name":"вул. Скоропадського","lines":"5","arr":["5"],"terminus":0,"mode":"bus","color":"#0059a9","colorDark":"#00294f","angle":231.2,"snapDist":8,"label":1}},{"type":"Feature","geometry":{"type":"Point","coordinates":[30.513421,50.433304]},"properties":{"name":"вул. Жилянська","lines":"5","arr":["5"],"terminus":0,"mode":"bus","color":"#0059a9","colorDark":"#00294f","angle":0.8,"snapDist":10,"label":1}},{"type":"Feature","geometry":{"type":"Point","coordinates":[30.513821,50.427547]},"properties":{"name":"вул. Федорова","lines":"5","arr":["5"],"terminus":0,"mode":"bus","color":"#0059a9","colorDark":"#00294f","angle":248.4,"snapDist":7,"label":1}},{"type":"Feature","geometry":{"type":"Point","coordinates":[30.5089,50.416125]},"properties":{"name":"вул. Байкова","lines":"5","arr":["5"],"terminus":0,"mode":"bus","color":"#0059a9","colorDark":"#00294f","angle":159.8,"snapDist":12,"label":1}},{"type":"Feature","geometry":{"type":"Point","coordinates":[30.519167,50.409045]},"properties":{"name":"вул. Ізюмська","lines":"5","arr":["5"],"terminus":1,"mode":"bus","color":"#0059a9","colorDark":"#00294f","angle":-18.6,"snapDist":14,"label":1}},{"type":"Feature","geometry":{"type":"Point","coordinates":[30.519027,50.409701]},"properties":{"name":"вул. Ізюмська","lines":"5","arr":["5"],"terminus":1,"mode":"bus","color":"#0059a9","colorDark":"#00294f","angle":-142.5,"snapDist":16,"label":0}},{"type":"Feature","geometry":{"type":"Point","coordinates":[30.509171,50.416188]},"properties":{"name":"вул. Байкова","lines":"5","arr":["5"],"terminus":0,"mode":"bus","color":"#0059a9","colorDark":"#00294f","angle":339.8,"snapDist":5,"label":0}},{"type":"Feature","geometry":{"type":"Point","coordinates":[30.516065,50.432854]},"properties":{"name":"ст.м. \"Олімпійська\"","lines":"5","arr":["5"],"terminus":0,"mode":"bus","color":"#0059a9","colorDark":"#00294f","angle":89.8,"snapDist":1,"label":1}},{"type":"Feature","geometry":{"type":"Point","coordinates":[30.501695,50.43969]},"properties":{"name":"вул. Паньківська","lines":"5","arr":["5"],"terminus":0,"mode":"bus","color":"#0059a9","colorDark":"#00294f","angle":49.8,"snapDist":1,"label":1}},{"type":"Feature","geometry":{"type":"Point","coordinates":[30.489841,50.441174]},"properties":{"name":"Залізничний вокзал","lines":"5","arr":["5"],"terminus":1,"mode":"bus","color":"#0059a9","colorDark":"#00294f","angle":318.9,"snapDist":1,"label":0}},{"type":"Feature","geometry":{"type":"Point","coordinates":[30.574025,50.483692]},"properties":{"name":"ст Райдужний","lines":"5т","arr":["5т"],"terminus":1,"mode":"bus","color":"#0059a9","colorDark":"#00294f","angle":-121.4,"snapDist":13,"label":0}},{"type":"Feature","geometry":{"type":"Point","coordinates":[30.57523,50.495404]},"properties":{"name":"просп. Шухевича","lines":"5т","arr":["5т"],"terminus":0,"mode":"bus","color":"#0059a9","colorDark":"#00294f","angle":182.9,"snapDist":6,"label":0}},{"type":"Feature","geometry":{"type":"Point","coordinates":[30.596855,50.51119]},"properties":{"name":"вул. Рейгана","lines":"5т","arr":["5т"],"terminus":0,"mode":"bus","color":"#0059a9","colorDark":"#00294f","angle":152.3,"snapDist":6,"label":0}},{"type":"Feature","geometry":{"type":"Point","coordinates":[30.610472,50.532137]},"properties":{"name":"Милослав.(21)","lines":"5т","arr":["5т"],"terminus":0,"mode":"bus","color":"#0059a9","colorDark":"#00294f","angle":94.5,"snapDist":3,"label":0}},{"type":"Feature","geometry":{"type":"Point","coordinates":[30.620821,50.509711]},"properties":{"name":"вул. С. Лифаря","lines":"5т","arr":["5т"],"terminus":1,"mode":"bus","color":"#0059a9","colorDark":"#00294f","angle":-147.1,"snapDist":76,"label":1}},{"type":"Feature","geometry":{"type":"Point","coordinates":[30.621867,50.51053]},"properties":{"name":"вул. С. Лифаря","lines":"5т","arr":["5т"],"terminus":1,"mode":"bus","color":"#0059a9","colorDark":"#00294f","angle":-57.8,"snapDist":9,"label":0}},{"type":"Feature","geometry":{"type":"Point","coordinates":[30.61046,50.532041]},"properties":{"name":"Милослав.(21)","lines":"5т","arr":["5т"],"terminus":0,"mode":"bus","color":"#0059a9","colorDark":"#00294f","angle":274.5,"snapDist":9,"label":0}},{"type":"Feature","geometry":{"type":"Point","coordinates":[30.595601,50.510761]},"properties":{"name":"вул. Бальзака","lines":"5т","arr":["5т"],"terminus":0,"mode":"bus","color":"#0059a9","colorDark":"#00294f","angle":332,"snapDist":9,"label":0}},{"type":"Feature","geometry":{"type":"Point","coordinates":[30.575823,50.498241]},"properties":{"name":"Глобал","lines":"5т","arr":["5т"],"terminus":0,"mode":"bus","color":"#0059a9","colorDark":"#00294f","angle":107.8,"snapDist":27,"label":0}},{"type":"Feature","geometry":{"type":"Point","coordinates":[30.573735,50.484145]},"properties":{"name":"ст Райдужний","lines":"5т","arr":["5т"],"terminus":1,"mode":"bus","color":"#0059a9","colorDark":"#00294f","angle":262,"snapDist":64,"label":0}},{"type":"Feature","geometry":{"type":"Point","coordinates":[30.599165,50.531124]},"properties":{"name":"вул. Милославська (73)","lines":"6","arr":["6"],"terminus":1,"mode":"bus","color":"#0059a9","colorDark":"#00294f","angle":243.4,"snapDist":4,"label":1}},{"type":"Feature","geometry":{"type":"Point","coordinates":[30.586226,50.528295]},"properties":{"name":"с. Троєщина","lines":"6","arr":["6"],"terminus":0,"mode":"bus","color":"#0059a9","colorDark":"#00294f","angle":294.5,"snapDist":4,"label":1}},{"type":"Feature","geometry":{"type":"Point","coordinates":[30.58471,50.516553]},"properties":{"name":"школа 278","lines":"6","arr":["6"],"terminus":0,"mode":"bus","color":"#0059a9","colorDark":"#00294f","angle":275.6,"snapDist":3,"label":1}},{"type":"Feature","geometry":{"type":"Point","coordinates":[30.601905,50.50419]},"properties":{"name":"к-тр Флоренція","lines":"6","arr":["6"],"terminus":0,"mode":"bus","color":"#0059a9","colorDark":"#00294f","angle":242.7,"snapDist":0,"label":1}},{"type":"Feature","geometry":{"type":"Point","coordinates":[30.611567,50.487191]},"properties":{"name":"вул. Стальського","lines":"6","arr":["6"],"terminus":0,"mode":"bus","color":"#0059a9","colorDark":"#00294f","angle":246.5,"snapDist":4,"label":1}},{"type":"Feature","geometry":{"type":"Point","coordinates":[30.630188,50.459897]},"properties":{"name":"ст.м. \"Чернигівська\"","lines":"6","arr":["6"],"terminus":0,"mode":"bus","color":"#0059a9","colorDark":"#00294f","angle":246.8,"snapDist":4,"label":0}},{"type":"Feature","geometry":{"type":"Point","coordinates":[30.626076,50.444045]},"properties":{"name":"пл. Дарницька","lines":"6","arr":["6"],"terminus":1,"mode":"bus","color":"#0059a9","colorDark":"#00294f","angle":108.6,"snapDist":109,"label":1}},{"type":"Feature","geometry":{"type":"Point","coordinates":[30.627912,50.443685]},"properties":{"name":"пл. Дарницька","lines":"6","arr":["6"],"terminus":1,"mode":"bus","color":"#0059a9","colorDark":"#00294f","angle":21.2,"snapDist":8,"label":0}},{"type":"Feature","geometry":{"type":"Point","coordinates":[30.630043,50.46047]},"properties":{"name":"ст.м. \"Чернигівська\"","lines":"6","arr":["6"],"terminus":0,"mode":"bus","color":"#0059a9","colorDark":"#00294f","angle":67,"snapDist":5,"label":0}},{"type":"Feature","geometry":{"type":"Point","coordinates":[30.612525,50.486112]},"properties":{"name":"вул. Крайня","lines":"6","arr":["6"],"terminus":0,"mode":"bus","color":"#0059a9","colorDark":"#00294f","angle":66.7,"snapDist":9,"label":1}},{"type":"Feature","geometry":{"type":"Point","coordinates":[30.600482,50.506052]},"properties":{"name":"к-тр Флоренція","lines":"6","arr":["6"],"terminus":0,"mode":"bus","color":"#0059a9","colorDark":"#00294f","angle":62.3,"snapDist":1,"label":1}},{"type":"Feature","geometry":{"type":"Point","coordinates":[30.584795,50.517103]},"properties":{"name":"школа 278","lines":"6","arr":["6"],"terminus":0,"mode":"bus","color":"#0059a9","colorDark":"#00294f","angle":95.6,"snapDist":11,"label":0}},{"type":"Feature","geometry":{"type":"Point","coordinates":[30.58594,50.527987]},"properties":{"name":"с. Троєщина","lines":"6","arr":["6"],"terminus":0,"mode":"bus","color":"#0059a9","colorDark":"#00294f","angle":121.2,"snapDist":2,"label":0}},{"type":"Feature","geometry":{"type":"Point","coordinates":[30.599033,50.531331]},"properties":{"name":"вул. Милославська (73)","lines":"6","arr":["6"],"terminus":1,"mode":"bus","color":"#0059a9","colorDark":"#00294f","angle":75.5,"snapDist":1,"label":0}},{"type":"Feature","geometry":{"type":"Point","coordinates":[30.505195,50.454063]},"properties":{"name":"Львівська площа","lines":"7","arr":["7"],"terminus":1,"mode":"bus","color":"#0059a9","colorDark":"#00294f","angle":326.7,"snapDist":8,"label":1}},{"type":"Feature","geometry":{"type":"Point","coordinates":[30.493027,50.448207]},"properties":{"name":"Галицька пл.","lines":"7","arr":["7"],"terminus":0,"mode":"bus","color":"#0059a9","colorDark":"#00294f","angle":238.1,"snapDist":5,"label":1}},{"type":"Feature","geometry":{"type":"Point","coordinates":[30.490117,50.440987]},"properties":{"name":"Залізничний вокзал","lines":"7","arr":["7"],"terminus":1,"mode":"bus","color":"#0059a9","colorDark":"#00294f","angle":227.6,"snapDist":13,"label":0}},{"type":"Feature","geometry":{"type":"Point","coordinates":[30.490508,50.440711]},"properties":{"name":"Залізничний вокзал","lines":"7","arr":["7"],"terminus":1,"mode":"bus","color":"#0059a9","colorDark":"#00294f","angle":224.1,"snapDist":6,"label":0}},{"type":"Feature","geometry":{"type":"Point","coordinates":[30.491635,50.448099]},"properties":{"name":"Галицька пл.","lines":"7","arr":["7"],"terminus":0,"mode":"bus","color":"#0059a9","colorDark":"#00294f","angle":141.3,"snapDist":6,"label":0}},{"type":"Feature","geometry":{"type":"Point","coordinates":[30.505697,50.454272]},"properties":{"name":"Львівська площа","lines":"7","arr":["7"],"terminus":1,"mode":"bus","color":"#0059a9","colorDark":"#00294f","angle":326.9,"snapDist":12,"label":0}},{"type":"Feature","geometry":{"type":"Point","coordinates":[30.480231,50.461674]},"properties":{"name":"ст.м. \"Лук’янівська\"","lines":"9","arr":["9"],"terminus":1,"mode":"bus","color":"#0059a9","colorDark":"#00294f","angle":3,"snapDist":1,"label":1}},{"type":"Feature","geometry":{"type":"Point","coordinates":[30.420105,50.458025]},"properties":{"name":"ст.м. \"Берестейська\"","lines":"9","arr":["9"],"terminus":0,"mode":"bus","color":"#0059a9","colorDark":"#00294f","angle":327.4,"snapDist":2,"label":1}},{"type":"Feature","geometry":{"type":"Point","coordinates":[30.410229,50.436718]},"properties":{"name":"Відрадний ринок","lines":"9","arr":["9"],"terminus":0,"mode":"bus","color":"#0059a9","colorDark":"#00294f","angle":248.2,"snapDist":3,"label":1}},{"type":"Feature","geometry":{"type":"Point","coordinates":[30.40847,50.411403]},"properties":{"name":"вул. Кікабідзе","lines":"9","arr":["9"],"terminus":1,"mode":"bus","color":"#0059a9","colorDark":"#00294f","angle":134.4,"snapDist":1,"label":0}},{"type":"Feature","geometry":{"type":"Point","coordinates":[30.40895,50.411716]},"properties":{"name":"вул. Кікабідзе","lines":"9","arr":["9"],"terminus":1,"mode":"bus","color":"#0059a9","colorDark":"#00294f","angle":312.5,"snapDist":23,"label":0}},{"type":"Feature","geometry":{"type":"Point","coordinates":[30.408454,50.440264]},"properties":{"name":"вул. Чумака","lines":"9","arr":["9"],"terminus":0,"mode":"bus","color":"#0059a9","colorDark":"#00294f","angle":70.7,"snapDist":1,"label":1}},{"type":"Feature","geometry":{"type":"Point","coordinates":[30.420254,50.458085]},"properties":{"name":"ст.м. \"Берестейська\"","lines":"9","arr":["9"],"terminus":0,"mode":"bus","color":"#0059a9","colorDark":"#00294f","angle":147.4,"snapDist":4,"label":0}},{"type":"Feature","geometry":{"type":"Point","coordinates":[30.480835,50.461918]},"properties":{"name":"ст.м. \"Лук’янівська\"","lines":"9","arr":["9"],"terminus":1,"mode":"bus","color":"#0059a9","colorDark":"#00294f","angle":221,"snapDist":6,"label":0}},{"type":"Feature","geometry":{"type":"Point","coordinates":[30.715853,50.46722]},"properties":{"name":"с. Рибне","lines":"10","arr":["10"],"terminus":1,"mode":"bus","color":"#0059a9","colorDark":"#00294f","angle":78.6,"snapDist":7,"label":1}},{"type":"Feature","geometry":{"type":"Point","coordinates":[30.648226,50.466157]},"properties":{"name":"ст.м. \"Лісова\"","lines":"10","arr":["10"],"terminus":1,"mode":"bus","color":"#0059a9","colorDark":"#00294f","angle":66.4,"snapDist":19,"label":1}},{"type":"Feature","geometry":{"type":"Point","coordinates":[30.647915,50.46661]},"properties":{"name":"ст.м. \"Лісова\"","lines":"10","arr":["10"],"terminus":1,"mode":"bus","color":"#0059a9","colorDark":"#00294f","angle":66.4,"snapDist":1,"label":0}},{"type":"Feature","geometry":{"type":"Point","coordinates":[30.715782,50.467445]},"properties":{"name":"с. Рибне","lines":"10","arr":["10"],"terminus":1,"mode":"bus","color":"#0059a9","colorDark":"#00294f","angle":258.6,"snapDist":4,"label":0}},{"type":"Feature","geometry":{"type":"Point","coordinates":[30.669276,50.485786]},"properties":{"name":"Радіоцентр","lines":"11","arr":["11"],"terminus":1,"mode":"bus","color":"#0059a9","colorDark":"#00294f","angle":270.6,"snapDist":3,"label":1}},{"type":"Feature","geometry":{"type":"Point","coordinates":[30.67022,50.471902]},"properties":{"name":"Биківня","lines":"11","arr":["11"],"terminus":0,"mode":"bus","color":"#0059a9","colorDark":"#00294f","angle":336.7,"snapDist":3,"label":1}},{"type":"Feature","geometry":{"type":"Point","coordinates":[30.64812,50.466311]},"properties":{"name":"ст.м. \"Лісова\"","lines":"11","arr":["11"],"terminus":1,"mode":"bus","color":"#0059a9","colorDark":"#00294f","angle":66.4,"snapDist":1,"label":0}},{"type":"Feature","geometry":{"type":"Point","coordinates":[30.647699,50.466925]},"properties":{"name":"ст.м. \"Лісова\"","lines":"11","arr":["11"],"terminus":1,"mode":"bus","color":"#0059a9","colorDark":"#00294f","angle":66.4,"snapDist":2,"label":0}},{"type":"Feature","geometry":{"type":"Point","coordinates":[30.678216,50.475838]},"properties":{"name":"Кадіївський пров.","lines":"11","arr":["11"],"terminus":0,"mode":"bus","color":"#0059a9","colorDark":"#00294f","angle":246.5,"snapDist":0,"label":1}},{"type":"Feature","geometry":{"type":"Point","coordinates":[30.669571,50.486092]},"properties":{"name":"Радіоцентр","lines":"11","arr":["11"],"terminus":1,"mode":"bus","color":"#0059a9","colorDark":"#00294f","angle":90.4,"snapDist":4,"label":0}},{"type":"Feature","geometry":{"type":"Point","coordinates":[30.679463,50.487455]},"properties":{"name":"Дачне містечко","lines":"11д","arr":["11д"],"terminus":1,"mode":"bus","color":"#0059a9","colorDark":"#00294f","angle":255.9,"snapDist":1,"label":1}},{"type":"Feature","geometry":{"type":"Point","coordinates":[30.669271,50.485432]},"properties":{"name":"Радіоцентр","lines":"11д","arr":["11д"],"terminus":0,"mode":"bus","color":"#0059a9","colorDark":"#00294f","angle":90.3,"snapDist":6,"label":0}},{"type":"Feature","geometry":{"type":"Point","coordinates":[30.669749,50.471772]},"properties":{"name":"Биківня","lines":"11д","arr":["11д"],"terminus":0,"mode":"bus","color":"#0059a9","colorDark":"#00294f","angle":336.7,"snapDist":3,"label":0}},{"type":"Feature","geometry":{"type":"Point","coordinates":[30.648231,50.466149]},"properties":{"name":"ст.м. \"Лісова\"","lines":"11д","arr":["11д"],"terminus":1,"mode":"bus","color":"#0059a9","colorDark":"#00294f","angle":66.4,"snapDist":18,"label":0}},{"type":"Feature","geometry":{"type":"Point","coordinates":[30.647852,50.466701]},"properties":{"name":"ст.м. \"Лісова\"","lines":"11д","arr":["11д"],"terminus":1,"mode":"bus","color":"#0059a9","colorDark":"#00294f","angle":66.4,"snapDist":1,"label":0}},{"type":"Feature","geometry":{"type":"Point","coordinates":[30.677424,50.475656]},"properties":{"name":"Кадіївський пров.","lines":"11д","arr":["11д"],"terminus":0,"mode":"bus","color":"#0059a9","colorDark":"#00294f","angle":-23.3,"snapDist":7,"label":0}},{"type":"Feature","geometry":{"type":"Point","coordinates":[30.669272,50.485522]},"properties":{"name":"Радіоцентр","lines":"11д","arr":["11д"],"terminus":0,"mode":"bus","color":"#0059a9","colorDark":"#00294f","angle":90.6,"snapDist":9,"label":0}},{"type":"Feature","geometry":{"type":"Point","coordinates":[30.67963,50.487199]},"properties":{"name":"Дачне містечко","lines":"11д","arr":["11д"],"terminus":1,"mode":"bus","color":"#0059a9","colorDark":"#00294f","angle":65.7,"snapDist":10,"label":0}},{"type":"Feature","geometry":{"type":"Point","coordinates":[30.486576,50.438397]},"properties":{"name":"Півднний вокз","lines":"12","arr":["12"],"terminus":1,"mode":"bus","color":"#0059a9","colorDark":"#00294f","angle":49.2,"snapDist":2,"label":1}},{"type":"Feature","geometry":{"type":"Point","coordinates":[30.47701,50.425577]},"properties":{"name":"вул. Олексіївська","lines":"12","arr":["12"],"terminus":0,"mode":"bus","color":"#0059a9","colorDark":"#00294f","angle":247.6,"snapDist":14,"label":1}},{"type":"Feature","geometry":{"type":"Point","coordinates":[30.492722,50.419024]},"properties":{"name":"І-т цукр буряк","lines":"12","arr":["12"],"terminus":0,"mode":"bus","color":"#0059a9","colorDark":"#00294f","angle":336.3,"snapDist":3,"label":1}},{"type":"Feature","geometry":{"type":"Point","coordinates":[30.518274,50.409729]},"properties":{"name":"вул. Ізюмська","lines":"12","arr":["12"],"terminus":1,"mode":"bus","color":"#0059a9","colorDark":"#00294f","angle":241.5,"snapDist":6,"label":0}},{"type":"Feature","geometry":{"type":"Point","coordinates":[30.518255,50.409751]},"properties":{"name":"вул. Ізюмська","lines":"12","arr":["12"],"terminus":1,"mode":"bus","color":"#0059a9","colorDark":"#00294f","angle":61.5,"snapDist":2,"label":0}},{"type":"Feature","geometry":{"type":"Point","coordinates":[30.491063,50.417174]},"properties":{"name":"Яслинська","lines":"12","arr":["12"],"terminus":0,"mode":"bus","color":"#0059a9","colorDark":"#00294f","angle":-145,"snapDist":6,"label":1}},{"type":"Feature","geometry":{"type":"Point","coordinates":[30.477109,50.425424]},"properties":{"name":"вул. Олексіївська","lines":"12","arr":["12"],"terminus":0,"mode":"bus","color":"#0059a9","colorDark":"#00294f","angle":67.6,"snapDist":3,"label":0}},{"type":"Feature","geometry":{"type":"Point","coordinates":[30.487141,50.437977]},"properties":{"name":"Півднний вокз","lines":"12","arr":["12"],"terminus":1,"mode":"bus","color":"#0059a9","colorDark":"#00294f","angle":50.5,"snapDist":1,"label":0}},{"type":"Feature","geometry":{"type":"Point","coordinates":[30.364889,50.499857]},"properties":{"name":"Лісорозсадник","lines":"14","arr":["14"],"terminus":1,"mode":"bus","color":"#0059a9","colorDark":"#00294f","angle":266.6,"snapDist":6,"label":1}},{"type":"Feature","geometry":{"type":"Point","coordinates":[30.365442,50.495628]},"properties":{"name":"Гіпермаркет","lines":"14","arr":["14"],"terminus":0,"mode":"bus","color":"#0059a9","colorDark":"#00294f","angle":263.7,"snapDist":11,"label":0}},{"type":"Feature","geometry":{"type":"Point","coordinates":[30.405578,50.481364]},"properties":{"name":"пл. В.Марченка","lines":"14","arr":["14"],"terminus":0,"mode":"bus","color":"#0059a9","colorDark":"#00294f","angle":220.3,"snapDist":9,"label":0}},{"type":"Feature","geometry":{"type":"Point","coordinates":[30.405827,50.459655]},"properties":{"name":"ст.м. \"Нивки\"","lines":"14","arr":["14"],"terminus":1,"mode":"bus","color":"#0059a9","colorDark":"#00294f","angle":280.2,"snapDist":3,"label":1}},{"type":"Feature","geometry":{"type":"Point","coordinates":[30.405816,50.459615]},"properties":{"name":"ст.м. \"Нивки\"","lines":"14","arr":["14"],"terminus":1,"mode":"bus","color":"#0059a9","colorDark":"#00294f","angle":100.2,"snapDist":1,"label":0}},{"type":"Feature","geometry":{"type":"Point","coordinates":[30.405572,50.48194]},"properties":{"name":"пл. В.Марченка","lines":"14","arr":["14"],"terminus":0,"mode":"bus","color":"#0059a9","colorDark":"#00294f","angle":42.2,"snapDist":3,"label":0}},{"type":"Feature","geometry":{"type":"Point","coordinates":[30.365136,50.499804]},"properties":{"name":"Лісорозсадник","lines":"14","arr":["14"],"terminus":1,"mode":"bus","color":"#0059a9","colorDark":"#00294f","angle":85.8,"snapDist":3,"label":0}},{"type":"Feature","geometry":{"type":"Point","coordinates":[30.634314,50.419607]},"properties":{"name":"вул. Драгоманова","lines":"17","arr":["17"],"terminus":1,"mode":"bus","color":"#0059a9","colorDark":"#00294f","angle":72.6,"snapDist":2,"label":1}},{"type":"Feature","geometry":{"type":"Point","coordinates":[30.642266,50.418266]},"properties":{"name":"Озеро Сонячне","lines":"17","arr":["17"],"terminus":0,"mode":"bus","color":"#0059a9","colorDark":"#00294f","angle":248.8,"snapDist":0,"label":1}},{"type":"Feature","geometry":{"type":"Point","coordinates":[30.65132,50.400931]},"properties":{"name":"ст.м. \"Харківська\"(18)","lines":"17","arr":["17"],"terminus":1,"mode":"bus","color":"#0059a9","colorDark":"#00294f","angle":166.3,"snapDist":5,"label":1}},{"type":"Feature","geometry":{"type":"Point","coordinates":[30.652834,50.401167]},"properties":{"name":"ст.м. \"Харківська\"(18)","lines":"17","arr":["17"],"terminus":1,"mode":"bus","color":"#0059a9","colorDark":"#00294f","angle":166.3,"snapDist":3,"label":0}},{"type":"Feature","geometry":{"type":"Point","coordinates":[30.643319,50.412664]},"properties":{"name":"ринок Позняки","lines":"17","arr":["17"],"terminus":0,"mode":"bus","color":"#0059a9","colorDark":"#00294f","angle":338.5,"snapDist":6,"label":1}},{"type":"Feature","geometry":{"type":"Point","coordinates":[30.634704,50.41874]},"properties":{"name":"вул. Драгоманова","lines":"17","arr":["17"],"terminus":1,"mode":"bus","color":"#0059a9","colorDark":"#00294f","angle":75.2,"snapDist":11,"label":0}},{"type":"Feature","geometry":{"type":"Point","coordinates":[30.643797,50.422905]},"properties":{"name":"Харківське шосе(18)","lines":"18","arr":["18"],"terminus":1,"mode":"bus","color":"#0059a9","colorDark":"#00294f","angle":338.6,"snapDist":2,"label":1}},{"type":"Feature","geometry":{"type":"Point","coordinates":[30.64254,50.417813]},"properties":{"name":"Озеро Сонячне","lines":"18","arr":["18"],"terminus":0,"mode":"bus","color":"#0059a9","colorDark":"#00294f","angle":248.3,"snapDist":2,"label":0}},{"type":"Feature","geometry":{"type":"Point","coordinates":[30.65132,50.400931]},"properties":{"name":"ст.м. \"Харківська\"(18)","lines":"18","arr":["18"],"terminus":1,"mode":"bus","color":"#0059a9","colorDark":"#00294f","angle":166.3,"snapDist":5,"label":0}},{"type":"Feature","geometry":{"type":"Point","coordinates":[30.652834,50.401167]},"properties":{"name":"ст.м. \"Харківська\"(18)","lines":"18","arr":["18"],"terminus":1,"mode":"bus","color":"#0059a9","colorDark":"#00294f","angle":166.3,"snapDist":3,"label":0}},{"type":"Feature","geometry":{"type":"Point","coordinates":[30.646246,50.412372]},"properties":{"name":"вул. Тростянец.(18 )","lines":"18","arr":["18"],"terminus":0,"mode":"bus","color":"#0059a9","colorDark":"#00294f","angle":69.7,"snapDist":2,"label":0}},{"type":"Feature","geometry":{"type":"Point","coordinates":[30.644216,50.42301]},"properties":{"name":"Харківське шосе(18)","lines":"18","arr":["18"],"terminus":1,"mode":"bus","color":"#0059a9","colorDark":"#00294f","angle":338.6,"snapDist":2,"label":0}},{"type":"Feature","geometry":{"type":"Point","coordinates":[30.488102,50.393287]},"properties":{"name":"ст.м. \"Васильківська\"","lines":"19","arr":["19"],"terminus":1,"mode":"bus","color":"#0059a9","colorDark":"#00294f","angle":345.3,"snapDist":2,"label":1}},{"type":"Feature","geometry":{"type":"Point","coordinates":[30.491754,50.408262]},"properties":{"name":"Совські ставки","lines":"19","arr":["19"],"terminus":0,"mode":"bus","color":"#0059a9","colorDark":"#00294f","angle":115.6,"snapDist":0,"label":1}},{"type":"Feature","geometry":{"type":"Point","coordinates":[30.518274,50.409729]},"properties":{"name":"вул. Ізюмська","lines":"19","arr":["19"],"terminus":1,"mode":"bus","color":"#0059a9","colorDark":"#00294f","angle":241.5,"snapDist":6,"label":0}},{"type":"Feature","geometry":{"type":"Point","coordinates":[30.518224,50.409787]},"properties":{"name":"вул. Ізюмська","lines":"19","arr":["19"],"terminus":1,"mode":"bus","color":"#0059a9","colorDark":"#00294f","angle":61.5,"snapDist":6,"label":0}},{"type":"Feature","geometry":{"type":"Point","coordinates":[30.491811,50.408336]},"properties":{"name":"Совські ставки","lines":"19","arr":["19"],"terminus":0,"mode":"bus","color":"#0059a9","colorDark":"#00294f","angle":296.4,"snapDist":8,"label":0}},{"type":"Feature","geometry":{"type":"Point","coordinates":[30.489197,50.393468]},"properties":{"name":"ст.м. \"Васильківська\"","lines":"19","arr":["19"],"terminus":1,"mode":"bus","color":"#0059a9","colorDark":"#00294f","angle":345.4,"snapDist":1,"label":0}},{"type":"Feature","geometry":{"type":"Point","coordinates":[30.556379,50.362288]},"properties":{"name":"ж/м Корчувате","lines":"20","arr":["20"],"terminus":1,"mode":"bus","color":"#0059a9","colorDark":"#00294f","angle":43.7,"snapDist":6,"label":1}},{"type":"Feature","geometry":{"type":"Point","coordinates":[30.536219,50.377967]},"properties":{"name":"вул. Моторна","lines":"20","arr":["20"],"terminus":0,"mode":"bus","color":"#0059a9","colorDark":"#00294f","angle":46.3,"snapDist":1,"label":1}},{"type":"Feature","geometry":{"type":"Point","coordinates":[30.527401,50.401963]},"properties":{"name":"Центр комунікації","lines":"20","arr":["20"],"terminus":0,"mode":"bus","color":"#0059a9","colorDark":"#00294f","angle":60.6,"snapDist":1,"label":1}},{"type":"Feature","geometry":{"type":"Point","coordinates":[30.52536,50.413289]},"properties":{"name":"ст.м. \"Либідська\"","lines":"20","arr":["20"],"terminus":0,"mode":"bus","color":"#0059a9","colorDark":"#00294f","angle":68,"snapDist":1,"label":0}},{"type":"Feature","geometry":{"type":"Point","coordinates":[30.515926,50.439133]},"properties":{"name":"ст. м. Площа Укр. Героїв","lines":"20","arr":["20"],"terminus":1,"mode":"bus","color":"#0059a9","colorDark":"#00294f","angle":268.1,"snapDist":1,"label":1}},{"type":"Feature","geometry":{"type":"Point","coordinates":[30.515939,50.43885]},"properties":{"name":"ст. м. Площа Укр. Героїв","lines":"20","arr":["20"],"terminus":1,"mode":"bus","color":"#0059a9","colorDark":"#00294f","angle":269.9,"snapDist":1,"label":0}},{"type":"Feature","geometry":{"type":"Point","coordinates":[30.524132,50.412577]},"properties":{"name":"ст.м. \"Либідська\"","lines":"20","arr":["20"],"terminus":0,"mode":"bus","color":"#0059a9","colorDark":"#00294f","angle":231.8,"snapDist":0,"label":0}},{"type":"Feature","geometry":{"type":"Point","coordinates":[30.535946,50.378149]},"properties":{"name":"вул. Моторна","lines":"20","arr":["20"],"terminus":0,"mode":"bus","color":"#0059a9","colorDark":"#00294f","angle":226.3,"snapDist":6,"label":0}},{"type":"Feature","geometry":{"type":"Point","coordinates":[30.556816,50.362022]},"properties":{"name":"ж/м Корчувате","lines":"20","arr":["20"],"terminus":1,"mode":"bus","color":"#0059a9","colorDark":"#00294f","angle":43.7,"snapDist":4,"label":0}},{"type":"Feature","geometry":{"type":"Point","coordinates":[30.610428,50.531781]},"properties":{"name":"Милослав.(21)","lines":"21","arr":["21"],"terminus":1,"mode":"bus","color":"#0059a9","colorDark":"#00294f","angle":274.5,"snapDist":10,"label":0}},{"type":"Feature","geometry":{"type":"Point","coordinates":[30.609129,50.521537]},"properties":{"name":"вул. Данькевича","lines":"21","arr":["21"],"terminus":0,"mode":"bus","color":"#0059a9","colorDark":"#00294f","angle":283.9,"snapDist":9,"label":1}},{"type":"Feature","geometry":{"type":"Point","coordinates":[30.57877,50.495527]},"properties":{"name":"м-в Райдужний","lines":"21","arr":["21"],"terminus":0,"mode":"bus","color":"#0059a9","colorDark":"#00294f","angle":0.7,"snapDist":2,"label":1}},{"type":"Feature","geometry":{"type":"Point","coordinates":[30.524912,50.488271]},"properties":{"name":"просп. Івасюка","lines":"21","arr":["21"],"terminus":0,"mode":"bus","color":"#0059a9","colorDark":"#00294f","angle":357.7,"snapDist":1,"label":1}},{"type":"Feature","geometry":{"type":"Point","coordinates":[30.497655,50.487488]},"properties":{"name":"ст.м. \"Почайна\" 1","lines":"21","arr":["21"],"terminus":0,"mode":"bus","color":"#0059a9","colorDark":"#00294f","angle":269.4,"snapDist":3,"label":1}},{"type":"Feature","geometry":{"type":"Point","coordinates":[30.497664,50.486721]},"properties":{"name":"ст.м. \"Почайна\"(101)","lines":"21","arr":["21"],"terminus":1,"mode":"bus","color":"#0059a9","colorDark":"#00294f","angle":271.1,"snapDist":19,"label":1}},{"type":"Feature","geometry":{"type":"Point","coordinates":[30.49811,50.4864]},"properties":{"name":"ст.м. \"Почайна\"(101)","lines":"21","arr":["21"],"terminus":1,"mode":"bus","color":"#0059a9","colorDark":"#00294f","angle":91,"snapDist":25,"label":0}},{"type":"Feature","geometry":{"type":"Point","coordinates":[30.523836,50.488107]},"properties":{"name":"просп. Івасюка","lines":"21","arr":["21"],"terminus":0,"mode":"bus","color":"#0059a9","colorDark":"#00294f","angle":180.1,"snapDist":1,"label":0}},{"type":"Feature","geometry":{"type":"Point","coordinates":[30.582284,50.495349]},"properties":{"name":"м-в Райдужний","lines":"21","arr":["21"],"terminus":0,"mode":"bus","color":"#0059a9","colorDark":"#00294f","angle":185.3,"snapDist":2,"label":1}},{"type":"Feature","geometry":{"type":"Point","coordinates":[30.60896,50.521102]},"properties":{"name":"вул. Данькевича","lines":"21","arr":["21"],"terminus":0,"mode":"bus","color":"#0059a9","colorDark":"#00294f","angle":104.7,"snapDist":1,"label":0}},{"type":"Feature","geometry":{"type":"Point","coordinates":[30.608854,50.532505]},"properties":{"name":"вул. Милославська 1","lines":"21","arr":["21"],"terminus":0,"mode":"bus","color":"#0059a9","colorDark":"#00294f","angle":94,"snapDist":0,"label":1}},{"type":"Feature","geometry":{"type":"Point","coordinates":[30.610494,50.532321]},"properties":{"name":"Милослав.(21)","lines":"21","arr":["21"],"terminus":1,"mode":"bus","color":"#0059a9","colorDark":"#00294f","angle":274.5,"snapDist":8,"label":0}},{"type":"Feature","geometry":{"type":"Point","coordinates":[30.460648,50.407797]},"properties":{"name":"Музей авіаціі","lines":"22","arr":["22"],"terminus":1,"mode":"bus","color":"#0059a9","colorDark":"#00294f","angle":-168,"snapDist":18,"label":1}},{"type":"Feature","geometry":{"type":"Point","coordinates":[30.460632,50.425029]},"properties":{"name":"просп. Повітр. сил","lines":"22","arr":["22"],"terminus":0,"mode":"bus","color":"#0059a9","colorDark":"#00294f","angle":213.9,"snapDist":3,"label":1}},{"type":"Feature","geometry":{"type":"Point","coordinates":[30.515495,50.407002]},"properties":{"name":"просп. Лобановського","lines":"22","arr":["22"],"terminus":0,"mode":"bus","color":"#0059a9","colorDark":"#00294f","angle":187.6,"snapDist":5,"label":1}},{"type":"Feature","geometry":{"type":"Point","coordinates":[30.606994,50.394243]},"properties":{"name":"ст.м. \"Славутич\"","lines":"22","arr":["22"],"terminus":0,"mode":"bus","color":"#0059a9","colorDark":"#00294f","angle":174.4,"snapDist":6,"label":1}},{"type":"Feature","geometry":{"type":"Point","coordinates":[30.646121,50.412688]},"properties":{"name":"вул. Тростянец.(18 )","lines":"22","arr":["22"],"terminus":1,"mode":"bus","color":"#0059a9","colorDark":"#00294f","angle":79.6,"snapDist":54,"label":1}},{"type":"Feature","geometry":{"type":"Point","coordinates":[30.647727,50.414266]},"properties":{"name":"вул. Тростянец.(18 )","lines":"22","arr":["22"],"terminus":1,"mode":"bus","color":"#0059a9","colorDark":"#00294f","angle":136.6,"snapDist":13,"label":1}},{"type":"Feature","geometry":{"type":"Point","coordinates":[30.604998,50.394367]},"properties":{"name":"ст.м. \"Славутич\"","lines":"22","arr":["22"],"terminus":0,"mode":"bus","color":"#0059a9","colorDark":"#00294f","angle":357.2,"snapDist":5,"label":0}},{"type":"Feature","geometry":{"type":"Point","coordinates":[30.515006,50.407044]},"properties":{"name":"просп. Лобановського","lines":"22","arr":["22"],"terminus":0,"mode":"bus","color":"#0059a9","colorDark":"#00294f","angle":7.6,"snapDist":3,"label":0}},{"type":"Feature","geometry":{"type":"Point","coordinates":[30.46122,50.425059]},"properties":{"name":"просп. Повітр. сил","lines":"22","arr":["22"],"terminus":0,"mode":"bus","color":"#0059a9","colorDark":"#00294f","angle":33.4,"snapDist":5,"label":0}},{"type":"Feature","geometry":{"type":"Point","coordinates":[30.459915,50.407836]},"properties":{"name":"Музей авіаціі","lines":"22","arr":["22"],"terminus":1,"mode":"bus","color":"#0059a9","colorDark":"#00294f","angle":182.7,"snapDist":11,"label":0}},{"type":"Feature","geometry":{"type":"Point","coordinates":[30.644581,50.464845]},"properties":{"name":"ст.м. \"Лісова\"","lines":"22тк","arr":["22тк"],"terminus":1,"mode":"bus","color":"#0059a9","colorDark":"#00294f","angle":336.6,"snapDist":3,"label":1}},{"type":"Feature","geometry":{"type":"Point","coordinates":[30.618001,50.470431]},"properties":{"name":"Р-к Лісовий","lines":"22тк","arr":["22тк"],"terminus":0,"mode":"bus","color":"#0059a9","colorDark":"#00294f","angle":27,"snapDist":9,"label":1}},{"type":"Feature","geometry":{"type":"Point","coordinates":[30.593434,50.483591]},"properties":{"name":"Пр. Воскресен.","lines":"22тк","arr":["22тк"],"terminus":1,"mode":"bus","color":"#0059a9","colorDark":"#00294f","angle":77.9,"snapDist":81,"label":1}},{"type":"Feature","geometry":{"type":"Point","coordinates":[30.603408,50.484835]},"properties":{"name":"Пр. Воскресен.","lines":"22тк","arr":["22тк"],"terminus":1,"mode":"bus","color":"#0059a9","colorDark":"#00294f","angle":257.4,"snapDist":5,"label":1}},{"type":"Feature","geometry":{"type":"Point","coordinates":[30.620291,50.469686]},"properties":{"name":"вул. Юності","lines":"22тк","arr":["22тк"],"terminus":0,"mode":"bus","color":"#0059a9","colorDark":"#00294f","angle":207.2,"snapDist":18,"label":1}},{"type":"Feature","geometry":{"type":"Point","coordinates":[30.644853,50.466565]},"properties":{"name":"ст.м. \"Лісова\"","lines":"22тк","arr":["22тк"],"terminus":1,"mode":"bus","color":"#0059a9","colorDark":"#00294f","angle":156.4,"snapDist":100,"label":0}},{"type":"Feature","geometry":{"type":"Point","coordinates":[30.4042,50.471937]},"properties":{"name":"Ринок","lines":"23","arr":["23"],"terminus":1,"mode":"bus","color":"#0059a9","colorDark":"#00294f","angle":0,"snapDist":3,"label":1}},{"type":"Feature","geometry":{"type":"Point","coordinates":[30.357043,50.454964]},"properties":{"name":"просп. Берест.","lines":"23","arr":["23"],"terminus":0,"mode":"bus","color":"#0059a9","colorDark":"#00294f","angle":264.9,"snapDist":5,"label":1}},{"type":"Feature","geometry":{"type":"Point","coordinates":[30.387964,50.417329]},"properties":{"name":"вул. Дзюби","lines":"23","arr":["23"],"terminus":0,"mode":"bus","color":"#0059a9","colorDark":"#00294f","angle":215.6,"snapDist":6,"label":1}},{"type":"Feature","geometry":{"type":"Point","coordinates":[30.408074,50.407148]},"properties":{"name":"вул. Симиренка","lines":"23","arr":["23"],"terminus":1,"mode":"bus","color":"#0059a9","colorDark":"#00294f","angle":178.9,"snapDist":3,"label":1}},{"type":"Feature","geometry":{"type":"Point","coordinates":[30.407475,50.407839]},"properties":{"name":"вул. Симиренка","lines":"23","arr":["23"],"terminus":1,"mode":"bus","color":"#0059a9","colorDark":"#00294f","angle":354.2,"snapDist":2,"label":0}},{"type":"Feature","geometry":{"type":"Point","coordinates":[30.389505,50.417814]},"properties":{"name":"бул. Руденка","lines":"23","arr":["23"],"terminus":0,"mode":"bus","color":"#0059a9","colorDark":"#00294f","angle":11,"snapDist":0,"label":1}},{"type":"Feature","geometry":{"type":"Point","coordinates":[30.360169,50.455524]},"properties":{"name":"просп. Берест.","lines":"23","arr":["23"],"terminus":0,"mode":"bus","color":"#0059a9","colorDark":"#00294f","angle":174.1,"snapDist":5,"label":1}},{"type":"Feature","geometry":{"type":"Point","coordinates":[30.40584,50.471903]},"properties":{"name":"Ринок","lines":"23","arr":["23"],"terminus":1,"mode":"bus","color":"#0059a9","colorDark":"#00294f","angle":-89.1,"snapDist":38,"label":0}},{"type":"Feature","geometry":{"type":"Point","coordinates":[30.490661,50.44049]},"properties":{"name":"Залізничний вокзал","lines":"24","arr":["24"],"terminus":1,"mode":"bus","color":"#0059a9","colorDark":"#00294f","angle":108.5,"snapDist":9,"label":0}},{"type":"Feature","geometry":{"type":"Point","coordinates":[30.519946,50.441671]},"properties":{"name":"Бессарабська пл.","lines":"24","arr":["24"],"terminus":0,"mode":"bus","color":"#0059a9","colorDark":"#00294f","angle":281.7,"snapDist":5,"label":1}},{"type":"Feature","geometry":{"type":"Point","coordinates":[30.529999,50.437287]},"properties":{"name":"ст.м. \"Кловська\"","lines":"24","arr":["24"],"terminus":0,"mode":"bus","color":"#0059a9","colorDark":"#00294f","angle":194.1,"snapDist":2,"label":1}},{"type":"Feature","geometry":{"type":"Point","coordinates":[30.545887,50.443567]},"properties":{"name":"ст.м. \"Арсенальна\" (24)","lines":"24","arr":["24"],"terminus":0,"mode":"bus","color":"#0059a9","colorDark":"#00294f","angle":226.8,"snapDist":11,"label":1}},{"type":"Feature","geometry":{"type":"Point","coordinates":[30.555262,50.433013]},"properties":{"name":"Музей історії ВВв","lines":"24","arr":["24"],"terminus":1,"mode":"bus","color":"#0059a9","colorDark":"#00294f","angle":249.7,"snapDist":7,"label":1}},{"type":"Feature","geometry":{"type":"Point","coordinates":[30.555999,50.432759]},"properties":{"name":"Музей історії ВВв","lines":"24","arr":["24"],"terminus":1,"mode":"bus","color":"#0059a9","colorDark":"#00294f","angle":-132.6,"snapDist":7,"label":0}},{"type":"Feature","geometry":{"type":"Point","coordinates":[30.545157,50.443815]},"properties":{"name":"ст.м. \"Арсенальна\" (24)","lines":"24","arr":["24"],"terminus":0,"mode":"bus","color":"#0059a9","colorDark":"#00294f","angle":8.2,"snapDist":2,"label":0}},{"type":"Feature","geometry":{"type":"Point","coordinates":[30.52208,50.442642]},"properties":{"name":"Бессарабська пл.","lines":"24","arr":["24"],"terminus":0,"mode":"bus","color":"#0059a9","colorDark":"#00294f","angle":44.3,"snapDist":7,"label":0}},{"type":"Feature","geometry":{"type":"Point","coordinates":[30.489813,50.440987]},"properties":{"name":"Залізничний вокзал","lines":"24","arr":["24"],"terminus":1,"mode":"bus","color":"#0059a9","colorDark":"#00294f","angle":228.9,"snapDist":14,"label":0}},{"type":"Feature","geometry":{"type":"Point","coordinates":[30.429703,50.413606]},"properties":{"name":"з.ст. Київ-Волинський(2)","lines":"25","arr":["25"],"terminus":1,"mode":"bus","color":"#0059a9","colorDark":"#00294f","angle":114.3,"snapDist":3,"label":1}},{"type":"Feature","geometry":{"type":"Point","coordinates":[30.442044,50.443377]},"properties":{"name":"вул. Борщагівська","lines":"25","arr":["25"],"terminus":0,"mode":"bus","color":"#0059a9","colorDark":"#00294f","angle":124,"snapDist":9,"label":1}},{"type":"Feature","geometry":{"type":"Point","coordinates":[30.461519,50.424643]},"properties":{"name":"просп. Повітр. сил","lines":"25","arr":["25"],"terminus":0,"mode":"bus","color":"#0059a9","colorDark":"#00294f","angle":214.3,"snapDist":2,"label":0}},{"type":"Feature","geometry":{"type":"Point","coordinates":[30.51589,50.424242]},"properties":{"name":"вул. Лабораторна","lines":"25","arr":["25"],"terminus":0,"mode":"bus","color":"#0059a9","colorDark":"#00294f","angle":246.9,"snapDist":3,"label":1}},{"type":"Feature","geometry":{"type":"Point","coordinates":[30.555168,50.433175]},"properties":{"name":"Музей історії ВВв","lines":"25","arr":["25"],"terminus":1,"mode":"bus","color":"#0059a9","colorDark":"#00294f","angle":249.7,"snapDist":6,"label":0}},{"type":"Feature","geometry":{"type":"Point","coordinates":[30.554857,50.433516]},"properties":{"name":"Музей історії ВВв","lines":"25","arr":["25"],"terminus":1,"mode":"bus","color":"#0059a9","colorDark":"#00294f","angle":60.9,"snapDist":28,"label":0}},{"type":"Feature","geometry":{"type":"Point","coordinates":[30.518486,50.424236]},"properties":{"name":"вул. Лабораторна","lines":"25","arr":["25"],"terminus":0,"mode":"bus","color":"#0059a9","colorDark":"#00294f","angle":-112.2,"snapDist":8,"label":0}},{"type":"Feature","geometry":{"type":"Point","coordinates":[30.462764,50.424328]},"properties":{"name":"просп. Повітр. сил","lines":"25","arr":["25"],"terminus":0,"mode":"bus","color":"#0059a9","colorDark":"#00294f","angle":-147.1,"snapDist":7,"label":0}},{"type":"Feature","geometry":{"type":"Point","coordinates":[30.442467,50.443472]},"properties":{"name":"вул. Борщагівська","lines":"25","arr":["25"],"terminus":0,"mode":"bus","color":"#0059a9","colorDark":"#00294f","angle":74.2,"snapDist":4,"label":0}},{"type":"Feature","geometry":{"type":"Point","coordinates":[30.429644,50.413522]},"properties":{"name":"з.ст. Київ-Волинський(2)","lines":"25","arr":["25"],"terminus":1,"mode":"bus","color":"#0059a9","colorDark":"#00294f","angle":294.3,"snapDist":15,"label":0}},{"type":"Feature","geometry":{"type":"Point","coordinates":[30.5354,50.346556]},"properties":{"name":"селище Пирогів","lines":"27","arr":["27"],"terminus":1,"mode":"bus","color":"#0059a9","colorDark":"#00294f","angle":127.5,"snapDist":6,"label":1}},{"type":"Feature","geometry":{"type":"Point","coordinates":[30.535683,50.378323]},"properties":{"name":"вул. Моторна","lines":"27","arr":["27"],"terminus":0,"mode":"bus","color":"#0059a9","colorDark":"#00294f","angle":49.4,"snapDist":10,"label":0}},{"type":"Feature","geometry":{"type":"Point","coordinates":[30.527481,50.401872]},"properties":{"name":"Центр комунікації","lines":"27","arr":["27"],"terminus":0,"mode":"bus","color":"#0059a9","colorDark":"#00294f","angle":60.6,"snapDist":4,"label":0}},{"type":"Feature","geometry":{"type":"Point","coordinates":[30.524847,50.412973]},"properties":{"name":"ст.м. \"Либідська\"","lines":"27","arr":["27"],"terminus":1,"mode":"bus","color":"#0059a9","colorDark":"#00294f","angle":334.8,"snapDist":3,"label":1}},{"type":"Feature","geometry":{"type":"Point","coordinates":[30.524411,50.412805]},"properties":{"name":"ст.м. \"Либідська\"","lines":"27","arr":["27"],"terminus":1,"mode":"bus","color":"#0059a9","colorDark":"#00294f","angle":307.2,"snapDist":3,"label":0}},{"type":"Feature","geometry":{"type":"Point","coordinates":[30.523066,50.404901]},"properties":{"name":"просп. Науки","lines":"27","arr":["27"],"terminus":0,"mode":"bus","color":"#0059a9","colorDark":"#00294f","angle":227.5,"snapDist":4,"label":1}},{"type":"Feature","geometry":{"type":"Point","coordinates":[30.535158,50.378737]},"properties":{"name":"вул. Моторна","lines":"27","arr":["27"],"terminus":0,"mode":"bus","color":"#0059a9","colorDark":"#00294f","angle":232.2,"snapDist":3,"label":0}},{"type":"Feature","geometry":{"type":"Point","coordinates":[30.535526,50.346661]},"properties":{"name":"селище Пирогів","lines":"27","arr":["27"],"terminus":1,"mode":"bus","color":"#0059a9","colorDark":"#00294f","angle":307.5,"snapDist":3,"label":0}},{"type":"Feature","geometry":{"type":"Point","coordinates":[30.516879,50.405002]},"properties":{"name":"ст.м. \"Деміївська\"","lines":"28","arr":["28"],"terminus":1,"mode":"bus","color":"#0059a9","colorDark":"#00294f","angle":286.4,"snapDist":19,"label":1}},{"type":"Feature","geometry":{"type":"Point","coordinates":[30.501343,50.402576]},"properties":{"name":"вул. Альпійська","lines":"28","arr":["28"],"terminus":1,"mode":"bus","color":"#0059a9","colorDark":"#00294f","angle":116.6,"snapDist":2,"label":1}},{"type":"Feature","geometry":{"type":"Point","coordinates":[30.501134,50.402302]},"properties":{"name":"вул. Альпійська","lines":"28","arr":["28"],"terminus":1,"mode":"bus","color":"#0059a9","colorDark":"#00294f","angle":293.7,"snapDist":36,"label":0}},{"type":"Feature","geometry":{"type":"Point","coordinates":[30.517421,50.405975]},"properties":{"name":"ст.м. \"Деміївська\"","lines":"28","arr":["28"],"terminus":1,"mode":"bus","color":"#0059a9","colorDark":"#00294f","angle":294.5,"snapDist":16,"label":0}},{"type":"Feature","geometry":{"type":"Point","coordinates":[30.646845,50.46547]},"properties":{"name":"ст.м. \"Лісова\"","lines":"28т","arr":["28т"],"terminus":1,"mode":"bus","color":"#0059a9","colorDark":"#00294f","angle":336.6,"snapDist":23,"label":0}},{"type":"Feature","geometry":{"type":"Point","coordinates":[30.614366,50.471629]},"properties":{"name":"Р-к Лісовий","lines":"28т","arr":["28т"],"terminus":0,"mode":"bus","color":"#0059a9","colorDark":"#00294f","angle":27.1,"snapDist":4,"label":1}},{"type":"Feature","geometry":{"type":"Point","coordinates":[30.621452,50.510111]},"properties":{"name":"вул. С. Лифаря (101)","lines":"28т","arr":["28т"],"terminus":0,"mode":"bus","color":"#0059a9","colorDark":"#00294f","angle":122.2,"snapDist":1,"label":1}},{"type":"Feature","geometry":{"type":"Point","coordinates":[30.598438,50.532446]},"properties":{"name":"вул. Милославська (73)","lines":"28т","arr":["28т"],"terminus":1,"mode":"bus","color":"#0059a9","colorDark":"#00294f","angle":326,"snapDist":5,"label":0}},{"type":"Feature","geometry":{"type":"Point","coordinates":[30.599336,50.53269]},"properties":{"name":"вул. Милославська (73)","lines":"28т","arr":["28т"],"terminus":1,"mode":"bus","color":"#0059a9","colorDark":"#00294f","angle":129.4,"snapDist":16,"label":0}},{"type":"Feature","geometry":{"type":"Point","coordinates":[30.620623,50.509288]},"properties":{"name":"вул. С. Лифаря (101)","lines":"28т","arr":["28т"],"terminus":0,"mode":"bus","color":"#0059a9","colorDark":"#00294f","angle":302.6,"snapDist":4,"label":0}},{"type":"Feature","geometry":{"type":"Point","coordinates":[30.617003,50.470621]},"properties":{"name":"вул. Юності","lines":"28т","arr":["28т"],"terminus":0,"mode":"bus","color":"#0059a9","colorDark":"#00294f","angle":206.7,"snapDist":2,"label":1}},{"type":"Feature","geometry":{"type":"Point","coordinates":[30.646581,50.465309]},"properties":{"name":"ст.м. \"Лісова\"","lines":"28т","arr":["28т"],"terminus":1,"mode":"bus","color":"#0059a9","colorDark":"#00294f","angle":-23.2,"snapDist":6,"label":0}},{"type":"Feature","geometry":{"type":"Point","coordinates":[30.36137,50.547394]},"properties":{"name":"санаторій Лісова поляна","lines":"30","arr":["30"],"terminus":1,"mode":"bus","color":"#0059a9","colorDark":"#00294f","angle":349.4,"snapDist":3,"label":1}},{"type":"Feature","geometry":{"type":"Point","coordinates":[30.35631,50.542474]},"properties":{"name":"Радіологічний центр","lines":"30","arr":["30"],"terminus":0,"mode":"bus","color":"#0059a9","colorDark":"#00294f","angle":319.3,"snapDist":2,"label":1}},{"type":"Feature","geometry":{"type":"Point","coordinates":[30.334995,50.552619]},"properties":{"name":"вул. Селянська","lines":"30","arr":["30"],"terminus":0,"mode":"bus","color":"#0059a9","colorDark":"#00294f","angle":321,"snapDist":6,"label":1}},{"type":"Feature","geometry":{"type":"Point","coordinates":[30.35563,50.539654]},"properties":{"name":"вул. Квітки Цісик","lines":"30","arr":["30"],"terminus":0,"mode":"bus","color":"#0059a9","colorDark":"#00294f","angle":229.9,"snapDist":7,"label":1}},{"type":"Feature","geometry":{"type":"Point","coordinates":[30.364782,50.50059]},"properties":{"name":"Лісорозсадник","lines":"30","arr":["30"],"terminus":0,"mode":"bus","color":"#0059a9","colorDark":"#00294f","angle":262.8,"snapDist":2,"label":0}},{"type":"Feature","geometry":{"type":"Point","coordinates":[30.34705,50.464415]},"properties":{"name":"вул. Єфремова","lines":"30","arr":["30"],"terminus":1,"mode":"bus","color":"#0059a9","colorDark":"#00294f","angle":173.9,"snapDist":16,"label":1}},{"type":"Feature","geometry":{"type":"Point","coordinates":[30.347497,50.464446]},"properties":{"name":"вул. Єфремова","lines":"30","arr":["30"],"terminus":1,"mode":"bus","color":"#0059a9","colorDark":"#00294f","angle":173.9,"snapDist":16,"label":0}},{"type":"Feature","geometry":{"type":"Point","coordinates":[30.365083,50.50025]},"properties":{"name":"Лісорозсадник","lines":"30","arr":["30"],"terminus":0,"mode":"bus","color":"#0059a9","colorDark":"#00294f","angle":-96.1,"snapDist":14,"label":0}},{"type":"Feature","geometry":{"type":"Point","coordinates":[30.353345,50.540848]},"properties":{"name":"7 лінія","lines":"30","arr":["30"],"terminus":0,"mode":"bus","color":"#0059a9","colorDark":"#00294f","angle":139.3,"snapDist":9,"label":1}},{"type":"Feature","geometry":{"type":"Point","coordinates":[30.355929,50.542265]},"properties":{"name":"Радіологічний центр","lines":"30","arr":["30"],"terminus":0,"mode":"bus","color":"#0059a9","colorDark":"#00294f","angle":139.3,"snapDist":11,"label":0}},{"type":"Feature","geometry":{"type":"Point","coordinates":[30.36225,50.547433]},"properties":{"name":"санаторій Лісова поляна","lines":"30","arr":["30"],"terminus":1,"mode":"bus","color":"#0059a9","colorDark":"#00294f","angle":195.2,"snapDist":0,"label":0}},{"type":"Feature","geometry":{"type":"Point","coordinates":[30.467177,50.451728]},"properties":{"name":"ст.м. \"Політех інститут\"","lines":"31","arr":["31"],"terminus":1,"mode":"bus","color":"#0059a9","colorDark":"#00294f","angle":106.9,"snapDist":0,"label":1}},{"type":"Feature","geometry":{"type":"Point","coordinates":[30.480384,50.462124]},"properties":{"name":"ст.м. \"Лук’янівська\"","lines":"31","arr":["31"],"terminus":0,"mode":"bus","color":"#0059a9","colorDark":"#00294f","angle":36.6,"snapDist":0,"label":0}},{"type":"Feature","geometry":{"type":"Point","coordinates":[30.485071,50.467951]},"properties":{"name":"вул. Татарська","lines":"31","arr":["31"],"terminus":1,"mode":"bus","color":"#0059a9","colorDark":"#00294f","angle":183.8,"snapDist":2,"label":1}},{"type":"Feature","geometry":{"type":"Point","coordinates":[30.486376,50.468101]},"properties":{"name":"вул. Татарська","lines":"31","arr":["31"],"terminus":1,"mode":"bus","color":"#0059a9","colorDark":"#00294f","angle":92.9,"snapDist":0,"label":0}},{"type":"Feature","geometry":{"type":"Point","coordinates":[30.479888,50.462362]},"properties":{"name":"ст.м. \"Лук’янівська\"","lines":"31","arr":["31"],"terminus":0,"mode":"bus","color":"#0059a9","colorDark":"#00294f","angle":217.5,"snapDist":11,"label":0}},{"type":"Feature","geometry":{"type":"Point","coordinates":[30.46698,50.451215]},"properties":{"name":"ст.м. \"Політех інститут\"","lines":"31","arr":["31"],"terminus":1,"mode":"bus","color":"#0059a9","colorDark":"#00294f","angle":94.7,"snapDist":16,"label":0}},{"type":"Feature","geometry":{"type":"Point","coordinates":[30.405767,50.459453]},"properties":{"name":"ст.м. \"Нивки\"","lines":"32","arr":["32"],"terminus":1,"mode":"bus","color":"#0059a9","colorDark":"#00294f","angle":107.6,"snapDist":11,"label":0}},{"type":"Feature","geometry":{"type":"Point","coordinates":[30.420574,50.489552]},"properties":{"name":"з-д Квазар","lines":"32","arr":["32"],"terminus":0,"mode":"bus","color":"#0059a9","colorDark":"#00294f","angle":201.2,"snapDist":16,"label":1}},{"type":"Feature","geometry":{"type":"Point","coordinates":[30.455966,50.497071]},"properties":{"name":"к-тр Кадр","lines":"32","arr":["32"],"terminus":0,"mode":"bus","color":"#0059a9","colorDark":"#00294f","angle":44.9,"snapDist":4,"label":1}},{"type":"Feature","geometry":{"type":"Point","coordinates":[30.463185,50.524983]},"properties":{"name":"Диагностичний центр","lines":"32","arr":["32"],"terminus":0,"mode":"bus","color":"#0059a9","colorDark":"#00294f","angle":288.5,"snapDist":8,"label":1}},{"type":"Feature","geometry":{"type":"Point","coordinates":[30.450839,50.522584]},"properties":{"name":"Литовський проспект","lines":"32","arr":["32"],"terminus":1,"mode":"bus","color":"#0059a9","colorDark":"#00294f","angle":289.9,"snapDist":3,"label":1}},{"type":"Feature","geometry":{"type":"Point","coordinates":[30.450588,50.521989]},"properties":{"name":"Литовський проспект","lines":"32","arr":["32"],"terminus":1,"mode":"bus","color":"#0059a9","colorDark":"#00294f","angle":109.8,"snapDist":6,"label":0}},{"type":"Feature","geometry":{"type":"Point","coordinates":[30.462908,50.525195]},"properties":{"name":"Диагностичний центр","lines":"32","arr":["32"],"terminus":0,"mode":"bus","color":"#0059a9","colorDark":"#00294f","angle":108.4,"snapDist":13,"label":0}},{"type":"Feature","geometry":{"type":"Point","coordinates":[30.455346,50.497516]},"properties":{"name":"к-тр Кадр","lines":"32","arr":["32"],"terminus":0,"mode":"bus","color":"#0059a9","colorDark":"#00294f","angle":229.5,"snapDist":9,"label":0}},{"type":"Feature","geometry":{"type":"Point","coordinates":[30.41994,50.48971]},"properties":{"name":"з-д Квазар","lines":"32","arr":["32"],"terminus":0,"mode":"bus","color":"#0059a9","colorDark":"#00294f","angle":21.4,"snapDist":2,"label":0}},{"type":"Feature","geometry":{"type":"Point","coordinates":[30.405869,50.459977]},"properties":{"name":"ст.м. \"Нивки\"","lines":"32","arr":["32"],"terminus":1,"mode":"bus","color":"#0059a9","colorDark":"#00294f","angle":269.6,"snapDist":6,"label":0}},{"type":"Feature","geometry":{"type":"Point","coordinates":[30.643341,50.485359]},"properties":{"name":"м-в Лісовий (33)","lines":"33","arr":["33"],"terminus":1,"mode":"bus","color":"#0059a9","colorDark":"#00294f","angle":328.4,"snapDist":20,"label":1}},{"type":"Feature","geometry":{"type":"Point","coordinates":[30.625694,50.479874]},"properties":{"name":"просп. Лісовий (33)","lines":"33","arr":["33"],"terminus":0,"mode":"bus","color":"#0059a9","colorDark":"#00294f","angle":225,"snapDist":4,"label":1}},{"type":"Feature","geometry":{"type":"Point","coordinates":[30.642849,50.466006]},"properties":{"name":"ст.м. \"Лісова\"","lines":"33","arr":["33"],"terminus":1,"mode":"bus","color":"#0059a9","colorDark":"#00294f","angle":156.4,"snapDist":12,"label":0}},{"type":"Feature","geometry":{"type":"Point","coordinates":[30.643414,50.466164]},"properties":{"name":"ст.м. \"Лісова\"","lines":"33","arr":["33"],"terminus":1,"mode":"bus","color":"#0059a9","colorDark":"#00294f","angle":156.4,"snapDist":24,"label":0}},{"type":"Feature","geometry":{"type":"Point","coordinates":[30.627695,50.481005]},"properties":{"name":"вул. Мілютенка","lines":"33","arr":["33"],"terminus":0,"mode":"bus","color":"#0059a9","colorDark":"#00294f","angle":156.8,"snapDist":11,"label":1}},{"type":"Feature","geometry":{"type":"Point","coordinates":[30.644208,50.485678]},"properties":{"name":"м-в Лісовий (33)","lines":"33","arr":["33"],"terminus":1,"mode":"bus","color":"#0059a9","colorDark":"#00294f","angle":319.9,"snapDist":5,"label":0}},{"type":"Feature","geometry":{"type":"Point","coordinates":[30.630723,50.459088]},"properties":{"name":"ст.м. \"Чернигівська\"","lines":"33т","arr":["33т"],"terminus":1,"mode":"bus","color":"#0059a9","colorDark":"#00294f","angle":245.3,"snapDist":0,"label":1}},{"type":"Feature","geometry":{"type":"Point","coordinates":[30.627847,50.443701]},"properties":{"name":"пл. Дарн","lines":"33т","arr":["33т"],"terminus":0,"mode":"bus","color":"#0059a9","colorDark":"#00294f","angle":201.2,"snapDist":4,"label":0}},{"type":"Feature","geometry":{"type":"Point","coordinates":[30.681362,50.452009]},"properties":{"name":"ДВРЗ","lines":"33т","arr":["33т"],"terminus":1,"mode":"bus","color":"#0059a9","colorDark":"#00294f","angle":148.3,"snapDist":16,"label":1}},{"type":"Feature","geometry":{"type":"Point","coordinates":[30.680543,50.451692]},"properties":{"name":"ДВРЗ","lines":"33т","arr":["33т"],"terminus":1,"mode":"bus","color":"#0059a9","colorDark":"#00294f","angle":330.2,"snapDist":6,"label":0}},{"type":"Feature","geometry":{"type":"Point","coordinates":[30.627002,50.443914]},"properties":{"name":"пл. Дарн","lines":"33т","arr":["33т"],"terminus":0,"mode":"bus","color":"#0059a9","colorDark":"#00294f","angle":21.4,"snapDist":2,"label":0}},{"type":"Feature","geometry":{"type":"Point","coordinates":[30.630026,50.460127]},"properties":{"name":"ст.м. \"Чернигівська\"","lines":"33т","arr":["33т"],"terminus":1,"mode":"bus","color":"#0059a9","colorDark":"#00294f","angle":245.6,"snapDist":2,"label":0}},{"type":"Feature","geometry":{"type":"Point","coordinates":[30.61045,50.420388]},"properties":{"name":"вул. Бабіча","lines":"35","arr":["35"],"terminus":1,"mode":"bus","color":"#0059a9","colorDark":"#00294f","angle":336,"snapDist":1,"label":1}},{"type":"Feature","geometry":{"type":"Point","coordinates":[30.615299,50.411053]},"properties":{"name":"вул. Урлівська","lines":"35","arr":["35"],"terminus":0,"mode":"bus","color":"#0059a9","colorDark":"#00294f","angle":224.9,"snapDist":12,"label":1}},{"type":"Feature","geometry":{"type":"Point","coordinates":[30.621134,50.406311]},"properties":{"name":"вул. Ахматової","lines":"35","arr":["35"],"terminus":0,"mode":"bus","color":"#0059a9","colorDark":"#00294f","angle":247.7,"snapDist":4,"label":1}},{"type":"Feature","geometry":{"type":"Point","coordinates":[30.603622,50.393099]},"properties":{"name":"ст.м. \"Славутич\"","lines":"35","arr":["35"],"terminus":0,"mode":"bus","color":"#0059a9","colorDark":"#00294f","angle":35.9,"snapDist":0,"label":0}},{"type":"Feature","geometry":{"type":"Point","coordinates":[30.593617,50.375608]},"properties":{"name":"вул. Підлипка","lines":"35","arr":["35"],"terminus":1,"mode":"bus","color":"#0059a9","colorDark":"#00294f","angle":270.8,"snapDist":2,"label":1}},{"type":"Feature","geometry":{"type":"Point","coordinates":[30.593616,50.375508]},"properties":{"name":"вул. Підлипка","lines":"35","arr":["35"],"terminus":1,"mode":"bus","color":"#0059a9","colorDark":"#00294f","angle":90.3,"snapDist":3,"label":0}},{"type":"Feature","geometry":{"type":"Point","coordinates":[30.603197,50.382354]},"properties":{"name":"вул. Колекторна","lines":"35","arr":["35"],"terminus":0,"mode":"bus","color":"#0059a9","colorDark":"#00294f","angle":259.6,"snapDist":4,"label":1}},{"type":"Feature","geometry":{"type":"Point","coordinates":[30.603594,50.393112]},"properties":{"name":"ст.м. \"Славутич\"","lines":"35","arr":["35"],"terminus":0,"mode":"bus","color":"#0059a9","colorDark":"#00294f","angle":35.9,"snapDist":3,"label":0}},{"type":"Feature","geometry":{"type":"Point","coordinates":[30.619292,50.408492]},"properties":{"name":"вул. Тальнівська","lines":"35","arr":["35"],"terminus":0,"mode":"bus","color":"#0059a9","colorDark":"#00294f","angle":46.5,"snapDist":0,"label":1}},{"type":"Feature","geometry":{"type":"Point","coordinates":[30.614735,50.4114]},"properties":{"name":"вул. Урлівська","lines":"35","arr":["35"],"terminus":0,"mode":"bus","color":"#0059a9","colorDark":"#00294f","angle":-137.1,"snapDist":8,"label":0}},{"type":"Feature","geometry":{"type":"Point","coordinates":[30.611106,50.420574]},"properties":{"name":"вул. Бабіча","lines":"35","arr":["35"],"terminus":1,"mode":"bus","color":"#0059a9","colorDark":"#00294f","angle":336,"snapDist":3,"label":0}},{"type":"Feature","geometry":{"type":"Point","coordinates":[30.603642,50.393089]},"properties":{"name":"ст.м. \"Славутич\"","lines":"35к","arr":["35к"],"terminus":1,"mode":"bus","color":"#0059a9","colorDark":"#00294f","angle":215,"snapDist":3,"label":1}},{"type":"Feature","geometry":{"type":"Point","coordinates":[30.593617,50.375602]},"properties":{"name":"вул. Підлипка","lines":"35к","arr":["35к"],"terminus":1,"mode":"bus","color":"#0059a9","colorDark":"#00294f","angle":270.8,"snapDist":2,"label":0}},{"type":"Feature","geometry":{"type":"Point","coordinates":[30.593616,50.375508]},"properties":{"name":"вул. Підлипка","lines":"35к","arr":["35к"],"terminus":1,"mode":"bus","color":"#0059a9","colorDark":"#00294f","angle":90.3,"snapDist":3,"label":0}},{"type":"Feature","geometry":{"type":"Point","coordinates":[30.603119,50.382425]},"properties":{"name":"вул. Колекторна","lines":"35к","arr":["35к"],"terminus":0,"mode":"bus","color":"#0059a9","colorDark":"#00294f","angle":170.5,"snapDist":9,"label":0}},{"type":"Feature","geometry":{"type":"Point","coordinates":[30.604204,50.392838]},"properties":{"name":"ст.м. \"Славутич\"","lines":"35к","arr":["35к"],"terminus":1,"mode":"bus","color":"#0059a9","colorDark":"#00294f","angle":35,"snapDist":23,"label":0}},{"type":"Feature","geometry":{"type":"Point","coordinates":[30.647387,50.465619]},"properties":{"name":"ст.м. \"Лісова\"","lines":"35т","arr":["35т"],"terminus":1,"mode":"bus","color":"#0059a9","colorDark":"#00294f","angle":336.8,"snapDist":2,"label":0}},{"type":"Feature","geometry":{"type":"Point","coordinates":[30.616178,50.471032]},"properties":{"name":"Р-к Лісовий","lines":"35т","arr":["35т"],"terminus":0,"mode":"bus","color":"#0059a9","colorDark":"#00294f","angle":27.5,"snapDist":3,"label":0}},{"type":"Feature","geometry":{"type":"Point","coordinates":[30.616187,50.511767]},"properties":{"name":"вул. С. Лифаря","lines":"35т","arr":["35т"],"terminus":1,"mode":"bus","color":"#0059a9","colorDark":"#00294f","angle":33.4,"snapDist":1,"label":1}},{"type":"Feature","geometry":{"type":"Point","coordinates":[30.615396,50.511976]},"properties":{"name":"вул. С. Лифаря","lines":"35т","arr":["35т"],"terminus":1,"mode":"bus","color":"#0059a9","colorDark":"#00294f","angle":213.8,"snapDist":17,"label":0}},{"type":"Feature","geometry":{"type":"Point","coordinates":[30.619748,50.469712]},"properties":{"name":"вул. Юності","lines":"35т","arr":["35т"],"terminus":0,"mode":"bus","color":"#0059a9","colorDark":"#00294f","angle":27.2,"snapDist":9,"label":0}},{"type":"Feature","geometry":{"type":"Point","coordinates":[30.648317,50.465877]},"properties":{"name":"ст.м. \"Лісова\"","lines":"35т","arr":["35т"],"terminus":1,"mode":"bus","color":"#0059a9","colorDark":"#00294f","angle":335.6,"snapDist":5,"label":0}},{"type":"Feature","geometry":{"type":"Point","coordinates":[30.450336,50.473005]},"properties":{"name":"ст.м. \"Дорогожичі\"","lines":"36","arr":["36"],"terminus":1,"mode":"bus","color":"#0059a9","colorDark":"#00294f","angle":193,"snapDist":2,"label":1}},{"type":"Feature","geometry":{"type":"Point","coordinates":[30.463647,50.491873]},"properties":{"name":"вул. Сирецька","lines":"36","arr":["36"],"terminus":1,"mode":"bus","color":"#0059a9","colorDark":"#00294f","angle":236.5,"snapDist":5,"label":1}},{"type":"Feature","geometry":{"type":"Point","coordinates":[30.463946,50.491585]},"properties":{"name":"вул. Сирецька","lines":"36","arr":["36"],"terminus":1,"mode":"bus","color":"#0059a9","colorDark":"#00294f","angle":236.5,"snapDist":2,"label":0}},{"type":"Feature","geometry":{"type":"Point","coordinates":[30.447784,50.473408]},"properties":{"name":"ст.м. \"Дорогожичі\"","lines":"36","arr":["36"],"terminus":1,"mode":"bus","color":"#0059a9","colorDark":"#00294f","angle":103.2,"snapDist":53,"label":0}},{"type":"Feature","geometry":{"type":"Point","coordinates":[30.347263,50.459765]},"properties":{"name":"вул. Чорноб","lines":"36тр","arr":["36тр"],"terminus":1,"mode":"bus","color":"#0059a9","colorDark":"#00294f","angle":359.2,"snapDist":12,"label":1}},{"type":"Feature","geometry":{"type":"Point","coordinates":[30.390381,50.45756]},"properties":{"name":"ст.м. \"Святошин\" (90)","lines":"36тр","arr":["36тр"],"terminus":0,"mode":"bus","color":"#0059a9","colorDark":"#00294f","angle":173.6,"snapDist":6,"label":0}},{"type":"Feature","geometry":{"type":"Point","coordinates":[30.405866,50.460186]},"properties":{"name":"ст.м. \"Нивки\"","lines":"36тр","arr":["36тр"],"terminus":0,"mode":"bus","color":"#0059a9","colorDark":"#00294f","angle":89.6,"snapDist":6,"label":0}},{"type":"Feature","geometry":{"type":"Point","coordinates":[30.405827,50.482334]},"properties":{"name":"пл. В.Марченка","lines":"36тр","arr":["36тр"],"terminus":0,"mode":"bus","color":"#0059a9","colorDark":"#00294f","angle":90,"snapDist":1,"label":0}},{"type":"Feature","geometry":{"type":"Point","coordinates":[30.420188,50.50498]},"properties":{"name":"мкр Варш","lines":"36тр","arr":["36тр"],"terminus":0,"mode":"bus","color":"#0059a9","colorDark":"#00294f","angle":196.1,"snapDist":0,"label":0}},{"type":"Feature","geometry":{"type":"Point","coordinates":[30.4531,50.505605]},"properties":{"name":"вул. Івашкевича","lines":"36тр","arr":["36тр"],"terminus":0,"mode":"bus","color":"#0059a9","colorDark":"#00294f","angle":185.6,"snapDist":6,"label":1}},{"type":"Feature","geometry":{"type":"Point","coordinates":[30.4971,50.512069]},"properties":{"name":"ст.м. \"Мінська\"","lines":"36тр","arr":["36тр"],"terminus":0,"mode":"bus","color":"#0059a9","colorDark":"#00294f","angle":182.6,"snapDist":4,"label":0}},{"type":"Feature","geometry":{"type":"Point","coordinates":[30.516489,50.527492]},"properties":{"name":"вул. Північна","lines":"36тр","arr":["36тр"],"terminus":1,"mode":"bus","color":"#0059a9","colorDark":"#00294f","angle":89.2,"snapDist":1,"label":1}},{"type":"Feature","geometry":{"type":"Point","coordinates":[30.516343,50.528163]},"properties":{"name":"вул. Північна","lines":"36тр","arr":["36тр"],"terminus":1,"mode":"bus","color":"#0059a9","colorDark":"#00294f","angle":269.3,"snapDist":6,"label":0}},{"type":"Feature","geometry":{"type":"Point","coordinates":[30.49716,50.512471]},"properties":{"name":"ст.м. \"Мінська\"","lines":"36тр","arr":["36тр"],"terminus":0,"mode":"bus","color":"#0059a9","colorDark":"#00294f","angle":0.5,"snapDist":3,"label":0}},{"type":"Feature","geometry":{"type":"Point","coordinates":[30.449179,50.505887]},"properties":{"name":"вул. Вишгородська","lines":"36тр","arr":["36тр"],"terminus":0,"mode":"bus","color":"#0059a9","colorDark":"#00294f","angle":350.7,"snapDist":5,"label":1}},{"type":"Feature","geometry":{"type":"Point","coordinates":[30.420529,50.505106]},"properties":{"name":"мкр Варш","lines":"36тр","arr":["36тр"],"terminus":0,"mode":"bus","color":"#0059a9","colorDark":"#00294f","angle":359.1,"snapDist":1,"label":0}},{"type":"Feature","geometry":{"type":"Point","coordinates":[30.405824,50.480599]},"properties":{"name":"вул. Стеценка","lines":"36тр","arr":["36тр"],"terminus":0,"mode":"bus","color":"#0059a9","colorDark":"#00294f","angle":269.9,"snapDist":9,"label":1}},{"type":"Feature","geometry":{"type":"Point","coordinates":[30.405869,50.459969]},"properties":{"name":"ст.м. \"Нивки\"","lines":"36тр","arr":["36тр"],"terminus":0,"mode":"bus","color":"#0059a9","colorDark":"#00294f","angle":269.6,"snapDist":3,"label":0}},{"type":"Feature","geometry":{"type":"Point","coordinates":[30.389678,50.457639]},"properties":{"name":"ст.м. \"Святошин\" (90)","lines":"36тр","arr":["36тр"],"terminus":0,"mode":"bus","color":"#0059a9","colorDark":"#00294f","angle":173.8,"snapDist":13,"label":0}},{"type":"Feature","geometry":{"type":"Point","coordinates":[30.347905,50.459531]},"properties":{"name":"вул. Чорноб","lines":"36тр","arr":["36тр"],"terminus":1,"mode":"bus","color":"#0059a9","colorDark":"#00294f","angle":178.2,"snapDist":7,"label":0}},{"type":"Feature","geometry":{"type":"Point","coordinates":[30.283952,50.43153]},"properties":{"name":"ж/м Західний","lines":"37","arr":["37"],"terminus":1,"mode":"bus","color":"#0059a9","colorDark":"#00294f","angle":135.5,"snapDist":23,"label":1}},{"type":"Feature","geometry":{"type":"Point","coordinates":[30.281676,50.444927]},"properties":{"name":"сан. Перемога","lines":"37","arr":["37"],"terminus":0,"mode":"bus","color":"#0059a9","colorDark":"#00294f","angle":85.1,"snapDist":1,"label":1}},{"type":"Feature","geometry":{"type":"Point","coordinates":[30.312996,50.452446]},"properties":{"name":"поворот на с/к Чайку","lines":"37","arr":["37"],"terminus":0,"mode":"bus","color":"#0059a9","colorDark":"#00294f","angle":173.7,"snapDist":11,"label":1}},{"type":"Feature","geometry":{"type":"Point","coordinates":[30.351326,50.454934]},"properties":{"name":"а/с Дачна","lines":"37","arr":["37"],"terminus":0,"mode":"bus","color":"#0059a9","colorDark":"#00294f","angle":174.2,"snapDist":5,"label":1}},{"type":"Feature","geometry":{"type":"Point","coordinates":[30.387677,50.456553]},"properties":{"name":"ст.м. \"Святошин\"","lines":"37","arr":["37"],"terminus":1,"mode":"bus","color":"#0059a9","colorDark":"#00294f","angle":99.7,"snapDist":1,"label":1}},{"type":"Feature","geometry":{"type":"Point","coordinates":[30.387964,50.457618]},"properties":{"name":"ст.м. \"Святошин\"","lines":"37","arr":["37"],"terminus":1,"mode":"bus","color":"#0059a9","colorDark":"#00294f","angle":99.7,"snapDist":0,"label":0}},{"type":"Feature","geometry":{"type":"Point","coordinates":[30.351622,50.455092]},"properties":{"name":"а/с Дачна","lines":"37","arr":["37"],"terminus":0,"mode":"bus","color":"#0059a9","colorDark":"#00294f","angle":354.3,"snapDist":6,"label":0}},{"type":"Feature","geometry":{"type":"Point","coordinates":[30.312379,50.452526]},"properties":{"name":"поворот на с/к Чайку","lines":"37","arr":["37"],"terminus":0,"mode":"bus","color":"#0059a9","colorDark":"#00294f","angle":352.7,"snapDist":3,"label":0}},{"type":"Feature","geometry":{"type":"Point","coordinates":[30.28163,50.44523]},"properties":{"name":"сан. Перемога","lines":"37","arr":["37"],"terminus":0,"mode":"bus","color":"#0059a9","colorDark":"#00294f","angle":264.3,"snapDist":11,"label":0}},{"type":"Feature","geometry":{"type":"Point","coordinates":[30.283773,50.431417]},"properties":{"name":"ж/м Західний","lines":"37","arr":["37"],"terminus":1,"mode":"bus","color":"#0059a9","colorDark":"#00294f","angle":317,"snapDist":7,"label":0}},{"type":"Feature","geometry":{"type":"Point","coordinates":[30.306666,50.435753]},"properties":{"name":"с/к Чайка","lines":"37а","arr":["37а"],"terminus":1,"mode":"bus","color":"#0059a9","colorDark":"#00294f","angle":27.3,"snapDist":10,"label":1}},{"type":"Feature","geometry":{"type":"Point","coordinates":[30.312778,50.446645]},"properties":{"name":"пансіонат Чайка","lines":"37а","arr":["37а"],"terminus":0,"mode":"bus","color":"#0059a9","colorDark":"#00294f","angle":83.9,"snapDist":11,"label":1}},{"type":"Feature","geometry":{"type":"Point","coordinates":[30.35138,50.454937]},"properties":{"name":"а/с Дачна","lines":"37а","arr":["37а"],"terminus":0,"mode":"bus","color":"#0059a9","colorDark":"#00294f","angle":174.2,"snapDist":5,"label":0}},{"type":"Feature","geometry":{"type":"Point","coordinates":[30.387767,50.456885]},"properties":{"name":"ст.м. \"Святошин\"","lines":"37а","arr":["37а"],"terminus":1,"mode":"bus","color":"#0059a9","colorDark":"#00294f","angle":99.7,"snapDist":1,"label":0}},{"type":"Feature","geometry":{"type":"Point","coordinates":[30.387964,50.457618]},"properties":{"name":"ст.м. \"Святошин\"","lines":"37а","arr":["37а"],"terminus":1,"mode":"bus","color":"#0059a9","colorDark":"#00294f","angle":99.7,"snapDist":0,"label":0}},{"type":"Feature","geometry":{"type":"Point","coordinates":[30.351402,50.455078]},"properties":{"name":"а/с Дачна","lines":"37а","arr":["37а"],"terminus":0,"mode":"bus","color":"#0059a9","colorDark":"#00294f","angle":354.3,"snapDist":6,"label":0}},{"type":"Feature","geometry":{"type":"Point","coordinates":[30.311729,50.452473]},"properties":{"name":"поворот на с/к Чайку","lines":"37а","arr":["37а"],"terminus":0,"mode":"bus","color":"#0059a9","colorDark":"#00294f","angle":353.1,"snapDist":5,"label":0}},{"type":"Feature","geometry":{"type":"Point","coordinates":[30.306461,50.435856]},"properties":{"name":"с/к Чайка","lines":"37а","arr":["37а"],"terminus":1,"mode":"bus","color":"#0059a9","colorDark":"#00294f","angle":39,"snapDist":7,"label":0}},{"type":"Feature","geometry":{"type":"Point","coordinates":[30.644355,50.466426]},"properties":{"name":"ст.м. \"Лісова\"","lines":"37Д","arr":["37Д"],"terminus":1,"mode":"bus","color":"#0059a9","colorDark":"#00294f","angle":156.4,"snapDist":3,"label":0}},{"type":"Feature","geometry":{"type":"Point","coordinates":[30.617077,50.479387]},"properties":{"name":"вул. Братиславська","lines":"37Д","arr":["37Д"],"terminus":0,"mode":"bus","color":"#0059a9","colorDark":"#00294f","angle":66.9,"snapDist":32,"label":1}},{"type":"Feature","geometry":{"type":"Point","coordinates":[30.600017,50.506616]},"properties":{"name":"Кінотеатр Флоренція","lines":"37Д","arr":["37Д"],"terminus":0,"mode":"bus","color":"#0059a9","colorDark":"#00294f","angle":62.3,"snapDist":10,"label":1}},{"type":"Feature","geometry":{"type":"Point","coordinates":[30.594778,50.51886]},"properties":{"name":"вул. Лаврухина","lines":"37Д","arr":["37Д"],"terminus":0,"mode":"bus","color":"#0059a9","colorDark":"#00294f","angle":123.5,"snapDist":3,"label":1}},{"type":"Feature","geometry":{"type":"Point","coordinates":[30.626437,50.522653]},"properties":{"name":"Поліклініка (Закр)","lines":"37Д","arr":["37Д"],"terminus":1,"mode":"bus","color":"#0059a9","colorDark":"#00294f","angle":184.1,"snapDist":3,"label":1}},{"type":"Feature","geometry":{"type":"Point","coordinates":[30.620167,50.522867]},"properties":{"name":"Поліклініка (Закр)","lines":"37Д","arr":["37Д"],"terminus":1,"mode":"bus","color":"#0059a9","colorDark":"#00294f","angle":113.1,"snapDist":8,"label":1}},{"type":"Feature","geometry":{"type":"Point","coordinates":[30.594335,50.518429]},"properties":{"name":"вул. Лаврухина","lines":"37Д","arr":["37Д"],"terminus":0,"mode":"bus","color":"#0059a9","colorDark":"#00294f","angle":303.4,"snapDist":8,"label":0}},{"type":"Feature","geometry":{"type":"Point","coordinates":[30.601542,50.504626]},"properties":{"name":"Кінотеатр Флоренція","lines":"37Д","arr":["37Д"],"terminus":0,"mode":"bus","color":"#0059a9","colorDark":"#00294f","angle":234,"snapDist":9,"label":1}},{"type":"Feature","geometry":{"type":"Point","coordinates":[30.617293,50.479067]},"properties":{"name":"вул. Братиславська","lines":"37Д","arr":["37Д"],"terminus":0,"mode":"bus","color":"#0059a9","colorDark":"#00294f","angle":246.7,"snapDist":2,"label":0}},{"type":"Feature","geometry":{"type":"Point","coordinates":[30.643519,50.466193]},"properties":{"name":"ст.м. \"Лісова\"","lines":"37Д","arr":["37Д"],"terminus":1,"mode":"bus","color":"#0059a9","colorDark":"#00294f","angle":156.4,"snapDist":4,"label":0}},{"type":"Feature","geometry":{"type":"Point","coordinates":[30.517214,50.405651]},"properties":{"name":"ст.м. \"Деміївська\"","lines":"38","arr":["38"],"terminus":1,"mode":"bus","color":"#0059a9","colorDark":"#00294f","angle":290.1,"snapDist":2,"label":0}},{"type":"Feature","geometry":{"type":"Point","coordinates":[30.485919,50.392918]},"properties":{"name":"ст.м. \"Васильківська\"","lines":"38","arr":["38"],"terminus":0,"mode":"bus","color":"#0059a9","colorDark":"#00294f","angle":338.3,"snapDist":3,"label":0}},{"type":"Feature","geometry":{"type":"Point","coordinates":[30.476101,50.380745]},"properties":{"name":"ст.м. \"Виставковий центр\"","lines":"38","arr":["38"],"terminus":0,"mode":"bus","color":"#0059a9","colorDark":"#00294f","angle":328.1,"snapDist":0,"label":0}},{"type":"Feature","geometry":{"type":"Point","coordinates":[30.457042,50.37061]},"properties":{"name":"Одеська площа","lines":"38","arr":["38"],"terminus":0,"mode":"bus","color":"#0059a9","colorDark":"#00294f","angle":152.5,"snapDist":4,"label":1}},{"type":"Feature","geometry":{"type":"Point","coordinates":[30.476646,50.340804]},"properties":{"name":"вул. Метрологічна","lines":"38","arr":["38"],"terminus":1,"mode":"bus","color":"#0059a9","colorDark":"#00294f","angle":275.9,"snapDist":1,"label":1}},{"type":"Feature","geometry":{"type":"Point","coordinates":[30.477837,50.33989]},"properties":{"name":"вул. Метрологічна","lines":"38","arr":["38"],"terminus":1,"mode":"bus","color":"#0059a9","colorDark":"#00294f","angle":356.8,"snapDist":15,"label":0}},{"type":"Feature","geometry":{"type":"Point","coordinates":[30.490433,50.353955]},"properties":{"name":"Музей Арх","lines":"38","arr":["38"],"terminus":0,"mode":"bus","color":"#0059a9","colorDark":"#00294f","angle":212,"snapDist":21,"label":1}},{"type":"Feature","geometry":{"type":"Point","coordinates":[30.478257,50.382881]},"properties":{"name":"вул. Васильківська","lines":"38","arr":["38"],"terminus":0,"mode":"bus","color":"#0059a9","colorDark":"#00294f","angle":107.9,"snapDist":1,"label":1}},{"type":"Feature","geometry":{"type":"Point","coordinates":[30.489372,50.393497]},"properties":{"name":"ст.м. \"Васильківська\"","lines":"38","arr":["38"],"terminus":0,"mode":"bus","color":"#0059a9","colorDark":"#00294f","angle":165.4,"snapDist":9,"label":0}},{"type":"Feature","geometry":{"type":"Point","coordinates":[30.517294,50.40439]},"properties":{"name":"ст.м. \"Деміївська\"","lines":"38","arr":["38"],"terminus":1,"mode":"bus","color":"#0059a9","colorDark":"#00294f","angle":112.3,"snapDist":72,"label":0}},{"type":"Feature","geometry":{"type":"Point","coordinates":[30.511168,50.398496]},"properties":{"name":"ст.м. \"Голосіївська\"","lines":"39","arr":["39"],"terminus":1,"mode":"bus","color":"#0059a9","colorDark":"#00294f","angle":127.2,"snapDist":22,"label":1}},{"type":"Feature","geometry":{"type":"Point","coordinates":[30.523445,50.404637]},"properties":{"name":"просп. Науки","lines":"39","arr":["39"],"terminus":0,"mode":"bus","color":"#0059a9","colorDark":"#00294f","angle":227.5,"snapDist":2,"label":0}},{"type":"Feature","geometry":{"type":"Point","coordinates":[30.54259,50.388711]},"properties":{"name":"вул. Ракетна","lines":"39","arr":["39"],"terminus":0,"mode":"bus","color":"#0059a9","colorDark":"#00294f","angle":200.8,"snapDist":6,"label":1}},{"type":"Feature","geometry":{"type":"Point","coordinates":[30.545982,50.390139]},"properties":{"name":"пров. Лисогірський","lines":"39","arr":["39"],"terminus":1,"mode":"bus","color":"#0059a9","colorDark":"#00294f","angle":194,"snapDist":42,"label":1}},{"type":"Feature","geometry":{"type":"Point","coordinates":[30.546003,50.390135]},"properties":{"name":"пров. Лисогірський","lines":"39","arr":["39"],"terminus":1,"mode":"bus","color":"#0059a9","colorDark":"#00294f","angle":-166,"snapDist":18,"label":0}},{"type":"Feature","geometry":{"type":"Point","coordinates":[30.542259,50.388794]},"properties":{"name":"вул. Ракетна","lines":"39","arr":["39"],"terminus":0,"mode":"bus","color":"#0059a9","colorDark":"#00294f","angle":203,"snapDist":3,"label":0}},{"type":"Feature","geometry":{"type":"Point","coordinates":[30.510243,50.397621]},"properties":{"name":"ст.м. \"Голосіївська\"","lines":"39","arr":["39"],"terminus":1,"mode":"bus","color":"#0059a9","colorDark":"#00294f","angle":121.4,"snapDist":21,"label":0}},{"type":"Feature","geometry":{"type":"Point","coordinates":[30.462876,50.566789]},"properties":{"name":"с. ДВС","lines":"40","arr":["40"],"terminus":1,"mode":"bus","color":"#0059a9","colorDark":"#00294f","angle":356.2,"snapDist":10,"label":1}},{"type":"Feature","geometry":{"type":"Point","coordinates":[30.450115,50.520673]},"properties":{"name":"Литовський проспект","lines":"40","arr":["40"],"terminus":0,"mode":"bus","color":"#0059a9","colorDark":"#00294f","angle":193.5,"snapDist":1,"label":0}},{"type":"Feature","geometry":{"type":"Point","coordinates":[30.499334,50.523256]},"properties":{"name":"ст.м. \"Героїв Дніпра\"","lines":"40","arr":["40"],"terminus":1,"mode":"bus","color":"#0059a9","colorDark":"#00294f","angle":91.2,"snapDist":8,"label":1}},{"type":"Feature","geometry":{"type":"Point","coordinates":[30.499393,50.524742]},"properties":{"name":"ст.м. \"Героїв Дніпра\"","lines":"40","arr":["40"],"terminus":1,"mode":"bus","color":"#0059a9","colorDark":"#00294f","angle":91.6,"snapDist":1,"label":0}},{"type":"Feature","geometry":{"type":"Point","coordinates":[30.449829,50.52146]},"properties":{"name":"Литовський проспект","lines":"40","arr":["40"],"terminus":0,"mode":"bus","color":"#0059a9","colorDark":"#00294f","angle":109.8,"snapDist":4,"label":0}},{"type":"Feature","geometry":{"type":"Point","coordinates":[30.463203,50.566803]},"properties":{"name":"с. ДВС","lines":"40","arr":["40"],"terminus":1,"mode":"bus","color":"#0059a9","colorDark":"#00294f","angle":176.2,"snapDist":1,"label":0}},{"type":"Feature","geometry":{"type":"Point","coordinates":[30.464312,50.566851]},"properties":{"name":"с. ДВС","lines":"41","arr":["41"],"terminus":1,"mode":"bus","color":"#0059a9","colorDark":"#00294f","angle":175.7,"snapDist":9,"label":0}},{"type":"Feature","geometry":{"type":"Point","coordinates":[30.484971,50.543511]},"properties":{"name":"Лікарня","lines":"41","arr":["41"],"terminus":0,"mode":"bus","color":"#0059a9","colorDark":"#00294f","angle":267.4,"snapDist":2,"label":1}},{"type":"Feature","geometry":{"type":"Point","coordinates":[30.499448,50.52291]},"properties":{"name":"ст.м. \"Героїв Дніпра\"","lines":"41","arr":["41"],"terminus":1,"mode":"bus","color":"#0059a9","colorDark":"#00294f","angle":58.8,"snapDist":17,"label":0}},{"type":"Feature","geometry":{"type":"Point","coordinates":[30.499374,50.5243]},"properties":{"name":"ст.м. \"Героїв Дніпра\"","lines":"41","arr":["41"],"terminus":1,"mode":"bus","color":"#0059a9","colorDark":"#00294f","angle":91.6,"snapDist":1,"label":0}},{"type":"Feature","geometry":{"type":"Point","coordinates":[30.485183,50.543282]},"properties":{"name":"Лікарня","lines":"41","arr":["41"],"terminus":0,"mode":"bus","color":"#0059a9","colorDark":"#00294f","angle":88.2,"snapDist":0,"label":0}},{"type":"Feature","geometry":{"type":"Point","coordinates":[30.463968,50.566836]},"properties":{"name":"с. ДВС","lines":"41","arr":["41"],"terminus":1,"mode":"bus","color":"#0059a9","colorDark":"#00294f","angle":356.2,"snapDist":1,"label":0}},{"type":"Feature","geometry":{"type":"Point","coordinates":[30.626145,50.386486]},"properties":{"name":"вул. Чавдар","lines":"42","arr":["42"],"terminus":1,"mode":"bus","color":"#0059a9","colorDark":"#00294f","angle":78.5,"snapDist":13,"label":1}},{"type":"Feature","geometry":{"type":"Point","coordinates":[30.61733,50.395702]},"properties":{"name":"ст.м. \"Осокорки\"","lines":"42","arr":["42"],"terminus":0,"mode":"bus","color":"#0059a9","colorDark":"#00294f","angle":166.1,"snapDist":9,"label":0}},{"type":"Feature","geometry":{"type":"Point","coordinates":[30.636286,50.42741]},"properties":{"name":"вул. Тепловозна","lines":"42","arr":["42"],"terminus":0,"mode":"bus","color":"#0059a9","colorDark":"#00294f","angle":158.6,"snapDist":9,"label":1}},{"type":"Feature","geometry":{"type":"Point","coordinates":[30.624326,50.442026]},"properties":{"name":"Дарницький універ.","lines":"42","arr":["42"],"terminus":0,"mode":"bus","color":"#0059a9","colorDark":"#00294f","angle":322.2,"snapDist":1,"label":1}},{"type":"Feature","geometry":{"type":"Point","coordinates":[30.598826,50.450668]},"properties":{"name":"ст.м. \"Лівобережна\"","lines":"42","arr":["42"],"terminus":0,"mode":"bus","color":"#0059a9","colorDark":"#00294f","angle":78.6,"snapDist":2,"label":0}},{"type":"Feature","geometry":{"type":"Point","coordinates":[30.589997,50.459964]},"properties":{"name":"вул. Шептицького","lines":"42","arr":["42"],"terminus":0,"mode":"bus","color":"#0059a9","colorDark":"#00294f","angle":81.2,"snapDist":3,"label":0}},{"type":"Feature","geometry":{"type":"Point","coordinates":[30.590655,50.462721]},"properties":{"name":"Микольська Слободка","lines":"42","arr":["42"],"terminus":1,"mode":"bus","color":"#0059a9","colorDark":"#00294f","angle":-130.4,"snapDist":52,"label":1}},{"type":"Feature","geometry":{"type":"Point","coordinates":[30.590569,50.462721]},"properties":{"name":"Микольська Слободка","lines":"42","arr":["42"],"terminus":1,"mode":"bus","color":"#0059a9","colorDark":"#00294f","angle":175.1,"snapDist":47,"label":0}},{"type":"Feature","geometry":{"type":"Point","coordinates":[30.589965,50.459717]},"properties":{"name":"вул. Шептицького","lines":"42","arr":["42"],"terminus":0,"mode":"bus","color":"#0059a9","colorDark":"#00294f","angle":226,"snapDist":6,"label":0}},{"type":"Feature","geometry":{"type":"Point","coordinates":[30.599263,50.449621]},"properties":{"name":"ст.м. \"Лівобережна\"","lines":"42","arr":["42"],"terminus":0,"mode":"bus","color":"#0059a9","colorDark":"#00294f","angle":248.6,"snapDist":9,"label":0}},{"type":"Feature","geometry":{"type":"Point","coordinates":[30.628159,50.440483]},"properties":{"name":"Податкова інспекція","lines":"42","arr":["42"],"terminus":0,"mode":"bus","color":"#0059a9","colorDark":"#00294f","angle":238.2,"snapDist":5,"label":1}},{"type":"Feature","geometry":{"type":"Point","coordinates":[30.636284,50.42741]},"properties":{"name":"вул. Тепловозна","lines":"42","arr":["42"],"terminus":0,"mode":"bus","color":"#0059a9","colorDark":"#00294f","angle":338.6,"snapDist":0,"label":0}},{"type":"Feature","geometry":{"type":"Point","coordinates":[30.615712,50.396516]},"properties":{"name":"ст.м. \"Осокорки\"","lines":"42","arr":["42"],"terminus":0,"mode":"bus","color":"#0059a9","colorDark":"#00294f","angle":260.1,"snapDist":3,"label":0}},{"type":"Feature","geometry":{"type":"Point","coordinates":[30.625723,50.38779]},"properties":{"name":"вул. Чавдар","lines":"42","arr":["42"],"terminus":1,"mode":"bus","color":"#0059a9","colorDark":"#00294f","angle":258.4,"snapDist":34,"label":0}},{"type":"Feature","geometry":{"type":"Point","coordinates":[30.643935,50.225918]},"properties":{"name":"селище Козин","lines":"43","arr":["43"],"terminus":1,"mode":"bus","color":"#0059a9","colorDark":"#00294f","angle":-113.9,"snapDist":17,"label":1}},{"type":"Feature","geometry":{"type":"Point","coordinates":[30.58062,50.297193]},"properties":{"name":"сан. Конча-Заспа","lines":"43","arr":["43"],"terminus":0,"mode":"bus","color":"#0059a9","colorDark":"#00294f","angle":55.9,"snapDist":4,"label":0}},{"type":"Feature","geometry":{"type":"Point","coordinates":[30.559429,50.332317]},"properties":{"name":"м-н Віта Литовська","lines":"43","arr":["43"],"terminus":0,"mode":"bus","color":"#0059a9","colorDark":"#00294f","angle":79.8,"snapDist":5,"label":1}},{"type":"Feature","geometry":{"type":"Point","coordinates":[30.561831,50.401035]},"properties":{"name":"ст.м. \"Видубичі\" (вис)","lines":"43","arr":["43"],"terminus":0,"mode":"bus","color":"#0059a9","colorDark":"#00294f","angle":125.8,"snapDist":14,"label":1}},{"type":"Feature","geometry":{"type":"Point","coordinates":[30.562672,50.402379]},"properties":{"name":"ст.м. \"Видубичі\"","lines":"43","arr":["43"],"terminus":1,"mode":"bus","color":"#0059a9","colorDark":"#00294f","angle":307,"snapDist":14,"label":1}},{"type":"Feature","geometry":{"type":"Point","coordinates":[30.560936,50.401532]},"properties":{"name":"ст.м. \"Видубичі\"","lines":"43","arr":["43"],"terminus":1,"mode":"bus","color":"#0059a9","colorDark":"#00294f","angle":326.5,"snapDist":10,"label":0}},{"type":"Feature","geometry":{"type":"Point","coordinates":[30.558067,50.334615]},"properties":{"name":"м-н Віта Литовська","lines":"43","arr":["43"],"terminus":0,"mode":"bus","color":"#0059a9","colorDark":"#00294f","angle":235.6,"snapDist":0,"label":1}},{"type":"Feature","geometry":{"type":"Point","coordinates":[30.579683,50.298045]},"properties":{"name":"сан. Конча-Заспа","lines":"43","arr":["43"],"terminus":0,"mode":"bus","color":"#0059a9","colorDark":"#00294f","angle":234.9,"snapDist":7,"label":0}},{"type":"Feature","geometry":{"type":"Point","coordinates":[30.643623,50.225966]},"properties":{"name":"селище Козин","lines":"43","arr":["43"],"terminus":1,"mode":"bus","color":"#0059a9","colorDark":"#00294f","angle":307.6,"snapDist":2,"label":0}},{"type":"Feature","geometry":{"type":"Point","coordinates":[30.581216,50.296631]},"properties":{"name":"сан. Конча-Заспа","lines":"43к","arr":["43к"],"terminus":1,"mode":"bus","color":"#0059a9","colorDark":"#00294f","angle":55.9,"snapDist":1,"label":1}},{"type":"Feature","geometry":{"type":"Point","coordinates":[30.55726,50.335329]},"properties":{"name":"м-н Віта Литовська","lines":"43к","arr":["43к"],"terminus":0,"mode":"bus","color":"#0059a9","colorDark":"#00294f","angle":53.5,"snapDist":21,"label":0}},{"type":"Feature","geometry":{"type":"Point","coordinates":[30.561931,50.401124]},"properties":{"name":"ст.м. \"Видубичі\" (вис)","lines":"43к","arr":["43к"],"terminus":0,"mode":"bus","color":"#0059a9","colorDark":"#00294f","angle":125.5,"snapDist":6,"label":0}},{"type":"Feature","geometry":{"type":"Point","coordinates":[30.562299,50.40211]},"properties":{"name":"ст.м. \"Видубичі\"","lines":"43к","arr":["43к"],"terminus":1,"mode":"bus","color":"#0059a9","colorDark":"#00294f","angle":311.7,"snapDist":1,"label":0}},{"type":"Feature","geometry":{"type":"Point","coordinates":[30.560421,50.401367]},"properties":{"name":"ст.м. \"Видубичі\"","lines":"43к","arr":["43к"],"terminus":1,"mode":"bus","color":"#0059a9","colorDark":"#00294f","angle":152,"snapDist":13,"label":0}},{"type":"Feature","geometry":{"type":"Point","coordinates":[30.555773,50.336609]},"properties":{"name":"м-н Віта Литовська","lines":"43к","arr":["43к"],"terminus":0,"mode":"bus","color":"#0059a9","colorDark":"#00294f","angle":233.5,"snapDist":1,"label":1}},{"type":"Feature","geometry":{"type":"Point","coordinates":[30.581469,50.296392]},"properties":{"name":"сан. Конча-Заспа","lines":"43к","arr":["43к"],"terminus":1,"mode":"bus","color":"#0059a9","colorDark":"#00294f","angle":235.9,"snapDist":11,"label":0}},{"type":"Feature","geometry":{"type":"Point","coordinates":[30.605164,50.422353]},"properties":{"name":"ст. Березняки","lines":"44","arr":["44"],"terminus":1,"mode":"bus","color":"#0059a9","colorDark":"#00294f","angle":153.8,"snapDist":8,"label":1}},{"type":"Feature","geometry":{"type":"Point","coordinates":[30.598789,50.450785]},"properties":{"name":"ст.м. \"Лівобережна\"","lines":"44","arr":["44"],"terminus":0,"mode":"bus","color":"#0059a9","colorDark":"#00294f","angle":-101.4,"snapDist":8,"label":0}},{"type":"Feature","geometry":{"type":"Point","coordinates":[30.595406,50.478387]},"properties":{"name":"вул. Чор. Запор","lines":"44","arr":["44"],"terminus":0,"mode":"bus","color":"#0059a9","colorDark":"#00294f","angle":77.6,"snapDist":3,"label":1}},{"type":"Feature","geometry":{"type":"Point","coordinates":[30.582152,50.495515]},"properties":{"name":"м-в Райдужний","lines":"44","arr":["44"],"terminus":0,"mode":"bus","color":"#0059a9","colorDark":"#00294f","angle":358,"snapDist":2,"label":0}},{"type":"Feature","geometry":{"type":"Point","coordinates":[30.594614,50.510426]},"properties":{"name":"вул. Ніколаева","lines":"44","arr":["44"],"terminus":0,"mode":"bus","color":"#0059a9","colorDark":"#00294f","angle":152,"snapDist":3,"label":1}},{"type":"Feature","geometry":{"type":"Point","coordinates":[30.596916,50.531887]},"properties":{"name":"вул. Милославська (73)","lines":"44","arr":["44"],"terminus":1,"mode":"bus","color":"#0059a9","colorDark":"#00294f","angle":170.5,"snapDist":7,"label":0}},{"type":"Feature","geometry":{"type":"Point","coordinates":[30.597546,50.53218]},"properties":{"name":"вул. Милославська (73)","lines":"44","arr":["44"],"terminus":1,"mode":"bus","color":"#0059a9","colorDark":"#00294f","angle":152,"snapDist":8,"label":0}},{"type":"Feature","geometry":{"type":"Point","coordinates":[30.594746,50.51047]},"properties":{"name":"вул. Бальзака","lines":"44","arr":["44"],"terminus":0,"mode":"bus","color":"#0059a9","colorDark":"#00294f","angle":332,"snapDist":3,"label":0}},{"type":"Feature","geometry":{"type":"Point","coordinates":[30.581993,50.495362]},"properties":{"name":"м-в Райдужний","lines":"44","arr":["44"],"terminus":0,"mode":"bus","color":"#0059a9","colorDark":"#00294f","angle":183.9,"snapDist":0,"label":0}},{"type":"Feature","geometry":{"type":"Point","coordinates":[30.595045,50.478916]},"properties":{"name":"вул. Чор. Запор","lines":"44","arr":["44"],"terminus":0,"mode":"bus","color":"#0059a9","colorDark":"#00294f","angle":258.4,"snapDist":4,"label":0}},{"type":"Feature","geometry":{"type":"Point","coordinates":[30.59834,50.450249]},"properties":{"name":"ст.м. \"Лівобережна\"","lines":"44","arr":["44"],"terminus":0,"mode":"bus","color":"#0059a9","colorDark":"#00294f","angle":198.3,"snapDist":15,"label":0}},{"type":"Feature","geometry":{"type":"Point","coordinates":[30.605498,50.422452]},"properties":{"name":"ст. Березняки","lines":"44","arr":["44"],"terminus":1,"mode":"bus","color":"#0059a9","colorDark":"#00294f","angle":160.2,"snapDist":8,"label":0}},{"type":"Feature","geometry":{"type":"Point","coordinates":[30.613888,50.455606]},"properties":{"name":"ст.м. \"Дарниця\"","lines":"45","arr":["45"],"terminus":1,"mode":"bus","color":"#0059a9","colorDark":"#00294f","angle":-177.3,"snapDist":9,"label":1}},{"type":"Feature","geometry":{"type":"Point","coordinates":[30.628257,50.440381]},"properties":{"name":"Податкова інспекція","lines":"45","arr":["45"],"terminus":0,"mode":"bus","color":"#0059a9","colorDark":"#00294f","angle":238.3,"snapDist":3,"label":0}},{"type":"Feature","geometry":{"type":"Point","coordinates":[30.655735,50.418822]},"properties":{"name":"вул. Тростянец. (45)","lines":"45","arr":["45"],"terminus":0,"mode":"bus","color":"#0059a9","colorDark":"#00294f","angle":223.9,"snapDist":7,"label":1}},{"type":"Feature","geometry":{"type":"Point","coordinates":[30.653795,50.403319]},"properties":{"name":"м. Харківська","lines":"45","arr":["45"],"terminus":0,"mode":"bus","color":"#0059a9","colorDark":"#00294f","angle":290,"snapDist":9,"label":0}},{"type":"Feature","geometry":{"type":"Point","coordinates":[30.636758,50.390557]},"properties":{"name":"просп. Григоренка","lines":"45","arr":["45"],"terminus":1,"mode":"bus","color":"#0059a9","colorDark":"#00294f","angle":257.6,"snapDist":30,"label":1}},{"type":"Feature","geometry":{"type":"Point","coordinates":[30.636479,50.392526]},"properties":{"name":"просп. Григоренка","lines":"45","arr":["45"],"terminus":1,"mode":"bus","color":"#0059a9","colorDark":"#00294f","angle":74.8,"snapDist":27,"label":0}},{"type":"Feature","geometry":{"type":"Point","coordinates":[30.653522,50.403129]},"properties":{"name":"м. Харківська","lines":"45","arr":["45"],"terminus":0,"mode":"bus","color":"#0059a9","colorDark":"#00294f","angle":168.1,"snapDist":5,"label":0}},{"type":"Feature","geometry":{"type":"Point","coordinates":[30.654631,50.419473]},"properties":{"name":"вул. Тростянец. (45)","lines":"45","arr":["45"],"terminus":0,"mode":"bus","color":"#0059a9","colorDark":"#00294f","angle":43.9,"snapDist":0,"label":0}},{"type":"Feature","geometry":{"type":"Point","coordinates":[30.629815,50.438044]},"properties":{"name":"бул. Гашека","lines":"45","arr":["45"],"terminus":0,"mode":"bus","color":"#0059a9","colorDark":"#00294f","angle":68.7,"snapDist":2,"label":1}},{"type":"Feature","geometry":{"type":"Point","coordinates":[30.623863,50.442832]},"properties":{"name":"Дарницький універ.","lines":"45","arr":["45"],"terminus":0,"mode":"bus","color":"#0059a9","colorDark":"#00294f","angle":23.4,"snapDist":2,"label":0}},{"type":"Feature","geometry":{"type":"Point","coordinates":[30.614427,50.454906]},"properties":{"name":"ст.м. \"Дарниця\"","lines":"45","arr":["45"],"terminus":1,"mode":"bus","color":"#0059a9","colorDark":"#00294f","angle":-23.3,"snapDist":18,"label":0}},{"type":"Feature","geometry":{"type":"Point","coordinates":[30.598402,50.45164]},"properties":{"name":"ст.м. \"Лівобережна\"","lines":"46","arr":["46"],"terminus":1,"mode":"bus","color":"#0059a9","colorDark":"#00294f","angle":69.3,"snapDist":4,"label":1}},{"type":"Feature","geometry":{"type":"Point","coordinates":[30.595114,50.479244]},"properties":{"name":"вул. Чор. Запор","lines":"46","arr":["46"],"terminus":0,"mode":"bus","color":"#0059a9","colorDark":"#00294f","angle":77.4,"snapDist":2,"label":0}},{"type":"Feature","geometry":{"type":"Point","coordinates":[30.608304,50.488048]},"properties":{"name":"вул. Микитенко","lines":"46","arr":["46"],"terminus":1,"mode":"bus","color":"#0059a9","colorDark":"#00294f","angle":213,"snapDist":6,"label":1}},{"type":"Feature","geometry":{"type":"Point","coordinates":[30.608438,50.48735]},"properties":{"name":"вул. Микитенко","lines":"46","arr":["46"],"terminus":1,"mode":"bus","color":"#0059a9","colorDark":"#00294f","angle":345.8,"snapDist":0,"label":0}},{"type":"Feature","geometry":{"type":"Point","coordinates":[30.595368,50.477955]},"properties":{"name":"вул. Чор. Запор","lines":"46","arr":["46"],"terminus":0,"mode":"bus","color":"#0059a9","colorDark":"#00294f","angle":257.5,"snapDist":10,"label":0}},{"type":"Feature","geometry":{"type":"Point","coordinates":[30.59835,50.451125]},"properties":{"name":"ст.м. \"Лівобережна\" (пр.)","lines":"46","arr":["46"],"terminus":0,"mode":"bus","color":"#0059a9","colorDark":"#00294f","angle":276.4,"snapDist":5,"label":1}},{"type":"Feature","geometry":{"type":"Point","coordinates":[30.598714,50.45099]},"properties":{"name":"ст.м. \"Лівобережна\"","lines":"46","arr":["46"],"terminus":1,"mode":"bus","color":"#0059a9","colorDark":"#00294f","angle":-103.8,"snapDist":6,"label":0}},{"type":"Feature","geometry":{"type":"Point","coordinates":[30.446719,50.473617]},"properties":{"name":"ст.м. \"Дорогожичі\"","lines":"47","arr":["47"],"terminus":1,"mode":"bus","color":"#0059a9","colorDark":"#00294f","angle":13.4,"snapDist":0,"label":1}},{"type":"Feature","geometry":{"type":"Point","coordinates":[30.428832,50.476511]},"properties":{"name":"ст.м. \"Сирець\"","lines":"47","arr":["47"],"terminus":0,"mode":"bus","color":"#0059a9","colorDark":"#00294f","angle":351.4,"snapDist":4,"label":1}},{"type":"Feature","geometry":{"type":"Point","coordinates":[30.421082,50.470156]},"properties":{"name":"Бібліотека","lines":"47","arr":["47"],"terminus":0,"mode":"bus","color":"#0059a9","colorDark":"#00294f","angle":130.6,"snapDist":2,"label":1}},{"type":"Feature","geometry":{"type":"Point","coordinates":[30.405891,50.459608]},"properties":{"name":"ст.м. \"Нивки\"","lines":"47","arr":["47"],"terminus":1,"mode":"bus","color":"#0059a9","colorDark":"#00294f","angle":85,"snapDist":3,"label":0}},{"type":"Feature","geometry":{"type":"Point","coordinates":[30.405866,50.459797]},"properties":{"name":"ст.м. \"Нивки\"","lines":"47","arr":["47"],"terminus":1,"mode":"bus","color":"#0059a9","colorDark":"#00294f","angle":90.9,"snapDist":2,"label":0}},{"type":"Feature","geometry":{"type":"Point","coordinates":[30.421156,50.470212]},"properties":{"name":"Бібліотека","lines":"47","arr":["47"],"terminus":0,"mode":"bus","color":"#0059a9","colorDark":"#00294f","angle":130.6,"snapDist":3,"label":0}},{"type":"Feature","geometry":{"type":"Point","coordinates":[30.430186,50.476701]},"properties":{"name":"ст.м. \"Сирець\"","lines":"47","arr":["47"],"terminus":0,"mode":"bus","color":"#0059a9","colorDark":"#00294f","angle":165.8,"snapDist":6,"label":0}},{"type":"Feature","geometry":{"type":"Point","coordinates":[30.447242,50.473449]},"properties":{"name":"ст.м. \"Дорогожичі \"(вис)","lines":"47","arr":["47"],"terminus":0,"mode":"bus","color":"#0059a9","colorDark":"#00294f","angle":192.6,"snapDist":94,"label":1}},{"type":"Feature","geometry":{"type":"Point","coordinates":[30.447242,50.473449]},"properties":{"name":"ст.м. \"Дорогожичі\"","lines":"47","arr":["47"],"terminus":1,"mode":"bus","color":"#0059a9","colorDark":"#00294f","angle":12.6,"snapDist":11,"label":0}},{"type":"Feature","geometry":{"type":"Point","coordinates":[30.594708,50.432938]},"properties":{"name":"готель Славутич","lines":"48","arr":["48"],"terminus":1,"mode":"bus","color":"#0059a9","colorDark":"#00294f","angle":178.6,"snapDist":9,"label":1}},{"type":"Feature","geometry":{"type":"Point","coordinates":[30.591218,50.445423]},"properties":{"name":"вул. Ентузиастів","lines":"48","arr":["48"],"terminus":0,"mode":"bus","color":"#0059a9","colorDark":"#00294f","angle":355.2,"snapDist":4,"label":1}},{"type":"Feature","geometry":{"type":"Point","coordinates":[30.597353,50.450119]},"properties":{"name":"ст.м. \"Лівобережна\"","lines":"48","arr":["48"],"terminus":1,"mode":"bus","color":"#0059a9","colorDark":"#00294f","angle":162.8,"snapDist":5,"label":0}},{"type":"Feature","geometry":{"type":"Point","coordinates":[30.597684,50.450301]},"properties":{"name":"ст.м. \"Лівобережна\"","lines":"48","arr":["48"],"terminus":1,"mode":"bus","color":"#0059a9","colorDark":"#00294f","angle":319.9,"snapDist":1,"label":0}},{"type":"Feature","geometry":{"type":"Point","coordinates":[30.59112,50.445423]},"properties":{"name":"вул. Ентузиастів","lines":"48","arr":["48"],"terminus":0,"mode":"bus","color":"#0059a9","colorDark":"#00294f","angle":264.6,"snapDist":8,"label":0}},{"type":"Feature","geometry":{"type":"Point","coordinates":[30.595339,50.433183]},"properties":{"name":"готель Славутич","lines":"48","arr":["48"],"terminus":1,"mode":"bus","color":"#0059a9","colorDark":"#00294f","angle":328.6,"snapDist":1,"label":0}},{"type":"Feature","geometry":{"type":"Point","coordinates":[30.604227,50.422057]},"properties":{"name":"ст. Березняки","lines":"49","arr":["49"],"terminus":1,"mode":"bus","color":"#0059a9","colorDark":"#00294f","angle":106.3,"snapDist":4,"label":0}},{"type":"Feature","geometry":{"type":"Point","coordinates":[30.592759,50.43398]},"properties":{"name":"готель Славутич","lines":"49","arr":["49"],"terminus":0,"mode":"bus","color":"#0059a9","colorDark":"#00294f","angle":85.3,"snapDist":2,"label":0}},{"type":"Feature","geometry":{"type":"Point","coordinates":[30.596975,50.449972]},"properties":{"name":"ст.м. \"Лівобережна\"","lines":"49","arr":["49"],"terminus":1,"mode":"bus","color":"#0059a9","colorDark":"#00294f","angle":253.5,"snapDist":3,"label":0}},{"type":"Feature","geometry":{"type":"Point","coordinates":[30.597014,50.450036]},"properties":{"name":"ст.м. \"Лівобережна\"","lines":"49","arr":["49"],"terminus":1,"mode":"bus","color":"#0059a9","colorDark":"#00294f","angle":334.7,"snapDist":1,"label":0}},{"type":"Feature","geometry":{"type":"Point","coordinates":[30.592802,50.43359]},"properties":{"name":"готель Славутич","lines":"49","arr":["49"],"terminus":0,"mode":"bus","color":"#0059a9","colorDark":"#00294f","angle":266,"snapDist":7,"label":0}},{"type":"Feature","geometry":{"type":"Point","coordinates":[30.605409,50.422431]},"properties":{"name":"ст. Березняки","lines":"49","arr":["49"],"terminus":1,"mode":"bus","color":"#0059a9","colorDark":"#00294f","angle":340.2,"snapDist":2,"label":0}},{"type":"Feature","geometry":{"type":"Point","coordinates":[30.492639,50.441862]},"properties":{"name":"Залізничний вокзал","lines":"50","arr":["50"],"terminus":1,"mode":"bus","color":"#0059a9","colorDark":"#00294f","angle":146.6,"snapDist":3,"label":0}},{"type":"Feature","geometry":{"type":"Point","coordinates":[30.483576,50.461449]},"properties":{"name":"ст.м. \"Лук’янівська\"","lines":"50","arr":["50"],"terminus":0,"mode":"bus","color":"#0059a9","colorDark":"#00294f","angle":56.9,"snapDist":2,"label":1}},{"type":"Feature","geometry":{"type":"Point","coordinates":[30.449108,50.475702]},"properties":{"name":"ст.м. \"Дорогожичі\"","lines":"50","arr":["50"],"terminus":0,"mode":"bus","color":"#0059a9","colorDark":"#00294f","angle":103.7,"snapDist":15,"label":1}},{"type":"Feature","geometry":{"type":"Point","coordinates":[30.498736,50.502108]},"properties":{"name":"ст.м. \"Оболонь\"","lines":"50","arr":["50"],"terminus":0,"mode":"bus","color":"#0059a9","colorDark":"#00294f","angle":-96.6,"snapDist":10,"label":1}},{"type":"Feature","geometry":{"type":"Point","coordinates":[30.516503,50.526748]},"properties":{"name":"вул. Північна","lines":"50","arr":["50"],"terminus":1,"mode":"bus","color":"#0059a9","colorDark":"#00294f","angle":89.6,"snapDist":4,"label":0}},{"type":"Feature","geometry":{"type":"Point","coordinates":[30.516406,50.52647]},"properties":{"name":"вул. Північна","lines":"50","arr":["50"],"terminus":1,"mode":"bus","color":"#0059a9","colorDark":"#00294f","angle":269,"snapDist":1,"label":0}},{"type":"Feature","geometry":{"type":"Point","coordinates":[30.497724,50.500703]},"properties":{"name":"ст.м. \"Оболонь\"","lines":"50","arr":["50"],"terminus":0,"mode":"bus","color":"#0059a9","colorDark":"#00294f","angle":271.3,"snapDist":6,"label":0}},{"type":"Feature","geometry":{"type":"Point","coordinates":[30.449053,50.473285]},"properties":{"name":"ст.м. \"Дорогожичі\"","lines":"50","arr":["50"],"terminus":0,"mode":"bus","color":"#0059a9","colorDark":"#00294f","angle":192.7,"snapDist":1,"label":0}},{"type":"Feature","geometry":{"type":"Point","coordinates":[30.483348,50.461672]},"properties":{"name":"ст.м. \"Лук’янівська\"","lines":"50","arr":["50"],"terminus":0,"mode":"bus","color":"#0059a9","colorDark":"#00294f","angle":236.9,"snapDist":13,"label":0}},{"type":"Feature","geometry":{"type":"Point","coordinates":[30.490265,50.441075]},"properties":{"name":"Залізничний вокзал","lines":"50","arr":["50"],"terminus":1,"mode":"bus","color":"#0059a9","colorDark":"#00294f","angle":50.1,"snapDist":19,"label":0}},{"type":"Feature","geometry":{"type":"Point","coordinates":[30.695179,50.40903]},"properties":{"name":"ст.м. \"Червоний хутір\"","lines":"51","arr":["51"],"terminus":1,"mode":"bus","color":"#0059a9","colorDark":"#00294f","angle":151.4,"snapDist":14,"label":1}},{"type":"Feature","geometry":{"type":"Point","coordinates":[30.701476,50.422632]},"properties":{"name":"Рембаза","lines":"51","arr":["51"],"terminus":0,"mode":"bus","color":"#0059a9","colorDark":"#00294f","angle":15.7,"snapDist":4,"label":1}},{"type":"Feature","geometry":{"type":"Point","coordinates":[30.648802,50.431085]},"properties":{"name":"Дарницький вокзал","lines":"51","arr":["51"],"terminus":0,"mode":"bus","color":"#0059a9","colorDark":"#00294f","angle":157.6,"snapDist":7,"label":1}},{"type":"Feature","geometry":{"type":"Point","coordinates":[30.630077,50.43762]},"properties":{"name":"бул. Гашека","lines":"51","arr":["51"],"terminus":0,"mode":"bus","color":"#0059a9","colorDark":"#00294f","angle":68.5,"snapDist":0,"label":0}},{"type":"Feature","geometry":{"type":"Point","coordinates":[30.623449,50.441752]},"properties":{"name":"Дарницький універ.","lines":"51","arr":["51"],"terminus":0,"mode":"bus","color":"#0059a9","colorDark":"#00294f","angle":337.1,"snapDist":4,"label":0}},{"type":"Feature","geometry":{"type":"Point","coordinates":[30.601191,50.434025]},"properties":{"name":"бул. Шамо","lines":"51","arr":["51"],"terminus":0,"mode":"bus","color":"#0059a9","colorDark":"#00294f","angle":326.2,"snapDist":2,"label":1}},{"type":"Feature","geometry":{"type":"Point","coordinates":[30.560828,50.424511]},"properties":{"name":"пл. Наводницька","lines":"51","arr":["51"],"terminus":0,"mode":"bus","color":"#0059a9","colorDark":"#00294f","angle":161.4,"snapDist":12,"label":1}},{"type":"Feature","geometry":{"type":"Point","coordinates":[30.526441,50.411553]},"properties":{"name":"ст.м. \"Либідська\"","lines":"51","arr":["51"],"terminus":1,"mode":"bus","color":"#0059a9","colorDark":"#00294f","angle":68.8,"snapDist":5,"label":0}},{"type":"Feature","geometry":{"type":"Point","coordinates":[30.525044,50.413032]},"properties":{"name":"ст.м. \"Либідська\"","lines":"51","arr":["51"],"terminus":1,"mode":"bus","color":"#0059a9","colorDark":"#00294f","angle":334.8,"snapDist":8,"label":0}},{"type":"Feature","geometry":{"type":"Point","coordinates":[30.567719,50.423569]},"properties":{"name":"міст Патона","lines":"51","arr":["51"],"terminus":0,"mode":"bus","color":"#0059a9","colorDark":"#00294f","angle":179.5,"snapDist":13,"label":1}},{"type":"Feature","geometry":{"type":"Point","coordinates":[30.600353,50.433567]},"properties":{"name":"бул. Шамо","lines":"51","arr":["51"],"terminus":0,"mode":"bus","color":"#0059a9","colorDark":"#00294f","angle":146.8,"snapDist":3,"label":0}},{"type":"Feature","geometry":{"type":"Point","coordinates":[30.628443,50.440147]},"properties":{"name":"Податкова інспекція","lines":"51","arr":["51"],"terminus":0,"mode":"bus","color":"#0059a9","colorDark":"#00294f","angle":249.2,"snapDist":0,"label":0}},{"type":"Feature","geometry":{"type":"Point","coordinates":[30.648554,50.430878]},"properties":{"name":"Дарницький вокзал","lines":"51","arr":["51"],"terminus":0,"mode":"bus","color":"#0059a9","colorDark":"#00294f","angle":158.3,"snapDist":0,"label":0}},{"type":"Feature","geometry":{"type":"Point","coordinates":[30.70011,50.422877]},"properties":{"name":"Рембаза","lines":"51","arr":["51"],"terminus":0,"mode":"bus","color":"#0059a9","colorDark":"#00294f","angle":195.7,"snapDist":6,"label":0}},{"type":"Feature","geometry":{"type":"Point","coordinates":[30.695458,50.409128]},"properties":{"name":"ст.м. \"Червоний хутір\"","lines":"51","arr":["51"],"terminus":1,"mode":"bus","color":"#0059a9","colorDark":"#00294f","angle":330.5,"snapDist":3,"label":0}},{"type":"Feature","geometry":{"type":"Point","coordinates":[30.517035,50.371074]},"properties":{"name":"вул. Закарпатська","lines":"52","arr":["52"],"terminus":1,"mode":"bus","color":"#0059a9","colorDark":"#00294f","angle":307.3,"snapDist":51,"label":1}},{"type":"Feature","geometry":{"type":"Point","coordinates":[30.535708,50.378304]},"properties":{"name":"вул. Моторна","lines":"52","arr":["52"],"terminus":0,"mode":"bus","color":"#0059a9","colorDark":"#00294f","angle":49.4,"snapDist":0,"label":0}},{"type":"Feature","geometry":{"type":"Point","coordinates":[30.527481,50.401872]},"properties":{"name":"Центр комунікації","lines":"52","arr":["52"],"terminus":0,"mode":"bus","color":"#0059a9","colorDark":"#00294f","angle":60.6,"snapDist":4,"label":0}},{"type":"Feature","geometry":{"type":"Point","coordinates":[30.524847,50.412973]},"properties":{"name":"ст.м. \"Либідська\"","lines":"52","arr":["52"],"terminus":1,"mode":"bus","color":"#0059a9","colorDark":"#00294f","angle":334.8,"snapDist":3,"label":0}},{"type":"Feature","geometry":{"type":"Point","coordinates":[30.524411,50.412805]},"properties":{"name":"ст.м. \"Либідська\"","lines":"52","arr":["52"],"terminus":1,"mode":"bus","color":"#0059a9","colorDark":"#00294f","angle":307.2,"snapDist":3,"label":0}},{"type":"Feature","geometry":{"type":"Point","coordinates":[30.535188,50.378713]},"properties":{"name":"вул. Моторна","lines":"52","arr":["52"],"terminus":0,"mode":"bus","color":"#0059a9","colorDark":"#00294f","angle":232.2,"snapDist":11,"label":0}},{"type":"Feature","geometry":{"type":"Point","coordinates":[30.517906,50.371864]},"properties":{"name":"вул. Закарпатська","lines":"52","arr":["52"],"terminus":1,"mode":"bus","color":"#0059a9","colorDark":"#00294f","angle":122.6,"snapDist":19,"label":0}},{"type":"Feature","geometry":{"type":"Point","coordinates":[30.529758,50.475213]},"properties":{"name":"Рибальський п-ов","lines":"53","arr":["53"],"terminus":1,"mode":"bus","color":"#0059a9","colorDark":"#00294f","angle":156,"snapDist":3,"label":1}},{"type":"Feature","geometry":{"type":"Point","coordinates":[30.498224,50.48047]},"properties":{"name":"з/ст. Почайна","lines":"53","arr":["53"],"terminus":0,"mode":"bus","color":"#0059a9","colorDark":"#00294f","angle":268.9,"snapDist":9,"label":1}},{"type":"Feature","geometry":{"type":"Point","coordinates":[30.512963,50.466805]},"properties":{"name":"ст.м. Контрактова пл.","lines":"53","arr":["53"],"terminus":1,"mode":"bus","color":"#0059a9","colorDark":"#00294f","angle":315,"snapDist":2,"label":1}},{"type":"Feature","geometry":{"type":"Point","coordinates":[30.513463,50.466685]},"properties":{"name":"ст.м. Контрактова пл.","lines":"53","arr":["53"],"terminus":1,"mode":"bus","color":"#0059a9","colorDark":"#00294f","angle":134.4,"snapDist":0,"label":0}},{"type":"Feature","geometry":{"type":"Point","coordinates":[30.506271,50.483595]},"properties":{"name":"пров. Електриків","lines":"53","arr":["53"],"terminus":0,"mode":"bus","color":"#0059a9","colorDark":"#00294f","angle":181.2,"snapDist":10,"label":1}},{"type":"Feature","geometry":{"type":"Point","coordinates":[30.529899,50.475253]},"properties":{"name":"Рибальський п-ов","lines":"53","arr":["53"],"terminus":1,"mode":"bus","color":"#0059a9","colorDark":"#00294f","angle":336,"snapDist":23,"label":0}},{"type":"Feature","geometry":{"type":"Point","coordinates":[30.573354,50.388629]},"properties":{"name":"пл. Михайла Співака","lines":"54","arr":["54"],"terminus":1,"mode":"bus","color":"#0059a9","colorDark":"#00294f","angle":286.2,"snapDist":3,"label":1}},{"type":"Feature","geometry":{"type":"Point","coordinates":[30.563012,50.401576]},"properties":{"name":"ТЕЦ-5","lines":"54","arr":["54"],"terminus":0,"mode":"bus","color":"#0059a9","colorDark":"#00294f","angle":127.7,"snapDist":5,"label":1}},{"type":"Feature","geometry":{"type":"Point","coordinates":[30.563418,50.401913]},"properties":{"name":"ст.м. \"Видубичі\"","lines":"54","arr":["54"],"terminus":1,"mode":"bus","color":"#0059a9","colorDark":"#00294f","angle":126.9,"snapDist":7,"label":0}},{"type":"Feature","geometry":{"type":"Point","coordinates":[30.561818,50.400446]},"properties":{"name":"ст.м. \"Видубичі\"","lines":"54","arr":["54"],"terminus":1,"mode":"bus","color":"#0059a9","colorDark":"#00294f","angle":292.2,"snapDist":3,"label":1}},{"type":"Feature","geometry":{"type":"Point","coordinates":[30.573211,50.388314]},"properties":{"name":"пл. Михайла Співака","lines":"54","arr":["54"],"terminus":1,"mode":"bus","color":"#0059a9","colorDark":"#00294f","angle":106.2,"snapDist":2,"label":0}},{"type":"Feature","geometry":{"type":"Point","coordinates":[30.521081,50.438497]},"properties":{"name":"ст.м. \"Палац спорту \"(55)","lines":"55","arr":["55"],"terminus":1,"mode":"bus","color":"#0059a9","colorDark":"#00294f","angle":53,"snapDist":6,"label":1}},{"type":"Feature","geometry":{"type":"Point","coordinates":[30.544703,50.443853]},"properties":{"name":"ст.м. \"Арсенальна\" (24)","lines":"55","arr":["55"],"terminus":0,"mode":"bus","color":"#0059a9","colorDark":"#00294f","angle":186.9,"snapDist":9,"label":0}},{"type":"Feature","geometry":{"type":"Point","coordinates":[30.565366,50.423932]},"properties":{"name":"міст Патона","lines":"55","arr":["55"],"terminus":0,"mode":"bus","color":"#0059a9","colorDark":"#00294f","angle":198.6,"snapDist":2,"label":0}},{"type":"Feature","geometry":{"type":"Point","coordinates":[30.601905,50.434214]},"properties":{"name":"бул. Шамо","lines":"55","arr":["55"],"terminus":0,"mode":"bus","color":"#0059a9","colorDark":"#00294f","angle":146.8,"snapDist":5,"label":0}},{"type":"Feature","geometry":{"type":"Point","coordinates":[30.613595,50.438621]},"properties":{"name":"компл. Комфорттаун","lines":"55","arr":["55"],"terminus":0,"mode":"bus","color":"#0059a9","colorDark":"#00294f","angle":154.8,"snapDist":0,"label":1}},{"type":"Feature","geometry":{"type":"Point","coordinates":[30.627591,50.443765]},"properties":{"name":"пл. Дарн","lines":"55","arr":["55"],"terminus":1,"mode":"bus","color":"#0059a9","colorDark":"#00294f","angle":201.7,"snapDist":5,"label":1}},{"type":"Feature","geometry":{"type":"Point","coordinates":[30.628668,50.443499]},"properties":{"name":"пл. Дарн","lines":"55","arr":["55"],"terminus":1,"mode":"bus","color":"#0059a9","colorDark":"#00294f","angle":201.6,"snapDist":5,"label":0}},{"type":"Feature","geometry":{"type":"Point","coordinates":[30.600792,50.433855]},"properties":{"name":"бул. Шамо","lines":"55","arr":["55"],"terminus":0,"mode":"bus","color":"#0059a9","colorDark":"#00294f","angle":326.3,"snapDist":2,"label":0}},{"type":"Feature","geometry":{"type":"Point","coordinates":[30.572141,50.424409]},"properties":{"name":"міст Патона","lines":"55","arr":["55"],"terminus":0,"mode":"bus","color":"#0059a9","colorDark":"#00294f","angle":335.2,"snapDist":4,"label":1}},{"type":"Feature","geometry":{"type":"Point","coordinates":[30.549589,50.440109]},"properties":{"name":"пл.Слави","lines":"55","arr":["55"],"terminus":0,"mode":"bus","color":"#0059a9","colorDark":"#00294f","angle":126.9,"snapDist":4,"label":1}},{"type":"Feature","geometry":{"type":"Point","coordinates":[30.544832,50.443843]},"properties":{"name":"ст.м. \"Арсенальна\" (24)","lines":"55","arr":["55"],"terminus":0,"mode":"bus","color":"#0059a9","colorDark":"#00294f","angle":6.9,"snapDist":1,"label":0}},{"type":"Feature","geometry":{"type":"Point","coordinates":[30.522403,50.439006]},"properties":{"name":"ст.м. \"Палац спорту \"(55)","lines":"55","arr":["55"],"terminus":1,"mode":"bus","color":"#0059a9","colorDark":"#00294f","angle":323.7,"snapDist":12,"label":0}},{"type":"Feature","geometry":{"type":"Point","coordinates":[30.365397,50.495892]},"properties":{"name":"Гіпермаркет","lines":"56","arr":["56"],"terminus":1,"mode":"bus","color":"#0059a9","colorDark":"#00294f","angle":263.7,"snapDist":12,"label":1}},{"type":"Feature","geometry":{"type":"Point","coordinates":[30.355627,50.463526]},"properties":{"name":"ст.м. \"Академмістечко\"","lines":"56","arr":["56"],"terminus":0,"mode":"bus","color":"#0059a9","colorDark":"#00294f","angle":264.5,"snapDist":6,"label":0}},{"type":"Feature","geometry":{"type":"Point","coordinates":[30.36628,50.425207]},"properties":{"name":"просп. Леся Курбаса","lines":"56","arr":["56"],"terminus":0,"mode":"bus","color":"#0059a9","colorDark":"#00294f","angle":244.5,"snapDist":5,"label":1}},{"type":"Feature","geometry":{"type":"Point","coordinates":[30.422459,50.396254]},"properties":{"name":"Шляхопровід","lines":"56","arr":["56"],"terminus":0,"mode":"bus","color":"#0059a9","colorDark":"#00294f","angle":29.3,"snapDist":9,"label":1}},{"type":"Feature","geometry":{"type":"Point","coordinates":[30.477492,50.381563]},"properties":{"name":"ст.м. \"Виставковий центр\"","lines":"56","arr":["56"],"terminus":1,"mode":"bus","color":"#0059a9","colorDark":"#00294f","angle":108.9,"snapDist":1,"label":1}},{"type":"Feature","geometry":{"type":"Point","coordinates":[30.476721,50.380983]},"properties":{"name":"ст.м. \"Виставковий центр\"","lines":"56","arr":["56"],"terminus":1,"mode":"bus","color":"#0059a9","colorDark":"#00294f","angle":329.6,"snapDist":3,"label":0}},{"type":"Feature","geometry":{"type":"Point","coordinates":[30.4218,50.396723]},"properties":{"name":"Шляхопровід","lines":"56","arr":["56"],"terminus":0,"mode":"bus","color":"#0059a9","colorDark":"#00294f","angle":34.6,"snapDist":2,"label":0}},{"type":"Feature","geometry":{"type":"Point","coordinates":[30.365709,50.426542]},"properties":{"name":"просп. Леся Курбаса","lines":"56","arr":["56"],"terminus":0,"mode":"bus","color":"#0059a9","colorDark":"#00294f","angle":65.9,"snapDist":0,"label":0}},{"type":"Feature","geometry":{"type":"Point","coordinates":[30.35578,50.464037]},"properties":{"name":"ст.м. \"Академмістечко\"","lines":"56","arr":["56"],"terminus":0,"mode":"bus","color":"#0059a9","colorDark":"#00294f","angle":-93.8,"snapDist":10,"label":0}},{"type":"Feature","geometry":{"type":"Point","coordinates":[30.365156,50.497428]},"properties":{"name":"Гіпермаркет","lines":"56","arr":["56"],"terminus":1,"mode":"bus","color":"#0059a9","colorDark":"#00294f","angle":265.5,"snapDist":15,"label":0}},{"type":"Feature","geometry":{"type":"Point","coordinates":[30.355565,50.464006]},"properties":{"name":"ст.м. \"Академмістечко\"","lines":"57","arr":["57"],"terminus":1,"mode":"bus","color":"#0059a9","colorDark":"#00294f","angle":266.5,"snapDist":3,"label":1}},{"type":"Feature","geometry":{"type":"Point","coordinates":[30.365214,50.426563]},"properties":{"name":"просп. Леся Курбаса","lines":"57","arr":["57"],"terminus":0,"mode":"bus","color":"#0059a9","colorDark":"#00294f","angle":242.2,"snapDist":11,"label":0}},{"type":"Feature","geometry":{"type":"Point","coordinates":[30.421738,50.396551]},"properties":{"name":"Шляхопровід","lines":"57","arr":["57"],"terminus":0,"mode":"bus","color":"#0059a9","colorDark":"#00294f","angle":215.5,"snapDist":36,"label":0}},{"type":"Feature","geometry":{"type":"Point","coordinates":[30.460305,50.368769]},"properties":{"name":"Заболотного","lines":"57","arr":["57"],"terminus":0,"mode":"bus","color":"#0059a9","colorDark":"#00294f","angle":229,"snapDist":13,"label":1}},{"type":"Feature","geometry":{"type":"Point","coordinates":[30.54984,50.338593]},"properties":{"name":"Авторинок","lines":"57","arr":["57"],"terminus":1,"mode":"bus","color":"#0059a9","colorDark":"#00294f","angle":15.1,"snapDist":10,"label":1}},{"type":"Feature","geometry":{"type":"Point","coordinates":[30.547278,50.33903]},"properties":{"name":"Авторинок","lines":"57","arr":["57"],"terminus":1,"mode":"bus","color":"#0059a9","colorDark":"#00294f","angle":15.6,"snapDist":5,"label":0}},{"type":"Feature","geometry":{"type":"Point","coordinates":[30.464183,50.366229]},"properties":{"name":"Заболотного","lines":"57","arr":["57"],"terminus":0,"mode":"bus","color":"#0059a9","colorDark":"#00294f","angle":-130.8,"snapDist":12,"label":1}},{"type":"Feature","geometry":{"type":"Point","coordinates":[30.424947,50.395143]},"properties":{"name":"Шляхопровід","lines":"57","arr":["57"],"terminus":0,"mode":"bus","color":"#0059a9","colorDark":"#00294f","angle":-136.4,"snapDist":12,"label":0}},{"type":"Feature","geometry":{"type":"Point","coordinates":[30.364719,50.427911]},"properties":{"name":"просп. Леся Курбаса","lines":"57","arr":["57"],"terminus":0,"mode":"bus","color":"#0059a9","colorDark":"#00294f","angle":64.3,"snapDist":15,"label":1}},{"type":"Feature","geometry":{"type":"Point","coordinates":[30.355908,50.463162]},"properties":{"name":"ст.м. \"Академмістечко\"","lines":"57","arr":["57"],"terminus":1,"mode":"bus","color":"#0059a9","colorDark":"#00294f","angle":84,"snapDist":58,"label":0}},{"type":"Feature","geometry":{"type":"Point","coordinates":[30.504355,50.353359]},"properties":{"name":"Музей Арх","lines":"58","arr":["58"],"terminus":1,"mode":"bus","color":"#0059a9","colorDark":"#00294f","angle":352,"snapDist":17,"label":1}},{"type":"Feature","geometry":{"type":"Point","coordinates":[30.477195,50.381028]},"properties":{"name":"ст.м. \"Виставковий центр\"","lines":"58","arr":["58"],"terminus":1,"mode":"bus","color":"#0059a9","colorDark":"#00294f","angle":148.4,"snapDist":5,"label":0}},{"type":"Feature","geometry":{"type":"Point","coordinates":[30.471412,50.378695]},"properties":{"name":"ст.м. \"Виставковий центр\"","lines":"58","arr":["58"],"terminus":1,"mode":"bus","color":"#0059a9","colorDark":"#00294f","angle":321.3,"snapDist":25,"label":1}},{"type":"Feature","geometry":{"type":"Point","coordinates":[30.458515,50.370322]},"properties":{"name":"Одеська площа","lines":"58","arr":["58"],"terminus":0,"mode":"bus","color":"#0059a9","colorDark":"#00294f","angle":136,"snapDist":11,"label":0}},{"type":"Feature","geometry":{"type":"Point","coordinates":[30.50389,50.353356]},"properties":{"name":"Музей Арх","lines":"58","arr":["58"],"terminus":1,"mode":"bus","color":"#0059a9","colorDark":"#00294f","angle":3.3,"snapDist":11,"label":0}},{"type":"Feature","geometry":{"type":"Point","coordinates":[30.517919,50.465053]},"properties":{"name":"Контр. пл. (62)","lines":"62","arr":["62"],"terminus":1,"mode":"bus","color":"#0059a9","colorDark":"#00294f","angle":147.8,"snapDist":10,"label":1}},{"type":"Feature","geometry":{"type":"Point","coordinates":[30.5243,50.459294]},"properties":{"name":"Поштова пл.","lines":"62","arr":["62"],"terminus":0,"mode":"bus","color":"#0059a9","colorDark":"#00294f","angle":321.2,"snapDist":3,"label":1}},{"type":"Feature","geometry":{"type":"Point","coordinates":[30.519787,50.441181]},"properties":{"name":"Бессарабська пл.","lines":"62","arr":["62"],"terminus":0,"mode":"bus","color":"#0059a9","colorDark":"#00294f","angle":281.5,"snapDist":0,"label":0}},{"type":"Feature","geometry":{"type":"Point","coordinates":[30.544849,50.442592]},"properties":{"name":"ст.м. \"Арсенальна\"","lines":"62","arr":["62"],"terminus":0,"mode":"bus","color":"#0059a9","colorDark":"#00294f","angle":284.2,"snapDist":11,"label":1}},{"type":"Feature","geometry":{"type":"Point","coordinates":[30.538883,50.427514]},"properties":{"name":"пл. Л. Українки","lines":"62","arr":["62"],"terminus":0,"mode":"bus","color":"#0059a9","colorDark":"#00294f","angle":232.2,"snapDist":2,"label":1}},{"type":"Feature","geometry":{"type":"Point","coordinates":[30.556335,50.415292]},"properties":{"name":"Ботанічний сад","lines":"62","arr":["62"],"terminus":1,"mode":"bus","color":"#0059a9","colorDark":"#00294f","angle":115.3,"snapDist":8,"label":1}},{"type":"Feature","geometry":{"type":"Point","coordinates":[30.556593,50.415428]},"properties":{"name":"Ботанічний сад","lines":"62","arr":["62"],"terminus":1,"mode":"bus","color":"#0059a9","colorDark":"#00294f","angle":95.5,"snapDist":23,"label":0}},{"type":"Feature","geometry":{"type":"Point","coordinates":[30.544003,50.422937]},"properties":{"name":"вул. Маккейна","lines":"62","arr":["62"],"terminus":0,"mode":"bus","color":"#0059a9","colorDark":"#00294f","angle":49.6,"snapDist":4,"label":1}},{"type":"Feature","geometry":{"type":"Point","coordinates":[30.539263,50.428097]},"properties":{"name":"пл. Л. Українки","lines":"62","arr":["62"],"terminus":0,"mode":"bus","color":"#0059a9","colorDark":"#00294f","angle":142.1,"snapDist":6,"label":0}},{"type":"Feature","geometry":{"type":"Point","coordinates":[30.545071,50.443823]},"properties":{"name":"ст.м. \"Арсенальна\"","lines":"62","arr":["62"],"terminus":0,"mode":"bus","color":"#0059a9","colorDark":"#00294f","angle":-171.8,"snapDist":8,"label":0}},{"type":"Feature","geometry":{"type":"Point","coordinates":[30.520603,50.442982]},"properties":{"name":"Бессарабська пл.","lines":"62","arr":["62"],"terminus":0,"mode":"bus","color":"#0059a9","colorDark":"#00294f","angle":102.1,"snapDist":0,"label":0}},{"type":"Feature","geometry":{"type":"Point","coordinates":[30.524695,50.459153]},"properties":{"name":"Поштова пл.","lines":"62","arr":["62"],"terminus":0,"mode":"bus","color":"#0059a9","colorDark":"#00294f","angle":46,"snapDist":4,"label":0}},{"type":"Feature","geometry":{"type":"Point","coordinates":[30.518328,50.465148]},"properties":{"name":"Контр. пл. (62)","lines":"62","arr":["62"],"terminus":1,"mode":"bus","color":"#0059a9","colorDark":"#00294f","angle":-150.7,"snapDist":7,"label":0}},{"type":"Feature","geometry":{"type":"Point","coordinates":[30.629745,50.488547]},"properties":{"name":"вул. Космонавта Поповича","lines":"63","arr":["63"],"terminus":1,"mode":"bus","color":"#0059a9","colorDark":"#00294f","angle":278.1,"snapDist":7,"label":1}},{"type":"Feature","geometry":{"type":"Point","coordinates":[30.629827,50.460407]},"properties":{"name":"ст.м. \"Чернигівська\"","lines":"63","arr":["63"],"terminus":0,"mode":"bus","color":"#0059a9","colorDark":"#00294f","angle":246.5,"snapDist":1,"label":0}},{"type":"Feature","geometry":{"type":"Point","coordinates":[30.627792,50.440819]},"properties":{"name":"Податкова інспекція","lines":"63","arr":["63"],"terminus":0,"mode":"bus","color":"#0059a9","colorDark":"#00294f","angle":233,"snapDist":8,"label":0}},{"type":"Feature","geometry":{"type":"Point","coordinates":[30.648284,50.430809]},"properties":{"name":"Дарницький вокзал","lines":"63","arr":["63"],"terminus":0,"mode":"bus","color":"#0059a9","colorDark":"#00294f","angle":158.1,"snapDist":1,"label":0}},{"type":"Feature","geometry":{"type":"Point","coordinates":[30.699847,50.422924]},"properties":{"name":"Рембаза","lines":"63","arr":["63"],"terminus":0,"mode":"bus","color":"#0059a9","colorDark":"#00294f","angle":195.3,"snapDist":18,"label":0}},{"type":"Feature","geometry":{"type":"Point","coordinates":[30.696632,50.409705]},"properties":{"name":"ст.м. \"Червоний хутір\"","lines":"63","arr":["63"],"terminus":1,"mode":"bus","color":"#0059a9","colorDark":"#00294f","angle":330.9,"snapDist":32,"label":0}},{"type":"Feature","geometry":{"type":"Point","coordinates":[30.695741,50.409389]},"properties":{"name":"ст.м. \"Червоний хутір\"","lines":"63","arr":["63"],"terminus":1,"mode":"bus","color":"#0059a9","colorDark":"#00294f","angle":150.9,"snapDist":31,"label":0}},{"type":"Feature","geometry":{"type":"Point","coordinates":[30.701398,50.422646]},"properties":{"name":"Рембаза","lines":"63","arr":["63"],"terminus":0,"mode":"bus","color":"#0059a9","colorDark":"#00294f","angle":-164.3,"snapDist":7,"label":0}},{"type":"Feature","geometry":{"type":"Point","coordinates":[30.648539,50.431016]},"properties":{"name":"Дарницький вокзал","lines":"63","arr":["63"],"terminus":0,"mode":"bus","color":"#0059a9","colorDark":"#00294f","angle":337.6,"snapDist":4,"label":0}},{"type":"Feature","geometry":{"type":"Point","coordinates":[30.628325,50.443583]},"properties":{"name":"пл. Дарн","lines":"63","arr":["63"],"terminus":0,"mode":"bus","color":"#0059a9","colorDark":"#00294f","angle":21.2,"snapDist":6,"label":0}},{"type":"Feature","geometry":{"type":"Point","coordinates":[30.630874,50.459269]},"properties":{"name":"ст.м. \"Чернигівська\"","lines":"63","arr":["63"],"terminus":0,"mode":"bus","color":"#0059a9","colorDark":"#00294f","angle":67.5,"snapDist":3,"label":0}},{"type":"Feature","geometry":{"type":"Point","coordinates":[30.630369,50.488802]},"properties":{"name":"вул. Космонавта Поповича","lines":"63","arr":["63"],"terminus":1,"mode":"bus","color":"#0059a9","colorDark":"#00294f","angle":15.6,"snapDist":2,"label":0}},{"type":"Feature","geometry":{"type":"Point","coordinates":[30.520721,50.437161]},"properties":{"name":"ст.м. \"Палац спорту\"","lines":"69","arr":["69"],"terminus":1,"mode":"bus","color":"#0059a9","colorDark":"#00294f","angle":269.6,"snapDist":5,"label":1}},{"type":"Feature","geometry":{"type":"Point","coordinates":[30.469865,50.432009]},"properties":{"name":"Солом’янська площа","lines":"69","arr":["69"],"terminus":0,"mode":"bus","color":"#0059a9","colorDark":"#00294f","angle":31.7,"snapDist":3,"label":1}},{"type":"Feature","geometry":{"type":"Point","coordinates":[30.411715,50.436266]},"properties":{"name":"Поліклініка 49","lines":"69","arr":["69"],"terminus":0,"mode":"bus","color":"#0059a9","colorDark":"#00294f","angle":339.5,"snapDist":1,"label":0}},{"type":"Feature","geometry":{"type":"Point","coordinates":[30.389041,50.417904]},"properties":{"name":"вул. Дзюби","lines":"69","arr":["69"],"terminus":0,"mode":"bus","color":"#0059a9","colorDark":"#00294f","angle":289.7,"snapDist":14,"label":0}},{"type":"Feature","geometry":{"type":"Point","coordinates":[30.375977,50.420507]},"properties":{"name":"вул. Л-Вольгемут","lines":"69","arr":["69"],"terminus":1,"mode":"bus","color":"#0059a9","colorDark":"#00294f","angle":134.5,"snapDist":11,"label":1}},{"type":"Feature","geometry":{"type":"Point","coordinates":[30.3774,50.421429]},"properties":{"name":"вул. Л-Вольгемут","lines":"69","arr":["69"],"terminus":1,"mode":"bus","color":"#0059a9","colorDark":"#00294f","angle":134.5,"snapDist":7,"label":0}},{"type":"Feature","geometry":{"type":"Point","coordinates":[30.410738,50.435747]},"properties":{"name":"Поліклініка 49","lines":"69","arr":["69"],"terminus":0,"mode":"bus","color":"#0059a9","colorDark":"#00294f","angle":157.6,"snapDist":2,"label":0}},{"type":"Feature","geometry":{"type":"Point","coordinates":[30.455524,50.43097]},"properties":{"name":"пл. Космонавтів","lines":"69","arr":["69"],"terminus":0,"mode":"bus","color":"#0059a9","colorDark":"#00294f","angle":244.4,"snapDist":6,"label":0}},{"type":"Feature","geometry":{"type":"Point","coordinates":[30.469244,50.431755]},"properties":{"name":"Солом’янська площа","lines":"69","arr":["69"],"terminus":0,"mode":"bus","color":"#0059a9","colorDark":"#00294f","angle":122.8,"snapDist":1,"label":0}},{"type":"Feature","geometry":{"type":"Point","coordinates":[30.520718,50.437492]},"properties":{"name":"ст.м. \"Палац спорту\"","lines":"69","arr":["69"],"terminus":1,"mode":"bus","color":"#0059a9","colorDark":"#00294f","angle":270,"snapDist":6,"label":0}},{"type":"Feature","geometry":{"type":"Point","coordinates":[30.573412,50.48382]},"properties":{"name":"ст Райдужний","lines":"70Д","arr":["70Д"],"terminus":1,"mode":"bus","color":"#0059a9","colorDark":"#00294f","angle":9.8,"snapDist":9,"label":0}},{"type":"Feature","geometry":{"type":"Point","coordinates":[30.575134,50.49084]},"properties":{"name":"вул. Вершигори","lines":"70Д","arr":["70Д"],"terminus":0,"mode":"bus","color":"#0059a9","colorDark":"#00294f","angle":88.9,"snapDist":7,"label":1}},{"type":"Feature","geometry":{"type":"Point","coordinates":[30.598151,50.469648]},"properties":{"name":"ДВС","lines":"70Д","arr":["70Д"],"terminus":0,"mode":"bus","color":"#0059a9","colorDark":"#00294f","angle":257.7,"snapDist":7,"label":1}},{"type":"Feature","geometry":{"type":"Point","coordinates":[30.598295,50.45147]},"properties":{"name":"ст.м. \"Лівобережна\" (пр.)","lines":"70Д","arr":["70Д"],"terminus":0,"mode":"bus","color":"#0059a9","colorDark":"#00294f","angle":254.4,"snapDist":0,"label":0}},{"type":"Feature","geometry":{"type":"Point","coordinates":[30.598734,50.450937]},"properties":{"name":"ст.м. \"Лівобережна\"","lines":"70Д","arr":["70Д"],"terminus":1,"mode":"bus","color":"#0059a9","colorDark":"#00294f","angle":76.2,"snapDist":3,"label":0}},{"type":"Feature","geometry":{"type":"Point","coordinates":[30.598379,50.45207]},"properties":{"name":"ст.м. \"Лівобережна\"","lines":"70Д","arr":["70Д"],"terminus":1,"mode":"bus","color":"#0059a9","colorDark":"#00294f","angle":156.8,"snapDist":8,"label":0}},{"type":"Feature","geometry":{"type":"Point","coordinates":[30.595939,50.473362]},"properties":{"name":"вул. Райдужна","lines":"70Д","arr":["70Д"],"terminus":0,"mode":"bus","color":"#0059a9","colorDark":"#00294f","angle":-163.5,"snapDist":8,"label":1}},{"type":"Feature","geometry":{"type":"Point","coordinates":[30.57514,50.490651]},"properties":{"name":"вул. Вершигори","lines":"70Д","arr":["70Д"],"terminus":0,"mode":"bus","color":"#0059a9","colorDark":"#00294f","angle":268.9,"snapDist":7,"label":0}},{"type":"Feature","geometry":{"type":"Point","coordinates":[30.573712,50.484267]},"properties":{"name":"ст. Райд вис.","lines":"70Д","arr":["70Д"],"terminus":0,"mode":"bus","color":"#0059a9","colorDark":"#00294f","angle":264.4,"snapDist":34,"label":1}},{"type":"Feature","geometry":{"type":"Point","coordinates":[30.573426,50.483641]},"properties":{"name":"ст Райдужний","lines":"70Д","arr":["70Д"],"terminus":1,"mode":"bus","color":"#0059a9","colorDark":"#00294f","angle":100,"snapDist":4,"label":0}},{"type":"Feature","geometry":{"type":"Point","coordinates":[30.513758,50.466891]},"properties":{"name":"ст.м. Контрактова пл.","lines":"72","arr":["72"],"terminus":1,"mode":"bus","color":"#0059a9","colorDark":"#00294f","angle":132.3,"snapDist":2,"label":0}},{"type":"Feature","geometry":{"type":"Point","coordinates":[30.461649,50.493612]},"properties":{"name":"пл. Петропавлівська","lines":"72","arr":["72"],"terminus":0,"mode":"bus","color":"#0059a9","colorDark":"#00294f","angle":52.5,"snapDist":4,"label":1}},{"type":"Feature","geometry":{"type":"Point","coordinates":[30.421373,50.514973]},"properties":{"name":"просп. Свободи (72)","lines":"72","arr":["72"],"terminus":0,"mode":"bus","color":"#0059a9","colorDark":"#00294f","angle":48.9,"snapDist":1,"label":1}},{"type":"Feature","geometry":{"type":"Point","coordinates":[30.408419,50.508064]},"properties":{"name":"М-в Синьозерний","lines":"72","arr":["72"],"terminus":1,"mode":"bus","color":"#0059a9","colorDark":"#00294f","angle":285.1,"snapDist":7,"label":1}},{"type":"Feature","geometry":{"type":"Point","coordinates":[30.408844,50.507924]},"properties":{"name":"М-в Синьозерний","lines":"72","arr":["72"],"terminus":1,"mode":"bus","color":"#0059a9","colorDark":"#00294f","angle":106.3,"snapDist":1,"label":0}},{"type":"Feature","geometry":{"type":"Point","coordinates":[30.421118,50.515058]},"properties":{"name":"просп. Свободи (72)","lines":"72","arr":["72"],"terminus":0,"mode":"bus","color":"#0059a9","colorDark":"#00294f","angle":288,"snapDist":2,"label":0}},{"type":"Feature","geometry":{"type":"Point","coordinates":[30.459544,50.495158]},"properties":{"name":"Куренівський р-к","lines":"72","arr":["72"],"terminus":0,"mode":"bus","color":"#0059a9","colorDark":"#00294f","angle":224.6,"snapDist":0,"label":1}},{"type":"Feature","geometry":{"type":"Point","coordinates":[30.513432,50.466665]},"properties":{"name":"ст.м. Контрактова пл.","lines":"72","arr":["72"],"terminus":1,"mode":"bus","color":"#0059a9","colorDark":"#00294f","angle":134.4,"snapDist":1,"label":0}},{"type":"Feature","geometry":{"type":"Point","coordinates":[30.598854,50.531393]},"properties":{"name":"вул. Милославська (73)","lines":"73","arr":["73"],"terminus":1,"mode":"bus","color":"#0059a9","colorDark":"#00294f","angle":226.7,"snapDist":20,"label":0}},{"type":"Feature","geometry":{"type":"Point","coordinates":[30.575463,50.495561]},"properties":{"name":"просп. Шухевича","lines":"73","arr":["73"],"terminus":0,"mode":"bus","color":"#0059a9","colorDark":"#00294f","angle":1.2,"snapDist":2,"label":0}},{"type":"Feature","geometry":{"type":"Point","coordinates":[30.499874,50.501547]},"properties":{"name":"ст.м. \"Оболонь\"","lines":"73","arr":["73"],"terminus":0,"mode":"bus","color":"#0059a9","colorDark":"#00294f","angle":1,"snapDist":1,"label":0}},{"type":"Feature","geometry":{"type":"Point","coordinates":[30.499191,50.521519]},"properties":{"name":"ст.м. Г.Дніпра (вис)","lines":"73","arr":["73"],"terminus":0,"mode":"bus","color":"#0059a9","colorDark":"#00294f","angle":90.2,"snapDist":7,"label":1}},{"type":"Feature","geometry":{"type":"Point","coordinates":[30.498389,50.521579]},"properties":{"name":"ст.м. \"Героїв Дніпра\"","lines":"73","arr":["73"],"terminus":1,"mode":"bus","color":"#0059a9","colorDark":"#00294f","angle":272.8,"snapDist":1,"label":0}},{"type":"Feature","geometry":{"type":"Point","coordinates":[30.498379,50.521271]},"properties":{"name":"ст.м. \"Героїв Дніпра\"","lines":"73","arr":["73"],"terminus":1,"mode":"bus","color":"#0059a9","colorDark":"#00294f","angle":271.2,"snapDist":0,"label":1}},{"type":"Feature","geometry":{"type":"Point","coordinates":[30.49926,50.501469]},"properties":{"name":"ст.м. \"Оболонь\"","lines":"73","arr":["73"],"terminus":0,"mode":"bus","color":"#0059a9","colorDark":"#00294f","angle":181.3,"snapDist":0,"label":0}},{"type":"Feature","geometry":{"type":"Point","coordinates":[30.527515,50.488365]},"properties":{"name":"просп. Івасюка","lines":"73","arr":["73"],"terminus":0,"mode":"bus","color":"#0059a9","colorDark":"#00294f","angle":168.7,"snapDist":1,"label":0}},{"type":"Feature","geometry":{"type":"Point","coordinates":[30.573732,50.49543]},"properties":{"name":"просп. Шухевича","lines":"73","arr":["73"],"terminus":0,"mode":"bus","color":"#0059a9","colorDark":"#00294f","angle":180.6,"snapDist":8,"label":0}},{"type":"Feature","geometry":{"type":"Point","coordinates":[30.584559,50.505996]},"properties":{"name":"вул. Бальзака","lines":"73","arr":["73"],"terminus":0,"mode":"bus","color":"#0059a9","colorDark":"#00294f","angle":119.9,"snapDist":3,"label":1}},{"type":"Feature","geometry":{"type":"Point","coordinates":[30.598889,50.531732]},"properties":{"name":"вул. Милославська 1(73)","lines":"73","arr":["73"],"terminus":0,"mode":"bus","color":"#0059a9","colorDark":"#00294f","angle":83.4,"snapDist":3,"label":1}},{"type":"Feature","geometry":{"type":"Point","coordinates":[30.598646,50.531527]},"properties":{"name":"вул. Милославська (73)","lines":"73","arr":["73"],"terminus":1,"mode":"bus","color":"#0059a9","colorDark":"#00294f","angle":225.1,"snapDist":18,"label":0}},{"type":"Feature","geometry":{"type":"Point","coordinates":[30.621965,50.342667]},"properties":{"name":"вул. Центральна","lines":"74","arr":["74"],"terminus":1,"mode":"bus","color":"#0059a9","colorDark":"#00294f","angle":161.1,"snapDist":81,"label":1}},{"type":"Feature","geometry":{"type":"Point","coordinates":[30.605541,50.392183]},"properties":{"name":"ст.м. \"Славутич\"","lines":"74","arr":["74"],"terminus":1,"mode":"bus","color":"#0059a9","colorDark":"#00294f","angle":-66.5,"snapDist":85,"label":0}},{"type":"Feature","geometry":{"type":"Point","coordinates":[30.605542,50.392188]},"properties":{"name":"ст.м. \"Славутич\"","lines":"74","arr":["74"],"terminus":1,"mode":"bus","color":"#0059a9","colorDark":"#00294f","angle":280.3,"snapDist":66,"label":0}},{"type":"Feature","geometry":{"type":"Point","coordinates":[30.621513,50.343445]},"properties":{"name":"вул. Центральна (вис)","lines":"74","arr":["74"],"terminus":0,"mode":"bus","color":"#0059a9","colorDark":"#00294f","angle":252.3,"snapDist":8,"label":1}},{"type":"Feature","geometry":{"type":"Point","coordinates":[30.621804,50.342862]},"properties":{"name":"вул. Центральна","lines":"74","arr":["74"],"terminus":1,"mode":"bus","color":"#0059a9","colorDark":"#00294f","angle":252.3,"snapDist":6,"label":0}},{"type":"Feature","geometry":{"type":"Point","coordinates":[30.45597,50.392244]},"properties":{"name":"вул. Гуляницького","lines":"75","arr":["75"],"terminus":1,"mode":"bus","color":"#0059a9","colorDark":"#00294f","angle":-170.7,"snapDist":50,"label":1}},{"type":"Feature","geometry":{"type":"Point","coordinates":[30.433426,50.388332]},"properties":{"name":"Жуляни-2","lines":"75","arr":["75"],"terminus":0,"mode":"bus","color":"#0059a9","colorDark":"#00294f","angle":230.1,"snapDist":8,"label":1}},{"type":"Feature","geometry":{"type":"Point","coordinates":[30.477611,50.381607]},"properties":{"name":"ст.м. \"Виставковий центр\"","lines":"75","arr":["75"],"terminus":1,"mode":"bus","color":"#0059a9","colorDark":"#00294f","angle":107.9,"snapDist":27,"label":0}},{"type":"Feature","geometry":{"type":"Point","coordinates":[30.477797,50.381359]},"properties":{"name":"ст.м. \"Виставковий центр\"","lines":"75","arr":["75"],"terminus":1,"mode":"bus","color":"#0059a9","colorDark":"#00294f","angle":330.1,"snapDist":1,"label":0}},{"type":"Feature","geometry":{"type":"Point","coordinates":[30.433059,50.389208]},"properties":{"name":"Жуляни-2","lines":"75","arr":["75"],"terminus":0,"mode":"bus","color":"#0059a9","colorDark":"#00294f","angle":49.3,"snapDist":3,"label":0}},{"type":"Feature","geometry":{"type":"Point","coordinates":[30.455974,50.392244]},"properties":{"name":"вул. Гуляницького","lines":"75","arr":["75"],"terminus":1,"mode":"bus","color":"#0059a9","colorDark":"#00294f","angle":189.3,"snapDist":15,"label":0}},{"type":"Feature","geometry":{"type":"Point","coordinates":[30.623435,50.502671]},"properties":{"name":"Лісове кладовище","lines":"77","arr":["77"],"terminus":1,"mode":"bus","color":"#0059a9","colorDark":"#00294f","angle":292.1,"snapDist":2,"label":1}},{"type":"Feature","geometry":{"type":"Point","coordinates":[30.620385,50.497828]},"properties":{"name":"Ліс кл. (центр вхід)","lines":"77","arr":["77"],"terminus":0,"mode":"bus","color":"#0059a9","colorDark":"#00294f","angle":292.2,"snapDist":2,"label":1}},{"type":"Feature","geometry":{"type":"Point","coordinates":[30.603985,50.485105]},"properties":{"name":"вул. О. Дашкевача (вис)","lines":"77","arr":["77"],"terminus":0,"mode":"bus","color":"#0059a9","colorDark":"#00294f","angle":347.8,"snapDist":5,"label":1}},{"type":"Feature","geometry":{"type":"Point","coordinates":[30.603645,50.485059]},"properties":{"name":"вул. О. Дашкевича","lines":"77","arr":["77"],"terminus":1,"mode":"bus","color":"#0059a9","colorDark":"#00294f","angle":167.8,"snapDist":13,"label":1}},{"type":"Feature","geometry":{"type":"Point","coordinates":[30.603991,50.485002]},"properties":{"name":"вул. О. Дашкевича","lines":"77","arr":["77"],"terminus":1,"mode":"bus","color":"#0059a9","colorDark":"#00294f","angle":76.7,"snapDist":3,"label":0}},{"type":"Feature","geometry":{"type":"Point","coordinates":[30.620555,50.498094]},"properties":{"name":"Ліс кл. (центр вхід)","lines":"77","arr":["77"],"terminus":0,"mode":"bus","color":"#0059a9","colorDark":"#00294f","angle":112.2,"snapDist":3,"label":0}},{"type":"Feature","geometry":{"type":"Point","coordinates":[30.622983,50.501964]},"properties":{"name":"Лісове кладовище","lines":"77","arr":["77"],"terminus":1,"mode":"bus","color":"#0059a9","colorDark":"#00294f","angle":112.1,"snapDist":11,"label":0}},{"type":"Feature","geometry":{"type":"Point","coordinates":[30.45675,50.42121]},"properties":{"name":"Держав. Адміістрація","lines":"78","arr":["78"],"terminus":1,"mode":"bus","color":"#0059a9","colorDark":"#00294f","angle":205,"snapDist":9,"label":1}},{"type":"Feature","geometry":{"type":"Point","coordinates":[30.437539,50.41133]},"properties":{"name":"Аеропорт \"Київ\"","lines":"78","arr":["78"],"terminus":0,"mode":"bus","color":"#0059a9","colorDark":"#00294f","angle":27.2,"snapDist":2,"label":1}},{"type":"Feature","geometry":{"type":"Point","coordinates":[30.419355,50.398433]},"properties":{"name":"Кільцева дорога (75)","lines":"78","arr":["78"],"terminus":0,"mode":"bus","color":"#0059a9","colorDark":"#00294f","angle":319.6,"snapDist":1,"label":1}},{"type":"Feature","geometry":{"type":"Point","coordinates":[30.457382,50.39199]},"properties":{"name":"вул. Гуляницького","lines":"78","arr":["78"],"terminus":0,"mode":"bus","color":"#0059a9","colorDark":"#00294f","angle":195.9,"snapDist":7,"label":0}},{"type":"Feature","geometry":{"type":"Point","coordinates":[30.488167,50.393298]},"properties":{"name":"ст.м. \"Васильківська\"","lines":"78","arr":["78"],"terminus":1,"mode":"bus","color":"#0059a9","colorDark":"#00294f","angle":345.3,"snapDist":2,"label":0}},{"type":"Feature","geometry":{"type":"Point","coordinates":[30.487393,50.393171]},"properties":{"name":"ст.м. \"Васильківська\"","lines":"78","arr":["78"],"terminus":1,"mode":"bus","color":"#0059a9","colorDark":"#00294f","angle":346.1,"snapDist":1,"label":0}},{"type":"Feature","geometry":{"type":"Point","coordinates":[30.457152,50.392032]},"properties":{"name":"вул. Гуляницького","lines":"78","arr":["78"],"terminus":0,"mode":"bus","color":"#0059a9","colorDark":"#00294f","angle":-164.1,"snapDist":14,"label":0}},{"type":"Feature","geometry":{"type":"Point","coordinates":[30.421031,50.398368]},"properties":{"name":"Кільцева дорога (75)","lines":"78","arr":["78"],"terminus":0,"mode":"bus","color":"#0059a9","colorDark":"#00294f","angle":10.7,"snapDist":5,"label":0}},{"type":"Feature","geometry":{"type":"Point","coordinates":[30.437696,50.411198]},"properties":{"name":"Аеропорт \"Київ\"","lines":"78","arr":["78"],"terminus":0,"mode":"bus","color":"#0059a9","colorDark":"#00294f","angle":295.1,"snapDist":1,"label":0}},{"type":"Feature","geometry":{"type":"Point","coordinates":[30.44513,50.413811]},"properties":{"name":"Термінал А","lines":"78","arr":["78"],"terminus":0,"mode":"bus","color":"#0059a9","colorDark":"#00294f","angle":170.3,"snapDist":9,"label":1}},{"type":"Feature","geometry":{"type":"Point","coordinates":[30.456381,50.42132]},"properties":{"name":"Держав. Адміістрація","lines":"78","arr":["78"],"terminus":1,"mode":"bus","color":"#0059a9","colorDark":"#00294f","angle":205,"snapDist":8,"label":0}},{"type":"Feature","geometry":{"type":"Point","coordinates":[30.585302,50.506698]},"properties":{"name":"вул. Каштанова","lines":"79","arr":["79"],"terminus":1,"mode":"bus","color":"#0059a9","colorDark":"#00294f","angle":131.6,"snapDist":6,"label":1}},{"type":"Feature","geometry":{"type":"Point","coordinates":[30.607968,50.49454]},"properties":{"name":"просп. Шухевича(79)","lines":"79","arr":["79"],"terminus":0,"mode":"bus","color":"#0059a9","colorDark":"#00294f","angle":266,"snapDist":2,"label":1}},{"type":"Feature","geometry":{"type":"Point","coordinates":[30.64505,50.46662]},"properties":{"name":"ст.м. \"Лісова\"","lines":"79","arr":["79"],"terminus":1,"mode":"bus","color":"#0059a9","colorDark":"#00294f","angle":68.4,"snapDist":76,"label":0}},{"type":"Feature","geometry":{"type":"Point","coordinates":[30.647835,50.466726]},"properties":{"name":"ст.м. \"Лісова\"","lines":"79","arr":["79"],"terminus":1,"mode":"bus","color":"#0059a9","colorDark":"#00294f","angle":66.4,"snapDist":2,"label":0}},{"type":"Feature","geometry":{"type":"Point","coordinates":[30.609376,50.49136]},"properties":{"name":"Інститут № 2","lines":"79","arr":["79"],"terminus":0,"mode":"bus","color":"#0059a9","colorDark":"#00294f","angle":73.4,"snapDist":12,"label":1}},{"type":"Feature","geometry":{"type":"Point","coordinates":[30.584656,50.506103]},"properties":{"name":"вул. Каштанова","lines":"79","arr":["79"],"terminus":1,"mode":"bus","color":"#0059a9","colorDark":"#00294f","angle":-60.1,"snapDist":2,"label":0}},{"type":"Feature","geometry":{"type":"Point","coordinates":[30.643426,50.486791]},"properties":{"name":"Лісовий м-в (81)","lines":"81","arr":["81"],"terminus":1,"mode":"bus","color":"#0059a9","colorDark":"#00294f","angle":-144.2,"snapDist":2,"label":1}},{"type":"Feature","geometry":{"type":"Point","coordinates":[30.630797,50.487639]},"properties":{"name":"вул. Космонавта Поповича","lines":"81","arr":["81"],"terminus":0,"mode":"bus","color":"#0059a9","colorDark":"#00294f","angle":246.7,"snapDist":2,"label":0}},{"type":"Feature","geometry":{"type":"Point","coordinates":[30.646255,50.466957]},"properties":{"name":"ст.м. \"Лісова\"","lines":"81","arr":["81"],"terminus":1,"mode":"bus","color":"#0059a9","colorDark":"#00294f","angle":156.3,"snapDist":1,"label":0}},{"type":"Feature","geometry":{"type":"Point","coordinates":[30.647829,50.466736]},"properties":{"name":"ст.м. \"Лісова\"","lines":"81","arr":["81"],"terminus":1,"mode":"bus","color":"#0059a9","colorDark":"#00294f","angle":66.4,"snapDist":3,"label":0}},{"type":"Feature","geometry":{"type":"Point","coordinates":[30.635328,50.483119]},"properties":{"name":"Лікарня (81)","lines":"81","arr":["81"],"terminus":0,"mode":"bus","color":"#0059a9","colorDark":"#00294f","angle":156.6,"snapDist":7,"label":1}},{"type":"Feature","geometry":{"type":"Point","coordinates":[30.644348,50.486361]},"properties":{"name":"Лісовий м-в (81)","lines":"81","arr":["81"],"terminus":1,"mode":"bus","color":"#0059a9","colorDark":"#00294f","angle":38.8,"snapDist":5,"label":0}},{"type":"Feature","geometry":{"type":"Point","coordinates":[30.590116,50.459456]},"properties":{"name":"вул. Шептицького","lines":"87","arr":["87"],"terminus":1,"mode":"bus","color":"#0059a9","colorDark":"#00294f","angle":158.2,"snapDist":7,"label":1}},{"type":"Feature","geometry":{"type":"Point","coordinates":[30.599246,50.449649]},"properties":{"name":"ст.м. \"Лівобережна\"","lines":"87","arr":["87"],"terminus":0,"mode":"bus","color":"#0059a9","colorDark":"#00294f","angle":248.6,"snapDist":6,"label":0}},{"type":"Feature","geometry":{"type":"Point","coordinates":[30.613226,50.434887]},"properties":{"name":"вул. Березняківська","lines":"87","arr":["87"],"terminus":0,"mode":"bus","color":"#0059a9","colorDark":"#00294f","angle":248.1,"snapDist":4,"label":1}},{"type":"Feature","geometry":{"type":"Point","coordinates":[30.602227,50.421997]},"properties":{"name":"ст. Березняки (95)","lines":"87","arr":["87"],"terminus":0,"mode":"bus","color":"#0059a9","colorDark":"#00294f","angle":345.2,"snapDist":1,"label":0}},{"type":"Feature","geometry":{"type":"Point","coordinates":[30.61574,50.395451]},"properties":{"name":"ст.м. \"Осокорки\"","lines":"87","arr":["87"],"terminus":1,"mode":"bus","color":"#0059a9","colorDark":"#00294f","angle":166.7,"snapDist":12,"label":1}},{"type":"Feature","geometry":{"type":"Point","coordinates":[30.616652,50.395595]},"properties":{"name":"ст.м. \"Осокорки\"","lines":"87","arr":["87"],"terminus":1,"mode":"bus","color":"#0059a9","colorDark":"#00294f","angle":166.1,"snapDist":10,"label":0}},{"type":"Feature","geometry":{"type":"Point","coordinates":[30.602512,50.421991]},"properties":{"name":"ст. Березняки (95)","lines":"87","arr":["87"],"terminus":0,"mode":"bus","color":"#0059a9","colorDark":"#00294f","angle":177.1,"snapDist":6,"label":0}},{"type":"Feature","geometry":{"type":"Point","coordinates":[30.603443,50.434062]},"properties":{"name":"к-тр Старт","lines":"87","arr":["87"],"terminus":0,"mode":"bus","color":"#0059a9","colorDark":"#00294f","angle":146.2,"snapDist":8,"label":1}},{"type":"Feature","geometry":{"type":"Point","coordinates":[30.59878,50.450813]},"properties":{"name":"ст.м. \"Лівобережна\"","lines":"87","arr":["87"],"terminus":0,"mode":"bus","color":"#0059a9","colorDark":"#00294f","angle":78.6,"snapDist":2,"label":0}},{"type":"Feature","geometry":{"type":"Point","coordinates":[30.590126,50.459641]},"properties":{"name":"вул. Шептицького (вис)","lines":"87","arr":["87"],"terminus":0,"mode":"bus","color":"#0059a9","colorDark":"#00294f","angle":72.2,"snapDist":5,"label":1}},{"type":"Feature","geometry":{"type":"Point","coordinates":[30.589432,50.459981]},"properties":{"name":"вул. Шептицького","lines":"87","arr":["87"],"terminus":1,"mode":"bus","color":"#0059a9","colorDark":"#00294f","angle":208.7,"snapDist":22,"label":0}},{"type":"Feature","geometry":{"type":"Point","coordinates":[30.396402,50.411695]},"properties":{"name":"вул. Г-Барського","lines":"90","arr":["90"],"terminus":1,"mode":"bus","color":"#0059a9","colorDark":"#00294f","angle":244,"snapDist":2,"label":1}},{"type":"Feature","geometry":{"type":"Point","coordinates":[30.375012,50.418688]},"properties":{"name":"вул. Л-Вольгемут","lines":"90","arr":["90"],"terminus":0,"mode":"bus","color":"#0059a9","colorDark":"#00294f","angle":44.3,"snapDist":3,"label":0}},{"type":"Feature","geometry":{"type":"Point","coordinates":[30.39092,50.457599]},"properties":{"name":"ст.м. \"Святошин\" (90)","lines":"90","arr":["90"],"terminus":0,"mode":"bus","color":"#0059a9","colorDark":"#00294f","angle":173.6,"snapDist":1,"label":0}},{"type":"Feature","geometry":{"type":"Point","coordinates":[30.404403,50.481992]},"properties":{"name":"пл. Марченка (90)","lines":"90","arr":["90"],"terminus":0,"mode":"bus","color":"#0059a9","colorDark":"#00294f","angle":219.4,"snapDist":7,"label":1}},{"type":"Feature","geometry":{"type":"Point","coordinates":[30.40432,50.482336]},"properties":{"name":"пл. В.Марченка","lines":"90","arr":["90"],"terminus":1,"mode":"bus","color":"#0059a9","colorDark":"#00294f","angle":-167.1,"snapDist":7,"label":1}},{"type":"Feature","geometry":{"type":"Point","coordinates":[30.403622,50.482553]},"properties":{"name":"пл. В.Марченка","lines":"90","arr":["90"],"terminus":1,"mode":"bus","color":"#0059a9","colorDark":"#00294f","angle":31.4,"snapDist":2,"label":0}},{"type":"Feature","geometry":{"type":"Point","coordinates":[30.390884,50.457723]},"properties":{"name":"ст.м. \"Святошин\" (90)","lines":"90","arr":["90"],"terminus":0,"mode":"bus","color":"#0059a9","colorDark":"#00294f","angle":353.8,"snapDist":1,"label":0}},{"type":"Feature","geometry":{"type":"Point","coordinates":[30.394568,50.41469]},"properties":{"name":"вул. Махова","lines":"90","arr":["90"],"terminus":0,"mode":"bus","color":"#0059a9","colorDark":"#00294f","angle":55.6,"snapDist":9,"label":1}},{"type":"Feature","geometry":{"type":"Point","coordinates":[30.396383,50.41172]},"properties":{"name":"вул. Г-Барського","lines":"90","arr":["90"],"terminus":1,"mode":"bus","color":"#0059a9","colorDark":"#00294f","angle":244,"snapDist":2,"label":0}},{"type":"Feature","geometry":{"type":"Point","coordinates":[30.390144,50.457543]},"properties":{"name":"ст.м. \"Святошин\" (90)","lines":"90к","arr":["90к"],"terminus":1,"mode":"bus","color":"#0059a9","colorDark":"#00294f","angle":173.6,"snapDist":8,"label":1}},{"type":"Feature","geometry":{"type":"Point","coordinates":[30.404725,50.481823]},"properties":{"name":"пл. Марченка (90)","lines":"90к","arr":["90к"],"terminus":0,"mode":"bus","color":"#0059a9","colorDark":"#00294f","angle":219.6,"snapDist":8,"label":0}},{"type":"Feature","geometry":{"type":"Point","coordinates":[30.405237,50.482127]},"properties":{"name":"пл. В.Марченка","lines":"90к","arr":["90к"],"terminus":1,"mode":"bus","color":"#0059a9","colorDark":"#00294f","angle":-140.7,"snapDist":10,"label":0}},{"type":"Feature","geometry":{"type":"Point","coordinates":[30.403843,50.482467]},"properties":{"name":"пл. В.Марченка","lines":"90к","arr":["90к"],"terminus":1,"mode":"bus","color":"#0059a9","colorDark":"#00294f","angle":31.4,"snapDist":4,"label":0}},{"type":"Feature","geometry":{"type":"Point","coordinates":[30.390285,50.457681]},"properties":{"name":"ст.м. Святошин","lines":"90к","arr":["90к"],"terminus":0,"mode":"bus","color":"#0059a9","colorDark":"#00294f","angle":353.8,"snapDist":1,"label":0}},{"type":"Feature","geometry":{"type":"Point","coordinates":[30.388914,50.457587]},"properties":{"name":"ст.м. \"Святошин\" (90)","lines":"90к","arr":["90к"],"terminus":1,"mode":"bus","color":"#0059a9","colorDark":"#00294f","angle":354,"snapDist":1,"label":0}},{"type":"Feature","geometry":{"type":"Point","coordinates":[30.644133,50.412614]},"properties":{"name":"вул. Ахматової (Р-к Позн)","lines":"91","arr":["91"],"terminus":1,"mode":"bus","color":"#0059a9","colorDark":"#00294f","angle":158.5,"snapDist":39,"label":1}},{"type":"Feature","geometry":{"type":"Point","coordinates":[30.605661,50.394387]},"properties":{"name":"ст.м. \"Славутич\"","lines":"91","arr":["91"],"terminus":0,"mode":"bus","color":"#0059a9","colorDark":"#00294f","angle":177.2,"snapDist":9,"label":0}},{"type":"Feature","geometry":{"type":"Point","coordinates":[30.520873,50.406662]},"properties":{"name":"Деміївська пл.","lines":"91","arr":["91"],"terminus":0,"mode":"bus","color":"#0059a9","colorDark":"#00294f","angle":36.3,"snapDist":4,"label":1}},{"type":"Feature","geometry":{"type":"Point","coordinates":[30.510256,50.397634]},"properties":{"name":"ст.м. \"Голосіївська\"","lines":"91","arr":["91"],"terminus":1,"mode":"bus","color":"#0059a9","colorDark":"#00294f","angle":121.4,"snapDist":7,"label":0}},{"type":"Feature","geometry":{"type":"Point","coordinates":[30.510944,50.398308]},"properties":{"name":"ст.м. \"Голосіївська\"","lines":"91","arr":["91"],"terminus":1,"mode":"bus","color":"#0059a9","colorDark":"#00294f","angle":127.2,"snapDist":10,"label":0}},{"type":"Feature","geometry":{"type":"Point","coordinates":[30.521998,50.405745]},"properties":{"name":"просп. Науки","lines":"91","arr":["91"],"terminus":0,"mode":"bus","color":"#0059a9","colorDark":"#00294f","angle":232.5,"snapDist":5,"label":0}},{"type":"Feature","geometry":{"type":"Point","coordinates":[30.605474,50.394167]},"properties":{"name":"ст.м. \"Славутич\"","lines":"91","arr":["91"],"terminus":0,"mode":"bus","color":"#0059a9","colorDark":"#00294f","angle":176.5,"snapDist":7,"label":0}},{"type":"Feature","geometry":{"type":"Point","coordinates":[30.640495,50.411697]},"properties":{"name":"вул. Ахматової (Р-к Позн)","lines":"91","arr":["91"],"terminus":1,"mode":"bus","color":"#0059a9","colorDark":"#00294f","angle":157.9,"snapDist":0,"label":1}},{"type":"Feature","geometry":{"type":"Point","coordinates":[30.60271,50.42185]},"properties":{"name":"ст. Березняки (95)","lines":"95","arr":["95"],"terminus":1,"mode":"bus","color":"#0059a9","colorDark":"#00294f","angle":-0.6,"snapDist":8,"label":1}},{"type":"Feature","geometry":{"type":"Point","coordinates":[30.598802,50.450742]},"properties":{"name":"ст.м. \"Лівобережна\"","lines":"95","arr":["95"],"terminus":0,"mode":"bus","color":"#0059a9","colorDark":"#00294f","angle":78.6,"snapDist":3,"label":0}},{"type":"Feature","geometry":{"type":"Point","coordinates":[30.590094,50.459705]},"properties":{"name":"вул. Шептицького","lines":"95","arr":["95"],"terminus":0,"mode":"bus","color":"#0059a9","colorDark":"#00294f","angle":72.2,"snapDist":3,"label":0}},{"type":"Feature","geometry":{"type":"Point","coordinates":[30.589926,50.462692]},"properties":{"name":"Микольська Слободка","lines":"95","arr":["95"],"terminus":0,"mode":"bus","color":"#0059a9","colorDark":"#00294f","angle":350.1,"snapDist":2,"label":0}},{"type":"Feature","geometry":{"type":"Point","coordinates":[30.569248,50.483309]},"properties":{"name":"Русанівські сади","lines":"95","arr":["95"],"terminus":1,"mode":"bus","color":"#0059a9","colorDark":"#00294f","angle":29.2,"snapDist":2,"label":1}},{"type":"Feature","geometry":{"type":"Point","coordinates":[30.569385,50.483232]},"properties":{"name":"Русанівські сади","lines":"95","arr":["95"],"terminus":1,"mode":"bus","color":"#0059a9","colorDark":"#00294f","angle":241.1,"snapDist":5,"label":0}},{"type":"Feature","geometry":{"type":"Point","coordinates":[30.590262,50.462731]},"properties":{"name":"Микольська Слободка","lines":"95","arr":["95"],"terminus":0,"mode":"bus","color":"#0059a9","colorDark":"#00294f","angle":169.2,"snapDist":10,"label":0}},{"type":"Feature","geometry":{"type":"Point","coordinates":[30.590105,50.459625]},"properties":{"name":"вул. Шептицького","lines":"95","arr":["95"],"terminus":0,"mode":"bus","color":"#0059a9","colorDark":"#00294f","angle":226,"snapDist":1,"label":0}},{"type":"Feature","geometry":{"type":"Point","coordinates":[30.598335,50.451052]},"properties":{"name":"ст.м. \"Лівобережна\"","lines":"95","arr":["95"],"terminus":0,"mode":"bus","color":"#0059a9","colorDark":"#00294f","angle":278.5,"snapDist":1,"label":0}},{"type":"Feature","geometry":{"type":"Point","coordinates":[30.601978,50.421851]},"properties":{"name":"ст. Березняки (95)","lines":"95","arr":["95"],"terminus":1,"mode":"bus","color":"#0059a9","colorDark":"#00294f","angle":-1,"snapDist":7,"label":0}},{"type":"Feature","geometry":{"type":"Point","coordinates":[30.337112,50.470352]},"properties":{"name":"м-в Новобіличі (ринок)","lines":"97","arr":["97"],"terminus":1,"mode":"bus","color":"#0059a9","colorDark":"#00294f","angle":310.3,"snapDist":11,"label":1}},{"type":"Feature","geometry":{"type":"Point","coordinates":[30.343601,50.477923]},"properties":{"name":"вул. Клавдіівська","lines":"97","arr":["97"],"terminus":0,"mode":"bus","color":"#0059a9","colorDark":"#00294f","angle":173.6,"snapDist":7,"label":1}},{"type":"Feature","geometry":{"type":"Point","coordinates":[30.355464,50.465408]},"properties":{"name":"ст.м. \"Академмістечко\"","lines":"97","arr":["97"],"terminus":0,"mode":"bus","color":"#0059a9","colorDark":"#00294f","angle":269.3,"snapDist":4,"label":0}},{"type":"Feature","geometry":{"type":"Point","coordinates":[30.387509,50.458386]},"properties":{"name":"ст.м. \"Святошин\"","lines":"97","arr":["97"],"terminus":1,"mode":"bus","color":"#0059a9","colorDark":"#00294f","angle":125.6,"snapDist":7,"label":0}},{"type":"Feature","geometry":{"type":"Point","coordinates":[30.38806,50.457977]},"properties":{"name":"ст.м. \"Святошин\"","lines":"97","arr":["97"],"terminus":1,"mode":"bus","color":"#0059a9","colorDark":"#00294f","angle":99,"snapDist":1,"label":0}},{"type":"Feature","geometry":{"type":"Point","coordinates":[30.35568,50.465445]},"properties":{"name":"ст.м. \"Академмістечко\"","lines":"97","arr":["97"],"terminus":0,"mode":"bus","color":"#0059a9","colorDark":"#00294f","angle":88.3,"snapDist":4,"label":0}},{"type":"Feature","geometry":{"type":"Point","coordinates":[30.343159,50.477891]},"properties":{"name":"вул. Клавдіівська","lines":"97","arr":["97"],"terminus":0,"mode":"bus","color":"#0059a9","colorDark":"#00294f","angle":353.2,"snapDist":4,"label":0}},{"type":"Feature","geometry":{"type":"Point","coordinates":[30.338054,50.470905]},"properties":{"name":"м-в Новобіличі (ринок)","lines":"97","arr":["97"],"terminus":1,"mode":"bus","color":"#0059a9","colorDark":"#00294f","angle":325.7,"snapDist":9,"label":0}},{"type":"Feature","geometry":{"type":"Point","coordinates":[30.337,50.470264]},"properties":{"name":"м-в Новобіличі (ринок)","lines":"97к","arr":["97к"],"terminus":1,"mode":"bus","color":"#0059a9","colorDark":"#00294f","angle":307.1,"snapDist":7,"label":0}},{"type":"Feature","geometry":{"type":"Point","coordinates":[30.355459,50.465679]},"properties":{"name":"ст.м. \"Академмістечко\"","lines":"97к","arr":["97к"],"terminus":0,"mode":"bus","color":"#0059a9","colorDark":"#00294f","angle":269.3,"snapDist":1,"label":1}},{"type":"Feature","geometry":{"type":"Point","coordinates":[30.347225,50.459518]},"properties":{"name":"вул. Чорноб","lines":"97к","arr":["97к"],"terminus":1,"mode":"bus","color":"#0059a9","colorDark":"#00294f","angle":178.7,"snapDist":7,"label":0}},{"type":"Feature","geometry":{"type":"Point","coordinates":[30.346763,50.45976]},"properties":{"name":"вул. Чорноб","lines":"97к","arr":["97к"],"terminus":1,"mode":"bus","color":"#0059a9","colorDark":"#00294f","angle":359.2,"snapDist":4,"label":0}},{"type":"Feature","geometry":{"type":"Point","coordinates":[30.355678,50.465557]},"properties":{"name":"ст.м. \"Академмістечко\"","lines":"97к","arr":["97к"],"terminus":0,"mode":"bus","color":"#0059a9","colorDark":"#00294f","angle":89.7,"snapDist":1,"label":0}},{"type":"Feature","geometry":{"type":"Point","coordinates":[30.33778,50.470783]},"properties":{"name":"м-в Новобіличі (ринок)","lines":"97к","arr":["97к"],"terminus":1,"mode":"bus","color":"#0059a9","colorDark":"#00294f","angle":320.2,"snapDist":6,"label":0}},{"type":"Feature","geometry":{"type":"Point","coordinates":[30.664761,50.529657]},"properties":{"name":"ТЕЦ-6","lines":"98","arr":["98"],"terminus":1,"mode":"bus","color":"#0059a9","colorDark":"#00294f","angle":-179.5,"snapDist":6,"label":1}},{"type":"Feature","geometry":{"type":"Point","coordinates":[30.620795,50.509847]},"properties":{"name":"вул. Закревського (100-1)","lines":"98","arr":["98"],"terminus":0,"mode":"bus","color":"#0059a9","colorDark":"#00294f","angle":33.7,"snapDist":3,"label":1}},{"type":"Feature","geometry":{"type":"Point","coordinates":[30.608884,50.520919]},"properties":{"name":"вул. Данькевича","lines":"98","arr":["98"],"terminus":0,"mode":"bus","color":"#0059a9","colorDark":"#00294f","angle":104.7,"snapDist":6,"label":0}},{"type":"Feature","geometry":{"type":"Point","coordinates":[30.604229,50.529233]},"properties":{"name":"школа 320","lines":"98","arr":["98"],"terminus":0,"mode":"bus","color":"#0059a9","colorDark":"#00294f","angle":4.4,"snapDist":0,"label":1}},{"type":"Feature","geometry":{"type":"Point","coordinates":[30.598916,50.531621]},"properties":{"name":"вул. Милославська 1(73)","lines":"98","arr":["98"],"terminus":0,"mode":"bus","color":"#0059a9","colorDark":"#00294f","angle":75.6,"snapDist":3,"label":0}},{"type":"Feature","geometry":{"type":"Point","coordinates":[30.598698,50.531494]},"properties":{"name":"вул. Милославська (73)","lines":"98","arr":["98"],"terminus":1,"mode":"bus","color":"#0059a9","colorDark":"#00294f","angle":225.1,"snapDist":9,"label":0}},{"type":"Feature","geometry":{"type":"Point","coordinates":[30.599198,50.531082]},"properties":{"name":"вул. Милославська (73)","lines":"98","arr":["98"],"terminus":1,"mode":"bus","color":"#0059a9","colorDark":"#00294f","angle":243.4,"snapDist":11,"label":0}},{"type":"Feature","geometry":{"type":"Point","coordinates":[30.605705,50.529161]},"properties":{"name":"школа 320","lines":"98","arr":["98"],"terminus":0,"mode":"bus","color":"#0059a9","colorDark":"#00294f","angle":184.4,"snapDist":5,"label":0}},{"type":"Feature","geometry":{"type":"Point","coordinates":[30.608815,50.52075]},"properties":{"name":"вул. Данькевича","lines":"98","arr":["98"],"terminus":0,"mode":"bus","color":"#0059a9","colorDark":"#00294f","angle":284.7,"snapDist":9,"label":0}},{"type":"Feature","geometry":{"type":"Point","coordinates":[30.622045,50.509313]},"properties":{"name":"вул. Закревського (100-1)","lines":"98","arr":["98"],"terminus":0,"mode":"bus","color":"#0059a9","colorDark":"#00294f","angle":214.6,"snapDist":7,"label":0}},{"type":"Feature","geometry":{"type":"Point","coordinates":[30.663992,50.529661]},"properties":{"name":"ТЕЦ-6","lines":"98","arr":["98"],"terminus":1,"mode":"bus","color":"#0059a9","colorDark":"#00294f","angle":180.5,"snapDist":29,"label":0}},{"type":"Feature","geometry":{"type":"Point","coordinates":[30.49628,50.512479]},"properties":{"name":"ст.м. \"Мінська\"","lines":"99","arr":["99"],"terminus":1,"mode":"bus","color":"#0059a9","colorDark":"#00294f","angle":1.2,"snapDist":17,"label":1}},{"type":"Feature","geometry":{"type":"Point","coordinates":[30.462944,50.518168]},"properties":{"name":"вул.П.Калнишевського","lines":"99","arr":["99"],"terminus":0,"mode":"bus","color":"#0059a9","colorDark":"#00294f","angle":18.7,"snapDist":2,"label":1}},{"type":"Feature","geometry":{"type":"Point","coordinates":[30.462376,50.524806]},"properties":{"name":"Диагностичний центр","lines":"99","arr":["99"],"terminus":0,"mode":"bus","color":"#0059a9","colorDark":"#00294f","angle":199.9,"snapDist":1,"label":0}},{"type":"Feature","geometry":{"type":"Point","coordinates":[30.450766,50.522451]},"properties":{"name":"Литовський проспект","lines":"99","arr":["99"],"terminus":1,"mode":"bus","color":"#0059a9","colorDark":"#00294f","angle":288.6,"snapDist":2,"label":0}},{"type":"Feature","geometry":{"type":"Point","coordinates":[30.450811,50.522535]},"properties":{"name":"Литовський проспект","lines":"99","arr":["99"],"terminus":1,"mode":"bus","color":"#0059a9","colorDark":"#00294f","angle":109.9,"snapDist":13,"label":0}},{"type":"Feature","geometry":{"type":"Point","coordinates":[30.46233,50.524817]},"properties":{"name":"Диагностичний центр","lines":"99","arr":["99"],"terminus":0,"mode":"bus","color":"#0059a9","colorDark":"#00294f","angle":199.9,"snapDist":2,"label":0}},{"type":"Feature","geometry":{"type":"Point","coordinates":[30.463766,50.517917]},"properties":{"name":"вул.П.Калнишевського","lines":"99","arr":["99"],"terminus":0,"mode":"bus","color":"#0059a9","colorDark":"#00294f","angle":190.4,"snapDist":1,"label":0}},{"type":"Feature","geometry":{"type":"Point","coordinates":[30.496882,50.512072]},"properties":{"name":"ст.м. \"Мінська\" (вис)","lines":"99","arr":["99"],"terminus":0,"mode":"bus","color":"#0059a9","colorDark":"#00294f","angle":181.1,"snapDist":7,"label":1}},{"type":"Feature","geometry":{"type":"Point","coordinates":[30.497637,50.512526]},"properties":{"name":"ст.м. \"Мінська\"","lines":"99","arr":["99"],"terminus":1,"mode":"bus","color":"#0059a9","colorDark":"#00294f","angle":333.1,"snapDist":4,"label":0}},{"type":"Feature","geometry":{"type":"Point","coordinates":[30.599286,50.532651]},"properties":{"name":"вул. Радунська (101к)","lines":"101","arr":["101"],"terminus":1,"mode":"bus","color":"#0059a9","colorDark":"#00294f","angle":129.4,"snapDist":8,"label":1}},{"type":"Feature","geometry":{"type":"Point","coordinates":[30.620707,50.528533]},"properties":{"name":"вул. Милослав (101к)","lines":"101","arr":["101"],"terminus":0,"mode":"bus","color":"#0059a9","colorDark":"#00294f","angle":183.1,"snapDist":16,"label":1}},{"type":"Feature","geometry":{"type":"Point","coordinates":[30.620751,50.509416]},"properties":{"name":"вул. С. Лифаря (101)","lines":"101","arr":["101"],"terminus":0,"mode":"bus","color":"#0059a9","colorDark":"#00294f","angle":302.6,"snapDist":12,"label":0}},{"type":"Feature","geometry":{"type":"Point","coordinates":[30.577745,50.495537]},"properties":{"name":"м-в Райдужний","lines":"101","arr":["101"],"terminus":0,"mode":"bus","color":"#0059a9","colorDark":"#00294f","angle":1.2,"snapDist":9,"label":0}},{"type":"Feature","geometry":{"type":"Point","coordinates":[30.523669,50.488254]},"properties":{"name":"просп. Івасюка","lines":"101","arr":["101"],"terminus":0,"mode":"bus","color":"#0059a9","colorDark":"#00294f","angle":0.6,"snapDist":5,"label":0}},{"type":"Feature","geometry":{"type":"Point","coordinates":[30.497655,50.487953]},"properties":{"name":"ст.м. \"Почайна\" 1","lines":"101","arr":["101"],"terminus":0,"mode":"bus","color":"#0059a9","colorDark":"#00294f","angle":270.7,"snapDist":3,"label":0}},{"type":"Feature","geometry":{"type":"Point","coordinates":[30.497658,50.487267]},"properties":{"name":"ст.м. \"Почайна\"(101)","lines":"101","arr":["101"],"terminus":1,"mode":"bus","color":"#0059a9","colorDark":"#00294f","angle":269.4,"snapDist":3,"label":0}},{"type":"Feature","geometry":{"type":"Point","coordinates":[30.49812,50.487473]},"properties":{"name":"ст.м. \"Почайна\"(101)","lines":"101","arr":["101"],"terminus":1,"mode":"bus","color":"#0059a9","colorDark":"#00294f","angle":89.7,"snapDist":1,"label":0}},{"type":"Feature","geometry":{"type":"Point","coordinates":[30.52866,50.488578]},"properties":{"name":"просп. Івасюка","lines":"101","arr":["101"],"terminus":0,"mode":"bus","color":"#0059a9","colorDark":"#00294f","angle":-16.4,"snapDist":6,"label":1}},{"type":"Feature","geometry":{"type":"Point","coordinates":[30.581664,50.495372]},"properties":{"name":"м-в Райдужний","lines":"101","arr":["101"],"terminus":0,"mode":"bus","color":"#0059a9","colorDark":"#00294f","angle":182.4,"snapDist":2,"label":0}},{"type":"Feature","geometry":{"type":"Point","coordinates":[30.621285,50.509942]},"properties":{"name":"вул. С. Лифаря (101)","lines":"101","arr":["101"],"terminus":0,"mode":"bus","color":"#0059a9","colorDark":"#00294f","angle":122.2,"snapDist":1,"label":0}},{"type":"Feature","geometry":{"type":"Point","coordinates":[30.620982,50.528524]},"properties":{"name":"вул. Милослав (101к)","lines":"101","arr":["101"],"terminus":0,"mode":"bus","color":"#0059a9","colorDark":"#00294f","angle":3.1,"snapDist":1,"label":0}},{"type":"Feature","geometry":{"type":"Point","coordinates":[30.599284,50.532729]},"properties":{"name":"вул. Радунська (101к)","lines":"101","arr":["101"],"terminus":1,"mode":"bus","color":"#0059a9","colorDark":"#00294f","angle":338.1,"snapDist":4,"label":0}},{"type":"Feature","geometry":{"type":"Point","coordinates":[30.515556,50.495941]},"properties":{"name":"к-тр Братислава","lines":"102А","arr":["102А"],"terminus":1,"mode":"bus","color":"#0059a9","colorDark":"#00294f","angle":1.2,"snapDist":4,"label":1}},{"type":"Feature","geometry":{"type":"Point","coordinates":[30.449092,50.505878]},"properties":{"name":"вул. Вишгородська","lines":"102А","arr":["102А"],"terminus":0,"mode":"bus","color":"#0059a9","colorDark":"#00294f","angle":170.7,"snapDist":12,"label":0}},{"type":"Feature","geometry":{"type":"Point","coordinates":[30.429162,50.510265]},"properties":{"name":"вул. Світлицького","lines":"102А","arr":["102А"],"terminus":0,"mode":"bus","color":"#0059a9","colorDark":"#00294f","angle":69,"snapDist":12,"label":1}},{"type":"Feature","geometry":{"type":"Point","coordinates":[30.420328,50.504954]},"properties":{"name":"мкр Варш","lines":"102А","arr":["102А"],"terminus":1,"mode":"bus","color":"#0059a9","colorDark":"#00294f","angle":196.1,"snapDist":8,"label":1}},{"type":"Feature","geometry":{"type":"Point","coordinates":[30.420076,50.505102]},"properties":{"name":"мкр Варш","lines":"102А","arr":["102А"],"terminus":1,"mode":"bus","color":"#0059a9","colorDark":"#00294f","angle":10.9,"snapDist":23,"label":0}},{"type":"Feature","geometry":{"type":"Point","coordinates":[30.429798,50.509865]},"properties":{"name":"вул. Світлицького","lines":"102А","arr":["102А"],"terminus":0,"mode":"bus","color":"#0059a9","colorDark":"#00294f","angle":221.9,"snapDist":10,"label":0}},{"type":"Feature","geometry":{"type":"Point","coordinates":[30.453173,50.505598]},"properties":{"name":"вул. Вишгородська","lines":"102А","arr":["102А"],"terminus":0,"mode":"bus","color":"#0059a9","colorDark":"#00294f","angle":189.2,"snapDist":3,"label":1}},{"type":"Feature","geometry":{"type":"Point","coordinates":[30.504536,50.501849]},"properties":{"name":"3 мікрорайон","lines":"102А","arr":["102А"],"terminus":0,"mode":"bus","color":"#0059a9","colorDark":"#00294f","angle":122.9,"snapDist":1,"label":1}},{"type":"Feature","geometry":{"type":"Point","coordinates":[30.517141,50.49602]},"properties":{"name":"к-тр Братислава","lines":"102А","arr":["102А"],"terminus":1,"mode":"bus","color":"#0059a9","colorDark":"#00294f","angle":328.3,"snapDist":22,"label":0}},{"type":"Feature","geometry":{"type":"Point","coordinates":[30.346359,50.459756]},"properties":{"name":"вул. Чорноб","lines":"103","arr":["103"],"terminus":1,"mode":"bus","color":"#0059a9","colorDark":"#00294f","angle":358.2,"snapDist":41,"label":0}},{"type":"Feature","geometry":{"type":"Point","coordinates":[30.365776,50.495002]},"properties":{"name":"Гіпермаркет","lines":"103","arr":["103"],"terminus":0,"mode":"bus","color":"#0059a9","colorDark":"#00294f","angle":83.6,"snapDist":1,"label":0}},{"type":"Feature","geometry":{"type":"Point","coordinates":[30.427759,50.510977]},"properties":{"name":"ж/м Виноградар","lines":"103","arr":["103"],"terminus":1,"mode":"bus","color":"#0059a9","colorDark":"#00294f","angle":220.8,"snapDist":26,"label":1}},{"type":"Feature","geometry":{"type":"Point","coordinates":[30.427558,50.511088]},"properties":{"name":"ж/м Виноградар","lines":"103","arr":["103"],"terminus":1,"mode":"bus","color":"#0059a9","colorDark":"#00294f","angle":40.8,"snapDist":4,"label":0}},{"type":"Feature","geometry":{"type":"Point","coordinates":[30.365443,50.495622]},"properties":{"name":"Гіпермаркет","lines":"103","arr":["103"],"terminus":0,"mode":"bus","color":"#0059a9","colorDark":"#00294f","angle":263.7,"snapDist":1,"label":0}},{"type":"Feature","geometry":{"type":"Point","coordinates":[30.346477,50.459505]},"properties":{"name":"вул. Чорноб","lines":"103","arr":["103"],"terminus":1,"mode":"bus","color":"#0059a9","colorDark":"#00294f","angle":174.4,"snapDist":24,"label":0}},{"type":"Feature","geometry":{"type":"Point","coordinates":[30.684635,50.362855]},"properties":{"name":"ФАП","lines":"104","arr":["104"],"terminus":1,"mode":"bus","color":"#0059a9","colorDark":"#00294f","angle":212,"snapDist":15,"label":1}},{"type":"Feature","geometry":{"type":"Point","coordinates":[30.705538,50.377175]},"properties":{"name":"вул. Автотранспортна","lines":"104","arr":["104"],"terminus":0,"mode":"bus","color":"#0059a9","colorDark":"#00294f","angle":46.6,"snapDist":3,"label":1}},{"type":"Feature","geometry":{"type":"Point","coordinates":[30.684713,50.402879]},"properties":{"name":"ст.м. \"Бориспільська\"","lines":"104","arr":["104"],"terminus":0,"mode":"bus","color":"#0059a9","colorDark":"#00294f","angle":56.9,"snapDist":4,"label":1}},{"type":"Feature","geometry":{"type":"Point","coordinates":[30.654417,50.404345]},"properties":{"name":"м. Харківська","lines":"104","arr":["104"],"terminus":1,"mode":"bus","color":"#0059a9","colorDark":"#00294f","angle":291.5,"snapDist":74,"label":1}},{"type":"Feature","geometry":{"type":"Point","coordinates":[30.653876,50.40346]},"properties":{"name":"м. Харківська","lines":"104","arr":["104"],"terminus":1,"mode":"bus","color":"#0059a9","colorDark":"#00294f","angle":110.4,"snapDist":2,"label":0}},{"type":"Feature","geometry":{"type":"Point","coordinates":[30.68373,50.40088]},"properties":{"name":"АЗС","lines":"104","arr":["104"],"terminus":0,"mode":"bus","color":"#0059a9","colorDark":"#00294f","angle":234.3,"snapDist":2,"label":1}},{"type":"Feature","geometry":{"type":"Point","coordinates":[30.705901,50.37693]},"properties":{"name":"вул. Автотранспортна","lines":"104","arr":["104"],"terminus":0,"mode":"bus","color":"#0059a9","colorDark":"#00294f","angle":226.5,"snapDist":6,"label":0}},{"type":"Feature","geometry":{"type":"Point","coordinates":[30.684245,50.363543]},"properties":{"name":"ФАП","lines":"104","arr":["104"],"terminus":1,"mode":"bus","color":"#0059a9","colorDark":"#00294f","angle":171.4,"snapDist":8,"label":0}},{"type":"Feature","geometry":{"type":"Point","coordinates":[30.772198,50.404229]},"properties":{"name":"Бориспільське шосе","lines":"105","arr":["105"],"terminus":1,"mode":"bus","color":"#0059a9","colorDark":"#00294f","angle":-137.3,"snapDist":98,"label":1}},{"type":"Feature","geometry":{"type":"Point","coordinates":[30.646987,50.414102]},"properties":{"name":"вул. Тростянец.(18 )","lines":"105","arr":["105"],"terminus":1,"mode":"bus","color":"#0059a9","colorDark":"#00294f","angle":133.8,"snapDist":8,"label":0}},{"type":"Feature","geometry":{"type":"Point","coordinates":[30.647213,50.413957]},"properties":{"name":"вул. Тростянец.(18 )","lines":"105","arr":["105"],"terminus":1,"mode":"bus","color":"#0059a9","colorDark":"#00294f","angle":137.5,"snapDist":1,"label":0}},{"type":"Feature","geometry":{"type":"Point","coordinates":[30.747145,50.389455]},"properties":{"name":"Дарн лісництво","lines":"105","arr":["105"],"terminus":0,"mode":"bus","color":"#0059a9","colorDark":"#00294f","angle":279,"snapDist":2,"label":1}},{"type":"Feature","geometry":{"type":"Point","coordinates":[30.77253,50.404034]},"properties":{"name":"Бориспільське шосе","lines":"105","arr":["105"],"terminus":1,"mode":"bus","color":"#0059a9","colorDark":"#00294f","angle":222.7,"snapDist":66,"label":0}},{"type":"Feature","geometry":{"type":"Point","coordinates":[30.653762,50.403261]},"properties":{"name":"м. Харківська","lines":"108","arr":["108"],"terminus":1,"mode":"bus","color":"#0059a9","colorDark":"#00294f","angle":110,"snapDist":2,"label":0}},{"type":"Feature","geometry":{"type":"Point","coordinates":[30.618582,50.41644]},"properties":{"name":"з-д Буревісник","lines":"108","arr":["108"],"terminus":0,"mode":"bus","color":"#0059a9","colorDark":"#00294f","angle":334.1,"snapDist":2,"label":1}},{"type":"Feature","geometry":{"type":"Point","coordinates":[30.602113,50.421984]},"properties":{"name":"ст. Березняки (108)","lines":"108","arr":["108"],"terminus":0,"mode":"bus","color":"#0059a9","colorDark":"#00294f","angle":179,"snapDist":9,"label":1}},{"type":"Feature","geometry":{"type":"Point","coordinates":[30.592763,50.433944]},"properties":{"name":"готель Славутич","lines":"108","arr":["108"],"terminus":0,"mode":"bus","color":"#0059a9","colorDark":"#00294f","angle":86,"snapDist":1,"label":0}},{"type":"Feature","geometry":{"type":"Point","coordinates":[30.598649,50.451158]},"properties":{"name":"ст.м. \"Лівобережна\"","lines":"108","arr":["108"],"terminus":0,"mode":"bus","color":"#0059a9","colorDark":"#00294f","angle":-103.8,"snapDist":6,"label":0}},{"type":"Feature","geometry":{"type":"Point","coordinates":[30.590272,50.45946]},"properties":{"name":"вул. Шептицького (вис)","lines":"108","arr":["108"],"terminus":0,"mode":"bus","color":"#0059a9","colorDark":"#00294f","angle":59.5,"snapDist":1,"label":0}},{"type":"Feature","geometry":{"type":"Point","coordinates":[30.589403,50.45999]},"properties":{"name":"вул. Шептицького","lines":"108","arr":["108"],"terminus":1,"mode":"bus","color":"#0059a9","colorDark":"#00294f","angle":208.7,"snapDist":6,"label":0}},{"type":"Feature","geometry":{"type":"Point","coordinates":[30.589982,50.459706]},"properties":{"name":"вул. Шептицького","lines":"108","arr":["108"],"terminus":1,"mode":"bus","color":"#0059a9","colorDark":"#00294f","angle":226,"snapDist":3,"label":0}},{"type":"Feature","geometry":{"type":"Point","coordinates":[30.597463,50.450186]},"properties":{"name":"ст.м. \"Лівобережна\"","lines":"108","arr":["108"],"terminus":0,"mode":"bus","color":"#0059a9","colorDark":"#00294f","angle":330.9,"snapDist":1,"label":0}},{"type":"Feature","geometry":{"type":"Point","coordinates":[30.59275,50.434049]},"properties":{"name":"готель Славутич","lines":"108","arr":["108"],"terminus":0,"mode":"bus","color":"#0059a9","colorDark":"#00294f","angle":265.3,"snapDist":7,"label":0}},{"type":"Feature","geometry":{"type":"Point","coordinates":[30.601692,50.421979]},"properties":{"name":"ст. Березняки (108)","lines":"108","arr":["108"],"terminus":0,"mode":"bus","color":"#0059a9","colorDark":"#00294f","angle":359,"snapDist":0,"label":0}},{"type":"Feature","geometry":{"type":"Point","coordinates":[30.619761,50.416805]},"properties":{"name":"вул Здолбунівська","lines":"108","arr":["108"],"terminus":0,"mode":"bus","color":"#0059a9","colorDark":"#00294f","angle":154.1,"snapDist":5,"label":1}},{"type":"Feature","geometry":{"type":"Point","coordinates":[30.653799,50.402842]},"properties":{"name":"м. Харківська","lines":"108","arr":["108"],"terminus":1,"mode":"bus","color":"#0059a9","colorDark":"#00294f","angle":257.1,"snapDist":5,"label":0}},{"type":"Feature","geometry":{"type":"Point","coordinates":[30.518582,50.445197]},"properties":{"name":"м. Театральна","lines":"109","arr":["109"],"terminus":1,"mode":"bus","color":"#0059a9","colorDark":"#00294f","angle":194.3,"snapDist":8,"label":1}},{"type":"Feature","geometry":{"type":"Point","coordinates":[30.524876,50.411971]},"properties":{"name":"ст.м. \"Либідська\"","lines":"109","arr":["109"],"terminus":0,"mode":"bus","color":"#0059a9","colorDark":"#00294f","angle":232.3,"snapDist":1,"label":0}},{"type":"Feature","geometry":{"type":"Point","coordinates":[30.592402,50.423561]},"properties":{"name":"вул. Березняківська 109","lines":"109","arr":["109"],"terminus":0,"mode":"bus","color":"#0059a9","colorDark":"#00294f","angle":269.8,"snapDist":1,"label":1}},{"type":"Feature","geometry":{"type":"Point","coordinates":[30.654222,50.40403]},"properties":{"name":"м. Харківська","lines":"109","arr":["109"],"terminus":1,"mode":"bus","color":"#0059a9","colorDark":"#00294f","angle":291.6,"snapDist":10,"label":0}},{"type":"Feature","geometry":{"type":"Point","coordinates":[30.654051,50.403755]},"properties":{"name":"м. Харківська","lines":"109","arr":["109"],"terminus":1,"mode":"bus","color":"#0059a9","colorDark":"#00294f","angle":111.6,"snapDist":3,"label":0}},{"type":"Feature","geometry":{"type":"Point","coordinates":[30.59257,50.423855]},"properties":{"name":"вул. Березняківська 109","lines":"109","arr":["109"],"terminus":0,"mode":"bus","color":"#0059a9","colorDark":"#00294f","angle":-90.4,"snapDist":6,"label":0}},{"type":"Feature","geometry":{"type":"Point","coordinates":[30.525823,50.412565]},"properties":{"name":"ст.м. \"Либідська\"","lines":"109","arr":["109"],"terminus":0,"mode":"bus","color":"#0059a9","colorDark":"#00294f","angle":66.6,"snapDist":1,"label":0}},{"type":"Feature","geometry":{"type":"Point","coordinates":[30.517646,50.445349]},"properties":{"name":"м. Театральна","lines":"109","arr":["109"],"terminus":1,"mode":"bus","color":"#0059a9","colorDark":"#00294f","angle":194.2,"snapDist":9,"label":0}},{"type":"Feature","geometry":{"type":"Point","coordinates":[30.514377,50.439775]},"properties":{"name":"ст. м. Площа Укр. Героїв","lines":"110","arr":["110"],"terminus":1,"mode":"bus","color":"#0059a9","colorDark":"#00294f","angle":-165.9,"snapDist":9,"label":0}},{"type":"Feature","geometry":{"type":"Point","coordinates":[30.525352,50.458721]},"properties":{"name":"Поштова пл.","lines":"110","arr":["110"],"terminus":0,"mode":"bus","color":"#0059a9","colorDark":"#00294f","angle":45.7,"snapDist":7,"label":0}},{"type":"Feature","geometry":{"type":"Point","coordinates":[30.574651,50.483086]},"properties":{"name":"ст Райдужний","lines":"110","arr":["110"],"terminus":0,"mode":"bus","color":"#0059a9","colorDark":"#00294f","angle":53.8,"snapDist":16,"label":0}},{"type":"Feature","geometry":{"type":"Point","coordinates":[30.602872,50.492041]},"properties":{"name":"вул. Кибальчича","lines":"110","arr":["110"],"terminus":0,"mode":"bus","color":"#0059a9","colorDark":"#00294f","angle":142.9,"snapDist":3,"label":1}},{"type":"Feature","geometry":{"type":"Point","coordinates":[30.598032,50.531799]},"properties":{"name":"вул. Милославська (73)","lines":"110","arr":["110"],"terminus":1,"mode":"bus","color":"#0059a9","colorDark":"#00294f","angle":220.2,"snapDist":10,"label":0}},{"type":"Feature","geometry":{"type":"Point","coordinates":[30.599396,50.530829]},"properties":{"name":"вул. Милославська (73)","lines":"110","arr":["110"],"terminus":1,"mode":"bus","color":"#0059a9","colorDark":"#00294f","angle":243.4,"snapDist":3,"label":0}},{"type":"Feature","geometry":{"type":"Point","coordinates":[30.602069,50.491651]},"properties":{"name":"вул. Кибальчича","lines":"110","arr":["110"],"terminus":0,"mode":"bus","color":"#0059a9","colorDark":"#00294f","angle":322.6,"snapDist":4,"label":0}},{"type":"Feature","geometry":{"type":"Point","coordinates":[30.574005,50.483714]},"properties":{"name":"ст Райдужний","lines":"110","arr":["110"],"terminus":0,"mode":"bus","color":"#0059a9","colorDark":"#00294f","angle":58.6,"snapDist":13,"label":0}},{"type":"Feature","geometry":{"type":"Point","coordinates":[30.524924,50.459002]},"properties":{"name":"Поштова пл.","lines":"110","arr":["110"],"terminus":0,"mode":"bus","color":"#0059a9","colorDark":"#00294f","angle":226,"snapDist":4,"label":0}},{"type":"Feature","geometry":{"type":"Point","coordinates":[30.515526,50.43959]},"properties":{"name":"ст. м. Площа Укр. Героїв","lines":"110","arr":["110"],"terminus":1,"mode":"bus","color":"#0059a9","colorDark":"#00294f","angle":14.1,"snapDist":4,"label":0}},{"type":"Feature","geometry":{"type":"Point","coordinates":[30.51415,50.439888]},"properties":{"name":"ст. м. Площа Укр. Героїв","lines":"111","arr":["111"],"terminus":1,"mode":"bus","color":"#0059a9","colorDark":"#00294f","angle":14.9,"snapDist":51,"label":0}},{"type":"Feature","geometry":{"type":"Point","coordinates":[30.525009,50.458946]},"properties":{"name":"Поштова пл.","lines":"111","arr":["111"],"terminus":0,"mode":"bus","color":"#0059a9","colorDark":"#00294f","angle":46,"snapDist":0,"label":0}},{"type":"Feature","geometry":{"type":"Point","coordinates":[30.598019,50.450576]},"properties":{"name":"ст.м. \"Лівобережна\"","lines":"111","arr":["111"],"terminus":0,"mode":"bus","color":"#0059a9","colorDark":"#00294f","angle":297.1,"snapDist":2,"label":0}},{"type":"Feature","geometry":{"type":"Point","coordinates":[30.627544,50.443777]},"properties":{"name":"пл. Дарницька","lines":"111","arr":["111"],"terminus":1,"mode":"bus","color":"#0059a9","colorDark":"#00294f","angle":201.7,"snapDist":9,"label":0}},{"type":"Feature","geometry":{"type":"Point","coordinates":[30.627971,50.443671]},"properties":{"name":"пл. Дарницька","lines":"111","arr":["111"],"terminus":1,"mode":"bus","color":"#0059a9","colorDark":"#00294f","angle":201.2,"snapDist":8,"label":0}},{"type":"Feature","geometry":{"type":"Point","coordinates":[30.598798,50.450755]},"properties":{"name":"ст.м. \"Лівобережна\"","lines":"111","arr":["111"],"terminus":0,"mode":"bus","color":"#0059a9","colorDark":"#00294f","angle":78.6,"snapDist":1,"label":0}},{"type":"Feature","geometry":{"type":"Point","coordinates":[30.524979,50.458966]},"properties":{"name":"Поштова пл.","lines":"111","arr":["111"],"terminus":0,"mode":"bus","color":"#0059a9","colorDark":"#00294f","angle":226,"snapDist":11,"label":0}},{"type":"Feature","geometry":{"type":"Point","coordinates":[30.516604,50.439459]},"properties":{"name":"ст. м. Площа Укр. Героїв","lines":"111","arr":["111"],"terminus":1,"mode":"bus","color":"#0059a9","colorDark":"#00294f","angle":17,"snapDist":3,"label":0}},{"type":"Feature","geometry":{"type":"Point","coordinates":[30.481665,50.461424]},"properties":{"name":"Лук’янівська пл.","lines":"112","arr":["112"],"terminus":1,"mode":"bus","color":"#0059a9","colorDark":"#00294f","angle":201.8,"snapDist":2,"label":1}},{"type":"Feature","geometry":{"type":"Point","coordinates":[30.513635,50.466805]},"properties":{"name":"ст.м. Контрактова пл.","lines":"112","arr":["112"],"terminus":0,"mode":"bus","color":"#0059a9","colorDark":"#00294f","angle":-47.7,"snapDist":12,"label":0}},{"type":"Feature","geometry":{"type":"Point","coordinates":[30.574305,50.484078]},"properties":{"name":"ст Райдужний","lines":"112","arr":["112"],"terminus":0,"mode":"bus","color":"#0059a9","colorDark":"#00294f","angle":-100.8,"snapDist":14,"label":0}},{"type":"Feature","geometry":{"type":"Point","coordinates":[30.601477,50.491371]},"properties":{"name":"вул. Кибальчича","lines":"112","arr":["112"],"terminus":0,"mode":"bus","color":"#0059a9","colorDark":"#00294f","angle":144.6,"snapDist":15,"label":0}},{"type":"Feature","geometry":{"type":"Point","coordinates":[30.607085,50.487521]},"properties":{"name":"вул. Микитенко","lines":"112","arr":["112"],"terminus":1,"mode":"bus","color":"#0059a9","colorDark":"#00294f","angle":166.6,"snapDist":7,"label":0}},{"type":"Feature","geometry":{"type":"Point","coordinates":[30.606305,50.48704]},"properties":{"name":"вул. Микитенко","lines":"112","arr":["112"],"terminus":1,"mode":"bus","color":"#0059a9","colorDark":"#00294f","angle":347.3,"snapDist":1,"label":0}},{"type":"Feature","geometry":{"type":"Point","coordinates":[30.600412,50.491061]},"properties":{"name":"вул. Кибальчича","lines":"112","arr":["112"],"terminus":0,"mode":"bus","color":"#0059a9","colorDark":"#00294f","angle":336.6,"snapDist":2,"label":0}},{"type":"Feature","geometry":{"type":"Point","coordinates":[30.573961,50.483759]},"properties":{"name":"ст Райдужний","lines":"112","arr":["112"],"terminus":0,"mode":"bus","color":"#0059a9","colorDark":"#00294f","angle":238.6,"snapDist":1,"label":0}},{"type":"Feature","geometry":{"type":"Point","coordinates":[30.513869,50.467401]},"properties":{"name":"Н Вал","lines":"112","arr":["112"],"terminus":0,"mode":"bus","color":"#0059a9","colorDark":"#00294f","angle":314.6,"snapDist":0,"label":1}},{"type":"Feature","geometry":{"type":"Point","coordinates":[30.482143,50.461322]},"properties":{"name":"Лук’янівська пл.","lines":"112","arr":["112"],"terminus":1,"mode":"bus","color":"#0059a9","colorDark":"#00294f","angle":17.5,"snapDist":7,"label":0}},{"type":"Feature","geometry":{"type":"Point","coordinates":[30.490492,50.440721]},"properties":{"name":"Залізничний вокзал","lines":"114","arr":["114"],"terminus":1,"mode":"bus","color":"#0059a9","colorDark":"#00294f","angle":224.1,"snapDist":10,"label":0}},{"type":"Feature","geometry":{"type":"Point","coordinates":[30.508268,50.444168]},"properties":{"name":"ст.м. \"Університет\"","lines":"114","arr":["114"],"terminus":0,"mode":"bus","color":"#0059a9","colorDark":"#00294f","angle":194.5,"snapDist":10,"label":1}},{"type":"Feature","geometry":{"type":"Point","coordinates":[30.525064,50.45891]},"properties":{"name":"Поштова пл.","lines":"114","arr":["114"],"terminus":0,"mode":"bus","color":"#0059a9","colorDark":"#00294f","angle":46,"snapDist":2,"label":0}},{"type":"Feature","geometry":{"type":"Point","coordinates":[30.578768,50.495405]},"properties":{"name":"м-в Райдужний","lines":"114","arr":["114"],"terminus":0,"mode":"bus","color":"#0059a9","colorDark":"#00294f","angle":180.2,"snapDist":1,"label":0}},{"type":"Feature","geometry":{"type":"Point","coordinates":[30.613727,50.512202]},"properties":{"name":"вул. С. Лифаря","lines":"114","arr":["114"],"terminus":0,"mode":"bus","color":"#0059a9","colorDark":"#00294f","angle":149.8,"snapDist":2,"label":0}},{"type":"Feature","geometry":{"type":"Point","coordinates":[30.599662,50.532838]},"properties":{"name":"вул. Радунська (101к)","lines":"114","arr":["114"],"terminus":1,"mode":"bus","color":"#0059a9","colorDark":"#00294f","angle":334.2,"snapDist":0,"label":0}},{"type":"Feature","geometry":{"type":"Point","coordinates":[30.599155,50.532543]},"properties":{"name":"вул. Радунська (101к)","lines":"114","arr":["114"],"terminus":1,"mode":"bus","color":"#0059a9","colorDark":"#00294f","angle":127.6,"snapDist":5,"label":0}},{"type":"Feature","geometry":{"type":"Point","coordinates":[30.614735,50.513502]},"properties":{"name":"вул. С. Лифаря","lines":"114","arr":["114"],"terminus":0,"mode":"bus","color":"#0059a9","colorDark":"#00294f","angle":301.4,"snapDist":4,"label":0}},{"type":"Feature","geometry":{"type":"Point","coordinates":[30.582282,50.495518]},"properties":{"name":"м-в Райдужний","lines":"114","arr":["114"],"terminus":0,"mode":"bus","color":"#0059a9","colorDark":"#00294f","angle":358,"snapDist":2,"label":0}},{"type":"Feature","geometry":{"type":"Point","coordinates":[30.524837,50.45906]},"properties":{"name":"Поштова пл.","lines":"114","arr":["114"],"terminus":0,"mode":"bus","color":"#0059a9","colorDark":"#00294f","angle":226,"snapDist":6,"label":0}},{"type":"Feature","geometry":{"type":"Point","coordinates":[30.507479,50.444517]},"properties":{"name":"вул. Франка","lines":"114","arr":["114"],"terminus":0,"mode":"bus","color":"#0059a9","colorDark":"#00294f","angle":14.2,"snapDist":5,"label":1}},{"type":"Feature","geometry":{"type":"Point","coordinates":[30.490024,50.441059]},"properties":{"name":"Залізничний вокзал","lines":"114","arr":["114"],"terminus":1,"mode":"bus","color":"#0059a9","colorDark":"#00294f","angle":230.1,"snapDist":2,"label":0}},{"type":"Feature","geometry":{"type":"Point","coordinates":[30.517934,50.465368]},"properties":{"name":"Контрактова пл.","lines":"115","arr":["115"],"terminus":1,"mode":"bus","color":"#0059a9","colorDark":"#00294f","angle":44.1,"snapDist":4,"label":1}},{"type":"Feature","geometry":{"type":"Point","coordinates":[30.558403,50.441827]},"properties":{"name":"ст.м. \"Дніпро\"","lines":"115","arr":["115"],"terminus":0,"mode":"bus","color":"#0059a9","colorDark":"#00294f","angle":238.9,"snapDist":32,"label":1}},{"type":"Feature","geometry":{"type":"Point","coordinates":[30.601096,50.433876]},"properties":{"name":"бул. Шамо","lines":"115","arr":["115"],"terminus":0,"mode":"bus","color":"#0059a9","colorDark":"#00294f","angle":-33.2,"snapDist":8,"label":0}},{"type":"Feature","geometry":{"type":"Point","coordinates":[30.628391,50.440429]},"properties":{"name":"Податкова інспекція","lines":"115","arr":["115"],"terminus":0,"mode":"bus","color":"#0059a9","colorDark":"#00294f","angle":242,"snapDist":4,"label":0}},{"type":"Feature","geometry":{"type":"Point","coordinates":[30.650558,50.43138]},"properties":{"name":"Дарницький вокзал","lines":"115","arr":["115"],"terminus":0,"mode":"bus","color":"#0059a9","colorDark":"#00294f","angle":158.6,"snapDist":3,"label":0}},{"type":"Feature","geometry":{"type":"Point","coordinates":[30.658151,50.428522]},"properties":{"name":"Будинок культури","lines":"115","arr":["115"],"terminus":1,"mode":"bus","color":"#0059a9","colorDark":"#00294f","angle":339.6,"snapDist":5,"label":1}},{"type":"Feature","geometry":{"type":"Point","coordinates":[30.657127,50.428274]},"properties":{"name":"Будинок культури","lines":"115","arr":["115"],"terminus":1,"mode":"bus","color":"#0059a9","colorDark":"#00294f","angle":158.7,"snapDist":9,"label":0}},{"type":"Feature","geometry":{"type":"Point","coordinates":[30.649842,50.43135]},"properties":{"name":"Дарницький вокзал","lines":"115","arr":["115"],"terminus":0,"mode":"bus","color":"#0059a9","colorDark":"#00294f","angle":338.4,"snapDist":3,"label":0}},{"type":"Feature","geometry":{"type":"Point","coordinates":[30.630061,50.437646]},"properties":{"name":"бул. Гашека","lines":"115","arr":["115"],"terminus":0,"mode":"bus","color":"#0059a9","colorDark":"#00294f","angle":68.5,"snapDist":9,"label":0}},{"type":"Feature","geometry":{"type":"Point","coordinates":[30.622737,50.44155]},"properties":{"name":"Дарницький універ.","lines":"115","arr":["115"],"terminus":0,"mode":"bus","color":"#0059a9","colorDark":"#00294f","angle":334.4,"snapDist":5,"label":0}},{"type":"Feature","geometry":{"type":"Point","coordinates":[30.600917,50.433908]},"properties":{"name":"бул. Шамо","lines":"115","arr":["115"],"terminus":0,"mode":"bus","color":"#0059a9","colorDark":"#00294f","angle":326.3,"snapDist":4,"label":0}},{"type":"Feature","geometry":{"type":"Point","coordinates":[30.55826,50.442296]},"properties":{"name":"ст.м. \"Дніпро\"","lines":"115","arr":["115"],"terminus":0,"mode":"bus","color":"#0059a9","colorDark":"#00294f","angle":-118.4,"snapDist":13,"label":0}},{"type":"Feature","geometry":{"type":"Point","coordinates":[30.518582,50.465061]},"properties":{"name":"Контрактова пл.","lines":"115","arr":["115"],"terminus":1,"mode":"bus","color":"#0059a9","colorDark":"#00294f","angle":347.5,"snapDist":2,"label":0}},{"type":"Feature","geometry":{"type":"Point","coordinates":[30.467334,50.450952]},"properties":{"name":"ст.м. \"Політех інститут\"","lines":"118д","arr":["118д"],"terminus":1,"mode":"bus","color":"#0059a9","colorDark":"#00294f","angle":194.7,"snapDist":2,"label":0}},{"type":"Feature","geometry":{"type":"Point","coordinates":[30.509404,50.44398]},"properties":{"name":"ст.м. \"Університет\"","lines":"118д","arr":["118д"],"terminus":0,"mode":"bus","color":"#0059a9","colorDark":"#00294f","angle":194.6,"snapDist":10,"label":0}},{"type":"Feature","geometry":{"type":"Point","coordinates":[30.538247,50.428033]},"properties":{"name":"пл. Л. Українки","lines":"118д","arr":["118д"],"terminus":0,"mode":"bus","color":"#0059a9","colorDark":"#00294f","angle":231,"snapDist":8,"label":0}},{"type":"Feature","geometry":{"type":"Point","coordinates":[30.601158,50.433902]},"properties":{"name":"бул. Шамо","lines":"118д","arr":["118д"],"terminus":0,"mode":"bus","color":"#0059a9","colorDark":"#00294f","angle":-33.2,"snapDist":9,"label":0}},{"type":"Feature","geometry":{"type":"Point","coordinates":[30.631208,50.458749]},"properties":{"name":"ст.м. \"Чернигівська\"","lines":"118д","arr":["118д"],"terminus":0,"mode":"bus","color":"#0059a9","colorDark":"#00294f","angle":68.9,"snapDist":2,"label":0}},{"type":"Feature","geometry":{"type":"Point","coordinates":[30.641664,50.463969]},"properties":{"name":"ст.м. \"Лісова\"","lines":"118д","arr":["118д"],"terminus":1,"mode":"bus","color":"#0059a9","colorDark":"#00294f","angle":157.1,"snapDist":52,"label":1}},{"type":"Feature","geometry":{"type":"Point","coordinates":[30.641971,50.464166]},"properties":{"name":"ст.м. \"Лісова\"","lines":"118д","arr":["118д"],"terminus":1,"mode":"bus","color":"#0059a9","colorDark":"#00294f","angle":337.9,"snapDist":55,"label":0}},{"type":"Feature","geometry":{"type":"Point","coordinates":[30.600645,50.433792]},"properties":{"name":"бул. Шамо","lines":"118д","arr":["118д"],"terminus":0,"mode":"bus","color":"#0059a9","colorDark":"#00294f","angle":326.3,"snapDist":7,"label":0}},{"type":"Feature","geometry":{"type":"Point","coordinates":[30.539716,50.427147]},"properties":{"name":"пл. Л. Українки","lines":"118д","arr":["118д"],"terminus":0,"mode":"bus","color":"#0059a9","colorDark":"#00294f","angle":52.3,"snapDist":2,"label":0}},{"type":"Feature","geometry":{"type":"Point","coordinates":[30.495674,50.44644]},"properties":{"name":"вул. Володимирська","lines":"118д","arr":["118д"],"terminus":0,"mode":"bus","color":"#0059a9","colorDark":"#00294f","angle":14.3,"snapDist":2,"label":1}},{"type":"Feature","geometry":{"type":"Point","coordinates":[30.453099,50.44824]},"properties":{"name":"вул. Янгеля 2","lines":"118д","arr":["118д"],"terminus":0,"mode":"bus","color":"#0059a9","colorDark":"#00294f","angle":-92.5,"snapDist":14,"label":1}},{"type":"Feature","geometry":{"type":"Point","coordinates":[30.453052,50.449216]},"properties":{"name":"вул. Янгеля","lines":"118д","arr":["118д"],"terminus":0,"mode":"bus","color":"#0059a9","colorDark":"#00294f","angle":88.6,"snapDist":4,"label":1}},{"type":"Feature","geometry":{"type":"Point","coordinates":[30.465406,50.451264]},"properties":{"name":"ст.м. \"Політех інститут\"","lines":"118д","arr":["118д"],"terminus":1,"mode":"bus","color":"#0059a9","colorDark":"#00294f","angle":193.7,"snapDist":6,"label":0}},{"type":"Feature","geometry":{"type":"Point","coordinates":[30.517576,50.464819]},"properties":{"name":"Контрактова пл.","lines":"119","arr":["119"],"terminus":1,"mode":"bus","color":"#0059a9","colorDark":"#00294f","angle":-48.2,"snapDist":7,"label":0}},{"type":"Feature","geometry":{"type":"Point","coordinates":[30.48289,50.449833]},"properties":{"name":"ОХМАТДИТ","lines":"119","arr":["119"],"terminus":0,"mode":"bus","color":"#0059a9","colorDark":"#00294f","angle":285.4,"snapDist":1,"label":1}},{"type":"Feature","geometry":{"type":"Point","coordinates":[30.461742,50.424547]},"properties":{"name":"Севастопольська пл.","lines":"119","arr":["119"],"terminus":0,"mode":"bus","color":"#0059a9","colorDark":"#00294f","angle":214.3,"snapDist":0,"label":1}},{"type":"Feature","geometry":{"type":"Point","coordinates":[30.487744,50.393227]},"properties":{"name":"ст.м. \"Васильківська\"","lines":"119","arr":["119"],"terminus":0,"mode":"bus","color":"#0059a9","colorDark":"#00294f","angle":345.3,"snapDist":1,"label":0}},{"type":"Feature","geometry":{"type":"Point","coordinates":[30.457363,50.37884]},"properties":{"name":"вул. Касіяна","lines":"119","arr":["119"],"terminus":1,"mode":"bus","color":"#0059a9","colorDark":"#00294f","angle":249.2,"snapDist":13,"label":1}},{"type":"Feature","geometry":{"type":"Point","coordinates":[30.456775,50.379276]},"properties":{"name":"вул. Касіяна","lines":"119","arr":["119"],"terminus":1,"mode":"bus","color":"#0059a9","colorDark":"#00294f","angle":49.1,"snapDist":72,"label":0}},{"type":"Feature","geometry":{"type":"Point","coordinates":[30.485838,50.392898]},"properties":{"name":"ст.м. \"Васильківська\"","lines":"119","arr":["119"],"terminus":0,"mode":"bus","color":"#0059a9","colorDark":"#00294f","angle":158.3,"snapDist":9,"label":0}},{"type":"Feature","geometry":{"type":"Point","coordinates":[30.461701,50.426337]},"properties":{"name":"Севастопольська пл.","lines":"119","arr":["119"],"terminus":0,"mode":"bus","color":"#0059a9","colorDark":"#00294f","angle":144.1,"snapDist":1,"label":0}},{"type":"Feature","geometry":{"type":"Point","coordinates":[30.483173,50.45013]},"properties":{"name":"ОХМАТДИТ","lines":"119","arr":["119"],"terminus":0,"mode":"bus","color":"#0059a9","colorDark":"#00294f","angle":105.7,"snapDist":5,"label":0}},{"type":"Feature","geometry":{"type":"Point","coordinates":[30.516926,50.464378]},"properties":{"name":"Контрактова пл.","lines":"119","arr":["119"],"terminus":1,"mode":"bus","color":"#0059a9","colorDark":"#00294f","angle":133.6,"snapDist":3,"label":0}},{"type":"Feature","geometry":{"type":"Point","coordinates":[30.486899,50.393091]},"properties":{"name":"ст.м. \"Васильківська\"","lines":"120","arr":["120"],"terminus":1,"mode":"bus","color":"#0059a9","colorDark":"#00294f","angle":345.5,"snapDist":2,"label":0}},{"type":"Feature","geometry":{"type":"Point","coordinates":[30.457272,50.378918]},"properties":{"name":"вул. Касіяна","lines":"120","arr":["120"],"terminus":0,"mode":"bus","color":"#0059a9","colorDark":"#00294f","angle":229.3,"snapDist":5,"label":0}},{"type":"Feature","geometry":{"type":"Point","coordinates":[30.443926,50.361437]},"properties":{"name":"Кібернитичний центр","lines":"120","arr":["120"],"terminus":1,"mode":"bus","color":"#0059a9","colorDark":"#00294f","angle":345.5,"snapDist":2,"label":1}},{"type":"Feature","geometry":{"type":"Point","coordinates":[30.444157,50.361358]},"properties":{"name":"Кібернитичний центр","lines":"120","arr":["120"],"terminus":1,"mode":"bus","color":"#0059a9","colorDark":"#00294f","angle":129.1,"snapDist":4,"label":0}},{"type":"Feature","geometry":{"type":"Point","coordinates":[30.456891,50.379191]},"properties":{"name":"вул. Касіяна","lines":"120","arr":["120"],"terminus":0,"mode":"bus","color":"#0059a9","colorDark":"#00294f","angle":49.1,"snapDist":11,"label":0}},{"type":"Feature","geometry":{"type":"Point","coordinates":[30.487563,50.393198]},"properties":{"name":"ст.м. \"Васильківська\"","lines":"120","arr":["120"],"terminus":1,"mode":"bus","color":"#0059a9","colorDark":"#00294f","angle":345.8,"snapDist":3,"label":0}},{"type":"Feature","geometry":{"type":"Point","coordinates":[30.524401,50.412796]},"properties":{"name":"ст.м. Либідська","lines":"1","arr":["Тб1"],"terminus":1,"mode":"bus","color":"#149a3f","colorDark":"#0a5121","angle":307.2,"snapDist":7,"label":1}},{"type":"Feature","geometry":{"type":"Point","coordinates":[30.534363,50.379517]},"properties":{"name":"Багринова гора","lines":"1","arr":["Тб1"],"terminus":1,"mode":"bus","color":"#149a3f","colorDark":"#0a5121","angle":241.6,"snapDist":5,"label":1}},{"type":"Feature","geometry":{"type":"Point","coordinates":[30.534295,50.379598]},"properties":{"name":"Багринова гора","lines":"1","arr":["Тб1"],"terminus":1,"mode":"bus","color":"#149a3f","colorDark":"#0a5121","angle":61.6,"snapDist":7,"label":0}},{"type":"Feature","geometry":{"type":"Point","coordinates":[30.528026,50.401251]},"properties":{"name":"Центр комунікації","lines":"1","arr":["Тб1"],"terminus":0,"mode":"bus","color":"#149a3f","colorDark":"#0a5121","angle":60.9,"snapDist":2,"label":0}},{"type":"Feature","geometry":{"type":"Point","coordinates":[30.524705,50.412931]},"properties":{"name":"ст.м. Либідська","lines":"1","arr":["Тб1"],"terminus":1,"mode":"bus","color":"#149a3f","colorDark":"#0a5121","angle":334.8,"snapDist":5,"label":0}},{"type":"Feature","geometry":{"type":"Point","coordinates":[30.520569,50.437859]},"properties":{"name":"ст.м. Палац спорту","lines":"3","arr":["Тб3"],"terminus":1,"mode":"bus","color":"#149a3f","colorDark":"#0a5121","angle":-179.2,"snapDist":9,"label":1}},{"type":"Feature","geometry":{"type":"Point","coordinates":[30.502565,50.439036]},"properties":{"name":"вул.Паньківська","lines":"3","arr":["Тб3"],"terminus":0,"mode":"bus","color":"#149a3f","colorDark":"#0a5121","angle":50.4,"snapDist":1,"label":1}},{"type":"Feature","geometry":{"type":"Point","coordinates":[30.490705,50.436833]},"properties":{"name":"пл. Кривоноса","lines":"3","arr":["Тб3"],"terminus":0,"mode":"bus","color":"#149a3f","colorDark":"#0a5121","angle":337.7,"snapDist":0,"label":1}},{"type":"Feature","geometry":{"type":"Point","coordinates":[30.472142,50.430881]},"properties":{"name":"Солом’янська пл.","lines":"3","arr":["Тб3"],"terminus":0,"mode":"bus","color":"#149a3f","colorDark":"#0a5121","angle":232.6,"snapDist":8,"label":1}},{"type":"Feature","geometry":{"type":"Point","coordinates":[30.490888,50.425717]},"properties":{"name":"Залізничний масив","lines":"3","arr":["Тб3"],"terminus":1,"mode":"bus","color":"#149a3f","colorDark":"#0a5121","angle":126.8,"snapDist":1,"label":1}},{"type":"Feature","geometry":{"type":"Point","coordinates":[30.490349,50.425267]},"properties":{"name":"Залізничний масив","lines":"3","arr":["Тб3"],"terminus":1,"mode":"bus","color":"#149a3f","colorDark":"#0a5121","angle":306,"snapDist":3,"label":0}},{"type":"Feature","geometry":{"type":"Point","coordinates":[30.472369,50.430686]},"properties":{"name":"Солом’янська пл.","lines":"3","arr":["Тб3"],"terminus":0,"mode":"bus","color":"#149a3f","colorDark":"#0a5121","angle":54.3,"snapDist":2,"label":0}},{"type":"Feature","geometry":{"type":"Point","coordinates":[30.497915,50.440148]},"properties":{"name":"вул. Скоропадського","lines":"3","arr":["Тб3"],"terminus":0,"mode":"bus","color":"#149a3f","colorDark":"#0a5121","angle":231.3,"snapDist":8,"label":0}},{"type":"Feature","geometry":{"type":"Point","coordinates":[30.520204,50.439053]},"properties":{"name":"ст.м. Палац спорту","lines":"3","arr":["Тб3"],"terminus":1,"mode":"bus","color":"#149a3f","colorDark":"#0a5121","angle":142.6,"snapDist":48,"label":0}},{"type":"Feature","geometry":{"type":"Point","coordinates":[30.516691,50.439442]},"properties":{"name":"ст.м. Пл. Укр. Героїв","lines":"4","arr":["Тб4"],"terminus":1,"mode":"bus","color":"#149a3f","colorDark":"#0a5121","angle":17,"snapDist":2,"label":1}},{"type":"Feature","geometry":{"type":"Point","coordinates":[30.479798,50.449017]},"properties":{"name":"Палац урочистих подій","lines":"4","arr":["Тб4"],"terminus":0,"mode":"bus","color":"#149a3f","colorDark":"#0a5121","angle":14.3,"snapDist":9,"label":1}},{"type":"Feature","geometry":{"type":"Point","coordinates":[30.44531,50.454692]},"properties":{"name":"ст.м. Шулявська","lines":"4","arr":["Тб4"],"terminus":0,"mode":"bus","color":"#149a3f","colorDark":"#0a5121","angle":14.6,"snapDist":7,"label":1}},{"type":"Feature","geometry":{"type":"Point","coordinates":[30.405868,50.46001]},"properties":{"name":"ст.м. Нивки","lines":"4","arr":["Тб4"],"terminus":0,"mode":"bus","color":"#149a3f","colorDark":"#0a5121","angle":89.6,"snapDist":12,"label":0}},{"type":"Feature","geometry":{"type":"Point","coordinates":[30.405827,50.482513]},"properties":{"name":"пл. В.Марченка","lines":"4","arr":["Тб4"],"terminus":0,"mode":"bus","color":"#149a3f","colorDark":"#0a5121","angle":90,"snapDist":1,"label":0}},{"type":"Feature","geometry":{"type":"Point","coordinates":[30.421221,50.515084]},"properties":{"name":"просп. Свободи","lines":"4","arr":["Тб4"],"terminus":1,"mode":"bus","color":"#149a3f","colorDark":"#0a5121","angle":48.6,"snapDist":9,"label":1}},{"type":"Feature","geometry":{"type":"Point","coordinates":[30.420713,50.515314]},"properties":{"name":"просп. Свободи","lines":"4","arr":["Тб4"],"terminus":1,"mode":"bus","color":"#149a3f","colorDark":"#0a5121","angle":211.5,"snapDist":8,"label":0}},{"type":"Feature","geometry":{"type":"Point","coordinates":[30.405825,50.483307]},"properties":{"name":"вул. Стеценка","lines":"4","arr":["Тб4"],"terminus":0,"mode":"bus","color":"#149a3f","colorDark":"#0a5121","angle":270,"snapDist":11,"label":1}},{"type":"Feature","geometry":{"type":"Point","coordinates":[30.405849,50.459734]},"properties":{"name":"ст.м. Нивки","lines":"4","arr":["Тб4"],"terminus":0,"mode":"bus","color":"#149a3f","colorDark":"#0a5121","angle":280.2,"snapDist":1,"label":0}},{"type":"Feature","geometry":{"type":"Point","coordinates":[30.446731,50.454317]},"properties":{"name":"ст.м. Шулявська","lines":"4","arr":["Тб4"],"terminus":0,"mode":"bus","color":"#149a3f","colorDark":"#0a5121","angle":194,"snapDist":4,"label":0}},{"type":"Feature","geometry":{"type":"Point","coordinates":[30.47934,50.448961]},"properties":{"name":"Палац урочистих подій","lines":"4","arr":["Тб4"],"terminus":0,"mode":"bus","color":"#149a3f","colorDark":"#0a5121","angle":195,"snapDist":4,"label":0}},{"type":"Feature","geometry":{"type":"Point","coordinates":[30.517362,50.439648]},"properties":{"name":"ст.м. Пл. Укр. Героїв","lines":"4","arr":["Тб4"],"terminus":1,"mode":"bus","color":"#149a3f","colorDark":"#0a5121","angle":324.6,"snapDist":4,"label":0}},{"type":"Feature","geometry":{"type":"Point","coordinates":[30.517667,50.439683]},"properties":{"name":"ст.м. Пл. Укр. Героїв","lines":"5","arr":["Тб5"],"terminus":1,"mode":"bus","color":"#149a3f","colorDark":"#0a5121","angle":325,"snapDist":9,"label":0}},{"type":"Feature","geometry":{"type":"Point","coordinates":[30.480693,50.448867]},"properties":{"name":"Палац урочистих подій","lines":"5","arr":["Тб5"],"terminus":0,"mode":"bus","color":"#149a3f","colorDark":"#0a5121","angle":15,"snapDist":0,"label":0}},{"type":"Feature","geometry":{"type":"Point","coordinates":[30.44536,50.454683]},"properties":{"name":"ст.м. Шулявська","lines":"5","arr":["Тб5"],"terminus":0,"mode":"bus","color":"#149a3f","colorDark":"#0a5121","angle":14.6,"snapDist":3,"label":0}},{"type":"Feature","geometry":{"type":"Point","coordinates":[30.405869,50.459945]},"properties":{"name":"ст.м. Нивки","lines":"5","arr":["Тб5"],"terminus":0,"mode":"bus","color":"#149a3f","colorDark":"#0a5121","angle":89.6,"snapDist":3,"label":0}},{"type":"Feature","geometry":{"type":"Point","coordinates":[30.405827,50.482697]},"properties":{"name":"пл. В.Марченка","lines":"5","arr":["Тб5"],"terminus":0,"mode":"bus","color":"#149a3f","colorDark":"#0a5121","angle":90,"snapDist":2,"label":0}},{"type":"Feature","geometry":{"type":"Point","coordinates":[30.424127,50.48864]},"properties":{"name":"вул. Білицька","lines":"5","arr":["Тб5"],"terminus":1,"mode":"bus","color":"#149a3f","colorDark":"#0a5121","angle":204.6,"snapDist":3,"label":1}},{"type":"Feature","geometry":{"type":"Point","coordinates":[30.422553,50.489037]},"properties":{"name":"вул. Білицька","lines":"5","arr":["Тб5"],"terminus":1,"mode":"bus","color":"#149a3f","colorDark":"#0a5121","angle":21.9,"snapDist":3,"label":0}},{"type":"Feature","geometry":{"type":"Point","coordinates":[30.405826,50.480933]},"properties":{"name":"вул. Стеценка","lines":"5","arr":["Тб5"],"terminus":0,"mode":"bus","color":"#149a3f","colorDark":"#0a5121","angle":271.3,"snapDist":5,"label":0}},{"type":"Feature","geometry":{"type":"Point","coordinates":[30.40583,50.459666]},"properties":{"name":"ст.м. Нивки","lines":"5","arr":["Тб5"],"terminus":0,"mode":"bus","color":"#149a3f","colorDark":"#0a5121","angle":280.2,"snapDist":6,"label":0}},{"type":"Feature","geometry":{"type":"Point","coordinates":[30.445154,50.454566]},"properties":{"name":"ст.м. Шулявська","lines":"5","arr":["Тб5"],"terminus":0,"mode":"bus","color":"#149a3f","colorDark":"#0a5121","angle":193.1,"snapDist":5,"label":0}},{"type":"Feature","geometry":{"type":"Point","coordinates":[30.480505,50.448732]},"properties":{"name":"Палац урочистих подій","lines":"5","arr":["Тб5"],"terminus":0,"mode":"bus","color":"#149a3f","colorDark":"#0a5121","angle":199,"snapDist":3,"label":0}},{"type":"Feature","geometry":{"type":"Point","coordinates":[30.517985,50.43993]},"properties":{"name":"ст.м. Пл. Укр. Героїв","lines":"5","arr":["Тб5"],"terminus":1,"mode":"bus","color":"#149a3f","colorDark":"#0a5121","angle":144.6,"snapDist":6,"label":0}},{"type":"Feature","geometry":{"type":"Point","coordinates":[30.521913,50.451549]},"properties":{"name":"м-н Незалежності","lines":"6","arr":["Тб6"],"terminus":1,"mode":"bus","color":"#149a3f","colorDark":"#0a5121","angle":57.2,"snapDist":5,"label":1}},{"type":"Feature","geometry":{"type":"Point","coordinates":[30.482179,50.462765]},"properties":{"name":"ст.м. Лук’янівська","lines":"6","arr":["Тб6"],"terminus":0,"mode":"bus","color":"#149a3f","colorDark":"#0a5121","angle":51.7,"snapDist":2,"label":1}},{"type":"Feature","geometry":{"type":"Point","coordinates":[30.470251,50.487459]},"properties":{"name":"Куренівський парк","lines":"6","arr":["Тб6"],"terminus":0,"mode":"bus","color":"#149a3f","colorDark":"#0a5121","angle":43.4,"snapDist":8,"label":1}},{"type":"Feature","geometry":{"type":"Point","coordinates":[30.449444,50.51993]},"properties":{"name":"пл. Шевченка","lines":"6","arr":["Тб6"],"terminus":0,"mode":"bus","color":"#149a3f","colorDark":"#0a5121","angle":85.1,"snapDist":2,"label":1}},{"type":"Feature","geometry":{"type":"Point","coordinates":[30.462741,50.524878]},"properties":{"name":"Мінський масив","lines":"6","arr":["Тб6"],"terminus":1,"mode":"bus","color":"#149a3f","colorDark":"#0a5121","angle":108.8,"snapDist":3,"label":1}},{"type":"Feature","geometry":{"type":"Point","coordinates":[30.462938,50.525297]},"properties":{"name":"Мінський масив","lines":"6","arr":["Тб6"],"terminus":1,"mode":"bus","color":"#149a3f","colorDark":"#0a5121","angle":82.6,"snapDist":8,"label":0}},{"type":"Feature","geometry":{"type":"Point","coordinates":[30.445899,50.521987]},"properties":{"name":"вул. Сошенка (пр)","lines":"6","arr":["Тб6"],"terminus":0,"mode":"bus","color":"#149a3f","colorDark":"#0a5121","angle":38.2,"snapDist":1,"label":1}},{"type":"Feature","geometry":{"type":"Point","coordinates":[30.444672,50.522017]},"properties":{"name":"вул. Сошенка","lines":"6","arr":["Тб6"],"terminus":0,"mode":"bus","color":"#149a3f","colorDark":"#0a5121","angle":193.1,"snapDist":4,"label":0}},{"type":"Feature","geometry":{"type":"Point","coordinates":[30.470247,50.487462]},"properties":{"name":"Куренівський парк","lines":"6","arr":["Тб6"],"terminus":0,"mode":"bus","color":"#149a3f","colorDark":"#0a5121","angle":223.4,"snapDist":10,"label":0}},{"type":"Feature","geometry":{"type":"Point","coordinates":[30.482297,50.462663]},"properties":{"name":"ст.м. Лук’янівська","lines":"6","arr":["Тб6"],"terminus":0,"mode":"bus","color":"#149a3f","colorDark":"#0a5121","angle":235.1,"snapDist":15,"label":0}},{"type":"Feature","geometry":{"type":"Point","coordinates":[30.520865,50.451529]},"properties":{"name":"м-н Незалежності","lines":"6","arr":["Тб6"],"terminus":1,"mode":"bus","color":"#149a3f","colorDark":"#0a5121","angle":201.2,"snapDist":6,"label":0}},{"type":"Feature","geometry":{"type":"Point","coordinates":[30.514621,50.439735]},"properties":{"name":"ст.м. Пл. Укр. Героїв","lines":"7","arr":["Тб7"],"terminus":1,"mode":"bus","color":"#149a3f","colorDark":"#0a5121","angle":-165.9,"snapDist":7,"label":0}},{"type":"Feature","geometry":{"type":"Point","coordinates":[30.479338,50.449092]},"properties":{"name":"Палац урочистих подій","lines":"7","arr":["Тб7"],"terminus":0,"mode":"bus","color":"#149a3f","colorDark":"#0a5121","angle":14.3,"snapDist":6,"label":0}},{"type":"Feature","geometry":{"type":"Point","coordinates":[30.445089,50.454728]},"properties":{"name":"ст.м. Шулявська","lines":"7","arr":["Тб7"],"terminus":0,"mode":"bus","color":"#149a3f","colorDark":"#0a5121","angle":14.6,"snapDist":4,"label":0}},{"type":"Feature","geometry":{"type":"Point","coordinates":[30.390522,50.457698]},"properties":{"name":"м. Святошин (7тр)","lines":"7","arr":["Тб7"],"terminus":0,"mode":"bus","color":"#149a3f","colorDark":"#0a5121","angle":353.8,"snapDist":5,"label":1}},{"type":"Feature","geometry":{"type":"Point","coordinates":[30.346792,50.459511]},"properties":{"name":"вул. Чорнобильська","lines":"7","arr":["Тб7"],"terminus":1,"mode":"bus","color":"#149a3f","colorDark":"#0a5121","angle":178.7,"snapDist":6,"label":1}},{"type":"Feature","geometry":{"type":"Point","coordinates":[30.346476,50.459758]},"properties":{"name":"вул. Чорнобильська","lines":"7","arr":["Тб7"],"terminus":1,"mode":"bus","color":"#149a3f","colorDark":"#0a5121","angle":358.2,"snapDist":28,"label":0}},{"type":"Feature","geometry":{"type":"Point","coordinates":[30.390419,50.457563]},"properties":{"name":"м. Святошин (7тр)","lines":"7","arr":["Тб7"],"terminus":0,"mode":"bus","color":"#149a3f","colorDark":"#0a5121","angle":173.6,"snapDist":0,"label":0}},{"type":"Feature","geometry":{"type":"Point","coordinates":[30.44536,50.454536]},"properties":{"name":"ст.м. Шулявська","lines":"7","arr":["Тб7"],"terminus":0,"mode":"bus","color":"#149a3f","colorDark":"#0a5121","angle":193.1,"snapDist":3,"label":0}},{"type":"Feature","geometry":{"type":"Point","coordinates":[30.480417,50.448751]},"properties":{"name":"Палац урочистих подій","lines":"7","arr":["Тб7"],"terminus":0,"mode":"bus","color":"#149a3f","colorDark":"#0a5121","angle":199,"snapDist":2,"label":0}},{"type":"Feature","geometry":{"type":"Point","coordinates":[30.517756,50.439826]},"properties":{"name":"ст.м. Пл. Укр. Героїв","lines":"7","arr":["Тб7"],"terminus":1,"mode":"bus","color":"#149a3f","colorDark":"#0a5121","angle":324.6,"snapDist":4,"label":0}},{"type":"Feature","geometry":{"type":"Point","coordinates":[30.517096,50.43953]},"properties":{"name":"ст.м. Пл. Укр. Героїв","lines":"8","arr":["Тб8"],"terminus":1,"mode":"bus","color":"#149a3f","colorDark":"#0a5121","angle":325.2,"snapDist":4,"label":0}},{"type":"Feature","geometry":{"type":"Point","coordinates":[30.483972,50.44838]},"properties":{"name":"Повітрофл ш/пр","lines":"8","arr":["Тб8"],"terminus":0,"mode":"bus","color":"#149a3f","colorDark":"#0a5121","angle":14.2,"snapDist":6,"label":0}},{"type":"Feature","geometry":{"type":"Point","coordinates":[30.471309,50.433851]},"properties":{"name":"вул. Воробйова","lines":"8","arr":["Тб8"],"terminus":0,"mode":"bus","color":"#149a3f","colorDark":"#0a5121","angle":301.9,"snapDist":2,"label":1}},{"type":"Feature","geometry":{"type":"Point","coordinates":[30.455243,50.421658]},"properties":{"name":"вул. Смілянська","lines":"8","arr":["Тб8"],"terminus":1,"mode":"bus","color":"#149a3f","colorDark":"#0a5121","angle":24.9,"snapDist":3,"label":1}},{"type":"Feature","geometry":{"type":"Point","coordinates":[30.454681,50.421825]},"properties":{"name":"вул. Смілянська","lines":"8","arr":["Тб8"],"terminus":1,"mode":"bus","color":"#149a3f","colorDark":"#0a5121","angle":25.1,"snapDist":2,"label":0}},{"type":"Feature","geometry":{"type":"Point","coordinates":[30.475677,50.437856]},"properties":{"name":"вул. Чапека","lines":"8","arr":["Тб8"],"terminus":0,"mode":"bus","color":"#149a3f","colorDark":"#0a5121","angle":137.2,"snapDist":3,"label":1}},{"type":"Feature","geometry":{"type":"Point","coordinates":[30.506347,50.444485]},"properties":{"name":"ст.м. Університет","lines":"8","arr":["Тб8"],"terminus":0,"mode":"bus","color":"#149a3f","colorDark":"#0a5121","angle":194.1,"snapDist":3,"label":1}},{"type":"Feature","geometry":{"type":"Point","coordinates":[30.518289,50.440066]},"properties":{"name":"ст.м. Пл. Укр. Героїв","lines":"8","arr":["Тб8"],"terminus":1,"mode":"bus","color":"#149a3f","colorDark":"#0a5121","angle":325,"snapDist":1,"label":0}},{"type":"Feature","geometry":{"type":"Point","coordinates":[30.5335,50.380664]},"properties":{"name":"Багринова гора","lines":"11","arr":["Тб11"],"terminus":1,"mode":"bus","color":"#149a3f","colorDark":"#0a5121","angle":65.7,"snapDist":62,"label":0}},{"type":"Feature","geometry":{"type":"Point","coordinates":[30.529107,50.400009]},"properties":{"name":"Центр комунікації","lines":"11","arr":["Тб11"],"terminus":0,"mode":"bus","color":"#149a3f","colorDark":"#0a5121","angle":60.1,"snapDist":5,"label":1}},{"type":"Feature","geometry":{"type":"Point","coordinates":[30.509401,50.396453]},"properties":{"name":"м. Голосіївська","lines":"11","arr":["Тб11"],"terminus":0,"mode":"bus","color":"#149a3f","colorDark":"#0a5121","angle":294.1,"snapDist":16,"label":1}},{"type":"Feature","geometry":{"type":"Point","coordinates":[30.4762,50.380785]},"properties":{"name":"ст.м. Виставковий центр","lines":"11","arr":["Тб11"],"terminus":0,"mode":"bus","color":"#149a3f","colorDark":"#0a5121","angle":148.1,"snapDist":20,"label":0}},{"type":"Feature","geometry":{"type":"Point","coordinates":[30.45807,50.370048]},"properties":{"name":"Одеська пл.","lines":"11","arr":["Тб11"],"terminus":0,"mode":"bus","color":"#149a3f","colorDark":"#0a5121","angle":316,"snapDist":4,"label":1}},{"type":"Feature","geometry":{"type":"Point","coordinates":[30.491232,50.353628]},"properties":{"name":"Музей архітектури","lines":"11","arr":["Тб11"],"terminus":1,"mode":"bus","color":"#149a3f","colorDark":"#0a5121","angle":214.1,"snapDist":5,"label":1}},{"type":"Feature","geometry":{"type":"Point","coordinates":[30.488462,50.354714]},"properties":{"name":"Музей архітектури","lines":"11","arr":["Тб11"],"terminus":1,"mode":"bus","color":"#149a3f","colorDark":"#0a5121","angle":16.1,"snapDist":22,"label":1}},{"type":"Feature","geometry":{"type":"Point","coordinates":[30.477442,50.38112]},"properties":{"name":"ст.м. Виставковий центр","lines":"11","arr":["Тб11"],"terminus":0,"mode":"bus","color":"#149a3f","colorDark":"#0a5121","angle":149.5,"snapDist":19,"label":0}},{"type":"Feature","geometry":{"type":"Point","coordinates":[30.510586,50.397968]},"properties":{"name":"м. Голосіївська","lines":"11","arr":["Тб11"],"terminus":0,"mode":"bus","color":"#149a3f","colorDark":"#0a5121","angle":123.8,"snapDist":14,"label":0}},{"type":"Feature","geometry":{"type":"Point","coordinates":[30.534527,50.37934]},"properties":{"name":"Багринова гора","lines":"11","arr":["Тб11"],"terminus":1,"mode":"bus","color":"#149a3f","colorDark":"#0a5121","angle":238,"snapDist":13,"label":0}},{"type":"Feature","geometry":{"type":"Point","coordinates":[30.490518,50.440852]},"properties":{"name":"Залізн вокзал","lines":"12","arr":["Тб12"],"terminus":1,"mode":"bus","color":"#149a3f","colorDark":"#0a5121","angle":229.4,"snapDist":3,"label":1}},{"type":"Feature","geometry":{"type":"Point","coordinates":[30.513584,50.433635]},"properties":{"name":"вул. Жилянська","lines":"12","arr":["Тб12"],"terminus":0,"mode":"bus","color":"#149a3f","colorDark":"#0a5121","angle":270.8,"snapDist":6,"label":0}},{"type":"Feature","geometry":{"type":"Point","coordinates":[30.524405,50.412352]},"properties":{"name":"ст.м. Либідська","lines":"12","arr":["Тб12"],"terminus":0,"mode":"bus","color":"#149a3f","colorDark":"#0a5121","angle":233.6,"snapDist":10,"label":0}},{"type":"Feature","geometry":{"type":"Point","coordinates":[30.509466,50.39655]},"properties":{"name":"м. Голосіївська","lines":"12","arr":["Тб12"],"terminus":0,"mode":"bus","color":"#149a3f","colorDark":"#0a5121","angle":290.1,"snapDist":21,"label":0}},{"type":"Feature","geometry":{"type":"Point","coordinates":[30.478389,50.381576]},"properties":{"name":"ст.м. Виставковий центр","lines":"12","arr":["Тб12"],"terminus":0,"mode":"bus","color":"#149a3f","colorDark":"#0a5121","angle":330.1,"snapDist":3,"label":0}},{"type":"Feature","geometry":{"type":"Point","coordinates":[30.452567,50.38246]},"properties":{"name":"вул. Гуменної","lines":"12","arr":["Тб12"],"terminus":0,"mode":"bus","color":"#149a3f","colorDark":"#0a5121","angle":64,"snapDist":2,"label":1}},{"type":"Feature","geometry":{"type":"Point","coordinates":[30.473689,50.392304]},"properties":{"name":"ТРЕД № 1","lines":"12","arr":["Тб12"],"terminus":0,"mode":"bus","color":"#149a3f","colorDark":"#0a5121","angle":169.5,"snapDist":6,"label":1}},{"type":"Feature","geometry":{"type":"Point","coordinates":[30.488228,50.393308]},"properties":{"name":"ст.м. Васильківська","lines":"12","arr":["Тб12"],"terminus":1,"mode":"bus","color":"#149a3f","colorDark":"#0a5121","angle":345.3,"snapDist":1,"label":1}},{"type":"Feature","geometry":{"type":"Point","coordinates":[30.487341,50.393162]},"properties":{"name":"ст.м. Васильківська","lines":"12","arr":["Тб12"],"terminus":1,"mode":"bus","color":"#149a3f","colorDark":"#0a5121","angle":346.1,"snapDist":1,"label":0}},{"type":"Feature","geometry":{"type":"Point","coordinates":[30.473208,50.392252]},"properties":{"name":"ТРЕД № 1","lines":"12","arr":["Тб12"],"terminus":0,"mode":"bus","color":"#149a3f","colorDark":"#0a5121","angle":350.8,"snapDist":1,"label":0}},{"type":"Feature","geometry":{"type":"Point","coordinates":[30.452132,50.382642]},"properties":{"name":"вул. Гуменної","lines":"12","arr":["Тб12"],"terminus":0,"mode":"bus","color":"#149a3f","colorDark":"#0a5121","angle":235.4,"snapDist":0,"label":0}},{"type":"Feature","geometry":{"type":"Point","coordinates":[30.478803,50.381631]},"properties":{"name":"ст.м. Виставковий центр","lines":"12","arr":["Тб12"],"terminus":0,"mode":"bus","color":"#149a3f","colorDark":"#0a5121","angle":149.9,"snapDist":6,"label":0}},{"type":"Feature","geometry":{"type":"Point","coordinates":[30.510916,50.398284]},"properties":{"name":"м. Голосіївська","lines":"12","arr":["Тб12"],"terminus":0,"mode":"bus","color":"#149a3f","colorDark":"#0a5121","angle":127.2,"snapDist":0,"label":1}},{"type":"Feature","geometry":{"type":"Point","coordinates":[30.524997,50.413882]},"properties":{"name":"ст.м. Либідська","lines":"12","arr":["Тб12"],"terminus":0,"mode":"bus","color":"#149a3f","colorDark":"#0a5121","angle":68.8,"snapDist":2,"label":0}},{"type":"Feature","geometry":{"type":"Point","coordinates":[30.516622,50.43394]},"properties":{"name":"НСК Олімпійський","lines":"12","arr":["Тб12"],"terminus":0,"mode":"bus","color":"#149a3f","colorDark":"#0a5121","angle":180.2,"snapDist":2,"label":1}},{"type":"Feature","geometry":{"type":"Point","coordinates":[30.49016,50.441268]},"properties":{"name":"Залізн вокзал","lines":"12","arr":["Тб12"],"terminus":1,"mode":"bus","color":"#149a3f","colorDark":"#0a5121","angle":283.5,"snapDist":11,"label":0}},{"type":"Feature","geometry":{"type":"Point","coordinates":[30.490572,50.44057]},"properties":{"name":"Залізн вокзал","lines":"14","arr":["Тб14"],"terminus":1,"mode":"bus","color":"#149a3f","colorDark":"#0a5121","angle":158.9,"snapDist":7,"label":0}},{"type":"Feature","geometry":{"type":"Point","coordinates":[30.498143,50.439967]},"properties":{"name":"вул. Скоропадського","lines":"14","arr":["Тб14"],"terminus":0,"mode":"bus","color":"#149a3f","colorDark":"#0a5121","angle":231.3,"snapDist":13,"label":0}},{"type":"Feature","geometry":{"type":"Point","coordinates":[30.519862,50.438896]},"properties":{"name":"вул. Ш Руставелі","lines":"14","arr":["Тб14"],"terminus":0,"mode":"bus","color":"#149a3f","colorDark":"#0a5121","angle":144.2,"snapDist":4,"label":1}},{"type":"Feature","geometry":{"type":"Point","coordinates":[30.535563,50.430181]},"properties":{"name":"Військовий шпиталь","lines":"14","arr":["Тб14"],"terminus":0,"mode":"bus","color":"#149a3f","colorDark":"#0a5121","angle":231.6,"snapDist":10,"label":1}},{"type":"Feature","geometry":{"type":"Point","coordinates":[30.556271,50.415743]},"properties":{"name":"Ботанічний сад","lines":"14","arr":["Тб14"],"terminus":1,"mode":"bus","color":"#149a3f","colorDark":"#0a5121","angle":228.3,"snapDist":6,"label":0}},{"type":"Feature","geometry":{"type":"Point","coordinates":[30.556514,50.415565]},"properties":{"name":"Ботанічний сад","lines":"14","arr":["Тб14"],"terminus":1,"mode":"bus","color":"#149a3f","colorDark":"#0a5121","angle":54.2,"snapDist":7,"label":0}},{"type":"Feature","geometry":{"type":"Point","coordinates":[30.547047,50.420537]},"properties":{"name":"Печерський міст","lines":"14","arr":["Тб14"],"terminus":0,"mode":"bus","color":"#149a3f","colorDark":"#0a5121","angle":-126.9,"snapDist":13,"label":1}},{"type":"Feature","geometry":{"type":"Point","coordinates":[30.521019,50.438352]},"properties":{"name":"ст.м. Палац спорту","lines":"14","arr":["Тб14"],"terminus":0,"mode":"bus","color":"#149a3f","colorDark":"#0a5121","angle":312.4,"snapDist":7,"label":0}},{"type":"Feature","geometry":{"type":"Point","coordinates":[30.502398,50.439166]},"properties":{"name":"вул.Паньківська","lines":"14","arr":["Тб14"],"terminus":0,"mode":"bus","color":"#149a3f","colorDark":"#0a5121","angle":-129.6,"snapDist":8,"label":0}},{"type":"Feature","geometry":{"type":"Point","coordinates":[30.490217,50.440916]},"properties":{"name":"Залізн вокзал","lines":"14","arr":["Тб14"],"terminus":1,"mode":"bus","color":"#149a3f","colorDark":"#0a5121","angle":228.2,"snapDist":9,"label":0}},{"type":"Feature","geometry":{"type":"Point","coordinates":[30.521377,50.438526]},"properties":{"name":"ст.м. Палац спорту","lines":"15","arr":["Тб15"],"terminus":1,"mode":"bus","color":"#149a3f","colorDark":"#0a5121","angle":323.7,"snapDist":1,"label":0}},{"type":"Feature","geometry":{"type":"Point","coordinates":[30.538915,50.427488]},"properties":{"name":"пл. Л.Украінки","lines":"15","arr":["Тб15"],"terminus":0,"mode":"bus","color":"#149a3f","colorDark":"#0a5121","angle":232.2,"snapDist":3,"label":1}},{"type":"Feature","geometry":{"type":"Point","coordinates":[30.551895,50.404068]},"properties":{"name":"Залізничне шосе","lines":"15","arr":["Тб15"],"terminus":0,"mode":"bus","color":"#149a3f","colorDark":"#0a5121","angle":221.2,"snapDist":5,"label":1}},{"type":"Feature","geometry":{"type":"Point","coordinates":[30.552097,50.403745]},"properties":{"name":"Залізничне шосе 2","lines":"15","arr":["Тб15"],"terminus":0,"mode":"bus","color":"#149a3f","colorDark":"#0a5121","angle":18.5,"snapDist":11,"label":1}},{"type":"Feature","geometry":{"type":"Point","coordinates":[30.557923,50.402762]},"properties":{"name":"ст.м. Видубичі","lines":"15","arr":["Тб15"],"terminus":1,"mode":"bus","color":"#149a3f","colorDark":"#0a5121","angle":121.3,"snapDist":0,"label":1}},{"type":"Feature","geometry":{"type":"Point","coordinates":[30.5543,50.403061]},"properties":{"name":"ст.м. Видубичі","lines":"15","arr":["Тб15"],"terminus":1,"mode":"bus","color":"#149a3f","colorDark":"#0a5121","angle":22.9,"snapDist":15,"label":1}},{"type":"Feature","geometry":{"type":"Point","coordinates":[30.547208,50.420401]},"properties":{"name":"Печерський міст","lines":"15","arr":["Тб15"],"terminus":0,"mode":"bus","color":"#149a3f","colorDark":"#0a5121","angle":53.1,"snapDist":2,"label":0}},{"type":"Feature","geometry":{"type":"Point","coordinates":[30.538144,50.428427]},"properties":{"name":"пл. Л.Украінки","lines":"15","arr":["Тб15"],"terminus":0,"mode":"bus","color":"#149a3f","colorDark":"#0a5121","angle":52.5,"snapDist":5,"label":0}},{"type":"Feature","geometry":{"type":"Point","coordinates":[30.521636,50.438647]},"properties":{"name":"ст.м. Палац спорту","lines":"15","arr":["Тб15"],"terminus":1,"mode":"bus","color":"#149a3f","colorDark":"#0a5121","angle":323.5,"snapDist":0,"label":0}},{"type":"Feature","geometry":{"type":"Point","coordinates":[30.522003,50.45145]},"properties":{"name":"м-н Незалежності","lines":"16","arr":["Тб16"],"terminus":1,"mode":"bus","color":"#149a3f","colorDark":"#0a5121","angle":-102.8,"snapDist":10,"label":0}},{"type":"Feature","geometry":{"type":"Point","coordinates":[30.482569,50.462417]},"properties":{"name":"ст.м. Лук’янівська","lines":"16","arr":["Тб16"],"terminus":0,"mode":"bus","color":"#149a3f","colorDark":"#0a5121","angle":56.3,"snapDist":4,"label":0}},{"type":"Feature","geometry":{"type":"Point","coordinates":[30.446848,50.473505]},"properties":{"name":"ст.м. Дорогожичі (16)","lines":"16","arr":["Тб16"],"terminus":0,"mode":"bus","color":"#149a3f","colorDark":"#0a5121","angle":13,"snapDist":1,"label":1}},{"type":"Feature","geometry":{"type":"Point","coordinates":[30.395727,50.484856]},"properties":{"name":"вул. Мрії","lines":"16","arr":["Тб16"],"terminus":1,"mode":"bus","color":"#149a3f","colorDark":"#0a5121","angle":269.3,"snapDist":44,"label":1}},{"type":"Feature","geometry":{"type":"Point","coordinates":[30.395758,50.483162]},"properties":{"name":"вул. Мрії","lines":"16","arr":["Тб16"],"terminus":1,"mode":"bus","color":"#149a3f","colorDark":"#0a5121","angle":269.3,"snapDist":2,"label":0}},{"type":"Feature","geometry":{"type":"Point","coordinates":[30.448646,50.473255]},"properties":{"name":"ст.м. Дорогожичі (16)","lines":"16","arr":["Тб16"],"terminus":0,"mode":"bus","color":"#149a3f","colorDark":"#0a5121","angle":193.2,"snapDist":10,"label":0}},{"type":"Feature","geometry":{"type":"Point","coordinates":[30.482496,50.462485]},"properties":{"name":"ст.м. Лук’янівська","lines":"16","arr":["Тб16"],"terminus":0,"mode":"bus","color":"#149a3f","colorDark":"#0a5121","angle":234.6,"snapDist":6,"label":0}},{"type":"Feature","geometry":{"type":"Point","coordinates":[30.521314,50.451418]},"properties":{"name":"м-н Незалежності","lines":"16","arr":["Тб16"],"terminus":1,"mode":"bus","color":"#149a3f","colorDark":"#0a5121","angle":201.2,"snapDist":6,"label":0}},{"type":"Feature","geometry":{"type":"Point","coordinates":[30.515727,50.439558]},"properties":{"name":"ст.м. Пл. Укр. Героїв","lines":"17","arr":["Тб17"],"terminus":1,"mode":"bus","color":"#149a3f","colorDark":"#0a5121","angle":14.1,"snapDist":2,"label":0}},{"type":"Feature","geometry":{"type":"Point","coordinates":[30.484877,50.448232]},"properties":{"name":"Повітрофл ш/пр","lines":"17","arr":["Тб17"],"terminus":0,"mode":"bus","color":"#149a3f","colorDark":"#0a5121","angle":14.6,"snapDist":1,"label":0}},{"type":"Feature","geometry":{"type":"Point","coordinates":[30.471815,50.434368]},"properties":{"name":"вул. Воробйова","lines":"17","arr":["Тб17"],"terminus":0,"mode":"bus","color":"#149a3f","colorDark":"#0a5121","angle":302.1,"snapDist":8,"label":0}},{"type":"Feature","geometry":{"type":"Point","coordinates":[30.456698,50.431206]},"properties":{"name":"пл. Космонавтів","lines":"17","arr":["Тб17"],"terminus":1,"mode":"bus","color":"#149a3f","colorDark":"#0a5121","angle":21.5,"snapDist":5,"label":1}},{"type":"Feature","geometry":{"type":"Point","coordinates":[30.455029,50.4321]},"properties":{"name":"пл. Космонавтів","lines":"17","arr":["Тб17"],"terminus":1,"mode":"bus","color":"#149a3f","colorDark":"#0a5121","angle":-106,"snapDist":11,"label":0}},{"type":"Feature","geometry":{"type":"Point","coordinates":[30.475648,50.437839]},"properties":{"name":"вул. Чапека","lines":"17","arr":["Тб17"],"terminus":0,"mode":"bus","color":"#149a3f","colorDark":"#0a5121","angle":137.2,"snapDist":5,"label":0}},{"type":"Feature","geometry":{"type":"Point","coordinates":[30.506268,50.444497]},"properties":{"name":"ст.м. Університет","lines":"17","arr":["Тб17"],"terminus":0,"mode":"bus","color":"#149a3f","colorDark":"#0a5121","angle":194.1,"snapDist":12,"label":0}},{"type":"Feature","geometry":{"type":"Point","coordinates":[30.516871,50.439436]},"properties":{"name":"ст.м. Пл. Укр. Героїв","lines":"17","arr":["Тб17"],"terminus":1,"mode":"bus","color":"#149a3f","colorDark":"#0a5121","angle":328.5,"snapDist":6,"label":0}},{"type":"Feature","geometry":{"type":"Point","coordinates":[30.521913,50.451549]},"properties":{"name":"м-н Незалежності","lines":"18","arr":["Тб18"],"terminus":1,"mode":"bus","color":"#149a3f","colorDark":"#0a5121","angle":57.2,"snapDist":5,"label":0}},{"type":"Feature","geometry":{"type":"Point","coordinates":[30.482179,50.462765]},"properties":{"name":"ст.м. Лук’янівська","lines":"18","arr":["Тб18"],"terminus":0,"mode":"bus","color":"#149a3f","colorDark":"#0a5121","angle":51.7,"snapDist":2,"label":0}},{"type":"Feature","geometry":{"type":"Point","coordinates":[30.470251,50.487459]},"properties":{"name":"Куренівський парк","lines":"18","arr":["Тб18"],"terminus":0,"mode":"bus","color":"#149a3f","colorDark":"#0a5121","angle":43.4,"snapDist":8,"label":0}},{"type":"Feature","geometry":{"type":"Point","coordinates":[30.449422,50.5201]},"properties":{"name":"пл. Шевченка","lines":"18","arr":["Тб18"],"terminus":0,"mode":"bus","color":"#149a3f","colorDark":"#0a5121","angle":85.5,"snapDist":0,"label":0}},{"type":"Feature","geometry":{"type":"Point","coordinates":[30.44724,50.521329]},"properties":{"name":"вул. Сошенка","lines":"18","arr":["Тб18"],"terminus":1,"mode":"bus","color":"#149a3f","colorDark":"#0a5121","angle":36.6,"snapDist":1,"label":1}},{"type":"Feature","geometry":{"type":"Point","coordinates":[30.447672,50.521128]},"properties":{"name":"вул. Сошенка","lines":"18","arr":["Тб18"],"terminus":1,"mode":"bus","color":"#149a3f","colorDark":"#0a5121","angle":215.6,"snapDist":25,"label":1}},{"type":"Feature","geometry":{"type":"Point","coordinates":[30.470229,50.487472]},"properties":{"name":"Куренівський парк","lines":"18","arr":["Тб18"],"terminus":0,"mode":"bus","color":"#149a3f","colorDark":"#0a5121","angle":223.4,"snapDist":6,"label":0}},{"type":"Feature","geometry":{"type":"Point","coordinates":[30.482297,50.462663]},"properties":{"name":"ст.м. Лук’янівська","lines":"18","arr":["Тб18"],"terminus":0,"mode":"bus","color":"#149a3f","colorDark":"#0a5121","angle":235.1,"snapDist":15,"label":0}},{"type":"Feature","geometry":{"type":"Point","coordinates":[30.520865,50.451529]},"properties":{"name":"м-н Незалежності","lines":"18","arr":["Тб18"],"terminus":1,"mode":"bus","color":"#149a3f","colorDark":"#0a5121","angle":201.2,"snapDist":6,"label":0}},{"type":"Feature","geometry":{"type":"Point","coordinates":[30.444907,50.479839]},"properties":{"name":"вул. Ольжича","lines":"19","arr":["Тб19"],"terminus":1,"mode":"bus","color":"#149a3f","colorDark":"#0a5121","angle":213.5,"snapDist":2,"label":1}},{"type":"Feature","geometry":{"type":"Point","coordinates":[30.481832,50.462971]},"properties":{"name":"ст.м. Лук’янівська","lines":"19","arr":["Тб19"],"terminus":0,"mode":"bus","color":"#149a3f","colorDark":"#0a5121","angle":216.5,"snapDist":2,"label":0}},{"type":"Feature","geometry":{"type":"Point","coordinates":[30.471317,50.433859]},"properties":{"name":"вул. Воробйова","lines":"19","arr":["Тб19"],"terminus":0,"mode":"bus","color":"#149a3f","colorDark":"#0a5121","angle":301.9,"snapDist":7,"label":0}},{"type":"Feature","geometry":{"type":"Point","coordinates":[30.457303,50.431054]},"properties":{"name":"пл. Космонавтів","lines":"19","arr":["Тб19"],"terminus":1,"mode":"bus","color":"#149a3f","colorDark":"#0a5121","angle":21.5,"snapDist":5,"label":0}},{"type":"Feature","geometry":{"type":"Point","coordinates":[30.454915,50.432352]},"properties":{"name":"пл. Космонавтів","lines":"19","arr":["Тб19"],"terminus":1,"mode":"bus","color":"#149a3f","colorDark":"#0a5121","angle":-106,"snapDist":8,"label":0}},{"type":"Feature","geometry":{"type":"Point","coordinates":[30.47465,50.437041]},"properties":{"name":"вул. Чапека","lines":"19","arr":["Тб19"],"terminus":0,"mode":"bus","color":"#149a3f","colorDark":"#0a5121","angle":122,"snapDist":0,"label":0}},{"type":"Feature","geometry":{"type":"Point","coordinates":[30.48237,50.462597]},"properties":{"name":"ст.м. Лук’янівська","lines":"19","arr":["Тб19"],"terminus":0,"mode":"bus","color":"#149a3f","colorDark":"#0a5121","angle":55.1,"snapDist":8,"label":0}},{"type":"Feature","geometry":{"type":"Point","coordinates":[30.44571,50.480348]},"properties":{"name":"вул. Ольжича","lines":"19","arr":["Тб19"],"terminus":1,"mode":"bus","color":"#149a3f","colorDark":"#0a5121","angle":39,"snapDist":6,"label":0}},{"type":"Feature","geometry":{"type":"Point","coordinates":[30.444995,50.479991]},"properties":{"name":"вул. Ольжича","lines":"22к","arr":["Тб22к"],"terminus":1,"mode":"bus","color":"#149a3f","colorDark":"#0a5121","angle":303,"snapDist":4,"label":0}},{"type":"Feature","geometry":{"type":"Point","coordinates":[30.446798,50.45741]},"properties":{"name":"м. Шуляв (27)","lines":"22к","arr":["Тб22к"],"terminus":0,"mode":"bus","color":"#149a3f","colorDark":"#0a5121","angle":280.6,"snapDist":6,"label":1}},{"type":"Feature","geometry":{"type":"Point","coordinates":[30.442219,50.443472]},"properties":{"name":"вул. Борщагівська","lines":"22к","arr":["Тб22к"],"terminus":0,"mode":"bus","color":"#149a3f","colorDark":"#0a5121","angle":251.3,"snapDist":5,"label":0}},{"type":"Feature","geometry":{"type":"Point","coordinates":[30.455278,50.431317]},"properties":{"name":"пл. Космонавтів","lines":"22к","arr":["Тб22к"],"terminus":0,"mode":"bus","color":"#149a3f","colorDark":"#0a5121","angle":246.4,"snapDist":3,"label":0}},{"type":"Feature","geometry":{"type":"Point","coordinates":[30.464303,50.414501]},"properties":{"name":"Кадетський гай","lines":"22к","arr":["Тб22к"],"terminus":1,"mode":"bus","color":"#149a3f","colorDark":"#0a5121","angle":275,"snapDist":6,"label":1}},{"type":"Feature","geometry":{"type":"Point","coordinates":[30.464416,50.415335]},"properties":{"name":"Кадетський гай","lines":"22к","arr":["Тб22к"],"terminus":1,"mode":"bus","color":"#149a3f","colorDark":"#0a5121","angle":94.9,"snapDist":66,"label":0}},{"type":"Feature","geometry":{"type":"Point","coordinates":[30.455554,50.431173]},"properties":{"name":"пл. Космонавтів","lines":"22к","arr":["Тб22к"],"terminus":0,"mode":"bus","color":"#149a3f","colorDark":"#0a5121","angle":65.7,"snapDist":2,"label":0}},{"type":"Feature","geometry":{"type":"Point","coordinates":[30.442373,50.443701]},"properties":{"name":"вул. Борщагівська","lines":"22к","arr":["Тб22к"],"terminus":0,"mode":"bus","color":"#149a3f","colorDark":"#0a5121","angle":80.9,"snapDist":4,"label":0}},{"type":"Feature","geometry":{"type":"Point","coordinates":[30.446969,50.457388]},"properties":{"name":"м. Шуляв (27)","lines":"22к","arr":["Тб22к"],"terminus":0,"mode":"bus","color":"#149a3f","colorDark":"#0a5121","angle":-78.8,"snapDist":8,"label":0}},{"type":"Feature","geometry":{"type":"Point","coordinates":[30.445261,50.480242]},"properties":{"name":"вул. Ольжича","lines":"22к","arr":["Тб22к"],"terminus":1,"mode":"bus","color":"#149a3f","colorDark":"#0a5121","angle":304.7,"snapDist":3,"label":0}},{"type":"Feature","geometry":{"type":"Point","coordinates":[30.482951,50.449625]},"properties":{"name":"Повітрофл ш/пр","lines":"23Д","arr":["Тб23Д"],"terminus":1,"mode":"bus","color":"#149a3f","colorDark":"#0a5121","angle":-74.4,"snapDist":13,"label":1}},{"type":"Feature","geometry":{"type":"Point","coordinates":[30.481862,50.462957]},"properties":{"name":"ст.м. Лук’янівська","lines":"23Д","arr":["Тб23Д"],"terminus":0,"mode":"bus","color":"#149a3f","colorDark":"#0a5121","angle":-139.5,"snapDist":8,"label":0}},{"type":"Feature","geometry":{"type":"Point","coordinates":[30.432055,50.47706]},"properties":{"name":"ст.м. Сирець","lines":"23Д","arr":["Тб23Д"],"terminus":0,"mode":"bus","color":"#149a3f","colorDark":"#0a5121","angle":349.6,"snapDist":5,"label":1}},{"type":"Feature","geometry":{"type":"Point","coordinates":[30.395435,50.4863]},"properties":{"name":"вул. Мрії","lines":"23Д","arr":["Тб23Д"],"terminus":1,"mode":"bus","color":"#149a3f","colorDark":"#0a5121","angle":246.5,"snapDist":34,"label":0}},{"type":"Feature","geometry":{"type":"Point","coordinates":[30.395746,50.483789]},"properties":{"name":"вул. Мрії","lines":"23Д","arr":["Тб23Д"],"terminus":1,"mode":"bus","color":"#149a3f","colorDark":"#0a5121","angle":269.3,"snapDist":11,"label":0}},{"type":"Feature","geometry":{"type":"Point","coordinates":[30.438569,50.474749]},"properties":{"name":"вул. Щусева (23тр)","lines":"23Д","arr":["Тб23Д"],"terminus":0,"mode":"bus","color":"#149a3f","colorDark":"#0a5121","angle":194.3,"snapDist":4,"label":1}},{"type":"Feature","geometry":{"type":"Point","coordinates":[30.481995,50.462883]},"properties":{"name":"ст.м. Лук’янівська","lines":"23Д","arr":["Тб23Д"],"terminus":0,"mode":"bus","color":"#149a3f","colorDark":"#0a5121","angle":224.9,"snapDist":10,"label":0}},{"type":"Feature","geometry":{"type":"Point","coordinates":[30.482645,50.44926]},"properties":{"name":"Повітрофл ш/пр","lines":"23Д","arr":["Тб23Д"],"terminus":1,"mode":"bus","color":"#149a3f","colorDark":"#0a5121","angle":284.9,"snapDist":8,"label":0}},{"type":"Feature","geometry":{"type":"Point","coordinates":[30.421748,50.514436]},"properties":{"name":"просп. Свободи","lines":"24","arr":["Тб24"],"terminus":1,"mode":"bus","color":"#149a3f","colorDark":"#0a5121","angle":47.7,"snapDist":10,"label":0}},{"type":"Feature","geometry":{"type":"Point","coordinates":[30.451472,50.505582]},"properties":{"name":"вул. Івашкевича (24)","lines":"24","arr":["Тб24"],"terminus":0,"mode":"bus","color":"#149a3f","colorDark":"#0a5121","angle":176.1,"snapDist":6,"label":1}},{"type":"Feature","geometry":{"type":"Point","coordinates":[30.496672,50.512075]},"properties":{"name":"ст.м. Мінська","lines":"24","arr":["Тб24"],"terminus":0,"mode":"bus","color":"#149a3f","colorDark":"#0a5121","angle":181.1,"snapDist":7,"label":0}},{"type":"Feature","geometry":{"type":"Point","coordinates":[30.516534,50.528255]},"properties":{"name":"вул. Північна","lines":"24","arr":["Тб24"],"terminus":1,"mode":"bus","color":"#149a3f","colorDark":"#0a5121","angle":132.5,"snapDist":10,"label":0}},{"type":"Feature","geometry":{"type":"Point","coordinates":[30.516345,50.528076]},"properties":{"name":"вул. Північна","lines":"24","arr":["Тб24"],"terminus":1,"mode":"bus","color":"#149a3f","colorDark":"#0a5121","angle":269.3,"snapDist":0,"label":0}},{"type":"Feature","geometry":{"type":"Point","coordinates":[30.496994,50.512472]},"properties":{"name":"ст.м. Мінська","lines":"24","arr":["Тб24"],"terminus":0,"mode":"bus","color":"#149a3f","colorDark":"#0a5121","angle":-179.5,"snapDist":12,"label":0}},{"type":"Feature","geometry":{"type":"Point","coordinates":[30.449775,50.505933]},"properties":{"name":"вул. Вишгородська (24)","lines":"24","arr":["Тб24"],"terminus":0,"mode":"bus","color":"#149a3f","colorDark":"#0a5121","angle":355.5,"snapDist":4,"label":1}},{"type":"Feature","geometry":{"type":"Point","coordinates":[30.421243,50.515068]},"properties":{"name":"просп. Свободи","lines":"24","arr":["Тб24"],"terminus":1,"mode":"bus","color":"#149a3f","colorDark":"#0a5121","angle":-131.4,"snapDist":10,"label":0}},{"type":"Feature","geometry":{"type":"Point","coordinates":[30.498113,50.486496]},"properties":{"name":"м. Почайна (25)","lines":"25","arr":["Тб25"],"terminus":1,"mode":"bus","color":"#149a3f","colorDark":"#0a5121","angle":91,"snapDist":1,"label":1}},{"type":"Feature","geometry":{"type":"Point","coordinates":[30.47039,50.487377]},"properties":{"name":"Куренівський парк","lines":"25","arr":["Тб25"],"terminus":0,"mode":"bus","color":"#149a3f","colorDark":"#0a5121","angle":42.8,"snapDist":11,"label":0}},{"type":"Feature","geometry":{"type":"Point","coordinates":[30.42137,50.514975]},"properties":{"name":"просп. Свободи","lines":"25","arr":["Тб25"],"terminus":1,"mode":"bus","color":"#149a3f","colorDark":"#0a5121","angle":-131.1,"snapDist":9,"label":0}},{"type":"Feature","geometry":{"type":"Point","coordinates":[30.421625,50.514789]},"properties":{"name":"просп. Свободи","lines":"25","arr":["Тб25"],"terminus":1,"mode":"bus","color":"#149a3f","colorDark":"#0a5121","angle":228.9,"snapDist":10,"label":0}},{"type":"Feature","geometry":{"type":"Point","coordinates":[30.470281,50.487441]},"properties":{"name":"Куренівський парк","lines":"25","arr":["Тб25"],"terminus":0,"mode":"bus","color":"#149a3f","colorDark":"#0a5121","angle":222.8,"snapDist":1,"label":0}},{"type":"Feature","geometry":{"type":"Point","coordinates":[30.497657,50.487339]},"properties":{"name":"м. Почайна (25)","lines":"25","arr":["Тб25"],"terminus":1,"mode":"bus","color":"#149a3f","colorDark":"#0a5121","angle":269.4,"snapDist":3,"label":0}},{"type":"Feature","geometry":{"type":"Point","coordinates":[30.405891,50.459608]},"properties":{"name":"ст.м. Нивки","lines":"26","arr":["Тб26"],"terminus":1,"mode":"bus","color":"#149a3f","colorDark":"#0a5121","angle":85,"snapDist":3,"label":1}},{"type":"Feature","geometry":{"type":"Point","coordinates":[30.405827,50.482494]},"properties":{"name":"пл. В.Марченка","lines":"26","arr":["Тб26"],"terminus":0,"mode":"bus","color":"#149a3f","colorDark":"#0a5121","angle":90,"snapDist":2,"label":0}},{"type":"Feature","geometry":{"type":"Point","coordinates":[30.42153,50.514858]},"properties":{"name":"просп. Свободи","lines":"26","arr":["Тб26"],"terminus":1,"mode":"bus","color":"#149a3f","colorDark":"#0a5121","angle":48.9,"snapDist":3,"label":0}},{"type":"Feature","geometry":{"type":"Point","coordinates":[30.421468,50.514632]},"properties":{"name":"просп. Свободи","lines":"26","arr":["Тб26"],"terminus":1,"mode":"bus","color":"#149a3f","colorDark":"#0a5121","angle":47.7,"snapDist":10,"label":0}},{"type":"Feature","geometry":{"type":"Point","coordinates":[30.419384,50.50521]},"properties":{"name":"Варш мкр","lines":"26","arr":["Тб26"],"terminus":0,"mode":"bus","color":"#149a3f","colorDark":"#0a5121","angle":16.6,"snapDist":1,"label":1}},{"type":"Feature","geometry":{"type":"Point","coordinates":[30.405824,50.480545]},"properties":{"name":"вул. Стеценка","lines":"26","arr":["Тб26"],"terminus":0,"mode":"bus","color":"#149a3f","colorDark":"#0a5121","angle":269.9,"snapDist":9,"label":0}},{"type":"Feature","geometry":{"type":"Point","coordinates":[30.405499,50.459127]},"properties":{"name":"ст.м. Нивки","lines":"26","arr":["Тб26"],"terminus":1,"mode":"bus","color":"#149a3f","colorDark":"#0a5121","angle":304,"snapDist":10,"label":0}},{"type":"Feature","geometry":{"type":"Point","coordinates":[30.428539,50.413045]},"properties":{"name":"ст. Київ-Волинський","lines":"27","arr":["Тб27"],"terminus":1,"mode":"bus","color":"#149a3f","colorDark":"#0a5121","angle":48.4,"snapDist":1,"label":1}},{"type":"Feature","geometry":{"type":"Point","coordinates":[30.424021,50.41623]},"properties":{"name":"ДБК-3","lines":"27","arr":["Тб27"],"terminus":0,"mode":"bus","color":"#149a3f","colorDark":"#0a5121","angle":100.5,"snapDist":3,"label":1}},{"type":"Feature","geometry":{"type":"Point","coordinates":[30.442243,50.44432]},"properties":{"name":"вул. Борщагівська","lines":"27","arr":["Тб27"],"terminus":0,"mode":"bus","color":"#149a3f","colorDark":"#0a5121","angle":85.8,"snapDist":1,"label":0}},{"type":"Feature","geometry":{"type":"Point","coordinates":[30.44723,50.461439]},"properties":{"name":"вул. Дегтярівська","lines":"27","arr":["Тб27"],"terminus":0,"mode":"bus","color":"#149a3f","colorDark":"#0a5121","angle":88.5,"snapDist":7,"label":1}},{"type":"Feature","geometry":{"type":"Point","coordinates":[30.471119,50.484601]},"properties":{"name":"Кирилівська церква","lines":"27","arr":["Тб27"],"terminus":0,"mode":"bus","color":"#149a3f","colorDark":"#0a5121","angle":143.9,"snapDist":11,"label":1}},{"type":"Feature","geometry":{"type":"Point","coordinates":[30.497661,50.487111]},"properties":{"name":"ст. м. Почайна","lines":"27","arr":["Тб27"],"terminus":1,"mode":"bus","color":"#149a3f","colorDark":"#0a5121","angle":269.4,"snapDist":11,"label":1}},{"type":"Feature","geometry":{"type":"Point","coordinates":[30.498221,50.486679]},"properties":{"name":"ст. м. Почайна","lines":"27","arr":["Тб27"],"terminus":1,"mode":"bus","color":"#149a3f","colorDark":"#0a5121","angle":-179.9,"snapDist":7,"label":0}},{"type":"Feature","geometry":{"type":"Point","coordinates":[30.471778,50.485538]},"properties":{"name":"Кирилівська церква","lines":"27","arr":["Тб27"],"terminus":0,"mode":"bus","color":"#149a3f","colorDark":"#0a5121","angle":300.4,"snapDist":0,"label":0}},{"type":"Feature","geometry":{"type":"Point","coordinates":[30.447066,50.462162]},"properties":{"name":"вул. Дегтярівська","lines":"27","arr":["Тб27"],"terminus":0,"mode":"bus","color":"#149a3f","colorDark":"#0a5121","angle":269.1,"snapDist":3,"label":0}},{"type":"Feature","geometry":{"type":"Point","coordinates":[30.442285,50.443348]},"properties":{"name":"вул. Борщагівська","lines":"27","arr":["Тб27"],"terminus":0,"mode":"bus","color":"#149a3f","colorDark":"#0a5121","angle":251.3,"snapDist":4,"label":0}},{"type":"Feature","geometry":{"type":"Point","coordinates":[30.423964,50.416016]},"properties":{"name":"ДБК-3","lines":"27","arr":["Тб27"],"terminus":0,"mode":"bus","color":"#149a3f","colorDark":"#0a5121","angle":279.6,"snapDist":10,"label":0}},{"type":"Feature","geometry":{"type":"Point","coordinates":[30.428485,50.413072]},"properties":{"name":"ст. Київ-Волинський","lines":"27","arr":["Тб27"],"terminus":1,"mode":"bus","color":"#149a3f","colorDark":"#0a5121","angle":204,"snapDist":6,"label":0}},{"type":"Feature","geometry":{"type":"Point","coordinates":[30.483439,50.450739]},"properties":{"name":"Повітрофл ш/пр","lines":"28Д","arr":["Тб28Д"],"terminus":1,"mode":"bus","color":"#149a3f","colorDark":"#0a5121","angle":104.9,"snapDist":3,"label":1}},{"type":"Feature","geometry":{"type":"Point","coordinates":[30.482091,50.462822]},"properties":{"name":"ст.м. Лук’янівська","lines":"28Д","arr":["Тб28Д"],"terminus":0,"mode":"bus","color":"#149a3f","colorDark":"#0a5121","angle":44.9,"snapDist":8,"label":0}},{"type":"Feature","geometry":{"type":"Point","coordinates":[30.46548,50.49034]},"properties":{"name":"Куренівський парк","lines":"28Д","arr":["Тб28Д"],"terminus":0,"mode":"bus","color":"#149a3f","colorDark":"#0a5121","angle":44,"snapDist":9,"label":1}},{"type":"Feature","geometry":{"type":"Point","coordinates":[30.421346,50.514718]},"properties":{"name":"просп. Свободи","lines":"28Д","arr":["Тб28Д"],"terminus":1,"mode":"bus","color":"#149a3f","colorDark":"#0a5121","angle":47.7,"snapDist":14,"label":0}},{"type":"Feature","geometry":{"type":"Point","coordinates":[30.421655,50.514767]},"properties":{"name":"просп. Свободи","lines":"28Д","arr":["Тб28Д"],"terminus":1,"mode":"bus","color":"#149a3f","colorDark":"#0a5121","angle":228.9,"snapDist":8,"label":0}},{"type":"Feature","geometry":{"type":"Point","coordinates":[30.470164,50.487511]},"properties":{"name":"Куренівський парк","lines":"28Д","arr":["Тб28Д"],"terminus":0,"mode":"bus","color":"#149a3f","colorDark":"#0a5121","angle":223.4,"snapDist":19,"label":0}},{"type":"Feature","geometry":{"type":"Point","coordinates":[30.482981,50.462024]},"properties":{"name":"ст.м. Лук’янівська","lines":"28Д","arr":["Тб28Д"],"terminus":0,"mode":"bus","color":"#149a3f","colorDark":"#0a5121","angle":236.3,"snapDist":7,"label":0}},{"type":"Feature","geometry":{"type":"Point","coordinates":[30.483197,50.450183]},"properties":{"name":"Повітрофл ш/пр","lines":"28Д","arr":["Тб28Д"],"terminus":1,"mode":"bus","color":"#149a3f","colorDark":"#0a5121","angle":285.7,"snapDist":3,"label":0}},{"type":"Feature","geometry":{"type":"Point","coordinates":[30.484854,50.488734]},"properties":{"name":"ст. Куренівка","lines":"29","arr":["Тб29"],"terminus":1,"mode":"bus","color":"#149a3f","colorDark":"#0a5121","angle":163.9,"snapDist":6,"label":1}},{"type":"Feature","geometry":{"type":"Point","coordinates":[30.501656,50.489004]},"properties":{"name":"м. Почайна (30)","lines":"29","arr":["Тб29"],"terminus":0,"mode":"bus","color":"#149a3f","colorDark":"#0a5121","angle":183.8,"snapDist":9,"label":1}},{"type":"Feature","geometry":{"type":"Point","coordinates":[30.581177,50.495383]},"properties":{"name":"Райдужний","lines":"29","arr":["Тб29"],"terminus":0,"mode":"bus","color":"#149a3f","colorDark":"#0a5121","angle":182,"snapDist":5,"label":1}},{"type":"Feature","geometry":{"type":"Point","coordinates":[30.595041,50.478928]},"properties":{"name":"вул. Чорн. Зап.","lines":"29","arr":["Тб29"],"terminus":0,"mode":"bus","color":"#149a3f","colorDark":"#0a5121","angle":258.4,"snapDist":8,"label":1}},{"type":"Feature","geometry":{"type":"Point","coordinates":[30.625652,50.444272]},"properties":{"name":"Дарницька пл","lines":"29","arr":["Тб29"],"terminus":1,"mode":"bus","color":"#149a3f","colorDark":"#0a5121","angle":23.8,"snapDist":20,"label":1}},{"type":"Feature","geometry":{"type":"Point","coordinates":[30.626007,50.444172]},"properties":{"name":"Дарницька пл","lines":"29","arr":["Тб29"],"terminus":1,"mode":"bus","color":"#149a3f","colorDark":"#0a5121","angle":24.3,"snapDist":1,"label":0}},{"type":"Feature","geometry":{"type":"Point","coordinates":[30.624806,50.442568]},"properties":{"name":"Дарницький універмаг","lines":"29","arr":["Тб29"],"terminus":0,"mode":"bus","color":"#149a3f","colorDark":"#0a5121","angle":24.9,"snapDist":17,"label":1}},{"type":"Feature","geometry":{"type":"Point","coordinates":[30.595461,50.478227]},"properties":{"name":"вул. Чорн. Зап.","lines":"29","arr":["Тб29"],"terminus":0,"mode":"bus","color":"#149a3f","colorDark":"#0a5121","angle":77.6,"snapDist":1,"label":0}},{"type":"Feature","geometry":{"type":"Point","coordinates":[30.581247,50.495508]},"properties":{"name":"Райдужний","lines":"29","arr":["Тб29"],"terminus":0,"mode":"bus","color":"#149a3f","colorDark":"#0a5121","angle":0.7,"snapDist":1,"label":0}},{"type":"Feature","geometry":{"type":"Point","coordinates":[30.484675,50.488954]},"properties":{"name":"ст. Куренівка","lines":"29","arr":["Тб29"],"terminus":1,"mode":"bus","color":"#149a3f","colorDark":"#0a5121","angle":348.8,"snapDist":2,"label":0}},{"type":"Feature","geometry":{"type":"Point","coordinates":[30.620078,50.527497]},"properties":{"name":"вул. Милославська. (30)","lines":"30","arr":["Тб30"],"terminus":1,"mode":"bus","color":"#149a3f","colorDark":"#0a5121","angle":275,"snapDist":7,"label":1}},{"type":"Feature","geometry":{"type":"Point","coordinates":[30.612817,50.511673]},"properties":{"name":"вул. С.Лифаря 1","lines":"30","arr":["Тб30"],"terminus":0,"mode":"bus","color":"#149a3f","colorDark":"#0a5121","angle":305.3,"snapDist":1,"label":1}},{"type":"Feature","geometry":{"type":"Point","coordinates":[30.579892,50.495519]},"properties":{"name":"Райдужний","lines":"30","arr":["Тб30"],"terminus":0,"mode":"bus","color":"#149a3f","colorDark":"#0a5121","angle":0.7,"snapDist":4,"label":0}},{"type":"Feature","geometry":{"type":"Point","coordinates":[30.468894,50.483576]},"properties":{"name":"Кирилівська церква","lines":"30","arr":["Тб30"],"terminus":0,"mode":"bus","color":"#149a3f","colorDark":"#0a5121","angle":335.2,"snapDist":5,"label":0}},{"type":"Feature","geometry":{"type":"Point","coordinates":[30.446697,50.457067]},"properties":{"name":"м. Шуляв (27)","lines":"30","arr":["Тб30"],"terminus":0,"mode":"bus","color":"#149a3f","colorDark":"#0a5121","angle":281.5,"snapDist":1,"label":0}},{"type":"Feature","geometry":{"type":"Point","coordinates":[30.442957,50.442224]},"properties":{"name":"вул. Борщагівська","lines":"30","arr":["Тб30"],"terminus":0,"mode":"bus","color":"#149a3f","colorDark":"#0a5121","angle":248.5,"snapDist":12,"label":0}},{"type":"Feature","geometry":{"type":"Point","coordinates":[30.455555,50.430929]},"properties":{"name":"пл. Космонавтів","lines":"30","arr":["Тб30"],"terminus":0,"mode":"bus","color":"#149a3f","colorDark":"#0a5121","angle":244.4,"snapDist":2,"label":0}},{"type":"Feature","geometry":{"type":"Point","coordinates":[30.46422,50.413949]},"properties":{"name":"Кадетський гай","lines":"30","arr":["Тб30"],"terminus":1,"mode":"bus","color":"#149a3f","colorDark":"#0a5121","angle":275.8,"snapDist":8,"label":0}},{"type":"Feature","geometry":{"type":"Point","coordinates":[30.464191,50.413768]},"properties":{"name":"Кадетський гай","lines":"30","arr":["Тб30"],"terminus":1,"mode":"bus","color":"#149a3f","colorDark":"#0a5121","angle":95.8,"snapDist":10,"label":0}},{"type":"Feature","geometry":{"type":"Point","coordinates":[30.442789,50.442853]},"properties":{"name":"вул. Борщагівська","lines":"30","arr":["Тб30"],"terminus":0,"mode":"bus","color":"#149a3f","colorDark":"#0a5121","angle":69.8,"snapDist":5,"label":0}},{"type":"Feature","geometry":{"type":"Point","coordinates":[30.446889,50.45713]},"properties":{"name":"м. Шуляв (27)","lines":"30","arr":["Тб30"],"terminus":0,"mode":"bus","color":"#149a3f","colorDark":"#0a5121","angle":101.5,"snapDist":2,"label":0}},{"type":"Feature","geometry":{"type":"Point","coordinates":[30.469259,50.483563]},"properties":{"name":"Кирилівська церква","lines":"30","arr":["Тб30"],"terminus":0,"mode":"bus","color":"#149a3f","colorDark":"#0a5121","angle":153.5,"snapDist":5,"label":0}},{"type":"Feature","geometry":{"type":"Point","coordinates":[30.501355,50.489017]},"properties":{"name":"м. Почайна (30)","lines":"30","arr":["Тб30"],"terminus":0,"mode":"bus","color":"#149a3f","colorDark":"#0a5121","angle":183.8,"snapDist":9,"label":0}},{"type":"Feature","geometry":{"type":"Point","coordinates":[30.578724,50.495405]},"properties":{"name":"Райдужний","lines":"30","arr":["Тб30"],"terminus":0,"mode":"bus","color":"#149a3f","colorDark":"#0a5121","angle":180.2,"snapDist":3,"label":0}},{"type":"Feature","geometry":{"type":"Point","coordinates":[30.613653,50.51217]},"properties":{"name":"Поліклініка (Лиф))","lines":"30","arr":["Тб30"],"terminus":0,"mode":"bus","color":"#149a3f","colorDark":"#0a5121","angle":143.1,"snapDist":2,"label":1}},{"type":"Feature","geometry":{"type":"Point","coordinates":[30.620226,50.527438]},"properties":{"name":"вул. Милославська. (30)","lines":"30","arr":["Тб30"],"terminus":1,"mode":"bus","color":"#149a3f","colorDark":"#0a5121","angle":93.9,"snapDist":5,"label":0}},{"type":"Feature","geometry":{"type":"Point","coordinates":[30.483059,50.44987]},"properties":{"name":"Повітрофл ш/пр","lines":"31Д","arr":["Тб31Д"],"terminus":1,"mode":"bus","color":"#149a3f","colorDark":"#0a5121","angle":105.7,"snapDist":2,"label":0}},{"type":"Feature","geometry":{"type":"Point","coordinates":[30.482294,50.462667]},"properties":{"name":"ст.м. Лук’янівська","lines":"31Д","arr":["Тб31Д"],"terminus":0,"mode":"bus","color":"#149a3f","colorDark":"#0a5121","angle":55.1,"snapDist":8,"label":0}},{"type":"Feature","geometry":{"type":"Point","coordinates":[30.470036,50.483891]},"properties":{"name":"Кирилівська церква","lines":"31Д","arr":["Тб31Д"],"terminus":0,"mode":"bus","color":"#149a3f","colorDark":"#0a5121","angle":141.9,"snapDist":5,"label":0}},{"type":"Feature","geometry":{"type":"Point","coordinates":[30.498575,50.489082]},"properties":{"name":"м. Почайна (30)","lines":"31Д","arr":["Тб31Д"],"terminus":0,"mode":"bus","color":"#149a3f","colorDark":"#0a5121","angle":181.1,"snapDist":13,"label":0}},{"type":"Feature","geometry":{"type":"Point","coordinates":[30.585312,50.495248]},"properties":{"name":"Райдужний","lines":"31Д","arr":["Тб31Д"],"terminus":0,"mode":"bus","color":"#149a3f","colorDark":"#0a5121","angle":0.6,"snapDist":11,"label":1}},{"type":"Feature","geometry":{"type":"Point","coordinates":[30.614526,50.512673]},"properties":{"name":"Поліклініка (Лиф))","lines":"31Д","arr":["Тб31Д"],"terminus":0,"mode":"bus","color":"#149a3f","colorDark":"#0a5121","angle":-83,"snapDist":7,"label":0}},{"type":"Feature","geometry":{"type":"Point","coordinates":[30.599182,50.531102]},"properties":{"name":"вул. Милославська (37)","lines":"31Д","arr":["Тб31Д"],"terminus":1,"mode":"bus","color":"#149a3f","colorDark":"#0a5121","angle":63.4,"snapDist":6,"label":1}},{"type":"Feature","geometry":{"type":"Point","coordinates":[30.599274,50.530985]},"properties":{"name":"вул. Милославська (37)","lines":"31Д","arr":["Тб31Д"],"terminus":1,"mode":"bus","color":"#149a3f","colorDark":"#0a5121","angle":243.4,"snapDist":16,"label":0}},{"type":"Feature","geometry":{"type":"Point","coordinates":[30.612436,50.51133]},"properties":{"name":"вул. С.Лифаря","lines":"31Д","arr":["Тб31Д"],"terminus":0,"mode":"bus","color":"#149a3f","colorDark":"#0a5121","angle":305.3,"snapDist":5,"label":1}},{"type":"Feature","geometry":{"type":"Point","coordinates":[30.611953,50.510894]},"properties":{"name":"вул. С.Лифаря 1","lines":"31Д","arr":["Тб31Д"],"terminus":0,"mode":"bus","color":"#149a3f","colorDark":"#0a5121","angle":305.3,"snapDist":7,"label":0}},{"type":"Feature","geometry":{"type":"Point","coordinates":[30.582857,50.495555]},"properties":{"name":"Райдужний","lines":"31Д","arr":["Тб31Д"],"terminus":0,"mode":"bus","color":"#149a3f","colorDark":"#0a5121","angle":353.7,"snapDist":3,"label":0}},{"type":"Feature","geometry":{"type":"Point","coordinates":[30.469768,50.483893]},"properties":{"name":"Кирилівська церква","lines":"31Д","arr":["Тб31Д"],"terminus":0,"mode":"bus","color":"#149a3f","colorDark":"#0a5121","angle":328.2,"snapDist":3,"label":0}},{"type":"Feature","geometry":{"type":"Point","coordinates":[30.479685,50.463967]},"properties":{"name":"ст.м. Лук’янівська","lines":"31Д","arr":["Тб31Д"],"terminus":0,"mode":"bus","color":"#149a3f","colorDark":"#0a5121","angle":215.7,"snapDist":3,"label":1}},{"type":"Feature","geometry":{"type":"Point","coordinates":[30.482595,50.449141]},"properties":{"name":"Повітрофл ш/пр","lines":"31Д","arr":["Тб31Д"],"terminus":1,"mode":"bus","color":"#149a3f","colorDark":"#0a5121","angle":284.9,"snapDist":0,"label":0}},{"type":"Feature","geometry":{"type":"Point","coordinates":[30.446998,50.521443]},"properties":{"name":"вул. Сошенка","lines":"32","arr":["Тб32"],"terminus":1,"mode":"bus","color":"#149a3f","colorDark":"#0a5121","angle":216.6,"snapDist":5,"label":0}},{"type":"Feature","geometry":{"type":"Point","coordinates":[30.497425,50.522671]},"properties":{"name":"Оболонський просп.","lines":"32","arr":["Тб32"],"terminus":0,"mode":"bus","color":"#149a3f","colorDark":"#0a5121","angle":181.3,"snapDist":7,"label":1}},{"type":"Feature","geometry":{"type":"Point","coordinates":[30.516494,50.528215]},"properties":{"name":"вул. Північна","lines":"32","arr":["Тб32"],"terminus":1,"mode":"bus","color":"#149a3f","colorDark":"#0a5121","angle":118.1,"snapDist":10,"label":0}},{"type":"Feature","geometry":{"type":"Point","coordinates":[30.516345,50.528084]},"properties":{"name":"вул. Північна","lines":"32","arr":["Тб32"],"terminus":1,"mode":"bus","color":"#149a3f","colorDark":"#0a5121","angle":269.3,"snapDist":2,"label":0}},{"type":"Feature","geometry":{"type":"Point","coordinates":[30.497065,50.522675]},"properties":{"name":"Оболонський просп.","lines":"32","arr":["Тб32"],"terminus":0,"mode":"bus","color":"#149a3f","colorDark":"#0a5121","angle":0.5,"snapDist":1,"label":0}},{"type":"Feature","geometry":{"type":"Point","coordinates":[30.446062,50.521905]},"properties":{"name":"вул. Сошенка","lines":"32","arr":["Тб32"],"terminus":1,"mode":"bus","color":"#149a3f","colorDark":"#0a5121","angle":38.2,"snapDist":0,"label":0}},{"type":"Feature","geometry":{"type":"Point","coordinates":[30.485668,50.439075]},"properties":{"name":"Південний вокзал","lines":"33","arr":["Тб33"],"terminus":1,"mode":"bus","color":"#149a3f","colorDark":"#0a5121","angle":50.4,"snapDist":46,"label":1}},{"type":"Feature","geometry":{"type":"Point","coordinates":[30.482179,50.462765]},"properties":{"name":"ст.м. Лук’янівська","lines":"33","arr":["Тб33"],"terminus":0,"mode":"bus","color":"#149a3f","colorDark":"#0a5121","angle":51.7,"snapDist":2,"label":0}},{"type":"Feature","geometry":{"type":"Point","coordinates":[30.470251,50.487459]},"properties":{"name":"Куренівський парк","lines":"33","arr":["Тб33"],"terminus":0,"mode":"bus","color":"#149a3f","colorDark":"#0a5121","angle":43.4,"snapDist":8,"label":0}},{"type":"Feature","geometry":{"type":"Point","coordinates":[30.449444,50.519931]},"properties":{"name":"пл. Шевченка","lines":"33","arr":["Тб33"],"terminus":0,"mode":"bus","color":"#149a3f","colorDark":"#0a5121","angle":85.1,"snapDist":2,"label":0}},{"type":"Feature","geometry":{"type":"Point","coordinates":[30.462678,50.524949]},"properties":{"name":"Мінський масив","lines":"33","arr":["Тб33"],"terminus":1,"mode":"bus","color":"#149a3f","colorDark":"#0a5121","angle":-71.5,"snapDist":9,"label":0}},{"type":"Feature","geometry":{"type":"Point","coordinates":[30.462365,50.525353]},"properties":{"name":"Мінський масив","lines":"33","arr":["Тб33"],"terminus":1,"mode":"bus","color":"#149a3f","colorDark":"#0a5121","angle":173.9,"snapDist":7,"label":0}},{"type":"Feature","geometry":{"type":"Point","coordinates":[30.446495,50.521689]},"properties":{"name":"вул. Сошенка (пр)","lines":"33","arr":["Тб33"],"terminus":0,"mode":"bus","color":"#149a3f","colorDark":"#0a5121","angle":37.8,"snapDist":0,"label":0}},{"type":"Feature","geometry":{"type":"Point","coordinates":[30.444689,50.522015]},"properties":{"name":"вул. Сошенка","lines":"33","arr":["Тб33"],"terminus":0,"mode":"bus","color":"#149a3f","colorDark":"#0a5121","angle":193.1,"snapDist":2,"label":0}},{"type":"Feature","geometry":{"type":"Point","coordinates":[30.470217,50.487479]},"properties":{"name":"Куренівський парк","lines":"33","arr":["Тб33"],"terminus":0,"mode":"bus","color":"#149a3f","colorDark":"#0a5121","angle":223.4,"snapDist":3,"label":0}},{"type":"Feature","geometry":{"type":"Point","coordinates":[30.482216,50.462735]},"properties":{"name":"ст.м. Лук’янівська","lines":"33","arr":["Тб33"],"terminus":0,"mode":"bus","color":"#149a3f","colorDark":"#0a5121","angle":231.7,"snapDist":5,"label":0}},{"type":"Feature","geometry":{"type":"Point","coordinates":[30.486173,50.437817]},"properties":{"name":"Південний вокзал","lines":"33","arr":["Тб33"],"terminus":1,"mode":"bus","color":"#149a3f","colorDark":"#0a5121","angle":230.1,"snapDist":0,"label":0}},{"type":"Feature","geometry":{"type":"Point","coordinates":[30.498117,50.487949]},"properties":{"name":"м. Почайна (29)","lines":"34","arr":["Тб34"],"terminus":1,"mode":"bus","color":"#149a3f","colorDark":"#0a5121","angle":89.7,"snapDist":3,"label":1}},{"type":"Feature","geometry":{"type":"Point","coordinates":[30.520466,50.494474]},"properties":{"name":"вул. Приозерна","lines":"34","arr":["Тб34"],"terminus":0,"mode":"bus","color":"#149a3f","colorDark":"#0a5121","angle":57.7,"snapDist":5,"label":1}},{"type":"Feature","geometry":{"type":"Point","coordinates":[30.495371,50.512096]},"properties":{"name":"ст.м. Мінська","lines":"34","arr":["Тб34"],"terminus":0,"mode":"bus","color":"#149a3f","colorDark":"#0a5121","angle":180.7,"snapDist":3,"label":0}},{"type":"Feature","geometry":{"type":"Point","coordinates":[30.516489,50.527485]},"properties":{"name":"вул. Північна","lines":"34","arr":["Тб34"],"terminus":1,"mode":"bus","color":"#149a3f","colorDark":"#0a5121","angle":89.2,"snapDist":4,"label":0}},{"type":"Feature","geometry":{"type":"Point","coordinates":[30.516373,50.527501]},"properties":{"name":"вул. Північна","lines":"34","arr":["Тб34"],"terminus":1,"mode":"bus","color":"#149a3f","colorDark":"#0a5121","angle":268.3,"snapDist":2,"label":0}},{"type":"Feature","geometry":{"type":"Point","coordinates":[30.495735,50.512484]},"properties":{"name":"ст.м. Мінська","lines":"34","arr":["Тб34"],"terminus":0,"mode":"bus","color":"#149a3f","colorDark":"#0a5121","angle":1,"snapDist":2,"label":0}},{"type":"Feature","geometry":{"type":"Point","coordinates":[30.507283,50.4949]},"properties":{"name":"вул. Йорданська","lines":"34","arr":["Тб34"],"terminus":0,"mode":"bus","color":"#149a3f","colorDark":"#0a5121","angle":270.8,"snapDist":4,"label":1}},{"type":"Feature","geometry":{"type":"Point","coordinates":[30.485283,50.488804]},"properties":{"name":"ст. Куренівка","lines":"34","arr":["Тб34"],"terminus":0,"mode":"bus","color":"#149a3f","colorDark":"#0a5121","angle":168.3,"snapDist":1,"label":0}},{"type":"Feature","geometry":{"type":"Point","coordinates":[30.497651,50.487744]},"properties":{"name":"м. Почайна (29)","lines":"34","arr":["Тб34"],"terminus":1,"mode":"bus","color":"#149a3f","colorDark":"#0a5121","angle":269.4,"snapDist":1,"label":0}},{"type":"Feature","geometry":{"type":"Point","coordinates":[30.422203,50.514121]},"properties":{"name":"просп. Свободи","lines":"35","arr":["Тб35"],"terminus":1,"mode":"bus","color":"#149a3f","colorDark":"#0a5121","angle":228.5,"snapDist":44,"label":0}},{"type":"Feature","geometry":{"type":"Point","coordinates":[30.430668,50.476773]},"properties":{"name":"ст.м. Сирець","lines":"35","arr":["Тб35"],"terminus":0,"mode":"bus","color":"#149a3f","colorDark":"#0a5121","angle":167.1,"snapDist":5,"label":0}},{"type":"Feature","geometry":{"type":"Point","coordinates":[30.478178,50.464657]},"properties":{"name":"ст.м. Лук’янівська","lines":"35","arr":["Тб35"],"terminus":0,"mode":"bus","color":"#149a3f","colorDark":"#0a5121","angle":216.6,"snapDist":3,"label":0}},{"type":"Feature","geometry":{"type":"Point","coordinates":[30.470973,50.433507]},"properties":{"name":"вул. Воробйова","lines":"35","arr":["Тб35"],"terminus":0,"mode":"bus","color":"#149a3f","colorDark":"#0a5121","angle":301.9,"snapDist":2,"label":0}},{"type":"Feature","geometry":{"type":"Point","coordinates":[30.464244,50.414101]},"properties":{"name":"Кадетський гай","lines":"35","arr":["Тб35"],"terminus":1,"mode":"bus","color":"#149a3f","colorDark":"#0a5121","angle":275.8,"snapDist":4,"label":0}},{"type":"Feature","geometry":{"type":"Point","coordinates":[30.464217,50.413932]},"properties":{"name":"Кадетський гай","lines":"35","arr":["Тб35"],"terminus":1,"mode":"bus","color":"#149a3f","colorDark":"#0a5121","angle":95.8,"snapDist":4,"label":0}},{"type":"Feature","geometry":{"type":"Point","coordinates":[30.474647,50.437038]},"properties":{"name":"вул. Чапека","lines":"35","arr":["Тб35"],"terminus":0,"mode":"bus","color":"#149a3f","colorDark":"#0a5121","angle":122,"snapDist":2,"label":0}},{"type":"Feature","geometry":{"type":"Point","coordinates":[30.482094,50.46282]},"properties":{"name":"ст.м. Лук’янівська","lines":"35","arr":["Тб35"],"terminus":0,"mode":"bus","color":"#149a3f","colorDark":"#0a5121","angle":44.9,"snapDist":7,"label":0}},{"type":"Feature","geometry":{"type":"Point","coordinates":[30.431122,50.476947]},"properties":{"name":"ст.м. Сирець","lines":"35","arr":["Тб35"],"terminus":0,"mode":"bus","color":"#149a3f","colorDark":"#0a5121","angle":349.5,"snapDist":6,"label":0}},{"type":"Feature","geometry":{"type":"Point","coordinates":[30.421307,50.515021]},"properties":{"name":"просп. Свободи","lines":"35","arr":["Тб35"],"terminus":1,"mode":"bus","color":"#149a3f","colorDark":"#0a5121","angle":48.9,"snapDist":29,"label":0}},{"type":"Feature","geometry":{"type":"Point","coordinates":[30.641844,50.465726]},"properties":{"name":"ст.м. Лісова","lines":"37","arr":["Тб37"],"terminus":1,"mode":"bus","color":"#149a3f","colorDark":"#0a5121","angle":336.4,"snapDist":4,"label":1}},{"type":"Feature","geometry":{"type":"Point","coordinates":[30.618195,50.478385]},"properties":{"name":"вул. Братиславська","lines":"37","arr":["Тб37"],"terminus":0,"mode":"bus","color":"#149a3f","colorDark":"#0a5121","angle":336.5,"snapDist":2,"label":0}},{"type":"Feature","geometry":{"type":"Point","coordinates":[30.614826,50.513417]},"properties":{"name":"Поліклініка (Лиф))","lines":"37","arr":["Тб37"],"terminus":0,"mode":"bus","color":"#149a3f","colorDark":"#0a5121","angle":120.9,"snapDist":1,"label":0}},{"type":"Feature","geometry":{"type":"Point","coordinates":[30.598891,50.531995]},"properties":{"name":"вул. Милославська (37)","lines":"37","arr":["Тб37"],"terminus":1,"mode":"bus","color":"#149a3f","colorDark":"#0a5121","angle":105.6,"snapDist":1,"label":0}},{"type":"Feature","geometry":{"type":"Point","coordinates":[30.598786,50.531437]},"properties":{"name":"вул. Милославська (37)","lines":"37","arr":["Тб37"],"terminus":1,"mode":"bus","color":"#149a3f","colorDark":"#0a5121","angle":225.1,"snapDist":6,"label":0}},{"type":"Feature","geometry":{"type":"Point","coordinates":[30.613421,50.512481]},"properties":{"name":"вул. С.Лифаря","lines":"37","arr":["Тб37"],"terminus":0,"mode":"bus","color":"#149a3f","colorDark":"#0a5121","angle":274,"snapDist":7,"label":0}},{"type":"Feature","geometry":{"type":"Point","coordinates":[30.61839,50.478439]},"properties":{"name":"вул. Братиславська","lines":"37","arr":["Тб37"],"terminus":0,"mode":"bus","color":"#149a3f","colorDark":"#0a5121","angle":156.5,"snapDist":6,"label":0}},{"type":"Feature","geometry":{"type":"Point","coordinates":[30.642621,50.465943]},"properties":{"name":"ст.м. Лісова","lines":"37","arr":["Тб37"],"terminus":1,"mode":"bus","color":"#149a3f","colorDark":"#0a5121","angle":336.4,"snapDist":1,"label":0}},{"type":"Feature","geometry":{"type":"Point","coordinates":[30.555334,50.433179]},"properties":{"name":"Музей історії України","lines":"38","arr":["Тб38"],"terminus":1,"mode":"bus","color":"#149a3f","colorDark":"#0a5121","angle":-137.8,"snapDist":18,"label":1}},{"type":"Feature","geometry":{"type":"Point","coordinates":[30.538915,50.427488]},"properties":{"name":"пл. Л.Украінки","lines":"38","arr":["Тб38"],"terminus":0,"mode":"bus","color":"#149a3f","colorDark":"#0a5121","angle":232.2,"snapDist":3,"label":0}},{"type":"Feature","geometry":{"type":"Point","coordinates":[30.551895,50.404068]},"properties":{"name":"Залізничне шосе","lines":"38","arr":["Тб38"],"terminus":0,"mode":"bus","color":"#149a3f","colorDark":"#0a5121","angle":221.2,"snapDist":5,"label":0}},{"type":"Feature","geometry":{"type":"Point","coordinates":[30.552075,50.403998]},"properties":{"name":"Залізничне шосе 2","lines":"38","arr":["Тб38"],"terminus":0,"mode":"bus","color":"#149a3f","colorDark":"#0a5121","angle":194.9,"snapDist":14,"label":0}},{"type":"Feature","geometry":{"type":"Point","coordinates":[30.557649,50.402728]},"properties":{"name":"ст.м. Видубичі","lines":"38","arr":["Тб38"],"terminus":1,"mode":"bus","color":"#149a3f","colorDark":"#0a5121","angle":181.1,"snapDist":6,"label":0}},{"type":"Feature","geometry":{"type":"Point","coordinates":[30.557703,50.40296]},"properties":{"name":"ст.м. Видубичі","lines":"38","arr":["Тб38"],"terminus":1,"mode":"bus","color":"#149a3f","colorDark":"#0a5121","angle":337.6,"snapDist":5,"label":0}},{"type":"Feature","geometry":{"type":"Point","coordinates":[30.547208,50.420401]},"properties":{"name":"Печерський міст","lines":"38","arr":["Тб38"],"terminus":0,"mode":"bus","color":"#149a3f","colorDark":"#0a5121","angle":53.1,"snapDist":2,"label":0}},{"type":"Feature","geometry":{"type":"Point","coordinates":[30.554917,50.433457]},"properties":{"name":"Музей історії України","lines":"38","arr":["Тб38"],"terminus":1,"mode":"bus","color":"#149a3f","colorDark":"#0a5121","angle":236.9,"snapDist":51,"label":0}},{"type":"Feature","geometry":{"type":"Point","coordinates":[30.365373,50.427026]},"properties":{"name":"просп. Курбаса","lines":"39","arr":["Тб39"],"terminus":1,"mode":"bus","color":"#149a3f","colorDark":"#0a5121","angle":66.7,"snapDist":6,"label":1}},{"type":"Feature","geometry":{"type":"Point","coordinates":[30.357048,50.45636]},"properties":{"name":"просп. Берест","lines":"39","arr":["Тб39"],"terminus":0,"mode":"bus","color":"#149a3f","colorDark":"#0a5121","angle":84.1,"snapDist":4,"label":1}},{"type":"Feature","geometry":{"type":"Point","coordinates":[30.346679,50.45951]},"properties":{"name":"вул. Чорнобильська","lines":"39","arr":["Тб39"],"terminus":1,"mode":"bus","color":"#149a3f","colorDark":"#0a5121","angle":178.7,"snapDist":2,"label":0}},{"type":"Feature","geometry":{"type":"Point","coordinates":[30.347196,50.459764]},"properties":{"name":"вул. Чорнобильська","lines":"39","arr":["Тб39"],"terminus":1,"mode":"bus","color":"#149a3f","colorDark":"#0a5121","angle":359.2,"snapDist":4,"label":0}},{"type":"Feature","geometry":{"type":"Point","coordinates":[30.357029,50.455061]},"properties":{"name":"просп. Берест","lines":"39","arr":["Тб39"],"terminus":0,"mode":"bus","color":"#149a3f","colorDark":"#0a5121","angle":264.8,"snapDist":7,"label":0}},{"type":"Feature","geometry":{"type":"Point","coordinates":[30.366568,50.424835]},"properties":{"name":"просп. Курбаса","lines":"39","arr":["Тб39"],"terminus":1,"mode":"bus","color":"#149a3f","colorDark":"#0a5121","angle":244.3,"snapDist":4,"label":1}},{"type":"Feature","geometry":{"type":"Point","coordinates":[30.520718,50.437637]},"properties":{"name":"ст.м. Палац спорту","lines":"40","arr":["Тб40"],"terminus":1,"mode":"bus","color":"#149a3f","colorDark":"#0a5121","angle":270,"snapDist":15,"label":0}},{"type":"Feature","geometry":{"type":"Point","coordinates":[30.513607,50.434566]},"properties":{"name":"вул. Жилянська 1","lines":"40","arr":["Тб40"],"terminus":0,"mode":"bus","color":"#149a3f","colorDark":"#0a5121","angle":270.2,"snapDist":10,"label":0}},{"type":"Feature","geometry":{"type":"Point","coordinates":[30.472045,50.430962]},"properties":{"name":"Солом’янська пл.","lines":"40","arr":["Тб40"],"terminus":0,"mode":"bus","color":"#149a3f","colorDark":"#0a5121","angle":53.8,"snapDist":4,"label":0}},{"type":"Feature","geometry":{"type":"Point","coordinates":[30.457115,50.421101]},"properties":{"name":"вул. Смілянська 1","lines":"40","arr":["Тб40"],"terminus":0,"mode":"bus","color":"#149a3f","colorDark":"#0a5121","angle":205,"snapDist":7,"label":1}},{"type":"Feature","geometry":{"type":"Point","coordinates":[30.464292,50.41442]},"properties":{"name":"Кадетський гай","lines":"40","arr":["Тб40"],"terminus":1,"mode":"bus","color":"#149a3f","colorDark":"#0a5121","angle":275,"snapDist":6,"label":0}},{"type":"Feature","geometry":{"type":"Point","coordinates":[30.464279,50.414325]},"properties":{"name":"Кадетський гай","lines":"40","arr":["Тб40"],"terminus":1,"mode":"bus","color":"#149a3f","colorDark":"#0a5121","angle":95,"snapDist":1,"label":0}},{"type":"Feature","geometry":{"type":"Point","coordinates":[30.471944,50.43105]},"properties":{"name":"Солом’янська пл.","lines":"40","arr":["Тб40"],"terminus":0,"mode":"bus","color":"#149a3f","colorDark":"#0a5121","angle":238.8,"snapDist":2,"label":0}},{"type":"Feature","geometry":{"type":"Point","coordinates":[30.520856,50.438205]},"properties":{"name":"ст.м. Палац спорту","lines":"40","arr":["Тб40"],"terminus":1,"mode":"bus","color":"#149a3f","colorDark":"#0a5121","angle":299.9,"snapDist":1,"label":0}},{"type":"Feature","geometry":{"type":"Point","coordinates":[30.513608,50.434738]},"properties":{"name":"вул. Жилянська 1","lines":"40к","arr":["Тб40к"],"terminus":1,"mode":"bus","color":"#149a3f","colorDark":"#0a5121","angle":270.3,"snapDist":6,"label":1}},{"type":"Feature","geometry":{"type":"Point","coordinates":[30.472045,50.430962]},"properties":{"name":"Солом’янська пл.","lines":"40к","arr":["Тб40к"],"terminus":0,"mode":"bus","color":"#149a3f","colorDark":"#0a5121","angle":53.8,"snapDist":4,"label":0}},{"type":"Feature","geometry":{"type":"Point","coordinates":[30.456928,50.420497]},"properties":{"name":"вул. Смілянська 1","lines":"40к","arr":["Тб40к"],"terminus":0,"mode":"bus","color":"#149a3f","colorDark":"#0a5121","angle":286.9,"snapDist":6,"label":0}},{"type":"Feature","geometry":{"type":"Point","coordinates":[30.464292,50.41442]},"properties":{"name":"Кадетський гай","lines":"40к","arr":["Тб40к"],"terminus":1,"mode":"bus","color":"#149a3f","colorDark":"#0a5121","angle":275,"snapDist":6,"label":0}},{"type":"Feature","geometry":{"type":"Point","coordinates":[30.464279,50.414325]},"properties":{"name":"Кадетський гай","lines":"40к","arr":["Тб40к"],"terminus":1,"mode":"bus","color":"#149a3f","colorDark":"#0a5121","angle":95,"snapDist":1,"label":0}},{"type":"Feature","geometry":{"type":"Point","coordinates":[30.471944,50.43105]},"properties":{"name":"Солом’янська пл.","lines":"40к","arr":["Тб40к"],"terminus":0,"mode":"bus","color":"#149a3f","colorDark":"#0a5121","angle":238.8,"snapDist":2,"label":0}},{"type":"Feature","geometry":{"type":"Point","coordinates":[30.513611,50.435222]},"properties":{"name":"вул. Жилянська 1","lines":"40к","arr":["Тб40к"],"terminus":1,"mode":"bus","color":"#149a3f","colorDark":"#0a5121","angle":270.2,"snapDist":4,"label":0}},{"type":"Feature","geometry":{"type":"Point","coordinates":[30.388076,50.458043]},"properties":{"name":"ст.м. Святошин","lines":"41","arr":["Тб41"],"terminus":1,"mode":"bus","color":"#149a3f","colorDark":"#0a5121","angle":90.2,"snapDist":1,"label":1}},{"type":"Feature","geometry":{"type":"Point","coordinates":[30.38596,50.437352]},"properties":{"name":"вул. Якуба Коласа","lines":"41","arr":["Тб41"],"terminus":0,"mode":"bus","color":"#149a3f","colorDark":"#0a5121","angle":338,"snapDist":1,"label":1}},{"type":"Feature","geometry":{"type":"Point","coordinates":[30.364206,50.429638]},"properties":{"name":"вул. Тулузи","lines":"41","arr":["Тб41"],"terminus":1,"mode":"bus","color":"#149a3f","colorDark":"#0a5121","angle":156.9,"snapDist":3,"label":1}},{"type":"Feature","geometry":{"type":"Point","coordinates":[30.368582,50.430789]},"properties":{"name":"вул. Тулузи","lines":"41","arr":["Тб41"],"terminus":1,"mode":"bus","color":"#149a3f","colorDark":"#0a5121","angle":-22.2,"snapDist":16,"label":1}},{"type":"Feature","geometry":{"type":"Point","coordinates":[30.387378,50.438077]},"properties":{"name":"вул. Героїв Космосу","lines":"41","arr":["Тб41"],"terminus":0,"mode":"bus","color":"#149a3f","colorDark":"#0a5121","angle":67.1,"snapDist":0,"label":1}},{"type":"Feature","geometry":{"type":"Point","coordinates":[30.388011,50.457792]},"properties":{"name":"ст.м. Святошин","lines":"41","arr":["Тб41"],"terminus":1,"mode":"bus","color":"#149a3f","colorDark":"#0a5121","angle":99.7,"snapDist":3,"label":0}},{"type":"Feature","geometry":{"type":"Point","coordinates":[30.525457,50.411491]},"properties":{"name":"ст.м. Либідська","lines":"42","arr":["Тб42"],"terminus":1,"mode":"bus","color":"#149a3f","colorDark":"#0a5121","angle":232.4,"snapDist":8,"label":0}},{"type":"Feature","geometry":{"type":"Point","coordinates":[30.494011,50.407905]},"properties":{"name":"вул. В. Брожка","lines":"42","arr":["Тб42"],"terminus":0,"mode":"bus","color":"#149a3f","colorDark":"#0a5121","angle":-162.1,"snapDist":8,"label":1}},{"type":"Feature","geometry":{"type":"Point","coordinates":[30.460836,50.425123]},"properties":{"name":"пр. Повітр. Сил","lines":"42","arr":["Тб42"],"terminus":0,"mode":"bus","color":"#149a3f","colorDark":"#0a5121","angle":33,"snapDist":2,"label":1}},{"type":"Feature","geometry":{"type":"Point","coordinates":[30.442805,50.442826]},"properties":{"name":"вул. Борщагівська","lines":"42","arr":["Тб42"],"terminus":0,"mode":"bus","color":"#149a3f","colorDark":"#0a5121","angle":69.8,"snapDist":4,"label":0}},{"type":"Feature","geometry":{"type":"Point","coordinates":[30.446881,50.457105]},"properties":{"name":"м. Шуляв (27)","lines":"42","arr":["Тб42"],"terminus":0,"mode":"bus","color":"#149a3f","colorDark":"#0a5121","angle":101.5,"snapDist":4,"label":0}},{"type":"Feature","geometry":{"type":"Point","coordinates":[30.44566,50.480375]},"properties":{"name":"вул. Ольжича","lines":"42","arr":["Тб42"],"terminus":1,"mode":"bus","color":"#149a3f","colorDark":"#0a5121","angle":39,"snapDist":5,"label":0}},{"type":"Feature","geometry":{"type":"Point","coordinates":[30.444946,50.479823]},"properties":{"name":"вул. Ольжича","lines":"42","arr":["Тб42"],"terminus":1,"mode":"bus","color":"#149a3f","colorDark":"#0a5121","angle":213.5,"snapDist":5,"label":0}},{"type":"Feature","geometry":{"type":"Point","coordinates":[30.446468,50.45635]},"properties":{"name":"м. Шуляв (27)","lines":"42","arr":["Тб42"],"terminus":0,"mode":"bus","color":"#149a3f","colorDark":"#0a5121","angle":281.5,"snapDist":1,"label":0}},{"type":"Feature","geometry":{"type":"Point","coordinates":[30.443047,50.442078]},"properties":{"name":"вул. Борщагівська","lines":"42","arr":["Тб42"],"terminus":0,"mode":"bus","color":"#149a3f","colorDark":"#0a5121","angle":248.5,"snapDist":0,"label":0}},{"type":"Feature","geometry":{"type":"Point","coordinates":[30.455968,50.430377]},"properties":{"name":"пл. Космонавтів","lines":"42","arr":["Тб42"],"terminus":0,"mode":"bus","color":"#149a3f","colorDark":"#0a5121","angle":244.4,"snapDist":5,"label":0}},{"type":"Feature","geometry":{"type":"Point","coordinates":[30.463272,50.423993]},"properties":{"name":"вул. Токарева","lines":"42","arr":["Тб42"],"terminus":0,"mode":"bus","color":"#149a3f","colorDark":"#0a5121","angle":214.8,"snapDist":11,"label":1}},{"type":"Feature","geometry":{"type":"Point","coordinates":[30.491823,50.408494]},"properties":{"name":"вул. В. Брожка","lines":"42","arr":["Тб42"],"terminus":0,"mode":"bus","color":"#149a3f","colorDark":"#0a5121","angle":214.2,"snapDist":3,"label":0}},{"type":"Feature","geometry":{"type":"Point","coordinates":[30.524977,50.411888]},"properties":{"name":"ст.м. Либідська","lines":"42","arr":["Тб42"],"terminus":1,"mode":"bus","color":"#149a3f","colorDark":"#0a5121","angle":232.4,"snapDist":6,"label":0}},{"type":"Feature","geometry":{"type":"Point","coordinates":[30.628249,50.443602]},"properties":{"name":"Дарницька пл","lines":"43","arr":["Тб43"],"terminus":1,"mode":"bus","color":"#149a3f","colorDark":"#0a5121","angle":201.2,"snapDist":10,"label":0}},{"type":"Feature","geometry":{"type":"Point","coordinates":[30.559714,50.424235]},"properties":{"name":"пл. Наводницька","lines":"43","arr":["Тб43"],"terminus":0,"mode":"bus","color":"#149a3f","colorDark":"#0a5121","angle":157.6,"snapDist":10,"label":0}},{"type":"Feature","geometry":{"type":"Point","coordinates":[30.525012,50.411859]},"properties":{"name":"м. Либідська 43-2","lines":"43","arr":["Тб43"],"terminus":0,"mode":"bus","color":"#149a3f","colorDark":"#0a5121","angle":232.4,"snapDist":7,"label":1}},{"type":"Feature","geometry":{"type":"Point","coordinates":[30.509657,50.396875]},"properties":{"name":"м. Голосіївська","lines":"43","arr":["Тб43"],"terminus":0,"mode":"bus","color":"#149a3f","colorDark":"#0a5121","angle":293.7,"snapDist":4,"label":0}},{"type":"Feature","geometry":{"type":"Point","coordinates":[30.481134,50.382601]},"properties":{"name":"ст.м. Виставковий центр","lines":"43","arr":["Тб43"],"terminus":0,"mode":"bus","color":"#149a3f","colorDark":"#0a5121","angle":327.9,"snapDist":1,"label":1}},{"type":"Feature","geometry":{"type":"Point","coordinates":[30.444465,50.361574]},"properties":{"name":"Кібцентр","lines":"43","arr":["Тб43"],"terminus":1,"mode":"bus","color":"#149a3f","colorDark":"#0a5121","angle":313.3,"snapDist":23,"label":1}},{"type":"Feature","geometry":{"type":"Point","coordinates":[30.444651,50.36162]},"properties":{"name":"Кібцентр","lines":"43","arr":["Тб43"],"terminus":1,"mode":"bus","color":"#149a3f","colorDark":"#0a5121","angle":-140.6,"snapDist":16,"label":0}},{"type":"Feature","geometry":{"type":"Point","coordinates":[30.480507,50.38235]},"properties":{"name":"ст.м. Виставковий центр","lines":"43","arr":["Тб43"],"terminus":0,"mode":"bus","color":"#149a3f","colorDark":"#0a5121","angle":147.9,"snapDist":11,"label":0}},{"type":"Feature","geometry":{"type":"Point","coordinates":[30.510857,50.398228]},"properties":{"name":"м. Голосіївська","lines":"43","arr":["Тб43"],"terminus":0,"mode":"bus","color":"#149a3f","colorDark":"#0a5121","angle":123.6,"snapDist":10,"label":0}},{"type":"Feature","geometry":{"type":"Point","coordinates":[30.525922,50.412406]},"properties":{"name":"м. Либідська 43-1","lines":"43","arr":["Тб43"],"terminus":0,"mode":"bus","color":"#149a3f","colorDark":"#0a5121","angle":68.7,"snapDist":3,"label":1}},{"type":"Feature","geometry":{"type":"Point","coordinates":[30.565635,50.423875]},"properties":{"name":"міст Патона","lines":"43","arr":["Тб43"],"terminus":0,"mode":"bus","color":"#149a3f","colorDark":"#0a5121","angle":198.6,"snapDist":2,"label":0}},{"type":"Feature","geometry":{"type":"Point","coordinates":[30.627151,50.443877]},"properties":{"name":"Дарницька пл","lines":"43","arr":["Тб43"],"terminus":1,"mode":"bus","color":"#149a3f","colorDark":"#0a5121","angle":201.4,"snapDist":10,"label":0}},{"type":"Feature","geometry":{"type":"Point","coordinates":[30.523532,50.491369]},"properties":{"name":"просп. Бандери","lines":"44","arr":["Тб44"],"terminus":1,"mode":"bus","color":"#149a3f","colorDark":"#0a5121","angle":53.5,"snapDist":64,"label":1}},{"type":"Feature","geometry":{"type":"Point","coordinates":[30.5095,50.496006]},"properties":{"name":"вул. О. Архипенка","lines":"44","arr":["Тб44"],"terminus":0,"mode":"bus","color":"#149a3f","colorDark":"#0a5121","angle":1.1,"snapDist":4,"label":1}},{"type":"Feature","geometry":{"type":"Point","coordinates":[30.50415,50.499823]},"properties":{"name":"Поліклініка (44)","lines":"44","arr":["Тб44"],"terminus":0,"mode":"bus","color":"#149a3f","colorDark":"#0a5121","angle":57.2,"snapDist":2,"label":1}},{"type":"Feature","geometry":{"type":"Point","coordinates":[30.497359,50.522672]},"properties":{"name":"Оболонський просп.","lines":"44","arr":["Тб44"],"terminus":0,"mode":"bus","color":"#149a3f","colorDark":"#0a5121","angle":181.3,"snapDist":8,"label":0}},{"type":"Feature","geometry":{"type":"Point","coordinates":[30.516464,50.528089]},"properties":{"name":"вул. Північна","lines":"44","arr":["Тб44"],"terminus":1,"mode":"bus","color":"#149a3f","colorDark":"#0a5121","angle":85.5,"snapDist":25,"label":0}},{"type":"Feature","geometry":{"type":"Point","coordinates":[30.516461,50.528108]},"properties":{"name":"вул. Північна","lines":"44","arr":["Тб44"],"terminus":1,"mode":"bus","color":"#149a3f","colorDark":"#0a5121","angle":265.5,"snapDist":4,"label":0}},{"type":"Feature","geometry":{"type":"Point","coordinates":[30.500892,50.522657]},"properties":{"name":"Оболонський просп.","lines":"44","arr":["Тб44"],"terminus":0,"mode":"bus","color":"#149a3f","colorDark":"#0a5121","angle":0.6,"snapDist":2,"label":1}},{"type":"Feature","geometry":{"type":"Point","coordinates":[30.50386,50.49994]},"properties":{"name":"Поліклініка (44)","lines":"44","arr":["Тб44"],"terminus":0,"mode":"bus","color":"#149a3f","colorDark":"#0a5121","angle":237.3,"snapDist":2,"label":0}},{"type":"Feature","geometry":{"type":"Point","coordinates":[30.50986,50.495912]},"properties":{"name":"вул. О. Архипенка","lines":"44","arr":["Тб44"],"terminus":0,"mode":"bus","color":"#149a3f","colorDark":"#0a5121","angle":181,"snapDist":5,"label":0}},{"type":"Feature","geometry":{"type":"Point","coordinates":[30.523975,50.490595]},"properties":{"name":"просп. Бандери","lines":"44","arr":["Тб44"],"terminus":1,"mode":"bus","color":"#149a3f","colorDark":"#0a5121","angle":238.7,"snapDist":3,"label":0}},{"type":"Feature","geometry":{"type":"Point","coordinates":[30.478181,50.381889]},"properties":{"name":"ст.м. Виставковий центр","lines":"45","arr":["Тб45"],"terminus":1,"mode":"bus","color":"#149a3f","colorDark":"#0a5121","angle":148.8,"snapDist":7,"label":1}},{"type":"Feature","geometry":{"type":"Point","coordinates":[30.452701,50.382247]},"properties":{"name":"вул. Гуменної","lines":"45","arr":["Тб45"],"terminus":0,"mode":"bus","color":"#149a3f","colorDark":"#0a5121","angle":-136.8,"snapDist":12,"label":0}},{"type":"Feature","geometry":{"type":"Point","coordinates":[30.472676,50.392197]},"properties":{"name":"ТРЕД № 1","lines":"45","arr":["Тб45"],"terminus":0,"mode":"bus","color":"#149a3f","colorDark":"#0a5121","angle":170.2,"snapDist":4,"label":0}},{"type":"Feature","geometry":{"type":"Point","coordinates":[30.48719,50.393139]},"properties":{"name":"ст.м. Васильківська","lines":"45","arr":["Тб45"],"terminus":1,"mode":"bus","color":"#149a3f","colorDark":"#0a5121","angle":166.1,"snapDist":1,"label":0}},{"type":"Feature","geometry":{"type":"Point","coordinates":[30.488384,50.393335]},"properties":{"name":"ст.м. Васильківська","lines":"45","arr":["Тб45"],"terminus":1,"mode":"bus","color":"#149a3f","colorDark":"#0a5121","angle":165.3,"snapDist":13,"label":0}},{"type":"Feature","geometry":{"type":"Point","coordinates":[30.473939,50.392333]},"properties":{"name":"ТРЕД № 1","lines":"45","arr":["Тб45"],"terminus":0,"mode":"bus","color":"#149a3f","colorDark":"#0a5121","angle":169.5,"snapDist":9,"label":0}},{"type":"Feature","geometry":{"type":"Point","coordinates":[30.452787,50.382233]},"properties":{"name":"вул. Гуменної","lines":"45","arr":["Тб45"],"terminus":0,"mode":"bus","color":"#149a3f","colorDark":"#0a5121","angle":242,"snapDist":0,"label":0}},{"type":"Feature","geometry":{"type":"Point","coordinates":[30.477553,50.381162]},"properties":{"name":"ст.м. Виставковий центр","lines":"45","arr":["Тб45"],"terminus":1,"mode":"bus","color":"#149a3f","colorDark":"#0a5121","angle":149.5,"snapDist":5,"label":0}},{"type":"Feature","geometry":{"type":"Point","coordinates":[30.497502,50.512042]},"properties":{"name":"ст.м. Мінська","lines":"47","arr":["Тб47"],"terminus":1,"mode":"bus","color":"#149a3f","colorDark":"#0a5121","angle":204.8,"snapDist":52,"label":1}},{"type":"Feature","geometry":{"type":"Point","coordinates":[30.519545,50.495188]},"properties":{"name":"вул. Приозерна","lines":"47","arr":["Тб47"],"terminus":0,"mode":"bus","color":"#149a3f","colorDark":"#0a5121","angle":238.5,"snapDist":4,"label":0}},{"type":"Feature","geometry":{"type":"Point","coordinates":[30.578724,50.495405]},"properties":{"name":"Райдужний","lines":"47","arr":["Тб47"],"terminus":0,"mode":"bus","color":"#149a3f","colorDark":"#0a5121","angle":180.2,"snapDist":3,"label":0}},{"type":"Feature","geometry":{"type":"Point","coordinates":[30.613653,50.51217]},"properties":{"name":"Поліклініка (Лиф))","lines":"47","arr":["Тб47"],"terminus":0,"mode":"bus","color":"#149a3f","colorDark":"#0a5121","angle":143.1,"snapDist":2,"label":0}},{"type":"Feature","geometry":{"type":"Point","coordinates":[30.620226,50.527438]},"properties":{"name":"вул. Милославська. (30)","lines":"47","arr":["Тб47"],"terminus":1,"mode":"bus","color":"#149a3f","colorDark":"#0a5121","angle":93.9,"snapDist":5,"label":0}},{"type":"Feature","geometry":{"type":"Point","coordinates":[30.620078,50.527497]},"properties":{"name":"вул. Милославська. (30)","lines":"47","arr":["Тб47"],"terminus":1,"mode":"bus","color":"#149a3f","colorDark":"#0a5121","angle":275,"snapDist":7,"label":0}},{"type":"Feature","geometry":{"type":"Point","coordinates":[30.614656,50.51342]},"properties":{"name":"вул. С.Лифаря","lines":"47","arr":["Тб47"],"terminus":0,"mode":"bus","color":"#149a3f","colorDark":"#0a5121","angle":301.4,"snapDist":3,"label":1}},{"type":"Feature","geometry":{"type":"Point","coordinates":[30.612958,50.5118]},"properties":{"name":"вул. С.Лифаря 1","lines":"47","arr":["Тб47"],"terminus":0,"mode":"bus","color":"#149a3f","colorDark":"#0a5121","angle":305.3,"snapDist":0,"label":0}},{"type":"Feature","geometry":{"type":"Point","coordinates":[30.579892,50.495519]},"properties":{"name":"Райдужний","lines":"47","arr":["Тб47"],"terminus":0,"mode":"bus","color":"#149a3f","colorDark":"#0a5121","angle":0.7,"snapDist":4,"label":0}},{"type":"Feature","geometry":{"type":"Point","coordinates":[30.519959,50.494985]},"properties":{"name":"вул. Приозерна","lines":"47","arr":["Тб47"],"terminus":0,"mode":"bus","color":"#149a3f","colorDark":"#0a5121","angle":57.7,"snapDist":2,"label":0}},{"type":"Feature","geometry":{"type":"Point","coordinates":[30.497445,50.512478]},"properties":{"name":"ст.м. Мінська","lines":"47","arr":["Тб47"],"terminus":1,"mode":"bus","color":"#149a3f","colorDark":"#0a5121","angle":351.5,"snapDist":78,"label":0}},{"type":"Feature","geometry":{"type":"Point","coordinates":[30.525126,50.413497]},"properties":{"name":"ст.м. Либідська","lines":"50","arr":["Тб50"],"terminus":1,"mode":"bus","color":"#149a3f","colorDark":"#0a5121","angle":48.2,"snapDist":5,"label":0}},{"type":"Feature","geometry":{"type":"Point","coordinates":[30.564745,50.424066]},"properties":{"name":"міст Патона","lines":"50","arr":["Тб50"],"terminus":0,"mode":"bus","color":"#149a3f","colorDark":"#0a5121","angle":198.6,"snapDist":8,"label":0}},{"type":"Feature","geometry":{"type":"Point","coordinates":[30.623849,50.442835]},"properties":{"name":"Дарницький універмаг","lines":"50","arr":["Тб50"],"terminus":0,"mode":"bus","color":"#149a3f","colorDark":"#0a5121","angle":23.4,"snapDist":9,"label":0}},{"type":"Feature","geometry":{"type":"Point","coordinates":[30.595112,50.47925]},"properties":{"name":"вул. Чорн. Зап.","lines":"50","arr":["Тб50"],"terminus":0,"mode":"bus","color":"#149a3f","colorDark":"#0a5121","angle":77.4,"snapDist":3,"label":0}},{"type":"Feature","geometry":{"type":"Point","coordinates":[30.612733,50.511407]},"properties":{"name":"Поліклініка (Лиф))","lines":"50","arr":["Тб50"],"terminus":0,"mode":"bus","color":"#149a3f","colorDark":"#0a5121","angle":125.2,"snapDist":3,"label":0}},{"type":"Feature","geometry":{"type":"Point","coordinates":[30.620096,50.526311]},"properties":{"name":"вул. Милославська. (30)","lines":"50","arr":["Тб50"],"terminus":1,"mode":"bus","color":"#149a3f","colorDark":"#0a5121","angle":94.3,"snapDist":1,"label":0}},{"type":"Feature","geometry":{"type":"Point","coordinates":[30.620037,50.527173]},"properties":{"name":"вул. Милославська. (30)","lines":"50","arr":["Тб50"],"terminus":1,"mode":"bus","color":"#149a3f","colorDark":"#0a5121","angle":274.1,"snapDist":10,"label":0}},{"type":"Feature","geometry":{"type":"Point","coordinates":[30.612056,50.510988]},"properties":{"name":"вул. С.Лифаря","lines":"50","arr":["Тб50"],"terminus":0,"mode":"bus","color":"#149a3f","colorDark":"#0a5121","angle":305.3,"snapDist":7,"label":0}},{"type":"Feature","geometry":{"type":"Point","coordinates":[30.611638,50.510656]},"properties":{"name":"вул. С.Лифаря 1","lines":"50","arr":["Тб50"],"terminus":0,"mode":"bus","color":"#149a3f","colorDark":"#0a5121","angle":311.5,"snapDist":9,"label":0}},{"type":"Feature","geometry":{"type":"Point","coordinates":[30.595358,50.477985]},"properties":{"name":"вул. Чорн. Зап.","lines":"50","arr":["Тб50"],"terminus":0,"mode":"bus","color":"#149a3f","colorDark":"#0a5121","angle":257.5,"snapDist":10,"label":0}},{"type":"Feature","geometry":{"type":"Point","coordinates":[30.625389,50.444348]},"properties":{"name":"Дарницька пл","lines":"50","arr":["Тб50"],"terminus":0,"mode":"bus","color":"#149a3f","colorDark":"#0a5121","angle":204.4,"snapDist":8,"label":0}},{"type":"Feature","geometry":{"type":"Point","coordinates":[30.559886,50.42428]},"properties":{"name":"пл. Наводницька","lines":"50","arr":["Тб50"],"terminus":0,"mode":"bus","color":"#149a3f","colorDark":"#0a5121","angle":337.6,"snapDist":5,"label":0}},{"type":"Feature","geometry":{"type":"Point","coordinates":[30.525885,50.412466]},"properties":{"name":"ст.м. Либідська","lines":"50","arr":["Тб50"],"terminus":1,"mode":"bus","color":"#149a3f","colorDark":"#0a5121","angle":68.7,"snapDist":4,"label":0}},{"type":"Feature","geometry":{"type":"Point","coordinates":[30.626043,50.444162]},"properties":{"name":"Дарницька пл","lines":"50к","arr":["Тб50к"],"terminus":1,"mode":"bus","color":"#149a3f","colorDark":"#0a5121","angle":204.3,"snapDist":41,"label":0}},{"type":"Feature","geometry":{"type":"Point","coordinates":[30.624558,50.44264]},"properties":{"name":"Дарницький універмаг","lines":"50к","arr":["Тб50к"],"terminus":0,"mode":"bus","color":"#149a3f","colorDark":"#0a5121","angle":23.4,"snapDist":1,"label":0}},{"type":"Feature","geometry":{"type":"Point","coordinates":[30.595038,50.479463]},"properties":{"name":"вул. Чорн. Зап.","lines":"50к","arr":["Тб50к"],"terminus":0,"mode":"bus","color":"#149a3f","colorDark":"#0a5121","angle":77.4,"snapDist":3,"label":0}},{"type":"Feature","geometry":{"type":"Point","coordinates":[30.613135,50.511771]},"properties":{"name":"Поліклініка (Лиф))","lines":"50к","arr":["Тб50к"],"terminus":0,"mode":"bus","color":"#149a3f","colorDark":"#0a5121","angle":125.2,"snapDist":1,"label":0}},{"type":"Feature","geometry":{"type":"Point","coordinates":[30.620269,50.527841]},"properties":{"name":"вул. Милославська. (30)","lines":"50к","arr":["Тб50к"],"terminus":1,"mode":"bus","color":"#149a3f","colorDark":"#0a5121","angle":93.8,"snapDist":2,"label":0}},{"type":"Feature","geometry":{"type":"Point","coordinates":[30.620287,50.528006]},"properties":{"name":"вул. Милославська. (30)","lines":"50к","arr":["Тб50к"],"terminus":1,"mode":"bus","color":"#149a3f","colorDark":"#0a5121","angle":93.8,"snapDist":4,"label":0}},{"type":"Feature","geometry":{"type":"Point","coordinates":[30.611958,50.510899]},"properties":{"name":"вул. С.Лифаря","lines":"50к","arr":["Тб50к"],"terminus":0,"mode":"bus","color":"#149a3f","colorDark":"#0a5121","angle":305.3,"snapDist":2,"label":0}},{"type":"Feature","geometry":{"type":"Point","coordinates":[30.610618,50.509946]},"properties":{"name":"вул. С.Лифаря 1","lines":"50к","arr":["Тб50к"],"terminus":0,"mode":"bus","color":"#149a3f","colorDark":"#0a5121","angle":315,"snapDist":2,"label":1}},{"type":"Feature","geometry":{"type":"Point","coordinates":[30.595402,50.477856]},"properties":{"name":"вул. Чорн. Зап.","lines":"50к","arr":["Тб50к"],"terminus":0,"mode":"bus","color":"#149a3f","colorDark":"#0a5121","angle":257.5,"snapDist":8,"label":0}},{"type":"Feature","geometry":{"type":"Point","coordinates":[30.62479,50.444509]},"properties":{"name":"Дарницька пл","lines":"50к","arr":["Тб50к"],"terminus":1,"mode":"bus","color":"#149a3f","colorDark":"#0a5121","angle":203.2,"snapDist":7,"label":0}},{"type":"Feature","geometry":{"type":"Point","coordinates":[30.489272,50.443721]},"properties":{"name":"ст. Старовокзальна","lines":"1","arr":["Тм1"],"terminus":1,"mode":"tram","color":"#d6212b","colorDark":"#7c1116","angle":147,"snapDist":1,"label":1}},{"type":"Feature","geometry":{"type":"Point","coordinates":[30.444227,50.444487]},"properties":{"name":"Індустріальна","lines":"1","arr":["Тм1"],"terminus":0,"mode":"tram","color":"#d6212b","colorDark":"#7c1116","angle":338.5,"snapDist":1,"label":1}},{"type":"Feature","geometry":{"type":"Point","coordinates":[30.385641,50.429485]},"properties":{"name":"Гната Юри","lines":"1","arr":["Тм1"],"terminus":0,"mode":"tram","color":"#d6212b","colorDark":"#7c1116","angle":322.7,"snapDist":2,"label":1}},{"type":"Feature","geometry":{"type":"Point","coordinates":[30.407933,50.407794]},"properties":{"name":"Мих Борщагівка","lines":"1","arr":["Тм1"],"terminus":1,"mode":"tram","color":"#d6212b","colorDark":"#7c1116","angle":7.3,"snapDist":32,"label":1}},{"type":"Feature","geometry":{"type":"Point","coordinates":[30.405469,50.407716]},"properties":{"name":"Мих Борщагівка","lines":"1","arr":["Тм1"],"terminus":1,"mode":"tram","color":"#d6212b","colorDark":"#7c1116","angle":9,"snapDist":44,"label":0}},{"type":"Feature","geometry":{"type":"Point","coordinates":[30.386018,50.429547]},"properties":{"name":"Гната Юри","lines":"1","arr":["Тм1"],"terminus":0,"mode":"tram","color":"#d6212b","colorDark":"#7c1116","angle":159.6,"snapDist":3,"label":0}},{"type":"Feature","geometry":{"type":"Point","coordinates":[30.441267,50.443708]},"properties":{"name":"Індустріальна","lines":"1","arr":["Тм1"],"terminus":0,"mode":"tram","color":"#d6212b","colorDark":"#7c1116","angle":158.3,"snapDist":7,"label":1}},{"type":"Feature","geometry":{"type":"Point","coordinates":[30.489611,50.443952]},"properties":{"name":"ст. Старовокзальна","lines":"1","arr":["Тм1"],"terminus":1,"mode":"tram","color":"#d6212b","colorDark":"#7c1116","angle":331.3,"snapDist":4,"label":0}},{"type":"Feature","geometry":{"type":"Point","coordinates":[30.374223,50.426503]},"properties":{"name":"ст. Жуля Верна","lines":"2","arr":["Тм2"],"terminus":1,"mode":"tram","color":"#d6212b","colorDark":"#7c1116","angle":158,"snapDist":1,"label":1}},{"type":"Feature","geometry":{"type":"Point","coordinates":[30.407529,50.40732]},"properties":{"name":"Мих Борщагівка","lines":"2","arr":["Тм2"],"terminus":0,"mode":"tram","color":"#d6212b","colorDark":"#7c1116","angle":197.6,"snapDist":5,"label":0}},{"type":"Feature","geometry":{"type":"Point","coordinates":[30.410768,50.412153]},"properties":{"name":"Корольова","lines":"2","arr":["Тм2"],"terminus":1,"mode":"tram","color":"#d6212b","colorDark":"#7c1116","angle":44.3,"snapDist":7,"label":1}},{"type":"Feature","geometry":{"type":"Point","coordinates":[30.410713,50.412154]},"properties":{"name":"Корольова","lines":"2","arr":["Тм2"],"terminus":1,"mode":"tram","color":"#d6212b","colorDark":"#7c1116","angle":224.8,"snapDist":29,"label":0}},{"type":"Feature","geometry":{"type":"Point","coordinates":[30.407724,50.407779]},"properties":{"name":"Мих Борщагівка","lines":"2","arr":["Тм2"],"terminus":0,"mode":"tram","color":"#d6212b","colorDark":"#7c1116","angle":353.8,"snapDist":4,"label":0}},{"type":"Feature","geometry":{"type":"Point","coordinates":[30.373971,50.426471]},"properties":{"name":"ст. Жуля Верна","lines":"2","arr":["Тм2"],"terminus":1,"mode":"tram","color":"#d6212b","colorDark":"#7c1116","angle":338.1,"snapDist":6,"label":0}},{"type":"Feature","geometry":{"type":"Point","coordinates":[30.489701,50.443984]},"properties":{"name":"ст. Старовокзальна","lines":"3","arr":["Тм3"],"terminus":1,"mode":"tram","color":"#d6212b","colorDark":"#7c1116","angle":151.3,"snapDist":8,"label":0}},{"type":"Feature","geometry":{"type":"Point","coordinates":[30.443183,50.444225]},"properties":{"name":"Індустріальна","lines":"3","arr":["Тм3"],"terminus":0,"mode":"tram","color":"#d6212b","colorDark":"#7c1116","angle":338.5,"snapDist":3,"label":0}},{"type":"Feature","geometry":{"type":"Point","coordinates":[30.386156,50.429618]},"properties":{"name":"Гната Юри","lines":"3","arr":["Тм3"],"terminus":0,"mode":"tram","color":"#d6212b","colorDark":"#7c1116","angle":338.1,"snapDist":0,"label":0}},{"type":"Feature","geometry":{"type":"Point","coordinates":[30.37476,50.426674]},"properties":{"name":"ст. Жуля Верна","lines":"3","arr":["Тм3"],"terminus":1,"mode":"tram","color":"#d6212b","colorDark":"#7c1116","angle":337.9,"snapDist":0,"label":0}},{"type":"Feature","geometry":{"type":"Point","coordinates":[30.376474,50.427085]},"properties":{"name":"ст. Жуля Верна","lines":"3","arr":["Тм3"],"terminus":1,"mode":"tram","color":"#d6212b","colorDark":"#7c1116","angle":157.9,"snapDist":80,"label":0}},{"type":"Feature","geometry":{"type":"Point","coordinates":[30.387082,50.429813]},"properties":{"name":"Гната Юри","lines":"3","arr":["Тм3"],"terminus":0,"mode":"tram","color":"#d6212b","colorDark":"#7c1116","angle":157.9,"snapDist":3,"label":0}},{"type":"Feature","geometry":{"type":"Point","coordinates":[30.441783,50.443839]},"properties":{"name":"Індустріальна","lines":"3","arr":["Тм3"],"terminus":0,"mode":"tram","color":"#d6212b","colorDark":"#7c1116","angle":158.1,"snapDist":3,"label":0}},{"type":"Feature","geometry":{"type":"Point","coordinates":[30.48952,50.44394]},"properties":{"name":"ст. Старовокзальна","lines":"3","arr":["Тм3"],"terminus":1,"mode":"tram","color":"#d6212b","colorDark":"#7c1116","angle":168.8,"snapDist":8,"label":0}},{"type":"Feature","geometry":{"type":"Point","coordinates":[30.642751,50.463407]},"properties":{"name":"ст.м. Лісова","lines":"8","arr":["Тм8"],"terminus":1,"mode":"tram","color":"#d6212b","colorDark":"#7c1116","angle":86.3,"snapDist":72,"label":1}},{"type":"Feature","geometry":{"type":"Point","coordinates":[30.631428,50.446373]},"properties":{"name":"вул. П. Усенка","lines":"8","arr":["Тм8"],"terminus":0,"mode":"tram","color":"#d6212b","colorDark":"#7c1116","angle":3.7,"snapDist":3,"label":1}},{"type":"Feature","geometry":{"type":"Point","coordinates":[30.646935,50.43051]},"properties":{"name":"Дарницький вокзал","lines":"8","arr":["Тм8"],"terminus":0,"mode":"tram","color":"#d6212b","colorDark":"#7c1116","angle":158.3,"snapDist":18,"label":1}},{"type":"Feature","geometry":{"type":"Point","coordinates":[30.64312,50.412481]},"properties":{"name":"Харківський масив","lines":"8","arr":["Тм8"],"terminus":0,"mode":"tram","color":"#d6212b","colorDark":"#7c1116","angle":339.6,"snapDist":3,"label":1}},{"type":"Feature","geometry":{"type":"Point","coordinates":[30.632847,50.401252]},"properties":{"name":"ст.м. Позняки","lines":"8","arr":["Тм8"],"terminus":1,"mode":"tram","color":"#d6212b","colorDark":"#7c1116","angle":263.1,"snapDist":17,"label":1}},{"type":"Feature","geometry":{"type":"Point","coordinates":[30.632931,50.401095]},"properties":{"name":"ст.м. Позняки","lines":"8","arr":["Тм8"],"terminus":1,"mode":"tram","color":"#d6212b","colorDark":"#7c1116","angle":83.2,"snapDist":1,"label":0}},{"type":"Feature","geometry":{"type":"Point","coordinates":[30.643149,50.412454]},"properties":{"name":"Харківський масив","lines":"8","arr":["Тм8"],"terminus":0,"mode":"tram","color":"#d6212b","colorDark":"#7c1116","angle":159.4,"snapDist":2,"label":0}},{"type":"Feature","geometry":{"type":"Point","coordinates":[30.647035,50.430535]},"properties":{"name":"Дарницький вокзал","lines":"8","arr":["Тм8"],"terminus":0,"mode":"tram","color":"#d6212b","colorDark":"#7c1116","angle":158.3,"snapDist":8,"label":0}},{"type":"Feature","geometry":{"type":"Point","coordinates":[30.63158,50.446349]},"properties":{"name":"вул. П. Усенка","lines":"8","arr":["Тм8"],"terminus":0,"mode":"tram","color":"#d6212b","colorDark":"#7c1116","angle":199.9,"snapDist":9,"label":0}},{"type":"Feature","geometry":{"type":"Point","coordinates":[30.632091,50.446218]},"properties":{"name":"Усенка 2","lines":"8","arr":["Тм8"],"terminus":0,"mode":"tram","color":"#d6212b","colorDark":"#7c1116","angle":200.6,"snapDist":8,"label":1}},{"type":"Feature","geometry":{"type":"Point","coordinates":[30.642699,50.463093]},"properties":{"name":"ст.м. Лісова","lines":"8","arr":["Тм8"],"terminus":1,"mode":"tram","color":"#d6212b","colorDark":"#7c1116","angle":96.2,"snapDist":81,"label":0}},{"type":"Feature","geometry":{"type":"Point","coordinates":[30.517276,50.465682]},"properties":{"name":"Контрактова пл.","lines":"11","arr":["Тм11"],"terminus":1,"mode":"tram","color":"#d6212b","colorDark":"#7c1116","angle":-85.9,"snapDist":36,"label":1}},{"type":"Feature","geometry":{"type":"Point","coordinates":[30.47385,50.485426]},"properties":{"name":"стадіон Спартак","lines":"11","arr":["Тм11"],"terminus":0,"mode":"tram","color":"#d6212b","colorDark":"#7c1116","angle":52.7,"snapDist":5,"label":1}},{"type":"Feature","geometry":{"type":"Point","coordinates":[30.462411,50.497745]},"properties":{"name":"вул. Скляренка","lines":"11","arr":["Тм11"],"terminus":0,"mode":"tram","color":"#d6212b","colorDark":"#7c1116","angle":90,"snapDist":7,"label":1}},{"type":"Feature","geometry":{"type":"Point","coordinates":[30.504323,50.499029]},"properties":{"name":"вул. Йорданська","lines":"11","arr":["Тм11"],"terminus":1,"mode":"tram","color":"#d6212b","colorDark":"#7c1116","angle":259.2,"snapDist":27,"label":1}},{"type":"Feature","geometry":{"type":"Point","coordinates":[30.504679,50.498689]},"properties":{"name":"вул. Йорданська","lines":"11","arr":["Тм11"],"terminus":1,"mode":"tram","color":"#d6212b","colorDark":"#7c1116","angle":57.5,"snapDist":12,"label":0}},{"type":"Feature","geometry":{"type":"Point","coordinates":[30.462368,50.497596]},"properties":{"name":"вул. Скляренка","lines":"11","arr":["Тм11"],"terminus":0,"mode":"tram","color":"#d6212b","colorDark":"#7c1116","angle":271.2,"snapDist":5,"label":0}},{"type":"Feature","geometry":{"type":"Point","coordinates":[30.473482,50.485669]},"properties":{"name":"стадіон Спартак","lines":"11","arr":["Тм11"],"terminus":0,"mode":"tram","color":"#d6212b","colorDark":"#7c1116","angle":230.7,"snapDist":2,"label":0}},{"type":"Feature","geometry":{"type":"Point","coordinates":[30.516405,50.465005]},"properties":{"name":"Контрактова пл.","lines":"11","arr":["Тм11"],"terminus":1,"mode":"tram","color":"#d6212b","colorDark":"#7c1116","angle":133.9,"snapDist":4,"label":0}},{"type":"Feature","geometry":{"type":"Point","coordinates":[30.517225,50.465586]},"properties":{"name":"Контрактова пл.","lines":"12","arr":["Тм12"],"terminus":1,"mode":"tram","color":"#d6212b","colorDark":"#7c1116","angle":121.7,"snapDist":8,"label":0}},{"type":"Feature","geometry":{"type":"Point","coordinates":[30.473591,50.485642]},"properties":{"name":"стадіон Спартак","lines":"12","arr":["Тм12"],"terminus":0,"mode":"tram","color":"#d6212b","colorDark":"#7c1116","angle":52.7,"snapDist":5,"label":0}},{"type":"Feature","geometry":{"type":"Point","coordinates":[30.462418,50.497997]},"properties":{"name":"вул. Скляренка","lines":"12","arr":["Тм12"],"terminus":0,"mode":"tram","color":"#d6212b","colorDark":"#7c1116","angle":90.5,"snapDist":1,"label":0}},{"type":"Feature","geometry":{"type":"Point","coordinates":[30.448743,50.521568]},"properties":{"name":"пл.Шевченка (12)","lines":"12","arr":["Тм12"],"terminus":0,"mode":"tram","color":"#d6212b","colorDark":"#7c1116","angle":77,"snapDist":6,"label":1}},{"type":"Feature","geometry":{"type":"Point","coordinates":[30.367065,50.526349]},"properties":{"name":"вул. Міська","lines":"12","arr":["Тм12"],"terminus":0,"mode":"tram","color":"#d6212b","colorDark":"#7c1116","angle":48.7,"snapDist":6,"label":1}},{"type":"Feature","geometry":{"type":"Point","coordinates":[30.335335,50.552519]},"properties":{"name":"Пуща-Водиця","lines":"12","arr":["Тм12"],"terminus":1,"mode":"tram","color":"#d6212b","colorDark":"#7c1116","angle":62.7,"snapDist":4,"label":1}},{"type":"Feature","geometry":{"type":"Point","coordinates":[30.335608,50.552309]},"properties":{"name":"Пуща-Водиця","lines":"12","arr":["Тм12"],"terminus":1,"mode":"tram","color":"#d6212b","colorDark":"#7c1116","angle":226.5,"snapDist":24,"label":0}},{"type":"Feature","geometry":{"type":"Point","coordinates":[30.366801,50.52654]},"properties":{"name":"вул. Міська","lines":"12","arr":["Тм12"],"terminus":0,"mode":"tram","color":"#d6212b","colorDark":"#7c1116","angle":228.4,"snapDist":6,"label":0}},{"type":"Feature","geometry":{"type":"Point","coordinates":[30.448689,50.521716]},"properties":{"name":"пл.Шевченка (12)","lines":"12","arr":["Тм12"],"terminus":0,"mode":"tram","color":"#d6212b","colorDark":"#7c1116","angle":257,"snapDist":2,"label":0}},{"type":"Feature","geometry":{"type":"Point","coordinates":[30.46238,50.497924]},"properties":{"name":"вул. Скляренка","lines":"12","arr":["Тм12"],"terminus":0,"mode":"tram","color":"#d6212b","colorDark":"#7c1116","angle":271.2,"snapDist":3,"label":0}},{"type":"Feature","geometry":{"type":"Point","coordinates":[30.473635,50.48555]},"properties":{"name":"стадіон Спартак","lines":"12","arr":["Тм12"],"terminus":0,"mode":"tram","color":"#d6212b","colorDark":"#7c1116","angle":230.7,"snapDist":2,"label":0}},{"type":"Feature","geometry":{"type":"Point","coordinates":[30.516412,50.46501]},"properties":{"name":"Контрактова пл.","lines":"12","arr":["Тм12"],"terminus":1,"mode":"tram","color":"#d6212b","colorDark":"#7c1116","angle":133.9,"snapDist":3,"label":0}},{"type":"Feature","geometry":{"type":"Point","coordinates":[30.516844,50.465376]},"properties":{"name":"Контрактова пл.","lines":"14","arr":["Тм14"],"terminus":1,"mode":"tram","color":"#d6212b","colorDark":"#7c1116","angle":136.6,"snapDist":0,"label":0}},{"type":"Feature","geometry":{"type":"Point","coordinates":[30.483046,50.461007]},"properties":{"name":"вул. Дегтярівська","lines":"14","arr":["Тм14"],"terminus":0,"mode":"tram","color":"#d6212b","colorDark":"#7c1116","angle":-120.7,"snapDist":7,"label":1}},{"type":"Feature","geometry":{"type":"Point","coordinates":[30.421312,50.458674]},"properties":{"name":"ст.м. Берестейська","lines":"14","arr":["Тм14"],"terminus":0,"mode":"tram","color":"#d6212b","colorDark":"#7c1116","angle":336.5,"snapDist":1,"label":1}},{"type":"Feature","geometry":{"type":"Point","coordinates":[30.411017,50.435914]},"properties":{"name":"просп. Гузара","lines":"14","arr":["Тм14"],"terminus":0,"mode":"tram","color":"#d6212b","colorDark":"#7c1116","angle":248.1,"snapDist":2,"label":1}},{"type":"Feature","geometry":{"type":"Point","coordinates":[30.425111,50.420634]},"properties":{"name":"Проспект Відрадний","lines":"14","arr":["Тм14"],"terminus":1,"mode":"tram","color":"#d6212b","colorDark":"#7c1116","angle":132.2,"snapDist":8,"label":1}},{"type":"Feature","geometry":{"type":"Point","coordinates":[30.425273,50.420644]},"properties":{"name":"Проспект Відрадний","lines":"14","arr":["Тм14"],"terminus":1,"mode":"tram","color":"#d6212b","colorDark":"#7c1116","angle":101.8,"snapDist":29,"label":0}},{"type":"Feature","geometry":{"type":"Point","coordinates":[30.411139,50.435805]},"properties":{"name":"просп. Гузара","lines":"14","arr":["Тм14"],"terminus":0,"mode":"tram","color":"#d6212b","colorDark":"#7c1116","angle":68,"snapDist":1,"label":0}},{"type":"Feature","geometry":{"type":"Point","coordinates":[30.421881,50.458805]},"properties":{"name":"ст.м. Берестейська","lines":"14","arr":["Тм14"],"terminus":0,"mode":"tram","color":"#d6212b","colorDark":"#7c1116","angle":146.2,"snapDist":4,"label":0}},{"type":"Feature","geometry":{"type":"Point","coordinates":[30.484306,50.459844]},"properties":{"name":"вул. Коперника","lines":"14","arr":["Тм14"],"terminus":0,"mode":"tram","color":"#d6212b","colorDark":"#7c1116","angle":107.2,"snapDist":4,"label":1}},{"type":"Feature","geometry":{"type":"Point","coordinates":[30.516305,50.465045]},"properties":{"name":"Контрактова пл.","lines":"14","arr":["Тм14"],"terminus":1,"mode":"tram","color":"#d6212b","colorDark":"#7c1116","angle":135.9,"snapDist":3,"label":0}},{"type":"Feature","geometry":{"type":"Point","coordinates":[30.488843,50.44358]},"properties":{"name":"вул. Старовокзальна","lines":"15","arr":["Тм15"],"terminus":1,"mode":"tram","color":"#d6212b","colorDark":"#7c1116","angle":147.7,"snapDist":10,"label":1}},{"type":"Feature","geometry":{"type":"Point","coordinates":[30.485046,50.458915]},"properties":{"name":"вул. Дегтярівська","lines":"15","arr":["Тм15"],"terminus":0,"mode":"tram","color":"#d6212b","colorDark":"#7c1116","angle":56,"snapDist":0,"label":1}},{"type":"Feature","geometry":{"type":"Point","coordinates":[30.421537,50.458737]},"properties":{"name":"ст.м. Берестейська","lines":"15","arr":["Тм15"],"terminus":0,"mode":"tram","color":"#d6212b","colorDark":"#7c1116","angle":336.5,"snapDist":1,"label":0}},{"type":"Feature","geometry":{"type":"Point","coordinates":[30.41078,50.436291]},"properties":{"name":"просп. Гузара","lines":"15","arr":["Тм15"],"terminus":0,"mode":"tram","color":"#d6212b","colorDark":"#7c1116","angle":248.1,"snapDist":2,"label":0}},{"type":"Feature","geometry":{"type":"Point","coordinates":[30.424326,50.420262]},"properties":{"name":"Проспект Відрадний","lines":"15","arr":["Тм15"],"terminus":1,"mode":"tram","color":"#d6212b","colorDark":"#7c1116","angle":283.1,"snapDist":2,"label":0}},{"type":"Feature","geometry":{"type":"Point","coordinates":[30.425273,50.420644]},"properties":{"name":"Проспект Відрадний","lines":"15","arr":["Тм15"],"terminus":1,"mode":"tram","color":"#d6212b","colorDark":"#7c1116","angle":101.8,"snapDist":25,"label":0}},{"type":"Feature","geometry":{"type":"Point","coordinates":[30.410867,50.43624]},"properties":{"name":"просп. Гузара","lines":"15","arr":["Тм15"],"terminus":0,"mode":"tram","color":"#d6212b","colorDark":"#7c1116","angle":68.3,"snapDist":0,"label":0}},{"type":"Feature","geometry":{"type":"Point","coordinates":[30.421258,50.45863]},"properties":{"name":"ст.м. Берестейська","lines":"15","arr":["Тм15"],"terminus":0,"mode":"tram","color":"#d6212b","colorDark":"#7c1116","angle":156.3,"snapDist":5,"label":0}},{"type":"Feature","geometry":{"type":"Point","coordinates":[30.484051,50.459861]},"properties":{"name":"вул. Коперника","lines":"15","arr":["Тм15"],"terminus":0,"mode":"tram","color":"#d6212b","colorDark":"#7c1116","angle":237.2,"snapDist":9,"label":0}},{"type":"Feature","geometry":{"type":"Point","coordinates":[30.488598,50.444006]},"properties":{"name":"вул. Старовокзальна","lines":"15","arr":["Тм15"],"terminus":1,"mode":"tram","color":"#d6212b","colorDark":"#7c1116","angle":312.5,"snapDist":2,"label":0}},{"type":"Feature","geometry":{"type":"Point","coordinates":[30.516467,50.465145]},"properties":{"name":"Контрактова пл.","lines":"16","arr":["Тм16"],"terminus":1,"mode":"tram","color":"#d6212b","colorDark":"#7c1116","angle":135.7,"snapDist":2,"label":0}},{"type":"Feature","geometry":{"type":"Point","coordinates":[30.474135,50.485183]},"properties":{"name":"стадіон Спартак","lines":"16","arr":["Тм16"],"terminus":0,"mode":"tram","color":"#d6212b","colorDark":"#7c1116","angle":-124.4,"snapDist":7,"label":0}},{"type":"Feature","geometry":{"type":"Point","coordinates":[30.462419,50.498116]},"properties":{"name":"вул. Скляренка","lines":"16","arr":["Тм16"],"terminus":0,"mode":"tram","color":"#d6212b","colorDark":"#7c1116","angle":90.5,"snapDist":8,"label":0}},{"type":"Feature","geometry":{"type":"Point","coordinates":[30.489633,50.505503]},"properties":{"name":"Героїв полку «Азов» 1","lines":"16","arr":["Тм16"],"terminus":0,"mode":"tram","color":"#d6212b","colorDark":"#7c1116","angle":70.8,"snapDist":1,"label":1}},{"type":"Feature","geometry":{"type":"Point","coordinates":[30.495539,50.522823]},"properties":{"name":"ст.м.Героїв Дніпра","lines":"16","arr":["Тм16"],"terminus":1,"mode":"tram","color":"#d6212b","colorDark":"#7c1116","angle":178.4,"snapDist":24,"label":1}},{"type":"Feature","geometry":{"type":"Point","coordinates":[30.496264,50.522868]},"properties":{"name":"ст.м.Героїв Дніпра","lines":"16","arr":["Тм16"],"terminus":1,"mode":"tram","color":"#d6212b","colorDark":"#7c1116","angle":338,"snapDist":6,"label":0}},{"type":"Feature","geometry":{"type":"Point","coordinates":[30.490214,50.504402]},"properties":{"name":"Героїв полку «Азов» 1","lines":"16","arr":["Тм16"],"terminus":0,"mode":"tram","color":"#d6212b","colorDark":"#7c1116","angle":251.7,"snapDist":7,"label":0}},{"type":"Feature","geometry":{"type":"Point","coordinates":[30.462394,50.498375]},"properties":{"name":"вул. Скляренка","lines":"16","arr":["Тм16"],"terminus":0,"mode":"tram","color":"#d6212b","colorDark":"#7c1116","angle":260,"snapDist":0,"label":0}},{"type":"Feature","geometry":{"type":"Point","coordinates":[30.473332,50.485786]},"properties":{"name":"стадіон Спартак","lines":"16","arr":["Тм16"],"terminus":0,"mode":"tram","color":"#d6212b","colorDark":"#7c1116","angle":230.7,"snapDist":8,"label":0}},{"type":"Feature","geometry":{"type":"Point","coordinates":[30.515373,50.464783]},"properties":{"name":"Контрактова пл.","lines":"16","arr":["Тм16"],"terminus":1,"mode":"tram","color":"#d6212b","colorDark":"#7c1116","angle":221.6,"snapDist":12,"label":0}},{"type":"Feature","geometry":{"type":"Point","coordinates":[30.504389,50.499007]},"properties":{"name":"вул. Йорданська","lines":"17","arr":["Тм17"],"terminus":1,"mode":"tram","color":"#d6212b","colorDark":"#7c1116","angle":66.5,"snapDist":11,"label":0}},{"type":"Feature","geometry":{"type":"Point","coordinates":[30.462503,50.498155]},"properties":{"name":"вул. Скляренка","lines":"17","arr":["Тм17"],"terminus":0,"mode":"tram","color":"#d6212b","colorDark":"#7c1116","angle":81,"snapDist":1,"label":0}},{"type":"Feature","geometry":{"type":"Point","coordinates":[30.448773,50.521473]},"properties":{"name":"пл.Шевченка (12)","lines":"17","arr":["Тм17"],"terminus":0,"mode":"tram","color":"#d6212b","colorDark":"#7c1116","angle":78.9,"snapDist":2,"label":0}},{"type":"Feature","geometry":{"type":"Point","coordinates":[30.367327,50.526177]},"properties":{"name":"вул. Міська","lines":"17","arr":["Тм17"],"terminus":0,"mode":"tram","color":"#d6212b","colorDark":"#7c1116","angle":42.9,"snapDist":6,"label":0}},{"type":"Feature","geometry":{"type":"Point","coordinates":[30.335367,50.552487]},"properties":{"name":"Пуща-Водиця","lines":"17","arr":["Тм17"],"terminus":1,"mode":"tram","color":"#d6212b","colorDark":"#7c1116","angle":-126.3,"snapDist":12,"label":0}},{"type":"Feature","geometry":{"type":"Point","coordinates":[30.335421,50.55244]},"properties":{"name":"Пуща-Водиця","lines":"17","arr":["Тм17"],"terminus":1,"mode":"tram","color":"#d6212b","colorDark":"#7c1116","angle":234,"snapDist":14,"label":0}},{"type":"Feature","geometry":{"type":"Point","coordinates":[30.366763,50.526567]},"properties":{"name":"вул. Міська","lines":"17","arr":["Тм17"],"terminus":0,"mode":"tram","color":"#d6212b","colorDark":"#7c1116","angle":228.4,"snapDist":12,"label":0}},{"type":"Feature","geometry":{"type":"Point","coordinates":[30.448819,50.521329]},"properties":{"name":"пл.Шевченка (12)","lines":"17","arr":["Тм17"],"terminus":0,"mode":"tram","color":"#d6212b","colorDark":"#7c1116","angle":256.5,"snapDist":6,"label":0}},{"type":"Feature","geometry":{"type":"Point","coordinates":[30.46238,50.497912]},"properties":{"name":"вул. Скляренка","lines":"17","arr":["Тм17"],"terminus":0,"mode":"tram","color":"#d6212b","colorDark":"#7c1116","angle":271.2,"snapDist":5,"label":0}},{"type":"Feature","geometry":{"type":"Point","coordinates":[30.504227,50.499252]},"properties":{"name":"вул. Йорданська","lines":"17","arr":["Тм17"],"terminus":1,"mode":"tram","color":"#d6212b","colorDark":"#7c1116","angle":247.8,"snapDist":0,"label":0}},{"type":"Feature","geometry":{"type":"Point","coordinates":[30.488928,50.443613]},"properties":{"name":"вул. Старовокзальна","lines":"18","arr":["Тм18"],"terminus":1,"mode":"tram","color":"#d6212b","colorDark":"#7c1116","angle":148.5,"snapDist":12,"label":0}},{"type":"Feature","geometry":{"type":"Point","coordinates":[30.484553,50.460034]},"properties":{"name":"вул. Коперника","lines":"18","arr":["Тм18"],"terminus":0,"mode":"tram","color":"#d6212b","colorDark":"#7c1116","angle":142.7,"snapDist":2,"label":0}},{"type":"Feature","geometry":{"type":"Point","coordinates":[30.51571,50.464642]},"properties":{"name":"Контрактова пл.","lines":"18","arr":["Тм18"],"terminus":1,"mode":"tram","color":"#d6212b","colorDark":"#7c1116","angle":5.7,"snapDist":20,"label":0}},{"type":"Feature","geometry":{"type":"Point","coordinates":[30.516942,50.465368]},"properties":{"name":"Контрактова пл.","lines":"18","arr":["Тм18"],"terminus":1,"mode":"tram","color":"#d6212b","colorDark":"#7c1116","angle":132.1,"snapDist":4,"label":0}},{"type":"Feature","geometry":{"type":"Point","coordinates":[30.484776,50.460157]},"properties":{"name":"вул. Коперника","lines":"18","arr":["Тм18"],"terminus":0,"mode":"tram","color":"#d6212b","colorDark":"#7c1116","angle":327,"snapDist":1,"label":0}},{"type":"Feature","geometry":{"type":"Point","coordinates":[30.489203,50.443731]},"properties":{"name":"вул. Старовокзальна","lines":"18","arr":["Тм18"],"terminus":1,"mode":"tram","color":"#d6212b","colorDark":"#7c1116","angle":145.7,"snapDist":4,"label":0}},{"type":"Feature","geometry":{"type":"Point","coordinates":[30.45098,50.520618]},"properties":{"name":"пл.Шевченка","lines":"19","arr":["Тм19"],"terminus":1,"mode":"tram","color":"#d6212b","colorDark":"#7c1116","angle":193.6,"snapDist":3,"label":1}},{"type":"Feature","geometry":{"type":"Point","coordinates":[30.462248,50.497084]},"properties":{"name":"вул. Скляренка","lines":"19","arr":["Тм19"],"terminus":0,"mode":"tram","color":"#d6212b","colorDark":"#7c1116","angle":295.8,"snapDist":6,"label":0}},{"type":"Feature","geometry":{"type":"Point","coordinates":[30.474064,50.485196]},"properties":{"name":"стадіон Спартак","lines":"19","arr":["Тм19"],"terminus":0,"mode":"tram","color":"#d6212b","colorDark":"#7c1116","angle":235.8,"snapDist":0,"label":0}},{"type":"Feature","geometry":{"type":"Point","coordinates":[30.516224,50.464884]},"properties":{"name":"Контрактова пл.","lines":"19","arr":["Тм19"],"terminus":1,"mode":"tram","color":"#d6212b","colorDark":"#7c1116","angle":133.9,"snapDist":2,"label":0}},{"type":"Feature","geometry":{"type":"Point","coordinates":[30.516877,50.465322]},"properties":{"name":"Контрактова пл.","lines":"19","arr":["Тм19"],"terminus":1,"mode":"tram","color":"#d6212b","colorDark":"#7c1116","angle":132.1,"snapDist":0,"label":0}},{"type":"Feature","geometry":{"type":"Point","coordinates":[30.473831,50.485442]},"properties":{"name":"стадіон Спартак","lines":"19","arr":["Тм19"],"terminus":0,"mode":"tram","color":"#d6212b","colorDark":"#7c1116","angle":52.7,"snapDist":5,"label":0}},{"type":"Feature","geometry":{"type":"Point","coordinates":[30.462412,50.49754]},"properties":{"name":"вул. Скляренка","lines":"19","arr":["Тм19"],"terminus":0,"mode":"tram","color":"#d6212b","colorDark":"#7c1116","angle":90,"snapDist":4,"label":0}},{"type":"Feature","geometry":{"type":"Point","coordinates":[30.450697,50.521161]},"properties":{"name":"пл.Шевченка","lines":"19","arr":["Тм19"],"terminus":1,"mode":"tram","color":"#d6212b","colorDark":"#7c1116","angle":12.2,"snapDist":3,"label":0}},{"type":"Feature","geometry":{"type":"Point","coordinates":[30.642483,50.46276]},"properties":{"name":"ст.м. Лісова","lines":"22к","arr":["Тм22к"],"terminus":1,"mode":"tram","color":"#d6212b","colorDark":"#7c1116","angle":336.6,"snapDist":4,"label":0}},{"type":"Feature","geometry":{"type":"Point","coordinates":[30.630131,50.44506]},"properties":{"name":"вул. П. Усенка","lines":"22к","arr":["Тм22к"],"terminus":0,"mode":"tram","color":"#d6212b","colorDark":"#7c1116","angle":290.5,"snapDist":16,"label":0}},{"type":"Feature","geometry":{"type":"Point","coordinates":[30.648071,50.4308]},"properties":{"name":"Дарницький вокзал","lines":"22к","arr":["Тм22к"],"terminus":0,"mode":"tram","color":"#d6212b","colorDark":"#7c1116","angle":157.2,"snapDist":13,"label":0}},{"type":"Feature","geometry":{"type":"Point","coordinates":[30.688661,50.424955]},"properties":{"name":"ЗЗБК","lines":"22к","arr":["Тм22к"],"terminus":1,"mode":"tram","color":"#d6212b","colorDark":"#7c1116","angle":195.1,"snapDist":52,"label":1}},{"type":"Feature","geometry":{"type":"Point","coordinates":[30.689093,50.424908]},"properties":{"name":"ЗЗБК","lines":"22к","arr":["Тм22к"],"terminus":1,"mode":"tram","color":"#d6212b","colorDark":"#7c1116","angle":15.6,"snapDist":37,"label":0}},{"type":"Feature","geometry":{"type":"Point","coordinates":[30.648674,50.430958]},"properties":{"name":"Дарницький вокзал","lines":"22к","arr":["Тм22к"],"terminus":0,"mode":"tram","color":"#d6212b","colorDark":"#7c1116","angle":338.4,"snapDist":2,"label":0}},{"type":"Feature","geometry":{"type":"Point","coordinates":[30.632354,50.446124]},"properties":{"name":"вул. П. Усенка","lines":"22к","arr":["Тм22к"],"terminus":0,"mode":"tram","color":"#d6212b","colorDark":"#7c1116","angle":201,"snapDist":9,"label":0}},{"type":"Feature","geometry":{"type":"Point","coordinates":[30.642555,50.462796]},"properties":{"name":"ст.м. Лісова","lines":"22к","arr":["Тм22к"],"terminus":1,"mode":"tram","color":"#d6212b","colorDark":"#7c1116","angle":140.9,"snapDist":18,"label":0}},{"type":"Feature","geometry":{"type":"Point","coordinates":[30.642633,50.462859]},"properties":{"name":"ст.м. Лісова","lines":"23к","arr":["Тм23к"],"terminus":1,"mode":"tram","color":"#d6212b","colorDark":"#7c1116","angle":303.3,"snapDist":2,"label":0}},{"type":"Feature","geometry":{"type":"Point","coordinates":[30.639619,50.444735]},"properties":{"name":"АТП","lines":"23к","arr":["Тм23к"],"terminus":0,"mode":"tram","color":"#d6212b","colorDark":"#7c1116","angle":64.1,"snapDist":53,"label":1}},{"type":"Feature","geometry":{"type":"Point","coordinates":[30.67631,50.448529]},"properties":{"name":"ДВРЗ","lines":"23к","arr":["Тм23к"],"terminus":1,"mode":"tram","color":"#d6212b","colorDark":"#7c1116","angle":159,"snapDist":47,"label":1}},{"type":"Feature","geometry":{"type":"Point","coordinates":[30.676007,50.448454]},"properties":{"name":"ДВРЗ","lines":"23к","arr":["Тм23к"],"terminus":1,"mode":"tram","color":"#d6212b","colorDark":"#7c1116","angle":158.8,"snapDist":15,"label":0}},{"type":"Feature","geometry":{"type":"Point","coordinates":[30.639405,50.445027]},"properties":{"name":"АТП","lines":"23к","arr":["Тм23к"],"terminus":0,"mode":"tram","color":"#d6212b","colorDark":"#7c1116","angle":65.4,"snapDist":68,"label":0}},{"type":"Feature","geometry":{"type":"Point","coordinates":[30.642688,50.463026]},"properties":{"name":"ст.м. Лісова","lines":"23к","arr":["Тм23к"],"terminus":1,"mode":"tram","color":"#d6212b","colorDark":"#7c1116","angle":96.2,"snapDist":57,"label":0}},{"type":"Feature","geometry":{"type":"Point","coordinates":[30.690538,50.424631]},"properties":{"name":"ЗЗБК","lines":"25","arr":["Тм25"],"terminus":1,"mode":"tram","color":"#d6212b","colorDark":"#7c1116","angle":-164.7,"snapDist":9,"label":0}},{"type":"Feature","geometry":{"type":"Point","coordinates":[30.653354,50.431212]},"properties":{"name":"Дарн ринок","lines":"25","arr":["Тм25"],"terminus":0,"mode":"tram","color":"#d6212b","colorDark":"#7c1116","angle":15.8,"snapDist":5,"label":1}},{"type":"Feature","geometry":{"type":"Point","coordinates":[30.643816,50.412655]},"properties":{"name":"Харківський масив","lines":"25","arr":["Тм25"],"terminus":0,"mode":"tram","color":"#d6212b","colorDark":"#7c1116","angle":337.8,"snapDist":7,"label":0}},{"type":"Feature","geometry":{"type":"Point","coordinates":[30.632928,50.40111]},"properties":{"name":"ст.м. Позняки","lines":"25","arr":["Тм25"],"terminus":1,"mode":"tram","color":"#d6212b","colorDark":"#7c1116","angle":83.2,"snapDist":15,"label":0}},{"type":"Feature","geometry":{"type":"Point","coordinates":[30.632839,50.40129]},"properties":{"name":"ст.м. Позняки","lines":"25","arr":["Тм25"],"terminus":1,"mode":"tram","color":"#d6212b","colorDark":"#7c1116","angle":-96.9,"snapDist":10,"label":0}},{"type":"Feature","geometry":{"type":"Point","coordinates":[30.644064,50.412719]},"properties":{"name":"Харківський масив","lines":"25","arr":["Тм25"],"terminus":0,"mode":"tram","color":"#d6212b","colorDark":"#7c1116","angle":-22.2,"snapDist":11,"label":0}},{"type":"Feature","geometry":{"type":"Point","coordinates":[30.653313,50.431253]},"properties":{"name":"Дарн ринок","lines":"25","arr":["Тм25"],"terminus":0,"mode":"tram","color":"#d6212b","colorDark":"#7c1116","angle":196,"snapDist":1,"label":0}},{"type":"Feature","geometry":{"type":"Point","coordinates":[30.691601,50.424686]},"properties":{"name":"ЗЗБК","lines":"25","arr":["Тм25"],"terminus":1,"mode":"tram","color":"#d6212b","colorDark":"#7c1116","angle":279.7,"snapDist":2,"label":0}},{"type":"Feature","geometry":{"type":"Point","coordinates":[30.642744,50.463467]},"properties":{"name":"ст.м. Лісова","lines":"29","arr":["Тм29"],"terminus":1,"mode":"tram","color":"#d6212b","colorDark":"#7c1116","angle":71.3,"snapDist":74,"label":0}},{"type":"Feature","geometry":{"type":"Point","coordinates":[30.631428,50.446373]},"properties":{"name":"вул. П. Усенка","lines":"29","arr":["Тм29"],"terminus":0,"mode":"tram","color":"#d6212b","colorDark":"#7c1116","angle":3.7,"snapDist":3,"label":0}},{"type":"Feature","geometry":{"type":"Point","coordinates":[30.646935,50.43051]},"properties":{"name":"Дарницький вокзал","lines":"29","arr":["Тм29"],"terminus":0,"mode":"tram","color":"#d6212b","colorDark":"#7c1116","angle":158.3,"snapDist":18,"label":0}},{"type":"Feature","geometry":{"type":"Point","coordinates":[30.68469,50.404222]},"properties":{"name":"ст.м. Бориспільська","lines":"29","arr":["Тм29"],"terminus":1,"mode":"tram","color":"#d6212b","colorDark":"#7c1116","angle":208.7,"snapDist":3,"label":1}},{"type":"Feature","geometry":{"type":"Point","coordinates":[30.684555,50.404731]},"properties":{"name":"ст.м. Бориспільська","lines":"29","arr":["Тм29"],"terminus":1,"mode":"tram","color":"#d6212b","colorDark":"#7c1116","angle":-179.8,"snapDist":9,"label":0}},{"type":"Feature","geometry":{"type":"Point","coordinates":[30.647035,50.430535]},"properties":{"name":"Дарницький вокзал","lines":"29","arr":["Тм29"],"terminus":0,"mode":"tram","color":"#d6212b","colorDark":"#7c1116","angle":158.3,"snapDist":8,"label":0}},{"type":"Feature","geometry":{"type":"Point","coordinates":[30.63158,50.446349]},"properties":{"name":"вул. П. Усенка","lines":"29","arr":["Тм29"],"terminus":0,"mode":"tram","color":"#d6212b","colorDark":"#7c1116","angle":199.9,"snapDist":9,"label":0}},{"type":"Feature","geometry":{"type":"Point","coordinates":[30.632064,50.446225]},"properties":{"name":"Усенка 2","lines":"29","arr":["Тм29"],"terminus":0,"mode":"tram","color":"#d6212b","colorDark":"#7c1116","angle":200.6,"snapDist":8,"label":0}},{"type":"Feature","geometry":{"type":"Point","coordinates":[30.642714,50.463179]},"properties":{"name":"ст.м. Лісова","lines":"29","arr":["Тм29"],"terminus":1,"mode":"tram","color":"#d6212b","colorDark":"#7c1116","angle":96.2,"snapDist":72,"label":0}},{"type":"Feature","geometry":{"type":"Point","coordinates":[30.639101,50.461856]},"properties":{"name":"ст.м. Лісова","lines":"33к","arr":["Тм33к"],"terminus":1,"mode":"tram","color":"#d6212b","colorDark":"#7c1116","angle":156.5,"snapDist":79,"label":1}},{"type":"Feature","geometry":{"type":"Point","coordinates":[30.634627,50.445604]},"properties":{"name":"вул. П. Усенка","lines":"33к","arr":["Тм33к"],"terminus":0,"mode":"tram","color":"#d6212b","colorDark":"#7c1116","angle":21.3,"snapDist":4,"label":1}},{"type":"Feature","geometry":{"type":"Point","coordinates":[30.675763,50.448394]},"properties":{"name":"ДВРЗ","lines":"33к","arr":["Тм33к"],"terminus":1,"mode":"tram","color":"#d6212b","colorDark":"#7c1116","angle":158.8,"snapDist":60,"label":0}},{"type":"Feature","geometry":{"type":"Point","coordinates":[30.676046,50.448464]},"properties":{"name":"ДВРЗ","lines":"33к","arr":["Тм33к"],"terminus":1,"mode":"tram","color":"#d6212b","colorDark":"#7c1116","angle":158.8,"snapDist":19,"label":0}},{"type":"Feature","geometry":{"type":"Point","coordinates":[30.631932,50.446225]},"properties":{"name":"вул. П. Усенка","lines":"33к","arr":["Тм33к"],"terminus":0,"mode":"tram","color":"#d6212b","colorDark":"#7c1116","angle":200.3,"snapDist":6,"label":0}},{"type":"Feature","geometry":{"type":"Point","coordinates":[30.632293,50.446139]},"properties":{"name":"Усенка 2","lines":"33к","arr":["Тм33к"],"terminus":0,"mode":"tram","color":"#d6212b","colorDark":"#7c1116","angle":201,"snapDist":6,"label":0}},{"type":"Feature","geometry":{"type":"Point","coordinates":[30.64093,50.462329]},"properties":{"name":"ст.м. Лісова","lines":"33к","arr":["Тм33к"],"terminus":1,"mode":"tram","color":"#d6212b","colorDark":"#7c1116","angle":156.5,"snapDist":13,"label":0}}]}