{"type":"FeatureCollection","features":[{"type":"Feature","geometry":{"type":"LineString","coordinates":[[30.405561,50.45847],[30.405174,50.458445],[30.405119,50.458441],[30.405049,50.458437],[30.404524,50.458415],[30.404459,50.458412],[30.404279,50.458405],[30.403963,50.458392],[30.402917,50.458342],[30.401419,50.458262],[30.400804,50.458253],[30.400221,50.458213],[30.397744,50.458054],[30.395906,50.457937],[30.393472,50.457777],[30.392955,50.457741],[30.392422,50.457705],[30.389365,50.457488],[30.388635,50.457439],[30.388049,50.457399],[30.386691,50.457307],[30.386262,50.457277],[30.385427,50.457219],[30.385105,50.457198],[30.384689,50.45717],[30.383469,50.45709],[30.381243,50.45694],[30.379428,50.456814],[30.379267,50.456803],[30.378944,50.456782],[30.378591,50.456758],[30.378038,50.456729],[30.373892,50.456439],[30.372701,50.456356],[30.371844,50.456296],[30.369577,50.456147],[30.367906,50.456037],[30.366786,50.455962],[30.365094,50.455851],[30.364112,50.455785],[30.363841,50.455767],[30.361586,50.455617],[30.360038,50.455515],[30.359611,50.455485],[30.358003,50.455366],[30.356057,50.45524],[30.355935,50.455232],[30.355221,50.455188],[30.354977,50.455179],[30.353789,50.4551],[30.353671,50.455093],[30.352832,50.455032],[30.351057,50.454916],[30.349355,50.45482],[30.347169,50.454716],[30.345993,50.454661],[30.343181,50.454496],[30.342262,50.454424],[30.34206,50.454411],[30.341724,50.454387],[30.3386,50.454182],[30.337688,50.454127],[30.336983,50.454081],[30.330161,50.453593]]},"properties":{"name":"Берестейський проспект"}},{"type":"Feature","geometry":{"type":"LineString","coordinates":[[30.40514,50.458791],[30.405048,50.458779],[30.404887,50.458763],[30.404385,50.458714],[30.403953,50.45868],[30.402418,50.458564],[30.401476,50.458495],[30.400552,50.458362],[30.399544,50.458311],[30.398732,50.458255],[30.396072,50.458073],[30.393073,50.457873],[30.39279,50.457854],[30.392415,50.457829],[30.392322,50.457823],[30.389333,50.457615],[30.388616,50.457567],[30.388087,50.457532],[30.386729,50.457441],[30.386194,50.457404],[30.385483,50.457356],[30.384489,50.457288],[30.38339,50.457212],[30.381243,50.457067],[30.3805,50.457017],[30.38009,50.456986],[30.379583,50.456959],[30.378884,50.45691],[30.37834,50.456872],[30.378221,50.456863],[30.377656,50.456823],[30.372474,50.456475],[30.372435,50.456472],[30.371383,50.456401],[30.371367,50.4564],[30.368983,50.45625],[30.368233,50.4562],[30.36614,50.45606],[30.365431,50.456007],[30.365389,50.456004],[30.364847,50.455967],[30.364236,50.455925],[30.364215,50.455923],[30.363844,50.4559],[30.363049,50.455849],[30.363013,50.455846],[30.362827,50.455834],[30.361246,50.455733],[30.361047,50.455721],[30.360825,50.455709],[30.359731,50.455637],[30.359498,50.45562],[30.357955,50.455511],[30.355911,50.455381],[30.355099,50.455333],[30.35351,50.455216],[30.352381,50.455141],[30.351892,50.455109],[30.351629,50.455092],[30.351287,50.455071],[30.349739,50.454977],[30.348453,50.454906],[30.346367,50.454799],[30.34592,50.454773],[30.344241,50.454681],[30.342244,50.454535],[30.342036,50.454521],[30.341907,50.454513],[30.341708,50.4545],[30.336449,50.454146],[30.332714,50.453894],[30.329919,50.453709]]},"properties":{"name":"Берестейський проспект"}},{"type":"Feature","geometry":{"type":"LineString","coordinates":[[30.490929,50.447247],[30.490904,50.447251],[30.488731,50.447604],[30.488696,50.44761],[30.488589,50.447627],[30.487415,50.447819],[30.485926,50.448058],[30.484783,50.448248],[30.484439,50.448305],[30.483688,50.448426],[30.483428,50.448468],[30.48259,50.448603],[30.481822,50.44873],[30.481063,50.448804],[30.480405,50.448916],[30.480334,50.448928],[30.480013,50.448982],[30.478508,50.449228],[30.478168,50.449292],[30.477764,50.449362],[30.476409,50.44958],[30.474991,50.449824],[30.474183,50.449955],[30.473513,50.450067],[30.472385,50.450249],[30.471712,50.450357],[30.469126,50.450782],[30.468322,50.450919],[30.46775,50.451014],[30.466969,50.451133],[30.466687,50.451179],[30.466085,50.45128],[30.464427,50.451544],[30.46032,50.452201],[30.459667,50.452307],[30.458465,50.452514],[30.457823,50.452624],[30.455518,50.453],[30.454509,50.45317],[30.453651,50.453314],[30.452628,50.45348],[30.452469,50.453506],[30.451285,50.453706],[30.447905,50.454269],[30.447455,50.454344],[30.447071,50.454403],[30.446355,50.454518],[30.44556,50.45465],[30.445078,50.45473],[30.4421,50.455224],[30.441568,50.455315],[30.441389,50.455344],[30.441181,50.455379],[30.439593,50.455642],[30.436985,50.456076],[30.436598,50.456137],[30.436206,50.456202],[30.435479,50.456322],[30.434764,50.456435],[30.433445,50.456647],[30.430324,50.45716],[30.430035,50.457209],[30.429613,50.457281],[30.429423,50.457311],[30.427835,50.457563],[30.426763,50.457734],[30.426523,50.457774],[30.423186,50.458325],[30.422342,50.458466],[30.421489,50.458607],[30.420794,50.458722],[30.419539,50.458918],[30.418893,50.459023],[30.41792,50.459216],[30.416738,50.459484],[30.416288,50.459552],[30.415379,50.459593],[30.414995,50.459583],[30.414286,50.459521],[30.413361,50.459407],[30.412352,50.459257],[30.411842,50.459192],[30.411213,50.459098],[30.409793,50.459041],[30.40821,50.458943],[30.407551,50.458896],[30.407249,50.458875],[30.406838,50.458873],[30.406678,50.458886],[30.406596,50.458892],[30.4065,50.458904]]},"properties":{"name":"Берестейський проспект"}},{"type":"Feature","geometry":{"type":"LineString","coordinates":[[30.490831,50.446957],[30.490806,50.446961],[30.490599,50.446995],[30.489623,50.447158],[30.489305,50.447211],[30.487621,50.447491],[30.486269,50.447716],[30.484718,50.447974],[30.484173,50.448065],[30.483541,50.44817],[30.483325,50.448206]]},"properties":{"name":"Берестейський проспект"}},{"type":"Feature","geometry":{"type":"LineString","coordinates":[[30.406282,50.45851],[30.406685,50.458538],[30.407079,50.458565],[30.407431,50.458591],[30.407783,50.458617],[30.408277,50.458657],[30.40943,50.458739],[30.410001,50.458782],[30.410663,50.45885],[30.411126,50.458918],[30.411733,50.45897],[30.411974,50.458993],[30.412336,50.459031],[30.413466,50.459172],[30.41402,50.459227],[30.414202,50.459241],[30.414681,50.459273],[30.414918,50.459291],[30.415373,50.459293],[30.416309,50.459256],[30.416687,50.459216],[30.416972,50.459181],[30.417621,50.459081],[30.419852,50.458706],[30.420301,50.458633],[30.422139,50.458316],[30.424833,50.457897],[30.424932,50.45788],[30.425165,50.45784],[30.42578,50.457737],[30.426974,50.457544],[30.429936,50.457063],[30.430783,50.456925],[30.431487,50.45681],[30.432685,50.456615],[30.432973,50.456568],[30.433171,50.456536],[30.43329,50.456516],[30.435949,50.456083],[30.436283,50.456025],[30.436873,50.455928],[30.437384,50.455842],[30.437988,50.455749],[30.438366,50.455685],[30.439456,50.455507],[30.443564,50.454826],[30.444999,50.45459],[30.445632,50.454495],[30.446373,50.454374],[30.447477,50.454199],[30.448084,50.454103],[30.448327,50.454063],[30.450018,50.453792],[30.453023,50.453288],[30.453755,50.453164],[30.46115,50.45193],[30.461648,50.451848],[30.465748,50.451211],[30.465798,50.451203],[30.466752,50.451049],[30.46758,50.450911],[30.469111,50.45065],[30.471729,50.450229],[30.474103,50.449846],[30.475252,50.449663],[30.476345,50.449482],[30.478323,50.449126],[30.479055,50.449009],[30.479896,50.448866],[30.481088,50.448604]]},"properties":{"name":"Берестейський проспект"}},{"type":"Feature","geometry":{"type":"LineString","coordinates":[[30.481088,50.448604],[30.481587,50.448493],[30.482199,50.448396],[30.482483,50.448347],[30.482611,50.448322],[30.483325,50.448206],[30.482602,50.44841],[30.481584,50.448591],[30.481088,50.448604]]},"properties":{"name":"Берестейський проспект"}},{"type":"Feature","geometry":{"type":"LineString","coordinates":[[30.476345,50.449482],[30.476294,50.449341],[30.476289,50.449329],[30.47616,50.448976],[30.476037,50.448608],[30.475853,50.448099],[30.475836,50.448076],[30.475817,50.448054],[30.475753,50.447983],[30.475675,50.447922],[30.475518,50.447845]]},"properties":{"name":"вулиця Шолуденка"}},{"type":"Feature","geometry":{"type":"LineString","coordinates":[[30.476409,50.44958],[30.476445,50.449669],[30.476477,50.449743],[30.476599,50.450025],[30.476663,50.450167],[30.476717,50.450291],[30.476767,50.450414],[30.476793,50.450477],[30.476869,50.450664],[30.476969,50.450911],[30.476989,50.450964],[30.477256,50.451632],[30.477284,50.451695],[30.477309,50.451738],[30.47738,50.451851],[30.477417,50.451901],[30.477681,50.452261],[30.47789,50.452552],[30.477917,50.45259],[30.478003,50.452757],[30.47833,50.453401],[30.478665,50.454135],[30.478969,50.454831],[30.479068,50.455051],[30.479103,50.455108],[30.479136,50.455153],[30.47916,50.455189]]},"properties":{"name":"вулиця Шолуденка"}},{"type":"Feature","geometry":{"type":"LineString","coordinates":[[30.432116,50.441549],[30.432684,50.441679],[30.43333,50.441826],[30.434483,50.442101],[30.434553,50.442119],[30.435805,50.442438],[30.436543,50.442628],[30.436785,50.442688],[30.437883,50.442962],[30.437938,50.442976],[30.438226,50.443049],[30.438276,50.443062],[30.439107,50.443276],[30.439703,50.44343],[30.4411,50.443787],[30.441265,50.443831],[30.441609,50.443918],[30.442664,50.444185],[30.442788,50.444216],[30.443604,50.444399],[30.445523,50.444893],[30.445992,50.445015],[30.446014,50.44502],[30.447244,50.445328],[30.447333,50.44535],[30.448528,50.445657],[30.450673,50.446209],[30.451954,50.446539],[30.452333,50.446626],[30.452602,50.446673],[30.452907,50.446706],[30.453174,50.446714],[30.453434,50.446712],[30.453682,50.446696],[30.454732,50.446581],[30.455594,50.446476],[30.457312,50.446235],[30.458198,50.446121],[30.459524,50.445965],[30.460415,50.445865],[30.46083,50.445823],[30.461233,50.445799],[30.461625,50.445786],[30.462148,50.44579],[30.462827,50.445837],[30.46332,50.44591],[30.463838,50.446014],[30.465414,50.446334],[30.466493,50.446542],[30.467076,50.446645],[30.46756,50.446737],[30.467964,50.446814],[30.470434,50.4473],[30.470775,50.447345],[30.471237,50.447386],[30.471517,50.44742],[30.473318,50.447723],[30.47433,50.447808],[30.475518,50.447845],[30.476192,50.447835],[30.476557,50.447815],[30.477126,50.447775],[30.47758,50.447738],[30.478198,50.447669],[30.478581,50.447625],[30.478843,50.447589],[30.479329,50.447519],[30.479612,50.447479],[30.479757,50.447456],[30.479795,50.447451],[30.479986,50.447443],[30.48021,50.447435],[30.480673,50.447382],[30.481137,50.447332],[30.481402,50.447329],[30.481567,50.447335],[30.481743,50.447377],[30.481943,50.447493]]},"properties":{"name":"Борщагівська вулиця"}},{"type":"Feature","geometry":{"type":"LineString","coordinates":[[30.432292,50.441345],[30.433124,50.441557],[30.433224,50.441582],[30.434379,50.44188],[30.435683,50.442214],[30.436544,50.442435],[30.439733,50.443239],[30.440178,50.443345],[30.440292,50.443369],[30.440741,50.443471],[30.441384,50.443626],[30.441662,50.443695],[30.442216,50.443836],[30.442733,50.443966],[30.443146,50.444069],[30.44326,50.444097]]},"properties":{"name":"Борщагівська вулиця"}},{"type":"Feature","geometry":{"type":"LineString","coordinates":[[30.43333,50.441826],[30.433334,50.441888],[30.433337,50.441941],[30.433354,50.442204],[30.433377,50.44254],[30.433396,50.44283]]},"properties":{"name":"Західна вулиця"}},{"type":"Feature","geometry":{"type":"LineString","coordinates":[[30.431386,50.443466],[30.431417,50.443547],[30.431649,50.444132],[30.431706,50.444283],[30.431714,50.444302],[30.431762,50.444428],[30.431874,50.444721],[30.432045,50.445144],[30.432099,50.445282],[30.432221,50.445577],[30.432271,50.445698],[30.432306,50.445782],[30.432324,50.445826],[30.432365,50.445925],[30.432435,50.446094],[30.432463,50.446166],[30.432486,50.446225],[30.43252,50.446311],[30.432616,50.446556],[30.432742,50.446881],[30.432807,50.447045],[30.432821,50.447082],[30.43311,50.44782],[30.43315,50.447923],[30.433192,50.44803],[30.433225,50.448121],[30.43325,50.448189],[30.433306,50.448342],[30.433373,50.448527],[30.433475,50.448806],[30.433664,50.449321],[30.433747,50.449549],[30.433793,50.449674],[30.433875,50.449897],[30.433907,50.449986],[30.433952,50.45011],[30.433992,50.450222],[30.434076,50.450452],[30.434213,50.450826],[30.434293,50.451044],[30.434404,50.451333],[30.434458,50.451475],[30.434503,50.451594],[30.434552,50.451723],[30.434631,50.451931],[30.434733,50.452196],[30.43481,50.452397],[30.434913,50.452667],[30.435037,50.45299],[30.435193,50.45337],[30.435332,50.453728],[30.43542,50.453966],[30.435436,50.45401],[30.435464,50.454086],[30.43547,50.454105],[30.435481,50.454133],[30.435634,50.454489],[30.435654,50.454534],[30.435659,50.454547],[30.435666,50.454563],[30.436061,50.455545],[30.436138,50.455711],[30.436202,50.45585],[30.436212,50.455872],[30.436283,50.456025]]},"properties":{"name":"Гарматна вулиця"}},{"type":"Feature","geometry":{"type":"LineString","coordinates":[[30.435388,50.436527],[30.435333,50.436564],[30.435248,50.436626],[30.435189,50.436701],[30.434715,50.437495],[30.434658,50.437587],[30.434647,50.437604],[30.434602,50.437677],[30.43455,50.437761],[30.434314,50.438145],[30.434147,50.438415],[30.4336,50.439305],[30.433379,50.439652],[30.433333,50.439724],[30.433303,50.439771],[30.433269,50.439824],[30.433261,50.439836],[30.432954,50.440313],[30.4326,50.440862],[30.432371,50.441217],[30.432292,50.441345]]},"properties":{"name":"Гарматна вулиця"}},{"type":"Feature","geometry":{"type":"LineString","coordinates":[[30.432435,50.446094],[30.432277,50.446118],[30.430675,50.446371],[30.428572,50.446703],[30.426425,50.447041],[30.426173,50.447077],[30.426004,50.447102],[30.425594,50.447162],[30.424873,50.447268],[30.424321,50.4473],[30.423439,50.447301],[30.422602,50.447256],[30.421963,50.447175],[30.421852,50.447161],[30.42167,50.447138],[30.420578,50.446899],[30.420413,50.446858],[30.420271,50.446828],[30.420225,50.446818],[30.420179,50.446806],[30.420066,50.446776],[30.419585,50.446649],[30.419224,50.446553],[30.418489,50.446361],[30.416568,50.445866],[30.416288,50.445792],[30.415187,50.445506],[30.414312,50.445287],[30.41366,50.445121],[30.410751,50.444374],[30.410471,50.444304],[30.410234,50.444242],[30.410026,50.444165],[30.409944,50.44413],[30.409663,50.444004],[30.409241,50.443768],[30.40887,50.44351],[30.408718,50.443395],[30.408599,50.443305],[30.408328,50.443032],[30.4081,50.44272],[30.407986,50.442498],[30.407885,50.44229],[30.407822,50.442082],[30.407768,50.441777],[30.407743,50.441521],[30.407778,50.441216],[30.407866,50.44083],[30.408057,50.440458],[30.408231,50.44019],[30.408612,50.439554],[30.408669,50.439459],[30.409213,50.438554],[30.409538,50.438023],[30.409581,50.437952],[30.409675,50.43781],[30.409755,50.437687],[30.409816,50.437589],[30.410246,50.436939],[30.411653,50.434694],[30.411914,50.434201],[30.412154,50.433904],[30.412185,50.433873]]},"properties":{"name":"бульвар Вацлава Гавела"}},{"type":"Feature","geometry":{"type":"LineString","coordinates":[[30.413653,50.432031],[30.413075,50.432943],[30.412878,50.433291],[30.412592,50.433797],[30.412503,50.434008],[30.412269,50.434406],[30.411948,50.434789],[30.410749,50.436714],[30.410544,50.437042],[30.410212,50.437672],[30.410059,50.437906],[30.40994,50.438041],[30.4099,50.438084],[30.40988,50.438107],[30.409552,50.438553],[30.408637,50.439988],[30.408461,50.440252],[30.408297,50.44055],[30.408122,50.440898],[30.408037,50.441213],[30.408022,50.441449],[30.408051,50.441766],[30.408098,50.442063],[30.40817,50.442259],[30.408231,50.442387],[30.408382,50.442655],[30.408515,50.442833],[30.408642,50.442979],[30.408936,50.443236],[30.409161,50.443418],[30.409505,50.443659],[30.409903,50.443873],[30.410008,50.443921],[30.410159,50.44399],[30.410387,50.44408],[30.410571,50.444128],[30.414404,50.445122],[30.415785,50.445489],[30.416652,50.445718],[30.420138,50.446611],[30.420202,50.446628],[30.420268,50.446646],[30.420467,50.446694],[30.420664,50.446747],[30.421127,50.446842],[30.421756,50.446972]]},"properties":{"name":"бульвар Вацлава Гавела"}},{"type":"Feature","geometry":{"type":"LineString","coordinates":[[30.42049,50.446464],[30.420861,50.446561],[30.421945,50.446779],[30.422302,50.446833],[30.422819,50.44688],[30.423419,50.446904],[30.423959,50.446902],[30.424406,50.446883],[30.424687,50.44686],[30.424982,50.446832],[30.425281,50.446793],[30.425603,50.446748],[30.425794,50.44672],[30.426392,50.446628],[30.42782,50.446401],[30.428701,50.446265],[30.430038,50.446058],[30.431242,50.445868],[30.432161,50.445716],[30.432271,50.445698]]},"properties":{"name":"бульвар Вацлава Гавела"}},{"type":"Feature","geometry":{"type":"LineString","coordinates":[[30.4268,50.423649],[30.426975,50.4236]]},"properties":{"name":"бульвар Вацлава Гавела"}},{"type":"Feature","geometry":{"type":"LineString","coordinates":[[30.432116,50.441549],[30.431214,50.441327],[30.430268,50.441079],[30.429408,50.440846],[30.428218,50.440502],[30.426394,50.440026],[30.425397,50.439775],[30.424661,50.439587],[30.424135,50.439455],[30.421169,50.438679],[30.419909,50.438376],[30.419018,50.438148],[30.418533,50.438024],[30.416612,50.43752],[30.414786,50.43705],[30.413207,50.436644],[30.411908,50.436312],[30.410578,50.435994],[30.410315,50.43593],[30.410259,50.435916],[30.409852,50.435812],[30.409217,50.435618],[30.408896,50.435519],[30.40828,50.435364],[30.408219,50.435349],[30.407475,50.435156],[30.406358,50.434866],[30.404925,50.434495],[30.403394,50.434097]]},"properties":{"name":"проспект Любомира Гузара"}},{"type":"Feature","geometry":{"type":"LineString","coordinates":[[30.432292,50.441345],[30.426136,50.439764],[30.425443,50.439588],[30.424774,50.439418],[30.423017,50.438967],[30.421872,50.438662],[30.419933,50.438155],[30.419156,50.437955],[30.418706,50.437847],[30.416995,50.437407],[30.414967,50.436873],[30.413221,50.436419],[30.412075,50.436099],[30.411451,50.435935],[30.411137,50.435852],[30.410589,50.435708],[30.410079,50.435614],[30.409891,50.435573],[30.409188,50.435413],[30.408728,50.435297],[30.408349,50.435207],[30.407112,50.434897],[30.406304,50.434695],[30.403948,50.434104],[30.40349,50.433984]]},"properties":{"name":"проспект Любомира Гузара"}},{"type":"Feature","geometry":{"type":"LineString","coordinates":[[30.418706,50.437847],[30.418806,50.437824],[30.418867,50.437802],[30.418894,50.43779],[30.418932,50.437771],[30.419067,50.43757],[30.419938,50.436191],[30.420006,50.436086],[30.420079,50.435977],[30.420698,50.434987],[30.421111,50.434322],[30.421258,50.434086],[30.421284,50.434048],[30.421307,50.434014],[30.421352,50.433948],[30.421358,50.433939],[30.422008,50.432867],[30.422067,50.432768],[30.422411,50.432259],[30.422416,50.432252],[30.422473,50.43216],[30.422551,50.432039],[30.422555,50.432033],[30.422642,50.4319],[30.422853,50.43162],[30.423122,50.431324],[30.423429,50.431057],[30.423701,50.430846],[30.423891,50.430715],[30.42396,50.430671],[30.423979,50.430659],[30.424051,50.430614],[30.424387,50.430416],[30.424596,50.430304],[30.424686,50.43026],[30.424766,50.430222],[30.424812,50.430199],[30.42486,50.430176],[30.42502,50.430106],[30.425187,50.430036],[30.425597,50.429882],[30.426278,50.429683],[30.426294,50.429679],[30.426448,50.429636],[30.42659,50.429596],[30.427013,50.429487],[30.427957,50.429241],[30.428065,50.429211],[30.428254,50.429163],[30.428371,50.429132],[30.428485,50.429102],[30.428634,50.429059],[30.428708,50.429039],[30.429649,50.42879],[30.43001,50.428692],[30.430202,50.428579]]},"properties":{"name":"вулиця Академіка Шалімова"}},{"type":"Feature","geometry":{"type":"LineString","coordinates":[[30.430322,50.428763],[30.430037,50.428731],[30.429635,50.428833],[30.429447,50.428881],[30.428883,50.429025],[30.428659,50.429086],[30.428499,50.42913],[30.428388,50.429159],[30.428268,50.42919],[30.428083,50.42924],[30.427846,50.429301],[30.426608,50.429624],[30.42647,50.429666],[30.426318,50.429709],[30.426299,50.429715],[30.425611,50.429909],[30.425216,50.430058],[30.424838,50.430223],[30.424567,50.430354],[30.424008,50.430678],[30.423991,50.430689],[30.423731,50.430866],[30.423466,50.431073],[30.423387,50.431139],[30.423167,50.43134],[30.422897,50.431615],[30.422727,50.431831],[30.422583,50.43204],[30.422579,50.432046],[30.422505,50.432169],[30.422447,50.432259],[30.422442,50.432267],[30.422103,50.432779],[30.421823,50.433241],[30.421397,50.43395],[30.421392,50.433959],[30.421349,50.434026]]},"properties":{"name":"вулиця Академіка Шалімова"}},{"type":"Feature","geometry":{"type":"LineString","coordinates":[[30.417619,50.439912],[30.417606,50.439935],[30.417594,50.439955],[30.417572,50.439992],[30.417533,50.440061],[30.417503,50.440115],[30.41742,50.440262],[30.417282,50.440486],[30.416669,50.441437],[30.416647,50.441471],[30.41661,50.441529],[30.416448,50.441783],[30.416418,50.44183],[30.416346,50.441952],[30.416277,50.442063],[30.416145,50.442264],[30.416118,50.442309],[30.415953,50.442582],[30.41572,50.442962],[30.415653,50.443069],[30.415476,50.443355],[30.41539,50.443494],[30.415302,50.443638],[30.415117,50.443943],[30.41473,50.44457],[30.414707,50.444607],[30.414694,50.44463],[30.414687,50.444641],[30.414568,50.444843],[30.41452,50.444924],[30.414479,50.445001],[30.414462,50.445028],[30.414404,50.445122]]},"properties":{"name":"вулиця Академіка Шалімова"}},{"type":"Feature","geometry":{"type":"LineString","coordinates":[[30.418425,50.413087],[30.418553,50.413154],[30.419095,50.413307],[30.419194,50.413333],[30.419593,50.41345],[30.419675,50.413473],[30.420424,50.413688],[30.42106,50.413872],[30.421164,50.413905],[30.421507,50.413997],[30.422057,50.414175],[30.42216,50.414217],[30.422711,50.41444],[30.422846,50.414496],[30.422943,50.414552],[30.423091,50.414665],[30.423443,50.414967],[30.423606,50.415167],[30.423749,50.415366],[30.423792,50.415462],[30.423839,50.415567],[30.423901,50.415779],[30.423911,50.415817],[30.423977,50.416064],[30.423991,50.416122],[30.42402,50.416229],[30.424106,50.416524],[30.424127,50.416604],[30.42416,50.416727],[30.424204,50.41689],[30.424438,50.417739],[30.424591,50.418306],[30.424889,50.41936],[30.424908,50.419427],[30.424979,50.41967],[30.424993,50.419729],[30.425014,50.419811],[30.425034,50.419881]]},"properties":{"name":"Відрадний проспект"}},{"type":"Feature","geometry":{"type":"LineString","coordinates":[[30.435388,50.436527],[30.435274,50.436398],[30.434587,50.43535],[30.434527,50.435255],[30.434301,50.434895],[30.434231,50.434784],[30.434125,50.434616],[30.434003,50.434428],[30.433947,50.434342],[30.433931,50.434318],[30.433787,50.434095],[30.433765,50.434062],[30.433035,50.432939],[30.432948,50.432804],[30.432897,50.432725],[30.432757,50.432511],[30.432627,50.432311],[30.432433,50.432011],[30.432324,50.431844],[30.432184,50.431629],[30.432066,50.431447],[30.431926,50.431232],[30.431865,50.431138],[30.43177,50.430992],[30.431132,50.430009],[30.431023,50.429841],[30.430561,50.429131],[30.43039,50.428868],[30.430322,50.428763],[30.430202,50.428579],[30.430126,50.428461],[30.429934,50.428166],[30.429373,50.427303],[30.429189,50.42702],[30.428965,50.426674],[30.428839,50.426481],[30.428634,50.426165],[30.428406,50.425814],[30.428321,50.425684],[30.427868,50.424986],[30.42722,50.423989],[30.427135,50.423858],[30.42707,50.423758],[30.427012,50.423662],[30.426975,50.4236],[30.426938,50.423538]]},"properties":{"name":"Відрадний проспект"}},{"type":"Feature","geometry":{"type":"LineString","coordinates":[[30.425034,50.419881],[30.425091,50.419942],[30.425113,50.419977],[30.425358,50.420793],[30.425664,50.421436],[30.425974,50.421913],[30.426076,50.422074],[30.426691,50.423037],[30.426703,50.423055],[30.426951,50.423462],[30.426953,50.423469],[30.426953,50.42348],[30.426938,50.423538],[30.426862,50.423506],[30.42685,50.423499],[30.426838,50.423489],[30.426811,50.423449],[30.426575,50.423091],[30.426564,50.423073],[30.426417,50.422853],[30.425931,50.422113],[30.425825,50.421952],[30.425809,50.421928],[30.42539,50.421294],[30.425305,50.421124],[30.42522,50.420898],[30.425192,50.420808],[30.425158,50.420677],[30.425154,50.420664],[30.425148,50.420644],[30.425006,50.420087],[30.424985,50.419968],[30.425034,50.419881]]},"properties":{"name":"Відрадний проспект"}},{"type":"Feature","geometry":{"type":"LineString","coordinates":[[30.42707,50.423758],[30.427286,50.423689],[30.427958,50.42351],[30.428182,50.423451],[30.428963,50.423243],[30.429788,50.423024],[30.429823,50.423014],[30.429898,50.422995],[30.430019,50.422962],[30.430436,50.422851],[30.430565,50.422817],[30.430687,50.422785],[30.43073,50.422774],[30.43097,50.422709],[30.431496,50.42257],[30.432405,50.422328],[30.432482,50.422307],[30.433351,50.422076],[30.434049,50.421891],[30.434175,50.421857],[30.434291,50.421826],[30.434386,50.421801],[30.434938,50.421654],[30.435232,50.421576],[30.435994,50.421373],[30.436094,50.421347]]},"properties":{"name":"вулиця Олекси Гірника"}},{"type":"Feature","geometry":{"type":"LineString","coordinates":[[30.436094,50.421347],[30.436063,50.421291],[30.435852,50.420962],[30.435777,50.420843],[30.435694,50.420712],[30.435375,50.420209],[30.435233,50.419991],[30.434953,50.41956],[30.434704,50.419443],[30.433978,50.419058],[30.433791,50.418956],[30.43367,50.418894],[30.433596,50.418858],[30.433506,50.418811],[30.433448,50.418782],[30.433387,50.41875],[30.433321,50.418714],[30.432537,50.417643],[30.432405,50.417457],[30.431956,50.416802],[30.431595,50.416277],[30.431389,50.415986],[30.430632,50.414917],[30.430428,50.414628],[30.430059,50.414108],[30.429979,50.414],[30.429927,50.413922],[30.429511,50.413334],[30.429482,50.413293]]},"properties":{"name":"Новопольова вулиця"}},{"type":"Feature","geometry":{"type":"LineString","coordinates":[[30.428973,50.413073],[30.429122,50.413102],[30.429257,50.413153],[30.429482,50.413293],[30.429275,50.413054],[30.429169,50.412921]]},"properties":{"name":"Новопольова вулиця"}},{"type":"Feature","geometry":{"type":"LineString","coordinates":[[30.428817,50.41305],[30.428733,50.413049],[30.428513,50.413064],[30.428712,50.412921]]},"properties":{"name":"Пост-Волинська вулиця"}},{"type":"Feature","geometry":{"type":"LineString","coordinates":[[30.428513,50.413064],[30.428321,50.413118],[30.425875,50.413688],[30.425284,50.413833],[30.424606,50.413999],[30.423464,50.414278],[30.423262,50.414331],[30.423126,50.414369],[30.423,50.414435],[30.42296,50.414451],[30.422846,50.414496]]},"properties":{"name":"Пост-Волинська вулиця"}},{"type":"Feature","geometry":{"type":"LineString","coordinates":[[30.418425,50.413087],[30.418287,50.413015],[30.4176,50.412623],[30.417341,50.412473],[30.417189,50.41238],[30.416676,50.412037],[30.416552,50.411958],[30.416397,50.411867],[30.416247,50.411757],[30.416134,50.411636],[30.416071,50.411523],[30.416061,50.41141],[30.416082,50.411276],[30.416104,50.411148],[30.416108,50.411025],[30.416065,50.410909],[30.415869,50.410758],[30.415793,50.4107],[30.415377,50.410359],[30.415303,50.410289],[30.415251,50.410242],[30.414707,50.409754],[30.41461,50.409676],[30.414563,50.409615]]},"properties":{"name":"вулиця 9 Травня"}},{"type":"Feature","geometry":{"type":"LineString","coordinates":[[30.41461,50.409676],[30.414499,50.409653],[30.414345,50.40968],[30.414064,50.409822],[30.413975,50.409875],[30.41394,50.409896],[30.413749,50.410006],[30.413558,50.410121],[30.413,50.410468],[30.412454,50.4108],[30.41132,50.411528]]},"properties":{"name":"проспект Академіка Корольова"}},{"type":"Feature","geometry":{"type":"LineString","coordinates":[[30.399455,50.419996],[30.400046,50.419517],[30.400342,50.419289],[30.40102,50.418795],[30.401093,50.418741],[30.401171,50.418684],[30.401226,50.418642],[30.401564,50.418388],[30.402135,50.417864],[30.402508,50.417515],[30.404292,50.416161],[30.404894,50.415684],[30.405078,50.415543],[30.405213,50.415444],[30.407041,50.414263],[30.407159,50.414196],[30.408551,50.413375],[30.409238,50.41293],[30.410203,50.412352],[30.410355,50.41225],[30.410687,50.412023],[30.41123,50.411627],[30.41132,50.411528],[30.411159,50.411591],[30.411092,50.411631],[30.410549,50.411994],[30.41026,50.412194],[30.410117,50.412297]]},"properties":{"name":"проспект Академіка Корольова"}},{"type":"Feature","geometry":{"type":"LineString","coordinates":[[30.399003,50.419778],[30.40051,50.41867],[30.400637,50.418574],[30.400774,50.41847],[30.401154,50.418185],[30.402292,50.417508],[30.402559,50.417318],[30.403198,50.416839],[30.404789,50.415629],[30.405154,50.415365],[30.40618,50.41468],[30.406951,50.414209],[30.408169,50.413481]]},"properties":{"name":"проспект Академіка Корольова"}},{"type":"Feature","geometry":{"type":"LineString","coordinates":[[30.393952,50.426494],[30.394099,50.426265]]},"properties":{"name":"проспект Академіка Корольова"}},{"type":"Feature","geometry":{"type":"LineString","coordinates":[[30.394377,50.426604],[30.394326,50.426669],[30.394181,50.426827]]},"properties":{"name":"проспект Академіка Корольова"}},{"type":"Feature","geometry":{"type":"LineString","coordinates":[[30.409753,50.412239],[30.40979,50.412249],[30.409973,50.412261],[30.410117,50.412297]]},"properties":{"name":"вулиця Вахтанга Кікабідзе"}},{"type":"Feature","geometry":{"type":"LineString","coordinates":[[30.400543,50.409231],[30.40065,50.409309],[30.400958,50.409593],[30.401264,50.409876],[30.401377,50.409969],[30.401524,50.410064],[30.401721,50.410152],[30.401836,50.410192],[30.402126,50.410269],[30.402343,50.410294],[30.40286,50.410352],[30.403348,50.41039],[30.403565,50.410406],[30.40441,50.410471],[30.404468,50.410475],[30.404635,50.410489],[30.404722,50.410496],[30.405028,50.410521],[30.405282,50.410542],[30.405419,50.410553],[30.405548,50.410563],[30.40583,50.410587],[30.406444,50.410632],[30.406559,50.410641],[30.406885,50.410674],[30.407304,50.410751],[30.407638,50.410882],[30.408004,50.411108],[30.408177,50.411215],[30.408387,50.411349],[30.408943,50.411711]]},"properties":{"name":"вулиця Вахтанга Кікабідзе"}},{"type":"Feature","geometry":{"type":"LineString","coordinates":[[30.416065,50.410909],[30.416129,50.410879]]},"properties":{"name":"провулок Миру"}},{"type":"Feature","geometry":{"type":"LineString","coordinates":[[30.421349,50.434026],[30.421307,50.434014],[30.421281,50.434006],[30.42127,50.434003],[30.420865,50.4339],[30.420768,50.433875],[30.419472,50.433546],[30.417448,50.43303],[30.417115,50.43294],[30.41667,50.432819],[30.416476,50.432766],[30.415927,50.432617],[30.415865,50.4326],[30.415276,50.43245],[30.415125,50.432411],[30.414555,50.432263],[30.414092,50.432142],[30.413988,50.432117],[30.41385,50.432083],[30.413712,50.432049],[30.413653,50.432031]]},"properties":{"name":"вулиця Академіка Стражеска"}},{"type":"Feature","geometry":{"type":"LineString","coordinates":[[30.40994,50.438041],[30.41044,50.438158],[30.410504,50.438175],[30.410738,50.438236],[30.41107,50.438324],[30.411533,50.438447],[30.411653,50.438479],[30.411742,50.438502],[30.411833,50.438526],[30.412301,50.438654],[30.412623,50.438738],[30.413453,50.438954],[30.413574,50.438985],[30.413597,50.438991],[30.413729,50.439024],[30.414653,50.439259],[30.415627,50.43951],[30.416573,50.439742],[30.417494,50.439973],[30.417529,50.439982],[30.417572,50.439992]]},"properties":{"name":"вулиця Віталія Скакуна"}},{"type":"Feature","geometry":{"type":"LineString","coordinates":[[30.42049,50.446464],[30.420475,50.446611],[30.420467,50.446694],[30.420413,50.446858],[30.420369,50.446958],[30.420328,50.447027],[30.420287,50.447095],[30.419946,50.447662],[30.419716,50.448045],[30.419502,50.4484],[30.419376,50.448609],[30.418573,50.449945],[30.418531,50.450015],[30.418434,50.450175],[30.418384,50.450258],[30.418331,50.450339],[30.418091,50.450726],[30.41767,50.451419],[30.417638,50.451496],[30.417601,50.451581],[30.417528,50.451784],[30.417508,50.451871],[30.417443,50.452146],[30.417446,50.452584],[30.417516,50.453704],[30.417521,50.45377],[30.417561,50.454251],[30.417573,50.454377],[30.417572,50.454464],[30.417556,50.454779],[30.417523,50.455446],[30.417562,50.456081],[30.417606,50.456288],[30.417715,50.45645],[30.417893,50.456636],[30.41865,50.457278],[30.419033,50.4575],[30.41918,50.457587],[30.419355,50.457679],[30.419695,50.457845],[30.420087,50.458017],[30.420602,50.458227],[30.420871,50.458311],[30.421108,50.458379]]},"properties":{"name":"вулиця Миколи Василенка"}},{"type":"Feature","geometry":{"type":"LineString","coordinates":[[30.433192,50.44803],[30.433137,50.448039],[30.433073,50.448049]]},"properties":{"name":"Машинобудівна вулиця"}},{"type":"Feature","geometry":{"type":"LineString","coordinates":[[30.540964,50.492175],[30.541796,50.492417],[30.543273,50.49285],[30.544171,50.493078],[30.545063,50.493304],[30.546043,50.493477],[30.546823,50.493591],[30.54808,50.49375],[30.549846,50.49397],[30.55223,50.494278],[30.557286,50.494938],[30.559064,50.495144],[30.560153,50.495241],[30.560546,50.495273],[30.561399,50.495339],[30.561816,50.495371],[30.562202,50.4954],[30.562606,50.495417],[30.563215,50.495438],[30.563872,50.49546],[30.565597,50.495484],[30.56572,50.495483],[30.566738,50.495477],[30.568139,50.495469],[30.56875,50.495468],[30.570136,50.495453],[30.570766,50.495448],[30.571902,50.495442],[30.572952,50.495435],[30.574589,50.495425],[30.575331,50.495401],[30.577045,50.49541],[30.578148,50.495406],[30.578945,50.495404],[30.581002,50.495387],[30.581567,50.495375],[30.581896,50.495366],[30.582257,50.49535],[30.583113,50.4953],[30.583467,50.495279],[30.583642,50.495269],[30.583959,50.495264],[30.5844,50.495258],[30.58457,50.495255],[30.584851,50.495251],[30.585983,50.495243],[30.587037,50.49524],[30.587372,50.495236],[30.589121,50.495208],[30.589278,50.495205],[30.589534,50.495203],[30.589706,50.495203],[30.589839,50.4952]]},"properties":{"name":"проспект Романа Шухевича"}},{"type":"Feature","geometry":{"type":"LineString","coordinates":[[30.5409,50.49226],[30.541691,50.492526],[30.543252,50.492995],[30.5441,50.493215],[30.545008,50.493451],[30.546013,50.493623],[30.546802,50.493709],[30.549783,50.494076],[30.552189,50.494386],[30.55725,50.495043],[30.557629,50.495083],[30.559067,50.495245],[30.559605,50.49531],[30.559973,50.49534],[30.560697,50.495401],[30.560968,50.495422],[30.561097,50.495432],[30.561862,50.49549],[30.562199,50.495508],[30.563213,50.495544],[30.563874,50.495559],[30.565681,50.495582],[30.567267,50.495589],[30.569349,50.495585],[30.570035,50.495579],[30.572133,50.495576],[30.574304,50.495576],[30.575514,50.495561],[30.575835,50.495562],[30.576083,50.49556],[30.578033,50.495533],[30.580083,50.495517],[30.580585,50.495513],[30.581661,50.495505],[30.58171,50.495504],[30.58199,50.495511],[30.582348,50.495519],[30.582564,50.495534],[30.583041,50.495568],[30.583136,50.495573],[30.583647,50.4956],[30.58393,50.495601],[30.584525,50.495604],[30.58594,50.495587],[30.587345,50.495572],[30.587418,50.495572],[30.589266,50.49556],[30.589471,50.495559],[30.589633,50.495559],[30.589771,50.495558]]},"properties":{"name":"проспект Романа Шухевича"}},{"type":"Feature","geometry":{"type":"LineString","coordinates":[[30.607656,50.495178],[30.607539,50.495147],[30.60733,50.49511],[30.607018,50.495149],[30.606771,50.495179],[30.606386,50.495238],[30.606316,50.495249],[30.606085,50.495265],[30.606028,50.495265],[30.605307,50.495273],[30.604978,50.495278]]},"properties":{"name":"проспект Романа Шухевича"}},{"type":"Feature","geometry":{"type":"LineString","coordinates":[[30.604967,50.495411],[30.606077,50.495404],[30.606337,50.495395],[30.606555,50.495369],[30.607052,50.495279],[30.607235,50.49526],[30.607388,50.495247],[30.607656,50.495178],[30.607682,50.495181],[30.607875,50.4952],[30.608076,50.495219]]},"properties":{"name":"проспект Романа Шухевича"}},{"type":"Feature","geometry":{"type":"LineString","coordinates":[[30.583532,50.494955],[30.58315,50.495041],[30.582847,50.495079],[30.582586,50.495098],[30.582308,50.495104],[30.581985,50.495102],[30.581713,50.495104],[30.581585,50.495106],[30.581325,50.495109],[30.581126,50.495111],[30.57972,50.495128],[30.579386,50.495124],[30.579119,50.495107],[30.578948,50.495078],[30.578848,50.495083],[30.578777,50.495087],[30.578743,50.495088]]},"properties":{"name":"проспект Романа Шухевича"}},{"type":"Feature","geometry":{"type":"LineString","coordinates":[[30.578759,50.494998],[30.578795,50.495013],[30.578866,50.495043],[30.578948,50.495078]]},"properties":{"name":"проспект Романа Шухевича"}},{"type":"Feature","geometry":{"type":"LineString","coordinates":[[30.58375,50.505451],[30.583657,50.505467],[30.58358,50.505468],[30.583533,50.505468],[30.583465,50.505464],[30.583361,50.505444],[30.582926,50.505265],[30.582669,50.505117],[30.582423,50.50494],[30.582088,50.504693],[30.581749,50.504421],[30.580198,50.503143],[30.579737,50.502717],[30.579624,50.5026],[30.579479,50.502439],[30.579148,50.502092],[30.578574,50.501439],[30.578548,50.50141],[30.578513,50.50137],[30.577892,50.500669],[30.577748,50.500525],[30.577665,50.500442],[30.577583,50.50036],[30.577371,50.500169],[30.576914,50.499757],[30.576905,50.499749],[30.576774,50.499644],[30.576525,50.499424],[30.576426,50.499308],[30.576333,50.499174],[30.576054,50.498687],[30.57587,50.498334],[30.575783,50.498162],[30.575531,50.497639],[30.575394,50.497317],[30.575338,50.497176],[30.575258,50.496974],[30.575221,50.496853],[30.575015,50.496183]]},"properties":{"name":"вулиця Оноре де Бальзака"}},{"type":"Feature","geometry":{"type":"LineString","coordinates":[[30.584211,50.505554],[30.584317,50.505697],[30.584519,50.505951],[30.584879,50.506351]]},"properties":{"name":"вулиця Оноре де Бальзака"}},{"type":"Feature","geometry":{"type":"LineString","coordinates":[[30.583765,50.505751],[30.584045,50.505869],[30.584318,50.506023],[30.584879,50.506351],[30.585012,50.506456],[30.585255,50.506665],[30.585465,50.506816],[30.585695,50.506981],[30.585843,50.507078],[30.586206,50.507319],[30.586483,50.507475],[30.586715,50.507607],[30.587272,50.507871],[30.587479,50.507961],[30.588507,50.508358],[30.588591,50.508392],[30.589781,50.508795],[30.590103,50.508903],[30.591972,50.509535],[30.592179,50.509605],[30.592901,50.509846],[30.59306,50.509899],[30.594322,50.510327],[30.595578,50.510753],[30.595974,50.510887],[30.596229,50.510981],[30.596377,50.511029],[30.596608,50.511107],[30.597923,50.511547],[30.598972,50.511944],[30.599777,50.512314],[30.600076,50.512451],[30.600247,50.512543],[30.601229,50.513067],[30.6017,50.513342],[30.601865,50.513442],[30.60278,50.514],[30.602919,50.514097],[30.602974,50.514135],[30.603809,50.514826],[30.604366,50.515351],[30.604397,50.51538],[30.604834,50.515801],[30.605099,50.516075],[30.605238,50.516219],[30.605313,50.5163],[30.60547,50.516455],[30.60576,50.516748],[30.606013,50.517004],[30.606776,50.517768],[30.606957,50.517969],[30.607389,50.518449],[30.607941,50.519207],[30.608622,50.520283],[30.608645,50.520339],[30.608966,50.521118],[30.609019,50.521254],[30.609168,50.521637],[30.609217,50.521747],[30.609409,50.52259],[30.609445,50.5228],[30.609505,50.523302],[30.609507,50.523322],[30.609521,50.523438],[30.609529,50.523534],[30.609543,50.523643],[30.609546,50.523681],[30.609593,50.524249],[30.609607,50.524406],[30.609633,50.524725],[30.60969,50.525202],[30.609737,50.525624],[30.60981,50.526276],[30.610016,50.528085],[30.610133,50.528923],[30.610197,50.529531],[30.610235,50.52989],[30.610279,50.530375],[30.610345,50.531091],[30.61036,50.531223],[30.610508,50.532435],[30.610544,50.532724],[30.610546,50.532749],[30.610558,50.532884]]},"properties":{"name":"вулиця Оноре де Бальзака"}},{"type":"Feature","geometry":{"type":"LineString","coordinates":[[30.607891,50.523477],[30.607897,50.523596],[30.607904,50.523745],[30.607958,50.52443],[30.608005,50.524837],[30.608035,50.525098],[30.60804,50.525139],[30.608081,50.525504],[30.608322,50.527626],[30.608423,50.528805],[30.608427,50.52886],[30.608429,50.528875],[30.608443,50.529049],[30.608453,50.52912],[30.60846,50.529172],[30.608652,50.530562],[30.608663,50.530653],[30.608736,50.531452],[30.608778,50.531812],[30.608815,50.53215],[30.608887,50.532807],[30.60889,50.532829],[30.608902,50.532958]]},"properties":{"name":"вулиця Оноре де Бальзака"}},{"type":"Feature","geometry":{"type":"LineString","coordinates":[[30.58366,50.505689],[30.583418,50.505578],[30.582926,50.505265]]},"properties":{"name":"вулиця Оноре де Бальзака"}},{"type":"Feature","geometry":{"type":"LineString","coordinates":[[30.580617,50.505166],[30.581173,50.505589],[30.581357,50.505716],[30.581625,50.505894],[30.582425,50.506424],[30.58374,50.507306],[30.583835,50.50737],[30.584303,50.507684],[30.584532,50.507821],[30.584919,50.508053],[30.585275,50.508248],[30.585582,50.508406],[30.585815,50.508505],[30.586014,50.50859],[30.586506,50.508787],[30.586553,50.508805],[30.586664,50.508848],[30.587423,50.509149],[30.588552,50.509537],[30.589389,50.509821],[30.591098,50.5104],[30.591655,50.510589],[30.59169,50.510601],[30.592042,50.510724],[30.592758,50.510966],[30.593557,50.511235],[30.59531,50.511826],[30.595459,50.511877],[30.595605,50.511931],[30.595854,50.512018],[30.597388,50.512579],[30.598464,50.512974],[30.598625,50.513047],[30.598795,50.513135],[30.599369,50.513434],[30.599949,50.513756],[30.600479,50.514062],[30.600938,50.514333],[30.601649,50.514786],[30.601802,50.5149],[30.602363,50.515336],[30.60307,50.515983],[30.603731,50.516628],[30.603855,50.516759],[30.603953,50.516844]]},"properties":{"name":"вулиця Оноре де Бальзака"}},{"type":"Feature","geometry":{"type":"LineString","coordinates":[[30.60919,50.523446],[30.609286,50.523443],[30.609521,50.523438],[30.609722,50.523427],[30.60974,50.523426],[30.610461,50.523389],[30.611975,50.52331],[30.613834,50.523218],[30.614368,50.523191],[30.6144,50.52319],[30.614575,50.523181],[30.61499,50.52316],[30.616916,50.523064],[30.617364,50.523038],[30.618389,50.522978],[30.618559,50.522972],[30.618684,50.522964],[30.618819,50.522945],[30.618956,50.522909],[30.619147,50.522809]]},"properties":{"name":"вулиця Олександри Екстер"}},{"type":"Feature","geometry":{"type":"LineString","coordinates":[[30.619169,50.523208],[30.618979,50.523138],[30.618834,50.523104],[30.618736,50.523084],[30.618643,50.523077],[30.618338,50.523084],[30.617737,50.523119],[30.616239,50.523197],[30.614408,50.523289],[30.614377,50.523292],[30.614242,50.523299],[30.614113,50.523303],[30.612347,50.523394],[30.611126,50.523453],[30.609747,50.523523],[30.609728,50.523524],[30.609529,50.523534],[30.609293,50.523543],[30.609203,50.523546]]},"properties":{"name":"вулиця Олександри Екстер"}},{"type":"Feature","geometry":{"type":"LineString","coordinates":[[30.620072,50.522762],[30.62024,50.522809],[30.620306,50.522829],[30.620433,50.522867],[30.620574,50.52289],[30.620704,50.522895],[30.620844,50.522891],[30.620983,50.522883],[30.621133,50.522875],[30.621422,50.522865],[30.622236,50.522836],[30.623666,50.522766],[30.623849,50.522761],[30.624978,50.522715],[30.625154,50.522708],[30.625191,50.522707],[30.625968,50.522674],[30.626944,50.52263],[30.627678,50.522596],[30.62786,50.522587]]},"properties":{"name":"вулиця Олександри Екстер"}},{"type":"Feature","geometry":{"type":"LineString","coordinates":[[30.628571,50.528853],[30.628516,50.528895],[30.628459,50.528907],[30.628106,50.528924],[30.626911,50.52898],[30.626812,50.528984],[30.626749,50.528987],[30.626557,50.528995],[30.624931,50.529063],[30.624784,50.52907],[30.624333,50.529071],[30.624139,50.529072],[30.623913,50.529052],[30.6238,50.529043],[30.623677,50.529027],[30.623612,50.529018],[30.623359,50.528979],[30.623258,50.528958],[30.62318,50.528943],[30.623017,50.528901],[30.622804,50.528852],[30.622271,50.528693],[30.621657,50.528569],[30.621012,50.528523],[30.620941,50.528525],[30.620662,50.528535],[30.620349,50.528546],[30.620209,50.528552],[30.620058,50.528572],[30.619827,50.528623],[30.61958,50.528682],[30.619346,50.528762],[30.619159,50.528831],[30.618871,50.528972],[30.618464,50.529224],[30.61791,50.529707],[30.617682,50.529928],[30.6173,50.530305],[30.616915,50.530671],[30.616781,50.530801],[30.616522,50.531035],[30.616281,50.53121],[30.615923,50.531521],[30.615783,50.531641],[30.615682,50.531714],[30.615537,50.531821],[30.61524,50.532037],[30.615146,50.532108],[30.614612,50.532419],[30.614389,50.532517],[30.614095,50.532599],[30.613729,50.532694],[30.613394,50.53274],[30.612925,50.532765],[30.611526,50.532839],[30.611141,50.532856],[30.610745,50.532877],[30.610707,50.532878],[30.610558,50.532884],[30.610251,50.532902],[30.60967,50.532925],[30.609125,50.532951],[30.609028,50.532954],[30.608902,50.532958],[30.608649,50.53297],[30.608609,50.532971],[30.608513,50.532977],[30.608106,50.533],[30.607822,50.533016],[30.60727,50.533048],[30.605187,50.533159],[30.605119,50.533162],[30.60496,50.533169],[30.604763,50.533177],[30.60472,50.533179],[30.604635,50.533183],[30.604475,50.533191],[30.603629,50.533234],[30.602926,50.533272],[30.602701,50.533282],[30.602122,50.533298],[30.601997,50.5333],[30.601552,50.533286],[30.601349,50.533263],[30.600811,50.533164],[30.600324,50.533038],[30.600242,50.533012],[30.600207,50.533002],[30.599978,50.532935],[30.599437,50.532768],[30.599267,50.532636],[30.5991,50.532498]]},"properties":{"name":"Милославська вулиця"}},{"type":"Feature","geometry":{"type":"LineString","coordinates":[[30.587744,50.530191],[30.58794,50.530126],[30.588217,50.530092],[30.588695,50.530081],[30.589073,50.530073],[30.589433,50.530062],[30.589876,50.53008],[30.590253,50.530117],[30.590528,50.530149],[30.590975,50.530201],[30.591588,50.530291],[30.592213,50.530406],[30.592413,50.530471],[30.592649,50.530547],[30.593116,50.530694],[30.593362,50.530769],[30.593397,50.530779],[30.594591,50.531174],[30.596078,50.531658],[30.596387,50.531758],[30.596748,50.531869]]},"properties":{"name":"Милославська вулиця"}},{"type":"Feature","geometry":{"type":"LineString","coordinates":[[30.599437,50.532768],[30.599102,50.532683],[30.598666,50.532544],[30.59862,50.532524],[30.598234,50.532358]]},"properties":{"name":"Милославська вулиця"}},{"type":"Feature","geometry":{"type":"LineString","coordinates":[[30.597626,50.532207],[30.597559,50.532185],[30.597534,50.532176],[30.597103,50.532035],[30.596748,50.531869],[30.597286,50.531926],[30.597549,50.53191],[30.597573,50.531908],[30.597599,50.531903],[30.597981,50.531827]]},"properties":{"name":"Милославська вулиця"}},{"type":"Feature","geometry":{"type":"LineString","coordinates":[[30.578485,50.495021],[30.578462,50.494997],[30.578364,50.494895]]},"properties":{"name":"вулиця Петра Вершигори"}},{"type":"Feature","geometry":{"type":"LineString","coordinates":[[30.575225,50.490258],[30.575209,50.490322],[30.575178,50.490442],[30.575142,50.490583]]},"properties":{"name":"вулиця Петра Вершигори"}},{"type":"Feature","geometry":{"type":"LineString","coordinates":[[30.574954,50.489752],[30.574789,50.489736],[30.574658,50.489715],[30.574591,50.489705],[30.574661,50.489733],[30.574707,50.489767],[30.574745,50.489825]]},"properties":{"name":"вулиця Петра Вершигори"}},{"type":"Feature","geometry":{"type":"LineString","coordinates":[[30.574923,50.490286],[30.575047,50.490455],[30.575142,50.490583],[30.575106,50.491731],[30.575096,50.492275],[30.575118,50.492649],[30.575156,50.492844],[30.575189,50.492932],[30.575242,50.493042],[30.575358,50.493214],[30.575514,50.493391],[30.575665,50.49353],[30.575937,50.493702],[30.576228,50.493859],[30.576641,50.494057],[30.576723,50.494096],[30.576815,50.49414],[30.577051,50.494264],[30.577296,50.494388],[30.577689,50.494582],[30.578066,50.49477],[30.57833,50.494882],[30.578364,50.494895],[30.578538,50.49493],[30.578604,50.494944]]},"properties":{"name":"вулиця Петра Вершигори"}},{"type":"Feature","geometry":{"type":"LineString","coordinates":[[30.489803,50.440993],[30.489754,50.441046],[30.489744,50.441077],[30.489739,50.441114],[30.489767,50.441133],[30.489932,50.441225],[30.489998,50.441254]]},"properties":{"name":"Вокзальна площа"}},{"type":"Feature","geometry":{"type":"LineString","coordinates":[[30.490492,50.440721],[30.490532,50.440696],[30.490572,50.440679],[30.490626,50.440668],[30.490671,50.440663],[30.490697,50.44066],[30.490748,50.440657],[30.490801,50.440659],[30.490848,50.440665]]},"properties":{"name":"Вокзальна площа"}},{"type":"Feature","geometry":{"type":"LineString","coordinates":[[30.49043,50.440949],[30.490209,50.441118],[30.490195,50.441151],[30.490187,50.441185],[30.490185,50.441268],[30.490214,50.441344]]},"properties":{"name":"Вокзальна площа"}},{"type":"Feature","geometry":{"type":"LineString","coordinates":[[30.490572,50.44057],[30.490741,50.440612],[30.490801,50.440632],[30.490848,50.440665],[30.49098,50.440748],[30.491005,50.440766],[30.49102,50.440777],[30.491045,50.440799],[30.491095,50.440846],[30.491235,50.44097],[30.491382,50.4411],[30.491709,50.44139],[30.491895,50.441549],[30.49154,50.441501],[30.491023,50.441452],[30.490546,50.441408],[30.490411,50.441393],[30.4903,50.441368],[30.490214,50.441344],[30.490185,50.441334],[30.490142,50.441318],[30.489998,50.441254],[30.489978,50.44122],[30.489968,50.441194],[30.489958,50.441166],[30.489956,50.441134],[30.489967,50.441109],[30.489983,50.44109],[30.490024,50.441059],[30.490084,50.441009],[30.490162,50.440955],[30.490243,50.440897]]},"properties":{"name":"Вокзальна площа"}},{"type":"Feature","geometry":{"type":"LineString","coordinates":[[30.491895,50.441549],[30.491998,50.441592],[30.493375,50.442171],[30.494102,50.442477],[30.494307,50.442563],[30.494865,50.442798],[30.495047,50.442874],[30.495242,50.442956],[30.495518,50.443074],[30.495697,50.44315],[30.496297,50.443406],[30.496863,50.443645],[30.497044,50.443721],[30.497184,50.443782],[30.497535,50.443933],[30.497728,50.444015],[30.497826,50.444058],[30.497991,50.444131],[30.498509,50.444361],[30.498743,50.444462],[30.498857,50.444515],[30.499153,50.444648],[30.499579,50.444838],[30.499834,50.444948],[30.50011,50.445069],[30.500793,50.445373],[30.501103,50.445554]]},"properties":{"name":"вулиця Симона Петлюри"}},{"type":"Feature","geometry":{"type":"LineString","coordinates":[[30.495036,50.442691],[30.495177,50.442749]]},"properties":{"name":"вулиця Симона Петлюри"}},{"type":"Feature","geometry":{"type":"LineString","coordinates":[[30.492597,50.445208],[30.492713,50.445084],[30.492864,50.444937],[30.493296,50.444517],[30.493864,50.443965],[30.494064,50.44378],[30.494217,50.443638],[30.494499,50.443379],[30.494865,50.443036],[30.495047,50.442874],[30.495157,50.442768],[30.495177,50.442749],[30.495547,50.442382],[30.495766,50.442177],[30.49578,50.442164],[30.495989,50.44196],[30.496075,50.44188],[30.496225,50.44174],[30.496289,50.44168],[30.496457,50.44152],[30.496566,50.441418],[30.496631,50.441359],[30.496892,50.441108],[30.497227,50.440791],[30.497529,50.440496],[30.497598,50.440428],[30.497737,50.440307],[30.497873,50.440182],[30.49817,50.439946],[30.498484,50.439696],[30.49916,50.439181],[30.499874,50.438629],[30.500186,50.438388],[30.500209,50.438371],[30.500265,50.438328],[30.500697,50.437994],[30.500753,50.437951],[30.500804,50.437911],[30.500931,50.437813],[30.501316,50.437516],[30.5016,50.437297],[30.501939,50.437035],[30.502567,50.436549],[30.502664,50.436475],[30.502825,50.43635],[30.503196,50.436066],[30.503733,50.435645],[30.503845,50.435555],[30.503919,50.435499],[30.503986,50.435448],[30.504132,50.435335],[30.504351,50.435168],[30.50454,50.43502],[30.504974,50.434732],[30.505055,50.434695],[30.505149,50.434665],[30.505322,50.434636],[30.505667,50.434576],[30.505814,50.434553],[30.50593,50.434533],[30.50635,50.434462],[30.507061,50.434339],[30.507193,50.434317],[30.507312,50.434297],[30.508359,50.434124],[30.508571,50.434087],[30.508733,50.43407],[30.508942,50.434054],[30.509124,50.434046],[30.50917,50.434044],[30.509654,50.434038],[30.510172,50.434031],[30.510466,50.434027],[30.511005,50.43402],[30.511391,50.434015],[30.511633,50.434012],[30.513355,50.433995],[30.513591,50.433992],[30.513798,50.433989],[30.514995,50.433964],[30.515327,50.433958],[30.51581,50.433948],[30.516052,50.433946],[30.516269,50.433941],[30.516707,50.43394],[30.518227,50.433938],[30.518321,50.433943],[30.518393,50.433968]]},"properties":{"name":"Жилянська вулиця"}},{"type":"Feature","geometry":{"type":"LineString","coordinates":[[30.525878,50.41115],[30.525712,50.41128],[30.525691,50.411298],[30.524932,50.411925],[30.524713,50.412106],[30.524519,50.412252],[30.524445,50.412318],[30.524326,50.41242],[30.52371,50.412919],[30.523154,50.413353],[30.522845,50.413591],[30.522782,50.413642],[30.522565,50.41384],[30.522535,50.413869],[30.522436,50.414012],[30.522145,50.414484],[30.522047,50.414627],[30.521995,50.414705],[30.521554,50.415383],[30.521242,50.415852],[30.521154,50.415987],[30.521064,50.41613],[30.52086,50.416449],[30.520802,50.416538],[30.520753,50.416614],[30.520346,50.417261],[30.520217,50.41747],[30.51975,50.418207],[30.519578,50.418482],[30.519523,50.418562],[30.519459,50.418665],[30.519034,50.419351],[30.518472,50.420261],[30.518314,50.420512],[30.518278,50.420569],[30.518187,50.420707],[30.517864,50.421194],[30.517116,50.422331],[30.517051,50.422436],[30.51701,50.422498],[30.516973,50.422556],[30.516455,50.423362],[30.516327,50.423556],[30.51601,50.424063],[30.515896,50.424233],[30.515728,50.424485],[30.515672,50.424568],[30.515585,50.424711],[30.514891,50.425828],[30.51465,50.426215],[30.514478,50.426491],[30.514447,50.426541],[30.514415,50.426593],[30.514091,50.427114],[30.513698,50.427745],[30.513644,50.427863],[30.513636,50.42791],[30.513615,50.428027],[30.51361,50.428082],[30.513558,50.42965],[30.513555,50.429793],[30.513536,50.429908],[30.513532,50.430005],[30.513533,50.430059],[30.513546,50.430749],[30.513557,50.431428],[30.513558,50.431855],[30.513558,50.431889],[30.51356,50.43203],[30.51356,50.432107],[30.513572,50.432911],[30.513575,50.43318],[30.513576,50.433208],[30.513577,50.433303],[30.513589,50.433886],[30.513591,50.433992],[30.513594,50.434132],[30.513607,50.434534],[30.513608,50.434713],[30.513609,50.434914],[30.51361,50.435044],[30.513611,50.43512],[30.513612,50.435296],[30.513613,50.435517],[30.513616,50.435851],[30.513616,50.435962],[30.513705,50.43609],[30.513735,50.436134],[30.513754,50.436617],[30.513767,50.43694],[30.513774,50.437258],[30.513774,50.437327],[30.513779,50.438552],[30.513779,50.438576],[30.513781,50.438889],[30.513785,50.439772],[30.51379,50.439872],[30.513795,50.43995]]},"properties":{"name":"вулиця Антоновича"}},{"type":"Feature","geometry":{"type":"LineString","coordinates":[[30.513601,50.43995],[30.513558,50.439868]]},"properties":{"name":"вулиця Антоновича"}},{"type":"Feature","geometry":{"type":"LineString","coordinates":[[30.505496,50.426674],[30.505668,50.426695],[30.507409,50.427203],[30.507673,50.427328],[30.508508,50.427564],[30.508777,50.427631],[30.508949,50.427667],[30.509457,50.427738],[30.509885,50.427787],[30.510004,50.4278],[30.510489,50.427864],[30.510922,50.427918],[30.511176,50.427944],[30.511349,50.427956],[30.511642,50.427966],[30.512292,50.427982],[30.513444,50.428021],[30.513615,50.428027],[30.513815,50.428033],[30.514358,50.428042],[30.515879,50.428067],[30.516113,50.428066],[30.516178,50.428065]]},"properties":{"name":"вулиця Івана Федорова"}},{"type":"Feature","geometry":{"type":"LineString","coordinates":[[30.51701,50.422498],[30.516862,50.422454],[30.515189,50.42191],[30.515035,50.42186],[30.51493,50.421829]]},"properties":{"name":"Володимиро-Либідська вулиця"}},{"type":"Feature","geometry":{"type":"LineString","coordinates":[[30.515135,50.421705],[30.515276,50.421752],[30.516952,50.422308],[30.517051,50.422436],[30.517236,50.422493],[30.517627,50.422611],[30.518222,50.422793],[30.519045,50.42305],[30.519196,50.423097]]},"properties":{"name":"Володимиро-Либідська вулиця"}},{"type":"Feature","geometry":{"type":"LineString","coordinates":[[30.515035,50.42186],[30.515083,50.421785],[30.515135,50.421705],[30.515174,50.421641],[30.515304,50.421437],[30.515405,50.42128],[30.515515,50.421107],[30.516157,50.420097],[30.516191,50.420043],[30.516225,50.41999],[30.516617,50.419374],[30.516785,50.419107],[30.51684,50.419022],[30.516916,50.418903],[30.517025,50.418731]]},"properties":{"name":"вулиця Казимира Малевича"}},{"type":"Feature","geometry":{"type":"LineString","coordinates":[[30.517025,50.418731],[30.516805,50.418666],[30.516471,50.418533],[30.516093,50.418392],[30.515645,50.418205],[30.515621,50.418197],[30.515526,50.418158],[30.515257,50.418049],[30.515243,50.418044],[30.515038,50.417954],[30.515011,50.417923],[30.514602,50.417754],[30.514552,50.417757],[30.514499,50.417724],[30.514325,50.417615],[30.51417,50.417468],[30.514073,50.417429],[30.513894,50.417372],[30.513125,50.417181],[30.511737,50.416832],[30.511055,50.416654],[30.510623,50.416547],[30.510267,50.416459],[30.50921,50.416197],[30.508651,50.416066],[30.508509,50.416033],[30.50827,50.415981],[30.508067,50.415934]]},"properties":{"name":"Байкова вулиця"}},{"type":"Feature","geometry":{"type":"LineString","coordinates":[[30.514325,50.417615],[30.514467,50.417471],[30.514627,50.417307],[30.514862,50.417074],[30.515154,50.416792],[30.516039,50.415981],[30.516616,50.415474],[30.517199,50.414951],[30.517585,50.414555],[30.517666,50.414472],[30.517886,50.414227],[30.518056,50.414046]]},"properties":{"name":"вулиця Миколи Грінченка"}},{"type":"Feature","geometry":{"type":"LineString","coordinates":[[30.518056,50.414046],[30.51793,50.413993],[30.517318,50.41373],[30.516932,50.413562],[30.516841,50.413525],[30.516085,50.413214],[30.51561,50.413016],[30.515461,50.412956],[30.51533,50.412913],[30.514928,50.412777],[30.514556,50.412663],[30.51414,50.412539],[30.513829,50.412458],[30.513691,50.412422],[30.51347,50.412377],[30.512381,50.41215],[30.51175,50.412016],[30.511375,50.411921],[30.511339,50.411912],[30.511039,50.411833],[30.511004,50.411823],[30.510532,50.411686],[30.509555,50.411363],[30.508626,50.411056],[30.508538,50.411027],[30.508262,50.41093],[30.508155,50.410893],[30.508036,50.410854],[30.507886,50.410806],[30.507757,50.410764],[30.507405,50.410652],[30.507285,50.41062],[30.50705,50.410575],[30.506881,50.410547],[30.5068,50.410534],[30.50663,50.410511],[30.506452,50.410495],[30.506303,50.410477],[30.506001,50.410456],[30.50563,50.410427],[30.505181,50.410398],[30.504586,50.410372],[30.504401,50.410376],[30.504144,50.410391],[30.503491,50.410448],[30.501307,50.410654],[30.500872,50.410689],[30.500468,50.41071],[30.49974,50.410722],[30.499029,50.410714],[30.498834,50.410712],[30.497958,50.410679],[30.497605,50.410649],[30.497523,50.410642],[30.497082,50.41058],[30.496605,50.410479],[30.496122,50.410361],[30.494013,50.409744],[30.493937,50.409721],[30.493493,50.409597],[30.492888,50.409442],[30.492151,50.409237],[30.491967,50.409185]]},"properties":{"name":"вулиця Володимира Брожка"}},{"type":"Feature","geometry":{"type":"LineString","coordinates":[[30.491906,50.408458],[30.491958,50.408533],[30.492037,50.408637],[30.492083,50.408689],[30.492201,50.408823],[30.492411,50.409011],[30.492594,50.409142],[30.492992,50.409386],[30.493493,50.409597]]},"properties":{"name":"вулиця Володимира Брожка"}},{"type":"Feature","geometry":{"type":"LineString","coordinates":[[30.515461,50.412956],[30.515541,50.412876],[30.516049,50.412283],[30.516118,50.412203],[30.516374,50.411911],[30.517587,50.410536],[30.518327,50.409666],[30.518835,50.409056],[30.518893,50.408986]]},"properties":{"name":"Ізюмська вулиця"}},{"type":"Feature","geometry":{"type":"LineString","coordinates":[[30.519167,50.409045],[30.518893,50.408986]]},"properties":{"name":"провулок Руслана Лужевського"}},{"type":"Feature","geometry":{"type":"LineString","coordinates":[[30.524355,50.412251],[30.524445,50.412318]]},"properties":{"name":"провулок Руслана Лужевського"}},{"type":"Feature","geometry":{"type":"LineString","coordinates":[[30.526507,50.411444],[30.526417,50.411593],[30.525936,50.412383],[30.525842,50.412537],[30.525766,50.412649],[30.525612,50.412892],[30.525507,50.413058],[30.525387,50.413247],[30.525336,50.413328],[30.525214,50.413525],[30.524872,50.414087],[30.52467,50.414436],[30.524405,50.414879],[30.524279,50.415085],[30.524221,50.415186],[30.524111,50.415363],[30.524045,50.415469],[30.524031,50.415493],[30.524006,50.415531],[30.523643,50.416111],[30.52348,50.416373],[30.523323,50.416624],[30.523081,50.417012],[30.523016,50.417116],[30.522967,50.417192],[30.522153,50.418459],[30.521771,50.419054],[30.521713,50.419144],[30.521676,50.419204],[30.521338,50.419738],[30.521337,50.419739],[30.521148,50.420039],[30.52085,50.420512],[30.520729,50.420704],[30.52052,50.421034],[30.520464,50.421128],[30.519196,50.423097],[30.518905,50.423566],[30.518677,50.423936],[30.518439,50.424308],[30.518235,50.42463],[30.517956,50.425071],[30.517893,50.42518],[30.517829,50.425274],[30.517618,50.425614],[30.517446,50.425895],[30.516801,50.426939],[30.516714,50.427076],[30.516398,50.427585],[30.516153,50.427984],[30.516113,50.428066],[30.51609,50.428207],[30.516092,50.428362],[30.51609,50.428461],[30.516085,50.428871],[30.516084,50.428976],[30.516082,50.429109],[30.516077,50.429252],[30.516069,50.429769],[30.516063,50.429919],[30.516063,50.430089],[30.516065,50.430395],[30.516065,50.430634],[30.516067,50.431139],[30.51607,50.431746],[30.51607,50.431956],[30.516071,50.431994],[30.516067,50.432289],[30.516067,50.432532],[30.516062,50.43339],[30.516056,50.43382],[30.516052,50.433946],[30.516051,50.434152],[30.516048,50.43434],[30.516044,50.434538],[30.516035,50.435082],[30.516022,50.435814],[30.516024,50.43595]]},"properties":{"name":"Велика Васильківська вулиця"}},{"type":"Feature","geometry":{"type":"LineString","coordinates":[[30.515939,50.43885],[30.515939,50.438675],[30.515939,50.438653],[30.515938,50.438575],[30.515936,50.438342],[30.515935,50.438299],[30.515934,50.438131],[30.515933,50.437943],[30.515932,50.437723],[30.515932,50.437539],[30.51593,50.437316],[30.515934,50.436756],[30.515935,50.4367],[30.515941,50.436132],[30.516024,50.43595],[30.516076,50.436132],[30.516068,50.436579],[30.516063,50.438652],[30.516063,50.438732],[30.516085,50.438843],[30.516112,50.438913],[30.51615,50.438972],[30.516204,50.439023],[30.516332,50.439108],[30.516501,50.439194],[30.516712,50.439281],[30.516772,50.439303],[30.516894,50.43935],[30.517054,50.43941],[30.517145,50.43945],[30.517667,50.439683]]},"properties":{"name":"Велика Васильківська вулиця"}},{"type":"Feature","geometry":{"type":"LineString","coordinates":[[30.520135,50.442222],[30.519973,50.441754],[30.519814,50.441266],[30.519721,50.440973],[30.519635,50.440788],[30.519571,50.440701],[30.519509,50.440636],[30.519407,50.440566],[30.519229,50.440478],[30.518395,50.440114],[30.51805,50.43996],[30.517351,50.439643],[30.516978,50.439478],[30.516821,50.439417],[30.516687,50.43937]]},"properties":{"name":"Велика Васильківська вулиця"}},{"type":"Feature","geometry":{"type":"LineString","coordinates":[[30.520023,50.440749],[30.520126,50.440782]]},"properties":{"name":"Велика Васильківська вулиця"}},{"type":"Feature","geometry":{"type":"LineString","coordinates":[[30.519853,50.440823],[30.519909,50.44102],[30.520228,50.44204],[30.520286,50.4422]]},"properties":{"name":"Велика Васильківська вулиця"}},{"type":"Feature","geometry":{"type":"LineString","coordinates":[[30.494458,50.446372],[30.494632,50.445963],[30.494647,50.445933],[30.495147,50.445476],[30.495423,50.445221],[30.49567,50.444992],[30.495986,50.444697],[30.496105,50.444589],[30.496408,50.444309],[30.496555,50.444173],[30.496926,50.44383],[30.497044,50.443721],[30.497135,50.443637],[30.497759,50.443044],[30.497814,50.442991],[30.498181,50.442645],[30.498212,50.442617],[30.498475,50.442366],[30.49875,50.442106],[30.499137,50.441743],[30.499203,50.441677],[30.499344,50.441541],[30.499603,50.441303],[30.499749,50.441165],[30.499901,50.44105],[30.500359,50.4407],[30.500623,50.440503],[30.500785,50.440376],[30.502008,50.439453],[30.502305,50.439233],[30.502387,50.439174],[30.50258,50.439025],[30.502692,50.438941],[30.502795,50.438863],[30.503175,50.438589],[30.503259,50.438526],[30.503606,50.438264],[30.505428,50.43694],[30.505659,50.436769],[30.505745,50.436706],[30.505864,50.436632],[30.505984,50.43658],[30.506124,50.436547],[30.506421,50.436489],[30.506577,50.436459],[30.506739,50.436433],[30.507215,50.436352],[30.507445,50.436313],[30.507847,50.436245],[30.508011,50.436217],[30.508448,50.436145],[30.508676,50.436109],[30.508917,50.436068],[30.509158,50.43603],[30.509367,50.435997],[30.509474,50.435981],[30.509956,50.435969],[30.510643,50.435968],[30.510895,50.435967],[30.512099,50.435965],[30.512351,50.435964],[30.512618,50.435964],[30.512965,50.435963],[30.513118,50.435963],[30.5134,50.435962],[30.513616,50.435962],[30.513861,50.435961],[30.514467,50.435958],[30.514649,50.435957],[30.514933,50.435955],[30.515045,50.435955],[30.515179,50.435954],[30.515823,50.435951],[30.516024,50.43595],[30.516335,50.435948],[30.516821,50.435948],[30.517184,50.435947],[30.517392,50.435947],[30.517569,50.435947],[30.517663,50.435947],[30.518133,50.435946],[30.518427,50.435946],[30.518556,50.435945],[30.519108,50.435948],[30.51918,50.435948],[30.519826,50.435949],[30.519904,50.43595],[30.520164,50.43595],[30.520489,50.435951],[30.520552,50.435963],[30.520718,50.436004]]},"properties":{"name":"вулиця Саксаганського"}},{"type":"Feature","geometry":{"type":"LineString","coordinates":[[30.58385,50.505414],[30.583917,50.505351],[30.583949,50.505295],[30.583984,50.50521],[30.583999,50.505117]]},"properties":{"name":"Каштанова вулиця"}},{"type":"Feature","geometry":{"type":"LineString","coordinates":[[30.584169,50.505486],[30.584096,50.505324],[30.584058,50.505242],[30.583999,50.505117],[30.583993,50.505081],[30.583865,50.50434],[30.583849,50.504149],[30.583848,50.503932],[30.583875,50.503709],[30.583933,50.503503],[30.583972,50.503386],[30.584071,50.503187],[30.584273,50.502862],[30.584299,50.502814],[30.58455,50.502461],[30.584761,50.502203],[30.584903,50.502052],[30.584971,50.50198],[30.585189,50.501797],[30.58554,50.501572],[30.585926,50.501355],[30.586187,50.501218],[30.586417,50.501122],[30.586588,50.501049],[30.586899,50.500932],[30.587506,50.500757],[30.588102,50.50061],[30.590365,50.50008],[30.590413,50.50007],[30.590571,50.500039],[30.5907,50.499996]]},"properties":{"name":"Каштанова вулиця"}},{"type":"Feature","geometry":{"type":"LineString","coordinates":[[30.628571,50.528853],[30.628616,50.528813],[30.628641,50.528766],[30.628643,50.528716],[30.628641,50.5287],[30.628583,50.528224],[30.628528,50.527762],[30.628326,50.52629],[30.62828,50.52586],[30.628271,50.525773],[30.628261,50.525682],[30.628237,50.525483],[30.628204,50.524834],[30.628128,50.524116],[30.628122,50.524058],[30.628086,50.523721],[30.628066,50.523531],[30.62806,50.523469],[30.627982,50.522846],[30.627962,50.522705],[30.627951,50.522583],[30.627941,50.522448],[30.627934,50.522341],[30.627897,50.521858],[30.627824,50.521382],[30.627791,50.521165],[30.627758,50.521029],[30.627518,50.520025],[30.62747,50.519827],[30.627431,50.519694],[30.627339,50.519363],[30.627193,50.518835],[30.626935,50.51813],[30.626923,50.518099],[30.626797,50.517746],[30.626774,50.517682],[30.626616,50.517292],[30.626546,50.517136],[30.626432,50.516878],[30.626225,50.516501],[30.626092,50.516205],[30.626068,50.516151],[30.625873,50.515799],[30.625626,50.515329],[30.6256,50.51528],[30.625571,50.51523],[30.625525,50.515161],[30.625277,50.514746],[30.625239,50.514682],[30.625091,50.514458],[30.624912,50.514187],[30.624349,50.513363],[30.624259,50.513263],[30.624185,50.513167],[30.624164,50.513141],[30.623831,50.51271],[30.623658,50.512486],[30.623607,50.512421],[30.623478,50.512275],[30.622515,50.511185],[30.622292,50.51096],[30.621472,50.510132],[30.621235,50.509892],[30.621202,50.509859],[30.621075,50.50973],[30.620981,50.509645],[30.620895,50.50956],[30.62085,50.509514],[30.620671,50.509336],[30.619927,50.508593],[30.61899,50.507655],[30.618892,50.507558],[30.618551,50.507218],[30.617617,50.506287],[30.616291,50.50497],[30.616148,50.504827],[30.615866,50.504535],[30.615318,50.504001],[30.615255,50.50394],[30.615184,50.503869],[30.615042,50.503728],[30.614844,50.503531],[30.614504,50.503194],[30.613807,50.502566],[30.613772,50.502539],[30.613211,50.502115],[30.612885,50.501909],[30.612673,50.501775],[30.612364,50.50158],[30.611961,50.501383],[30.61172,50.501266],[30.610814,50.500847],[30.610766,50.500825],[30.610728,50.500808],[30.610429,50.50067],[30.609695,50.50033],[30.609058,50.500036],[30.608483,50.499767],[30.608337,50.499698],[30.607197,50.499163],[30.606802,50.498977],[30.606733,50.498945],[30.6067,50.498931],[30.606535,50.49886],[30.606395,50.498798],[30.606239,50.498729],[30.606221,50.498721],[30.606188,50.498707],[30.60546,50.498383],[30.605447,50.498376],[30.605105,50.498208],[30.604793,50.498059],[30.604462,50.497902],[30.604451,50.497897],[30.604039,50.497736],[30.603896,50.497693],[30.603708,50.497638],[30.603362,50.497557],[30.602893,50.497483],[30.602738,50.497464],[30.601681,50.49745],[30.600101,50.497453],[30.599502,50.497455],[30.598984,50.497456],[30.598147,50.497454],[30.597824,50.497453],[30.597462,50.497453],[30.596475,50.497451],[30.596066,50.49745],[30.595839,50.49745],[30.595486,50.49745],[30.594194,50.497448],[30.594083,50.497448],[30.59386,50.497446],[30.591872,50.497446],[30.591081,50.49745],[30.591035,50.49745],[30.590592,50.497452],[30.589752,50.497455],[30.589525,50.497459],[30.589375,50.497457]]},"properties":{"name":"вулиця Миколи Закревського"}},{"type":"Feature","geometry":{"type":"LineString","coordinates":[[30.614136,50.512309],[30.614339,50.512294],[30.614534,50.51227],[30.614736,50.512232],[30.615073,50.512114],[30.61712,50.511241],[30.617577,50.511053],[30.617911,50.510914],[30.619161,50.510398],[30.620738,50.509746],[30.620806,50.509718],[30.620981,50.509645],[30.621093,50.509598],[30.621133,50.509581],[30.62117,50.509565],[30.622981,50.508834],[30.623304,50.508704]]},"properties":{"name":"вулиця Сержа Лифаря"}},{"type":"Feature","geometry":{"type":"LineString","coordinates":[[30.626371,50.507501],[30.626086,50.507611],[30.623599,50.50865],[30.623358,50.50875],[30.623212,50.508809],[30.623038,50.508882],[30.62264,50.509048],[30.622046,50.509313],[30.621384,50.509604],[30.621265,50.509653],[30.621223,50.509669],[30.621182,50.509686],[30.621075,50.50973],[30.620889,50.509807],[30.620411,50.510011],[30.619751,50.510285],[30.617842,50.511078],[30.617677,50.511147],[30.617295,50.5113],[30.615713,50.511966],[30.615121,50.512195],[30.614964,50.512262],[30.614807,50.512356],[30.614689,50.512442],[30.614608,50.512539],[30.614528,50.512684]]},"properties":{"name":"вулиця Сержа Лифаря"}},{"type":"Feature","geometry":{"type":"LineString","coordinates":[[30.605313,50.5163],[30.605782,50.516148],[30.605804,50.516141],[30.606462,50.515863],[30.606535,50.515831],[30.607389,50.515467],[30.609053,50.514758],[30.609478,50.514575],[30.609804,50.514436],[30.612663,50.513237],[30.612919,50.513137],[30.613216,50.513041],[30.613565,50.512989],[30.613769,50.512992]]},"properties":{"name":"вулиця Сержа Лифаря"}},{"type":"Feature","geometry":{"type":"LineString","coordinates":[[30.605238,50.516219],[30.605683,50.516049],[30.605702,50.516042],[30.606408,50.515753],[30.607135,50.515452],[30.609288,50.5145],[30.609361,50.51447],[30.609871,50.514262],[30.610527,50.513994],[30.612084,50.513359],[30.612512,50.513184],[30.612835,50.513053],[30.613097,50.512917],[30.613286,50.512782],[30.613398,50.512648]]},"properties":{"name":"вулиця Сержа Лифаря"}},{"type":"Feature","geometry":{"type":"LineString","coordinates":[[30.628093,50.522706],[30.627962,50.522705]]},"properties":{"name":"вулиця Героїв Енергетиків"}},{"type":"Feature","geometry":{"type":"LineString","coordinates":[[30.623304,50.508704],[30.623162,50.50857],[30.622899,50.508328],[30.622767,50.508212],[30.622062,50.507528],[30.621161,50.506604],[30.620532,50.505996],[30.620209,50.505679],[30.620127,50.505599],[30.618923,50.504433],[30.618514,50.50402],[30.617916,50.503434],[30.617785,50.503306],[30.617056,50.502592],[30.616455,50.502011],[30.616082,50.501651],[30.615486,50.501075],[30.614594,50.500213],[30.614506,50.500128],[30.614255,50.499888],[30.614059,50.4997],[30.613968,50.499609],[30.613307,50.498954],[30.613154,50.498804],[30.612381,50.498043],[30.612262,50.497934],[30.612199,50.497869],[30.611869,50.497531],[30.611412,50.497095],[30.611001,50.496731],[30.610849,50.496587],[30.610772,50.496519],[30.610688,50.49644],[30.610113,50.495931],[30.609949,50.495801],[30.609764,50.495682],[30.609589,50.495593],[30.609381,50.495499],[30.609172,50.495416],[30.608895,50.495331],[30.608537,50.495268],[30.608337,50.495244],[30.608287,50.495238],[30.608076,50.495219]]},"properties":{"name":"вулиця Героїв Енергетиків"}},{"type":"Feature","geometry":{"type":"LineString","coordinates":[[30.598849,50.5319],[30.598883,50.531763],[30.598904,50.531651],[30.59895,50.531538],[30.598956,50.531521],[30.599066,50.53125]]},"properties":{"name":"Радунська вулиця"}},{"type":"Feature","geometry":{"type":"LineString","coordinates":[[30.59458,50.518665],[30.594665,50.518751],[30.594921,50.518998],[30.59505,50.51912],[30.59532,50.51938],[30.595687,50.519746],[30.596005,50.520072],[30.596092,50.520157],[30.596213,50.520275],[30.596645,50.520698],[30.59786,50.521881],[30.598129,50.522143],[30.598399,50.522406],[30.598457,50.522463],[30.598843,50.522839],[30.599204,50.52319],[30.599283,50.523267],[30.600121,50.524085],[30.600389,50.524345],[30.600528,50.524481],[30.600606,50.524563],[30.600742,50.52471],[30.6008,50.524779],[30.600969,50.524977],[30.601103,50.525142],[30.601202,50.525282],[30.601327,50.525472],[30.601405,50.525618],[30.601476,50.525751],[30.601591,50.526014],[30.601625,50.526128],[30.601702,50.526554],[30.60171,50.526745],[30.601717,50.526909],[30.601725,50.527104],[30.601668,50.527396],[30.601636,50.527563],[30.601461,50.528023],[30.60144,50.528062],[30.601412,50.528114],[30.601181,50.528497],[30.601118,50.528603],[30.601041,50.528731],[30.600962,50.528832],[30.600782,50.529061],[30.600665,50.529211],[30.600135,50.529886],[30.599687,50.530457],[30.599466,50.53074],[30.599296,50.530956],[30.599128,50.531171],[30.599066,50.53125],[30.598844,50.5314],[30.598766,50.53145]]},"properties":{"name":"Радунська вулиця"}},{"type":"Feature","geometry":{"type":"LineString","coordinates":[[30.598274,50.531716],[30.598618,50.531545],[30.598707,50.531488]]},"properties":{"name":"Радунська вулиця"}},{"type":"Feature","geometry":{"type":"LineString","coordinates":[[30.598942,50.525377],[30.599376,50.525184],[30.599583,50.525086],[30.600406,50.524663],[30.600606,50.524563],[30.600885,50.524447],[30.601781,50.524047],[30.602189,50.523938],[30.602412,50.523894],[30.602918,50.523808],[30.603094,50.523796],[30.603334,50.523778],[30.604872,50.523697],[30.605607,50.52367],[30.605747,50.523664],[30.607245,50.523615],[30.607709,50.523599],[30.607897,50.523596]]},"properties":{"name":"Лісківська вулиця"}},{"type":"Feature","geometry":{"type":"LineString","coordinates":[[30.592213,50.530406],[30.592347,50.530239],[30.592871,50.529588],[30.593049,50.529364],[30.59313,50.529261],[30.593361,50.528937],[30.593384,50.528908],[30.593645,50.528583],[30.593706,50.528514],[30.593836,50.52837],[30.59399,50.528225],[30.594034,50.528183],[30.594148,50.528076],[30.594389,50.527886],[30.594479,50.527835],[30.595627,50.527178],[30.596712,50.526582],[30.596961,50.526448],[30.597183,50.526327],[30.598315,50.525716],[30.598462,50.525631],[30.598942,50.525377],[30.599168,50.525233],[30.599412,50.52509],[30.600326,50.524587],[30.600528,50.524481],[30.600796,50.524362],[30.601078,50.524251],[30.601764,50.523982],[30.602114,50.523879],[30.602407,50.523824],[30.602529,50.523801],[30.602885,50.523732],[30.603363,50.523683],[30.60398,50.523657],[30.605096,50.523608],[30.605484,50.523592],[30.605598,50.523586],[30.605747,50.52358],[30.606166,50.52356],[30.607693,50.523487],[30.607891,50.523477]]},"properties":{"name":"Лісківська вулиця"}},{"type":"Feature","geometry":{"type":"LineString","coordinates":[[30.58189,50.512767],[30.582039,50.512838],[30.58229,50.513017],[30.582673,50.513394],[30.582807,50.513538],[30.583044,50.513792],[30.583381,50.514157],[30.584041,50.514939],[30.584475,50.515533],[30.584599,50.515836],[30.584609,50.515898],[30.584823,50.51728],[30.584832,50.517367],[30.584847,50.517509],[30.584856,50.517586],[30.584885,50.517861],[30.584948,50.518249],[30.585033,50.518735],[30.585045,50.518786],[30.585218,50.519321],[30.5853,50.519561],[30.585545,50.520378],[30.585585,50.520505],[30.585763,50.521022],[30.58596,50.52146],[30.586184,50.522089],[30.586216,50.522296],[30.586217,50.522624],[30.586132,50.522984],[30.586048,50.523132],[30.585897,50.523399],[30.585348,50.524052],[30.58515,50.524387],[30.584974,50.524878],[30.584922,50.525021],[30.584803,50.525344],[30.584795,50.525363],[30.584673,50.525679],[30.584651,50.525932],[30.584754,50.52644],[30.58494,50.526954],[30.585478,50.527501],[30.586209,50.52827],[30.586411,50.528554],[30.586498,50.528675],[30.586891,50.52916],[30.586996,50.529293],[30.58735,50.529718],[30.587549,50.529957],[30.587744,50.530191]]},"properties":{"name":"Радосинська вулиця"}},{"type":"Feature","geometry":{"type":"LineString","coordinates":[[30.580096,50.510666],[30.58049,50.511365],[30.580658,50.511544],[30.580743,50.511644],[30.58089,50.511822],[30.581074,50.512009],[30.581242,50.512186],[30.581392,50.512346],[30.581426,50.512378],[30.581699,50.512623],[30.581789,50.512694],[30.581801,50.512703]]},"properties":{"name":"Радосинська вулиця"}},{"type":"Feature","geometry":{"type":"LineString","coordinates":[[30.585223,50.524052],[30.585348,50.524052]]},"properties":{"name":"вулиця Справедливості"}},{"type":"Feature","geometry":{"type":"LineString","coordinates":[[30.580617,50.505166],[30.580536,50.505221],[30.580414,50.505328],[30.580377,50.505365],[30.580184,50.505595],[30.579974,50.505841],[30.579865,50.506],[30.579568,50.506487],[30.579135,50.507244],[30.579052,50.507427],[30.578935,50.507778],[30.578909,50.508031],[30.578944,50.50829],[30.579058,50.508759],[30.579539,50.509684],[30.580096,50.510666]]},"properties":{"name":"вулиця Олексія Курінного"}},{"type":"Feature","geometry":{"type":"LineString","coordinates":[[30.596229,50.510981],[30.596316,50.510875],[30.596332,50.510856],[30.597065,50.509943],[30.597129,50.509869],[30.59761,50.50929],[30.598197,50.508585],[30.59892,50.507704],[30.599163,50.507409],[30.599704,50.506754],[30.600432,50.505887],[30.600573,50.505723],[30.600608,50.505648],[30.600616,50.505566],[30.600601,50.505483],[30.600556,50.505341]]},"properties":{"name":"вулиця Рональда Рейгана"}},{"type":"Feature","geometry":{"type":"LineString","coordinates":[[30.601053,50.504845],[30.601303,50.504758],[30.601486,50.504676],[30.601573,50.504599],[30.601643,50.504513],[30.602028,50.504037],[30.603059,50.502779],[30.603914,50.501731],[30.604212,50.501365],[30.604341,50.501222],[30.604413,50.501141],[30.605184,50.500216],[30.606229,50.498992],[30.606296,50.498914],[30.606315,50.498892],[30.606395,50.498798],[30.6065,50.498671],[30.606516,50.498651],[30.606539,50.498623],[30.606556,50.498603],[30.606699,50.498418],[30.606967,50.498096],[30.607755,50.497078],[30.607889,50.496887],[30.607951,50.496762],[30.607997,50.496589],[30.608004,50.496526],[30.608002,50.496384],[30.607852,50.495583],[30.607849,50.495491],[30.607851,50.495424],[30.607865,50.495305],[30.607875,50.4952]]},"properties":{"name":"вулиця Рональда Рейгана"}},{"type":"Feature","geometry":{"type":"LineString","coordinates":[[30.601665,50.505053],[30.601631,50.504884],[30.601636,50.50475],[30.601684,50.504632],[30.601756,50.504545],[30.602937,50.503126],[30.60329,50.502704],[30.603537,50.502409],[30.60403,50.50179],[30.604353,50.501414],[30.604479,50.501268],[30.604547,50.50119],[30.606068,50.499408],[30.606431,50.498982],[30.60645,50.49896],[30.606535,50.49886],[30.606576,50.498811],[30.606632,50.498743],[30.606647,50.498725],[30.606672,50.498694],[30.606689,50.498673],[30.606711,50.498646],[30.607546,50.497612],[30.607908,50.49711],[30.608033,50.496918],[30.608102,50.496779],[30.608139,50.496662],[30.608157,50.496596],[30.608166,50.496482],[30.608162,50.496346],[30.608072,50.495647],[30.608032,50.495441],[30.608076,50.495219]]},"properties":{"name":"вулиця Рональда Рейгана"}},{"type":"Feature","geometry":{"type":"LineString","coordinates":[[30.601227,50.505587],[30.601036,50.505633],[30.600943,50.50566],[30.60082,50.505714],[30.600697,50.505807],[30.600605,50.505903],[30.600583,50.505929],[30.599074,50.507759],[30.598649,50.508274],[30.598328,50.508663],[30.597317,50.509889],[30.596834,50.510475],[30.596477,50.510907],[30.596462,50.510925],[30.596377,50.511029]]},"properties":{"name":"вулиця Рональда Рейгана"}},{"type":"Feature","geometry":{"type":"LineString","coordinates":[[30.595459,50.511877],[30.595396,50.511946],[30.595384,50.51197],[30.595377,50.512001],[30.595375,50.51208],[30.595269,50.512197],[30.59473,50.512842],[30.594098,50.513635],[30.59394,50.513833],[30.593882,50.513903],[30.593759,50.514044],[30.593692,50.51412],[30.593317,50.51455],[30.59323,50.51465],[30.5929,50.515106],[30.592852,50.515172],[30.59282,50.515224],[30.5928,50.515261],[30.592782,50.515293],[30.592753,50.515329],[30.592668,50.515505],[30.592594,50.515791],[30.592581,50.516],[30.592623,50.516352],[30.592762,50.516728],[30.592902,50.516959],[30.593062,50.517183],[30.593105,50.517234],[30.593167,50.517298],[30.593307,50.517435],[30.594391,50.518484],[30.59448,50.51857],[30.594534,50.51862],[30.59458,50.518665]]},"properties":{"name":"вулиця Рональда Рейгана"}},{"type":"Feature","geometry":{"type":"LineString","coordinates":[[30.595605,50.511931],[30.595574,50.511966],[30.595556,50.511987],[30.59552,50.512017],[30.5955,50.51203],[30.595375,50.51208]]},"properties":{"name":"вулиця Рональда Рейгана"}},{"type":"Feature","geometry":{"type":"LineString","coordinates":[[30.607875,50.4952],[30.607902,50.494945],[30.607966,50.494562],[30.607997,50.494284],[30.608037,50.494178],[30.608137,50.493974],[30.608547,50.493135],[30.609552,50.490983],[30.610165,50.48941],[30.610208,50.489329],[30.610339,50.489079],[30.61037,50.489018],[30.610879,50.48819],[30.611164,50.487782],[30.611752,50.48692],[30.611867,50.486748],[30.611957,50.486609],[30.612142,50.486328],[30.612296,50.486105],[30.612476,50.485831],[30.61252,50.485767],[30.612904,50.485183],[30.614312,50.483128],[30.614794,50.482414],[30.615558,50.481281],[30.616369,50.480078],[30.616722,50.479569],[30.61744,50.47853],[30.617535,50.478389],[30.617653,50.478225],[30.617704,50.478151],[30.618094,50.477579],[30.618239,50.477372],[30.61831,50.477264],[30.618371,50.477172],[30.619843,50.474995],[30.621032,50.473236],[30.621221,50.472953],[30.622254,50.471506],[30.622582,50.471078],[30.623547,50.469831],[30.624366,50.468773],[30.624818,50.468185],[30.624903,50.468071],[30.625427,50.467325]]},"properties":{"name":"Братиславська вулиця"}},{"type":"Feature","geometry":{"type":"LineString","coordinates":[[30.608076,50.495219],[30.608105,50.49495],[30.608118,50.494875],[30.608131,50.494791],[30.608176,50.494453],[30.608234,50.494199],[30.608297,50.494036],[30.609227,50.492148],[30.609417,50.491762],[30.609447,50.491697],[30.609562,50.491404],[30.609727,50.491048],[30.609775,50.490908],[30.609917,50.490546],[30.610065,50.490158],[30.610293,50.489575],[30.610341,50.489441],[30.610555,50.488958],[30.610958,50.488338],[30.611092,50.488142],[30.611411,50.48768],[30.611756,50.487192],[30.611845,50.487067],[30.6119,50.486991],[30.612019,50.486839],[30.612153,50.486664],[30.612572,50.486043],[30.613831,50.484184],[30.61577,50.481328],[30.616491,50.480262],[30.617183,50.47923],[30.617322,50.479025],[30.617827,50.478277],[30.61838,50.477478],[30.61935,50.476046],[30.619734,50.475479],[30.621423,50.472987],[30.622374,50.471532],[30.622687,50.471107],[30.623636,50.469855],[30.624466,50.4688],[30.624911,50.468213],[30.624999,50.468097],[30.62529,50.467701],[30.62552,50.467393]]},"properties":{"name":"Братиславська вулиця"}},{"type":"Feature","geometry":{"type":"LineString","coordinates":[[30.627767,50.463418],[30.627734,50.463697],[30.627731,50.463729],[30.627723,50.463816],[30.627715,50.463902],[30.627701,50.463947],[30.626421,50.465848],[30.625427,50.467325],[30.625056,50.467735],[30.624816,50.467998],[30.624424,50.468469],[30.623497,50.46966],[30.623376,50.469808],[30.623295,50.469909],[30.623195,50.470048]]},"properties":{"name":"Братиславська вулиця"}},{"type":"Feature","geometry":{"type":"LineString","coordinates":[[30.629606,50.461114],[30.62951,50.461264],[30.629232,50.461712],[30.629002,50.462127],[30.628689,50.462718],[30.628444,50.46309],[30.627962,50.463814]]},"properties":{"name":"Братиславська вулиця"}},{"type":"Feature","geometry":{"type":"LineString","coordinates":[[30.623596,50.470162],[30.62371,50.470016],[30.623787,50.469923],[30.623871,50.469813],[30.624438,50.469101]]},"properties":{"name":"Братиславська вулиця"}},{"type":"Feature","geometry":{"type":"LineString","coordinates":[[30.629665,50.462354],[30.62956,50.462399],[30.629498,50.462462],[30.629467,50.462497],[30.629407,50.462587],[30.629371,50.462643],[30.629296,50.462748],[30.629223,50.462854],[30.629201,50.462888],[30.628982,50.463197],[30.628926,50.463278],[30.628874,50.463354],[30.628468,50.46395]]},"properties":{"name":"Братиславська вулиця"}},{"type":"Feature","geometry":{"type":"LineString","coordinates":[[30.627962,50.463814],[30.627923,50.463873],[30.627865,50.463959],[30.627032,50.465172],[30.62554,50.467366],[30.62552,50.467393],[30.625339,50.467774],[30.62519,50.468042],[30.624438,50.469101],[30.625409,50.468361],[30.6256,50.4681],[30.625879,50.467685],[30.626125,50.46732],[30.626282,50.467086],[30.626865,50.466299],[30.627133,50.465889],[30.62717,50.465837],[30.627313,50.465633],[30.627526,50.465317],[30.627682,50.465098],[30.627912,50.464741],[30.627892,50.464067],[30.627959,50.463885],[30.627962,50.463814]]},"properties":{"name":"Братиславська вулиця"}},{"type":"Feature","geometry":{"type":"LineString","coordinates":[[30.629385,50.461054],[30.62932,50.461148],[30.628739,50.461972],[30.628668,50.462072],[30.628311,50.462606],[30.627885,50.463242],[30.627767,50.463418],[30.626525,50.465154],[30.625198,50.467016],[30.625057,50.467185],[30.624888,50.467361],[30.624671,50.467567],[30.624429,50.467768],[30.624024,50.468072],[30.623826,50.468189],[30.623141,50.468538],[30.622855,50.468656],[30.622103,50.468935],[30.621335,50.469184],[30.621228,50.469221],[30.620828,50.469358],[30.618832,50.470013],[30.61822,50.470222],[30.617432,50.470484],[30.616365,50.470826],[30.614857,50.471333],[30.614802,50.471352],[30.614721,50.471379],[30.614197,50.471556],[30.613989,50.471623],[30.613508,50.471779],[30.613092,50.471911],[30.61289,50.471991],[30.61269,50.472102],[30.612256,50.472399]]},"properties":{"name":"Миропільська вулиця"}},{"type":"Feature","geometry":{"type":"LineString","coordinates":[[30.62106,50.469461],[30.620933,50.469475],[30.619731,50.46987],[30.618763,50.470184],[30.617514,50.470589],[30.615273,50.471332],[30.61494,50.471443],[30.61489,50.471459],[30.614839,50.471474],[30.614684,50.471524],[30.614617,50.471547],[30.61395,50.471765],[30.613421,50.471938],[30.613173,50.47202],[30.612802,50.472208],[30.612727,50.472258],[30.61241,50.472485]]},"properties":{"name":"Миропільська вулиця"}},{"type":"Feature","geometry":{"type":"LineString","coordinates":[[30.629385,50.461054],[30.629717,50.460568]]},"properties":{"name":"Чернігівська площа"}},{"type":"Feature","geometry":{"type":"LineString","coordinates":[[30.629936,50.460628],[30.629606,50.461114]]},"properties":{"name":"Чернігівська площа"}},{"type":"Feature","geometry":{"type":"LineString","coordinates":[[30.629717,50.460568],[30.629828,50.460405],[30.630109,50.46001],[30.630155,50.459945],[30.630379,50.459612],[30.630527,50.459365],[30.630643,50.4592],[30.631182,50.458452],[30.631223,50.458393],[30.631837,50.457509],[30.631923,50.457377],[30.632973,50.455841],[30.633025,50.45573],[30.63306,50.455606],[30.633089,50.455504],[30.633081,50.455372]]},"properties":{"name":"вулиця Гната Хоткевича"}},{"type":"Feature","geometry":{"type":"LineString","coordinates":[[30.635379,50.452504],[30.635298,50.45262],[30.635158,50.452819],[30.635012,50.453026],[30.634979,50.453074],[30.634914,50.453166],[30.634778,50.453326],[30.634714,50.4534],[30.634483,50.453747],[30.634344,50.453951],[30.634137,50.454271],[30.633741,50.454924],[30.633638,50.455092],[30.633417,50.455438],[30.633256,50.455693],[30.633158,50.45587],[30.633125,50.455917],[30.632973,50.456137],[30.63259,50.456665],[30.632549,50.456723],[30.632407,50.456968],[30.632011,50.457557],[30.631879,50.45774],[30.631727,50.457957],[30.631526,50.458251],[30.631301,50.458594],[30.63116,50.458827],[30.631083,50.458948],[30.630769,50.459432],[30.630674,50.459571],[30.630576,50.459677],[30.630352,50.460007],[30.630312,50.460066],[30.630036,50.460481],[30.629936,50.460628]]},"properties":{"name":"вулиця Гната Хоткевича"}},{"type":"Feature","geometry":{"type":"LineString","coordinates":[[30.633081,50.455372],[30.632897,50.455061],[30.632798,50.454903],[30.631381,50.452627],[30.631229,50.452436],[30.631131,50.452321],[30.630963,50.452112],[30.630563,50.45156],[30.630526,50.45151],[30.630399,50.451306],[30.630158,50.450884],[30.629896,50.450427],[30.629472,50.449685],[30.628656,50.44834],[30.628096,50.447416],[30.627963,50.447198],[30.627126,50.445813],[30.626873,50.445394],[30.626817,50.445301],[30.626126,50.444138],[30.625417,50.442795]]},"properties":{"name":"проспект Леоніда Каденюка"}},{"type":"Feature","geometry":{"type":"LineString","coordinates":[[30.630767,50.451443],[30.630651,50.451275],[30.6304,50.450857],[30.630274,50.450647],[30.629795,50.449849],[30.629135,50.448751],[30.628652,50.447948],[30.628407,50.447538],[30.62818,50.447159],[30.627713,50.44638],[30.627371,50.445818],[30.627099,50.445372],[30.626641,50.444624],[30.626312,50.444086],[30.625968,50.443476],[30.625973,50.443428],[30.626,50.443352],[30.626125,50.443212],[30.626333,50.442959]]},"properties":{"name":"проспект Леоніда Каденюка"}},{"type":"Feature","geometry":{"type":"LineString","coordinates":[[30.626312,50.444086],[30.627185,50.443868],[30.627686,50.443741],[30.628668,50.443499],[30.62879,50.443468],[30.628953,50.443446],[30.629006,50.443439],[30.629035,50.443436]]},"properties":{"name":"вулиця Володимира Сосюри"}},{"type":"Feature","geometry":{"type":"LineString","coordinates":[[30.630767,50.451443],[30.630922,50.451614],[30.63112,50.451744],[30.631325,50.45184],[30.631963,50.452032],[30.632119,50.452077],[30.632287,50.452126],[30.633179,50.452379],[30.633261,50.452402],[30.633828,50.452564],[30.633952,50.452599],[30.634032,50.452622],[30.634064,50.452631],[30.634108,50.452644],[30.634192,50.452668]]},"properties":{"name":"бульвар Верховної Ради"}},{"type":"Feature","geometry":{"type":"LineString","coordinates":[[30.635379,50.452504],[30.635266,50.452611],[30.635199,50.452666],[30.635098,50.452721],[30.634942,50.452773],[30.63482,50.45278],[30.634688,50.452767],[30.634394,50.45271],[30.634192,50.452668],[30.634379,50.452764],[30.634492,50.452844],[30.634543,50.452894],[30.634579,50.452946],[30.634675,50.453094],[30.634715,50.453202],[30.634729,50.453275],[30.634714,50.4534]]},"properties":{"name":"бульвар Верховної Ради"}},{"type":"Feature","geometry":{"type":"LineString","coordinates":[[30.615142,50.447717],[30.614947,50.44766],[30.614497,50.447531],[30.613284,50.447186],[30.61269,50.44701],[30.612626,50.446992],[30.611525,50.446694],[30.610997,50.446548],[30.61095,50.446532],[30.610901,50.446502],[30.610876,50.446469],[30.610865,50.446445],[30.610866,50.446418],[30.610859,50.446375]]},"properties":{"name":"бульвар Верховної Ради"}},{"type":"Feature","geometry":{"type":"LineString","coordinates":[[30.6108,50.446357],[30.610859,50.446375],[30.611051,50.446325]]},"properties":{"name":"бульвар Верховної Ради"}},{"type":"Feature","geometry":{"type":"LineString","coordinates":[[30.580743,50.511644],[30.580892,50.511575]]},"properties":{"name":"вулиця Гійома де Боплана"}},{"type":"Feature","geometry":{"type":"LineString","coordinates":[[30.505194,50.454063],[30.505027,50.453992],[30.504734,50.453871],[30.504692,50.453854],[30.503943,50.453539],[30.502469,50.452922],[30.502332,50.452862],[30.502294,50.452847],[30.501976,50.452711],[30.501962,50.452705],[30.501933,50.452692],[30.501694,50.452597],[30.501636,50.452574],[30.501407,50.452482],[30.50103,50.452326],[30.500936,50.452287],[30.50079,50.452224],[30.500663,50.452171],[30.500425,50.45207],[30.500304,50.452019],[30.500244,50.451993],[30.499497,50.451674],[30.499387,50.451627],[30.49936,50.451616],[30.499271,50.451579],[30.499027,50.451479],[30.498882,50.451419],[30.49877,50.451372],[30.49766,50.450898],[30.497379,50.450778],[30.497327,50.450756],[30.496807,50.450526],[30.496543,50.45041],[30.496446,50.450369],[30.496333,50.450322],[30.496094,50.450216],[30.495769,50.450072],[30.495577,50.449987],[30.49538,50.4499],[30.495032,50.449734],[30.494934,50.44969],[30.494733,50.449582],[30.494415,50.4494],[30.494313,50.449343],[30.494258,50.449309],[30.493796,50.449034],[30.49374,50.449],[30.493543,50.448889],[30.492956,50.448587],[30.492849,50.448547],[30.492745,50.448509],[30.492481,50.448424],[30.492326,50.448367],[30.492249,50.448336],[30.492109,50.448283],[30.491669,50.448116],[30.49144,50.448],[30.49129,50.447911],[30.491201,50.447833],[30.491146,50.447761],[30.491103,50.447695],[30.491038,50.447567],[30.491016,50.447516],[30.49099,50.447437],[30.490929,50.447247]]},"properties":{"name":"Бульварно-Кудрявська вулиця"}},{"type":"Feature","geometry":{"type":"LineString","coordinates":[[30.505648,50.454252],[30.505914,50.454363]]},"properties":{"name":"Бульварно-Кудрявська вулиця"}},{"type":"Feature","geometry":{"type":"LineString","coordinates":[[30.492745,50.448509],[30.492867,50.448371],[30.493464,50.44776],[30.493494,50.447729],[30.493658,50.447562],[30.493948,50.447267],[30.493922,50.447194],[30.494051,50.446736]]},"properties":{"name":"Дмитрівська вулиця"}},{"type":"Feature","geometry":{"type":"LineString","coordinates":[[30.486403,50.457596],[30.486332,50.4577],[30.486228,50.457821],[30.48617,50.457875],[30.486111,50.457929]]},"properties":{"name":"Дмитрівська вулиця"}},{"type":"Feature","geometry":{"type":"LineString","coordinates":[[30.490929,50.447247],[30.490955,50.447243],[30.491374,50.447177],[30.492113,50.447055],[30.492546,50.446983],[30.494051,50.446736]]},"properties":{"name":"Галицька площа"}},{"type":"Feature","geometry":{"type":"LineString","coordinates":[[30.490831,50.446957],[30.490852,50.446953],[30.491264,50.446884],[30.49158,50.446831],[30.491994,50.446762],[30.492651,50.446653],[30.492998,50.446596],[30.493366,50.446539],[30.493855,50.446461],[30.49413,50.446419]]},"properties":{"name":"Галицька площа"}},{"type":"Feature","geometry":{"type":"LineString","coordinates":[[30.494352,50.446677],[30.494051,50.446736],[30.49413,50.446419],[30.49429,50.446396],[30.494458,50.446372],[30.494352,50.446677]]},"properties":{"name":"Галицька площа"}},{"type":"Feature","geometry":{"type":"LineString","coordinates":[[30.49413,50.446419],[30.494135,50.446278],[30.494118,50.446176],[30.494097,50.446112],[30.494033,50.44596],[30.493973,50.445855],[30.493924,50.445791],[30.493786,50.445726],[30.493558,50.445624],[30.493487,50.445592],[30.493413,50.445561],[30.493146,50.445441],[30.492866,50.445317],[30.492764,50.445272],[30.492597,50.445208],[30.492469,50.445163]]},"properties":{"name":"Старовокзальна вулиця"}},{"type":"Feature","geometry":{"type":"LineString","coordinates":[[30.494355,50.445948],[30.494338,50.445945],[30.494153,50.445887],[30.494047,50.445841],[30.493924,50.445791]]},"properties":{"name":"Старовокзальна вулиця"}},{"type":"Feature","geometry":{"type":"LineString","coordinates":[[30.50103,50.452326],[30.501059,50.452472],[30.501101,50.45268],[30.501151,50.452855],[30.501295,50.453363],[30.501542,50.454283],[30.501567,50.454362],[30.501698,50.454828],[30.501742,50.454985],[30.501919,50.455605],[30.502008,50.455921],[30.502119,50.456318],[30.502152,50.456439]]},"properties":{"name":"Обсерваторна вулиця"}},{"type":"Feature","geometry":{"type":"LineString","coordinates":[[30.50478,50.455723],[30.504323,50.45585],[30.504237,50.455874],[30.504217,50.455879],[30.502441,50.456362],[30.502424,50.456367],[30.502339,50.45639],[30.502152,50.456439],[30.502017,50.456471],[30.501931,50.456481],[30.501842,50.456487],[30.501227,50.456469],[30.501079,50.456464],[30.500959,50.456461],[30.500086,50.456432],[30.499875,50.456426],[30.499054,50.456403],[30.498424,50.456379],[30.498222,50.456371],[30.498106,50.456367],[30.497951,50.456363],[30.497598,50.456351],[30.497465,50.456346],[30.497359,50.456343],[30.496569,50.456322],[30.496263,50.456314],[30.495872,50.456304],[30.495789,50.456302],[30.495651,50.456298],[30.494445,50.456266],[30.494317,50.456262],[30.494247,50.45626],[30.494031,50.456255],[30.493506,50.45624],[30.493285,50.456235],[30.492654,50.456219],[30.492538,50.456216],[30.492072,50.456203],[30.49156,50.45619],[30.491356,50.456184],[30.491097,50.456178],[30.490744,50.456172],[30.490581,50.456176],[30.49044,50.456191],[30.490361,50.45621],[30.490224,50.456254],[30.49019,50.456269],[30.490157,50.456284],[30.489257,50.456692],[30.489167,50.456737],[30.488849,50.456887],[30.488731,50.456947],[30.488411,50.45711],[30.488331,50.457151],[30.488133,50.45724],[30.487841,50.457402],[30.48764,50.457533],[30.487584,50.457583],[30.487285,50.45786],[30.487201,50.457941],[30.486817,50.45833],[30.48657,50.45858],[30.48651,50.458642],[30.486409,50.458756],[30.486347,50.458822],[30.486086,50.459081],[30.486047,50.459117],[30.48547,50.459674],[30.485272,50.459865],[30.485007,50.46011],[30.484918,50.460192],[30.484908,50.460201]]},"properties":{"name":"вулиця Січових Стрільців"}},{"type":"Feature","geometry":{"type":"LineString","coordinates":[[30.50478,50.455723],[30.504838,50.455708],[30.505547,50.455519],[30.505849,50.455442],[30.506156,50.455381]]},"properties":{"name":"Львівська площа"}},{"type":"Feature","geometry":{"type":"LineString","coordinates":[[30.505914,50.454363],[30.505635,50.454654],[30.505719,50.454698],[30.505876,50.454919],[30.506107,50.45529],[30.506156,50.455381],[30.506386,50.45535],[30.506496,50.455338],[30.506564,50.45533],[30.507074,50.455275],[30.507373,50.455244],[30.50732,50.455147],[30.50728,50.455093],[30.507144,50.454978]]},"properties":{"name":"Львівська площа"}},{"type":"Feature","geometry":{"type":"LineString","coordinates":[[30.480975,50.461645],[30.480859,50.461653],[30.480458,50.461666],[30.480353,50.46167],[30.480205,50.461675],[30.480172,50.461676],[30.480113,50.461678],[30.480038,50.46168],[30.478912,50.461745],[30.478385,50.461771],[30.477647,50.461808],[30.476034,50.46189],[30.475319,50.461927],[30.474557,50.461963],[30.474069,50.461993],[30.473904,50.462],[30.473722,50.462009],[30.473318,50.462029],[30.470973,50.462162],[30.469916,50.462215],[30.469597,50.462232],[30.469504,50.462237],[30.468644,50.462282],[30.467508,50.462345],[30.46655,50.46241],[30.46623,50.462434],[30.465844,50.462471],[30.465457,50.462514],[30.465223,50.46254],[30.464752,50.462596],[30.464455,50.462631],[30.462801,50.462815],[30.461976,50.462891],[30.461852,50.462903],[30.461141,50.462957],[30.460438,50.463015],[30.459908,50.463042],[30.459718,50.463049],[30.459092,50.463067],[30.458429,50.463072],[30.4572,50.46306],[30.455207,50.46303],[30.454991,50.463026],[30.454874,50.463025],[30.454393,50.463012],[30.453949,50.463],[30.453202,50.462981],[30.452375,50.462958],[30.452252,50.462953],[30.451928,50.462936],[30.451465,50.462921],[30.451047,50.46291],[30.450944,50.462908],[30.450847,50.462905],[30.450658,50.462902],[30.449992,50.462891],[30.449518,50.462896],[30.449471,50.462895],[30.44933,50.462894],[30.448231,50.462863],[30.447753,50.462834],[30.447515,50.462828],[30.44669,50.462804],[30.446475,50.462799],[30.44498,50.462736],[30.443868,50.462699],[30.443799,50.462695],[30.442973,50.462669],[30.442832,50.462661],[30.442657,50.462651],[30.442409,50.462631],[30.442025,50.462593],[30.441876,50.462579],[30.441102,50.462506],[30.440326,50.462425],[30.439261,50.462311],[30.438483,50.462228],[30.436696,50.462042],[30.436638,50.462035],[30.436576,50.462029],[30.435926,50.461963],[30.434989,50.461868],[30.43325,50.46166],[30.433009,50.461623],[30.4324,50.461504],[30.432194,50.461459],[30.43186,50.461371],[30.430539,50.460995],[30.429511,50.460696],[30.429309,50.460638],[30.429149,50.460593],[30.429041,50.460561],[30.427723,50.460186]]},"properties":{"name":"Дегтярівська вулиця"}},{"type":"Feature","geometry":{"type":"LineString","coordinates":[[30.425679,50.459963],[30.425843,50.460007],[30.426095,50.460054],[30.426347,50.460084],[30.426522,50.460095],[30.426807,50.460102],[30.427101,50.460116],[30.427399,50.460146],[30.427723,50.460186],[30.427404,50.460072],[30.426957,50.459934],[30.426722,50.459865],[30.426646,50.459843],[30.426502,50.459803],[30.426129,50.459693],[30.425848,50.459611],[30.425798,50.459596],[30.425488,50.459509],[30.425163,50.459421],[30.423615,50.458997],[30.423252,50.458907],[30.422631,50.458783],[30.422355,50.458742]]},"properties":{"name":"Дегтярівська вулиця"}},{"type":"Feature","geometry":{"type":"LineString","coordinates":[[30.423568,50.459342],[30.423256,50.45918],[30.422885,50.458968],[30.422629,50.45885],[30.422355,50.458742],[30.422201,50.458702]]},"properties":{"name":"Дегтярівська вулиця"}},{"type":"Feature","geometry":{"type":"LineString","coordinates":[[30.48161,50.461438],[30.48178,50.461395],[30.482804,50.461189],[30.482834,50.461183],[30.482866,50.461178],[30.483057,50.461153],[30.483369,50.461123],[30.483688,50.4611],[30.483769,50.461095],[30.48395,50.461084]]},"properties":{"name":"Дегтярівська вулиця"}},{"type":"Feature","geometry":{"type":"LineString","coordinates":[[30.425679,50.459963],[30.425554,50.459925],[30.425243,50.459831],[30.423568,50.459342]]},"properties":{"name":"Табірна вулиця"}},{"type":"Feature","geometry":{"type":"LineString","coordinates":[[30.403394,50.434097],[30.403165,50.43404],[30.401032,50.433502]]},"properties":{"name":"Борщагівський шляхопровід"}},{"type":"Feature","geometry":{"type":"LineString","coordinates":[[30.401117,50.433363],[30.401515,50.433468],[30.40349,50.433984]]},"properties":{"name":"Борщагівський шляхопровід"}},{"type":"Feature","geometry":{"type":"LineString","coordinates":[[30.401032,50.433502],[30.400659,50.433411],[30.399905,50.433263],[30.399058,50.433043],[30.398647,50.432924],[30.398354,50.432839],[30.398087,50.43277],[30.396105,50.43227],[30.394369,50.431821],[30.393826,50.43168],[30.393762,50.431662],[30.392557,50.431351],[30.391474,50.431073],[30.389277,50.430501],[30.388974,50.430421],[30.386288,50.429759],[30.385993,50.429738],[30.385806,50.429758],[30.38559,50.429804]]},"properties":{"name":"проспект Леся Курбаса"}},{"type":"Feature","geometry":{"type":"LineString","coordinates":[[30.385951,50.429227],[30.386182,50.429403],[30.386255,50.429454],[30.386337,50.429496],[30.386424,50.429528],[30.387153,50.429728],[30.387943,50.429933],[30.391613,50.430911],[30.392133,50.431043],[30.392396,50.431109],[30.392659,50.431176],[30.393419,50.431368],[30.396206,50.432073],[30.397198,50.432331],[30.397832,50.432476],[30.398742,50.432693],[30.398944,50.432746],[30.399906,50.432998],[30.400332,50.43311],[30.400772,50.433252],[30.401013,50.43333],[30.401117,50.433363]]},"properties":{"name":"проспект Леся Курбаса"}},{"type":"Feature","geometry":{"type":"LineString","coordinates":[[30.375176,50.42665],[30.375386,50.426703],[30.376434,50.426963],[30.379574,50.427763],[30.380115,50.4279],[30.380703,50.428044],[30.381215,50.428169],[30.384025,50.428915],[30.384196,50.428956],[30.384326,50.428972],[30.384457,50.428979],[30.384642,50.428967],[30.38482,50.428946]]},"properties":{"name":"проспект Леся Курбаса"}},{"type":"Feature","geometry":{"type":"LineString","coordinates":[[30.366087,50.424164],[30.366229,50.424242],[30.36652,50.424397],[30.367356,50.424617],[30.367406,50.42463],[30.36759,50.424678],[30.367799,50.424728],[30.368599,50.424953],[30.368692,50.424978],[30.368764,50.424995],[30.369232,50.425112],[30.369652,50.425213],[30.371988,50.425812],[30.372683,50.42599]]},"properties":{"name":"проспект Леся Курбаса"}},{"type":"Feature","geometry":{"type":"LineString","coordinates":[[30.372592,50.426243],[30.369438,50.425443],[30.369183,50.425397],[30.36896,50.425399],[30.368788,50.425441],[30.367401,50.426003]]},"properties":{"name":"проспект Леся Курбаса"}},{"type":"Feature","geometry":{"type":"LineString","coordinates":[[30.384895,50.428922],[30.385104,50.428765],[30.385204,50.428648],[30.385306,50.428484],[30.385344,50.428394],[30.385373,50.428273],[30.385388,50.428118],[30.385365,50.427892],[30.3852,50.427454],[30.384624,50.426111],[30.384568,50.425982],[30.384538,50.425907],[30.384506,50.425834],[30.384453,50.425704],[30.384414,50.425611],[30.384284,50.425295],[30.384238,50.425186],[30.384107,50.42488],[30.38386,50.424311],[30.383808,50.4242],[30.383557,50.42365],[30.383529,50.423587],[30.383381,50.423299],[30.383297,50.423174],[30.383176,50.423036],[30.383077,50.42294],[30.38294,50.422832],[30.382818,50.422744],[30.382595,50.422604],[30.381479,50.421895],[30.380857,50.421508],[30.380598,50.421345],[30.38038,50.421212]]},"properties":{"name":"вулиця Володимира Покотила"}},{"type":"Feature","geometry":{"type":"LineString","coordinates":[[30.385925,50.429098],[30.385925,50.429181]]},"properties":{"name":"вулиця Володимира Покотила"}},{"type":"Feature","geometry":{"type":"LineString","coordinates":[[30.388428,50.417121],[30.388283,50.417184],[30.387714,50.417443],[30.386318,50.418081],[30.385344,50.418529],[30.384511,50.418919],[30.384121,50.419093],[30.383593,50.419348],[30.383029,50.419618],[30.38251,50.419904],[30.382117,50.420131],[30.381934,50.420237],[30.381852,50.420288],[30.381646,50.420417],[30.38038,50.421212],[30.379096,50.421975],[30.378831,50.422133],[30.37878,50.422163],[30.37865,50.42224],[30.378573,50.422295],[30.378352,50.422435],[30.378323,50.422452],[30.378253,50.422498],[30.378108,50.422594],[30.377762,50.422822],[30.37624,50.423835],[30.375898,50.424099],[30.375624,50.424345],[30.375137,50.424828],[30.374731,50.425286],[30.374638,50.425402],[30.374524,50.425552]]},"properties":{"name":"бульвар Миколи Руденка"}},{"type":"Feature","geometry":{"type":"LineString","coordinates":[[30.375176,50.42665],[30.375049,50.426577],[30.374939,50.426501],[30.374598,50.42622],[30.374498,50.42613],[30.374437,50.426041],[30.374419,50.425934],[30.374419,50.425843],[30.374444,50.425749],[30.374524,50.425552],[30.374307,50.425687],[30.374153,50.425778],[30.374003,50.425842],[30.373859,50.42588],[30.373596,50.425919],[30.373523,50.425927],[30.373161,50.425977],[30.372958,50.425997],[30.37284,50.426001],[30.372683,50.42599]]},"properties":{"name":"бульвар Миколи Руденка"}},{"type":"Feature","geometry":{"type":"LineString","coordinates":[[30.388428,50.417121],[30.38829,50.416992],[30.387738,50.416487],[30.387558,50.416334],[30.386285,50.415156],[30.385857,50.414791],[30.385676,50.414669],[30.385625,50.414641],[30.385481,50.414562],[30.385318,50.414484],[30.385271,50.414461],[30.384918,50.414331],[30.384534,50.414218],[30.384285,50.414164],[30.384178,50.414151],[30.383988,50.414128]]},"properties":{"name":"вулиця Зодчих"}},{"type":"Feature","geometry":{"type":"LineString","coordinates":[[30.37003,50.422043],[30.370204,50.421868],[30.370279,50.421805],[30.370595,50.421537],[30.370815,50.421364],[30.371248,50.421049],[30.372456,50.420279],[30.373158,50.419835],[30.373645,50.419538],[30.37407,50.419273],[30.374186,50.419202],[30.3765,50.417762],[30.377355,50.417219],[30.377461,50.417153],[30.377748,50.41697],[30.377898,50.416874],[30.378137,50.416721],[30.378209,50.416676],[30.378422,50.416539],[30.378663,50.416385],[30.378994,50.416173],[30.381263,50.414752],[30.381512,50.414597],[30.381593,50.414556],[30.381714,50.414491],[30.381941,50.414388],[30.382112,50.41433],[30.382361,50.414247],[30.382786,50.414159],[30.383184,50.414115],[30.383337,50.414105],[30.383641,50.414092],[30.383846,50.414107],[30.383904,50.414116]]},"properties":{"name":"вулиця Зодчих"}},{"type":"Feature","geometry":{"type":"LineString","coordinates":[[30.382856,50.413209],[30.383014,50.413299],[30.383532,50.413643],[30.383694,50.413746],[30.383777,50.413805],[30.383821,50.413837],[30.383914,50.413895],[30.384046,50.413957]]},"properties":{"name":"вулиця Зодчих"}},{"type":"Feature","geometry":{"type":"LineString","coordinates":[[30.367401,50.426003],[30.367274,50.42605],[30.367225,50.426068],[30.36654,50.426327]]},"properties":{"name":"вулиця Зодчих"}},{"type":"Feature","geometry":{"type":"LineString","coordinates":[[30.388428,50.417121],[30.389187,50.41678],[30.38967,50.416599],[30.389774,50.416573],[30.390051,50.416493],[30.390217,50.416448],[30.390673,50.416325],[30.391241,50.416189],[30.391948,50.41603],[30.392182,50.415973],[30.392574,50.415882],[30.392847,50.415785],[30.393123,50.415663],[30.393572,50.415415],[30.393979,50.415171],[30.39429,50.414925],[30.394461,50.414789],[30.394588,50.414671],[30.394722,50.414525],[30.39486,50.41434],[30.395003,50.414091],[30.395138,50.413826],[30.395442,50.413165],[30.395644,50.412771],[30.395883,50.412374],[30.396348,50.411766],[30.396449,50.411634],[30.39664,50.411447],[30.396673,50.411415],[30.396708,50.41138],[30.396845,50.411246],[30.39759,50.410609],[30.397906,50.410387],[30.39807,50.410256],[30.398178,50.410183],[30.398711,50.40982],[30.399551,50.409355],[30.400206,50.409011],[30.400468,50.408898],[30.400888,50.408723],[30.401739,50.408422],[30.402415,50.408197],[30.402681,50.408118],[30.403765,50.407849],[30.403944,50.407806],[30.404161,50.407763],[30.405079,50.407587],[30.406181,50.407398],[30.406444,50.407357],[30.407388,50.407215],[30.407453,50.407204],[30.407629,50.407179],[30.407746,50.407165],[30.407962,50.407147],[30.408187,50.40715]]},"properties":{"name":"вулиця Симиренка"}},{"type":"Feature","geometry":{"type":"LineString","coordinates":[[30.390267,50.416791],[30.390409,50.416718],[30.390599,50.416667],[30.391633,50.416409],[30.392105,50.416288],[30.392841,50.416109],[30.393167,50.41601],[30.393446,50.415909],[30.393674,50.415818],[30.39394,50.415684],[30.394287,50.4155],[30.394462,50.415376],[30.394734,50.415138],[30.394933,50.414947],[30.395013,50.414865],[30.395239,50.414571],[30.395345,50.41441],[30.395436,50.414225],[30.395603,50.413916],[30.395979,50.413141],[30.396061,50.413005],[30.396457,50.412352],[30.396656,50.412115],[30.396805,50.411937],[30.397202,50.411464],[30.397426,50.411265],[30.39786,50.410881],[30.398273,50.410554],[30.398413,50.410456],[30.398902,50.410114],[30.399112,50.409968],[30.399908,50.40954],[30.400009,50.409491],[30.400543,50.409231],[30.400746,50.409143],[30.400954,50.40905],[30.401192,50.408954],[30.401729,50.408761],[30.402281,50.408573],[30.402665,50.408457],[30.403119,50.408328],[30.403372,50.408263],[30.403661,50.408196],[30.403938,50.408129],[30.404176,50.408079],[30.404813,50.407941],[30.405247,50.407871],[30.405852,50.407841],[30.406622,50.40781],[30.406948,50.407812],[30.407398,50.407834],[30.407678,50.407852]]},"properties":{"name":"вулиця Симиренка"}},{"type":"Feature","geometry":{"type":"LineString","coordinates":[[30.390051,50.416493],[30.390135,50.416616],[30.390156,50.416644],[30.390267,50.416791],[30.390299,50.41685],[30.390412,50.41705],[30.390554,50.417269]]},"properties":{"name":"вулиця Івана Дзюби"}},{"type":"Feature","geometry":{"type":"LineString","coordinates":[[30.388428,50.417121],[30.388531,50.417216],[30.38856,50.41724],[30.388594,50.417275],[30.388856,50.4176],[30.388921,50.41769],[30.389123,50.418048],[30.389303,50.418379],[30.389561,50.418851],[30.389778,50.419224],[30.389854,50.419356],[30.39074,50.42091],[30.390809,50.421037],[30.390851,50.421109],[30.39095,50.421284],[30.39104,50.421439],[30.391087,50.421521],[30.391896,50.422917],[30.392052,50.423184],[30.392471,50.423869],[30.392641,50.424163],[30.392704,50.424284],[30.392917,50.424664],[30.393345,50.425424],[30.393487,50.425681],[30.393602,50.425888],[30.39383,50.426299],[30.393863,50.42635],[30.393887,50.426389],[30.393952,50.426494],[30.394035,50.426614],[30.394181,50.426827]]},"properties":{"name":"вулиця Івана Дзюби"}},{"type":"Feature","geometry":{"type":"LineString","coordinates":[[30.391613,50.430911],[30.391671,50.430814],[30.391686,50.430787],[30.391708,50.43075],[30.391721,50.430727],[30.3919,50.430419],[30.39199,50.430283],[30.392469,50.429559],[30.392788,50.429061],[30.393046,50.428649],[30.393105,50.428553],[30.393556,50.427832],[30.394087,50.426982],[30.394108,50.426949],[30.394181,50.426827]]},"properties":{"name":"вулиця Академіка Корольова"}},{"type":"Feature","geometry":{"type":"LineString","coordinates":[[30.474332,50.464148],[30.474304,50.464119],[30.474286,50.464101],[30.474212,50.464025],[30.474143,50.463932],[30.474134,50.463873],[30.47407,50.463349],[30.473978,50.462623],[30.473971,50.462566],[30.473963,50.462508],[30.473929,50.462211],[30.473923,50.462166],[30.473918,50.462116],[30.473916,50.462087],[30.473904,50.462],[30.473889,50.461902],[30.473883,50.461853],[30.47384,50.461558],[30.473736,50.460707],[30.473714,50.46054],[30.473625,50.459569],[30.473532,50.458913],[30.473525,50.458857],[30.473507,50.458722],[30.473487,50.458582],[30.473479,50.458516],[30.473326,50.457478],[30.473277,50.457193],[30.473287,50.457065],[30.47333,50.456959],[30.47335,50.456931],[30.473377,50.456906],[30.474145,50.456196],[30.474299,50.45607]]},"properties":{"name":"вулиця Митрофана Довнар-Запольського"}},{"type":"Feature","geometry":{"type":"LineString","coordinates":[[30.480859,50.461653],[30.480863,50.461726],[30.480864,50.46175],[30.480865,50.461777],[30.480866,50.461808],[30.48087,50.461895],[30.480843,50.461913],[30.480736,50.461973],[30.480476,50.462081],[30.480059,50.462278],[30.479938,50.462338],[30.479284,50.462658],[30.478207,50.463078],[30.478075,50.463118],[30.477543,50.463259],[30.477345,50.463314],[30.476795,50.463466],[30.475629,50.463787],[30.474896,50.463989],[30.474401,50.464126],[30.474332,50.464148],[30.474241,50.464177],[30.473756,50.46433],[30.472897,50.46463],[30.472541,50.464787],[30.472231,50.46494],[30.471904,50.465103],[30.471821,50.465144],[30.471192,50.465454],[30.470962,50.465556],[30.470406,50.465831],[30.470037,50.466009],[30.469935,50.466057]]},"properties":{"name":"Білоруська вулиця"}},{"type":"Feature","geometry":{"type":"LineString","coordinates":[[30.715879,50.467138],[30.715758,50.467521],[30.715647,50.467829],[30.715611,50.467929],[30.715112,50.469087],[30.714955,50.46955],[30.714667,50.470168],[30.7145,50.470671],[30.714225,50.471132],[30.713744,50.472272],[30.713043,50.474215],[30.71295,50.474379],[30.712497,50.474776],[30.712341,50.474947],[30.712241,50.475158],[30.71211,50.475506],[30.711844,50.47621],[30.711807,50.476379],[30.711845,50.476486],[30.712447,50.47721],[30.712406,50.477539],[30.711868,50.478182],[30.710863,50.4795],[30.710534,50.479974],[30.710481,50.48022],[30.710449,50.481446],[30.710472,50.481867],[30.710479,50.481992],[30.710572,50.482274],[30.710702,50.48267],[30.710684,50.48292]]},"properties":{"name":"Берегова вулиця"}},{"type":"Feature","geometry":{"type":"LineString","coordinates":[[30.724723,50.486728],[30.724535,50.486679],[30.724361,50.486631],[30.717935,50.484886],[30.710684,50.48292],[30.70499,50.481327],[30.701967,50.480497],[30.700198,50.480012],[30.69501,50.478587],[30.689532,50.477083],[30.685064,50.475855],[30.68457,50.475718],[30.682541,50.475156],[30.682207,50.475062],[30.680902,50.474699],[30.680796,50.474671],[30.680416,50.474565],[30.679318,50.474267],[30.678683,50.474089],[30.675608,50.473232],[30.674976,50.473056],[30.673024,50.47252],[30.672074,50.472259],[30.671162,50.47201],[30.668881,50.471374],[30.66805,50.471142],[30.665545,50.470452],[30.663042,50.46977],[30.66287,50.469723],[30.658027,50.468399],[30.657106,50.468162],[30.655628,50.467787],[30.654854,50.467578],[30.654256,50.467415],[30.65387,50.467304],[30.653494,50.467203],[30.653118,50.4671],[30.653032,50.467078],[30.652758,50.467001],[30.650375,50.466347],[30.646387,50.465256],[30.644614,50.464764],[30.634018,50.461908],[30.633218,50.461692],[30.631721,50.461301],[30.630652,50.461005],[30.630338,50.460921],[30.630133,50.460866],[30.628948,50.460554],[30.627766,50.46023]]},"properties":{"name":"Броварський проспект"}},{"type":"Feature","geometry":{"type":"LineString","coordinates":[[30.724646,50.48685],[30.717976,50.485036],[30.712356,50.483486],[30.704922,50.481463],[30.694897,50.478704],[30.691214,50.477691],[30.685535,50.476128],[30.684983,50.475976],[30.684474,50.475836],[30.682124,50.47519],[30.681707,50.475084],[30.680838,50.47484],[30.680716,50.474805],[30.680328,50.474697],[30.6792,50.474393],[30.678581,50.474228],[30.677089,50.47381],[30.67226,50.472465],[30.670532,50.471987],[30.667957,50.47128],[30.665457,50.470586],[30.662949,50.469898],[30.660312,50.469156],[30.660107,50.469105],[30.659664,50.468984],[30.659226,50.468865],[30.657952,50.468506],[30.655546,50.46789],[30.654189,50.467526],[30.653531,50.467337],[30.65299,50.467193],[30.650274,50.46642],[30.648401,50.465901],[30.647959,50.465773],[30.647393,50.46562],[30.647054,50.465527],[30.645403,50.465072],[30.644272,50.46476],[30.64329,50.464506],[30.641425,50.464024],[30.63385,50.461966],[30.631677,50.461378],[30.630461,50.461071],[30.628894,50.460652],[30.627707,50.460326]]},"properties":{"name":"Броварський проспект"}},{"type":"Feature","geometry":{"type":"LineString","coordinates":[[30.59609,50.45206],[30.597439,50.452458],[30.598057,50.452626],[30.599442,50.452992],[30.59995,50.453102],[30.600099,50.453125],[30.600387,50.453157],[30.600652,50.453173],[30.601252,50.453174],[30.601755,50.453185],[30.601975,50.45321],[30.602213,50.453255],[30.602825,50.453403],[30.603566,50.453615],[30.604162,50.45379],[30.605352,50.45414],[30.606182,50.454396],[30.606916,50.454616],[30.607289,50.454735],[30.607812,50.454875],[30.608262,50.454999]]},"properties":{"name":"Броварський проспект"}},{"type":"Feature","geometry":{"type":"LineString","coordinates":[[30.596056,50.451434],[30.596111,50.45145],[30.596147,50.45146],[30.596473,50.451549]]},"properties":{"name":"Броварський проспект"}},{"type":"Feature","geometry":{"type":"LineString","coordinates":[[30.611722,50.455952],[30.611426,50.455874]]},"properties":{"name":"Броварський проспект"}},{"type":"Feature","geometry":{"type":"LineString","coordinates":[[30.608517,50.454987],[30.609227,50.455219],[30.610244,50.4555],[30.610951,50.455655]]},"properties":{"name":"Броварський проспект"}},{"type":"Feature","geometry":{"type":"LineString","coordinates":[[30.598403,50.452077],[30.600041,50.452535],[30.600222,50.452585],[30.600466,50.452657],[30.601301,50.452886],[30.602183,50.453132],[30.60287,50.45333],[30.603636,50.453548],[30.607132,50.454575],[30.607233,50.454603],[30.607405,50.454653]]},"properties":{"name":"Броварський проспект"}},{"type":"Feature","geometry":{"type":"LineString","coordinates":[[30.724723,50.486728],[30.724646,50.48685]]},"properties":{"name":"О-100603"}},{"type":"Feature","geometry":{"type":"LineString","coordinates":[[30.652118,50.468582],[30.651705,50.468476],[30.649528,50.467878],[30.648849,50.467691],[30.647448,50.467291],[30.647282,50.467245],[30.646948,50.467151],[30.646432,50.467007],[30.645793,50.466828],[30.645208,50.466664],[30.64505,50.46662],[30.644778,50.466544],[30.643741,50.466255],[30.642448,50.465894],[30.642308,50.465855],[30.641195,50.465545],[30.640812,50.465438],[30.640084,50.465235],[30.639797,50.465155],[30.639685,50.465124],[30.636533,50.464245],[30.636402,50.464209],[30.636119,50.464128],[30.633837,50.463492],[30.633816,50.463486],[30.63277,50.463204],[30.63213,50.46303],[30.630362,50.462544],[30.629687,50.462361],[30.629665,50.462354]]},"properties":{"name":"вулиця Кіото"}},{"type":"Feature","geometry":{"type":"LineString","coordinates":[[30.652918,50.468777],[30.653953,50.469066]]},"properties":{"name":"вулиця Кіото"}},{"type":"Feature","geometry":{"type":"LineString","coordinates":[[30.654701,50.469288],[30.654899,50.46936],[30.655266,50.469531],[30.655753,50.4698],[30.655831,50.469851],[30.65593,50.469915],[30.656391,50.470178],[30.656711,50.470347],[30.657058,50.470485],[30.657421,50.47061],[30.657897,50.47073],[30.658228,50.470801],[30.658304,50.470817],[30.65862,50.470855]]},"properties":{"name":"вулиця Кіото"}},{"type":"Feature","geometry":{"type":"LineString","coordinates":[[30.653531,50.467337],[30.653389,50.467513],[30.653353,50.467565],[30.653229,50.467721],[30.653194,50.467767],[30.653142,50.467831],[30.652995,50.468012],[30.652759,50.468296]]},"properties":{"name":"вулиця Кіото"}},{"type":"Feature","geometry":{"type":"LineString","coordinates":[[30.654106,50.466298],[30.654004,50.466449],[30.653797,50.466755],[30.653761,50.466809],[30.653664,50.466952],[30.653611,50.46703],[30.653589,50.467063],[30.653494,50.467203]]},"properties":{"name":"вулиця Гетьмана Павла Полуботка"}},{"type":"Feature","geometry":{"type":"LineString","coordinates":[[30.615523,50.455218],[30.615427,50.45519],[30.615132,50.455105],[30.614872,50.455029],[30.614672,50.454974],[30.614528,50.454934],[30.613683,50.454702],[30.613564,50.454669],[30.613153,50.454555],[30.61219,50.454289],[30.611709,50.454156],[30.611098,50.453988],[30.611053,50.453975],[30.610908,50.453935]]},"properties":{"name":"вулиця Гетьмана Павла Полуботка"}},{"type":"Feature","geometry":{"type":"LineString","coordinates":[[30.67226,50.472465],[30.672126,50.472669],[30.671642,50.47336],[30.671275,50.473891],[30.671226,50.473963],[30.671194,50.474014],[30.670826,50.474622],[30.670484,50.475097],[30.670125,50.475593],[30.669739,50.476179],[30.669701,50.476237],[30.669386,50.476805],[30.669294,50.477058],[30.669226,50.477387],[30.669227,50.477794],[30.669234,50.479704],[30.669231,50.48005],[30.669231,50.48014],[30.66923,50.480195],[30.669228,50.480434],[30.669234,50.481081],[30.669238,50.481625],[30.669244,50.482233],[30.669248,50.482761],[30.669249,50.482875],[30.669257,50.483725],[30.669261,50.484216],[30.669272,50.485504],[30.669277,50.485842]]},"properties":{"name":"вулиця Радистів"}},{"type":"Feature","geometry":{"type":"LineString","coordinates":[[30.65862,50.470855],[30.659866,50.470904],[30.660226,50.470947],[30.660712,50.471052],[30.661031,50.471137],[30.661199,50.471181],[30.66168,50.471326],[30.661845,50.471371],[30.663504,50.471826],[30.664493,50.472098],[30.667868,50.47304],[30.669004,50.473352],[30.669488,50.473486],[30.669652,50.473532],[30.669797,50.473571],[30.670192,50.473677],[30.671145,50.473939],[30.671226,50.473963],[30.67132,50.473988],[30.672388,50.47428],[30.674374,50.474821],[30.675761,50.475203],[30.67611,50.475295],[30.678195,50.475868],[30.680246,50.476428]]},"properties":{"name":"Путивльська вулиця"}},{"type":"Feature","geometry":{"type":"LineString","coordinates":[[30.678195,50.475868],[30.678278,50.475746]]},"properties":{"name":"Кадіївська вулиця"}},{"type":"Feature","geometry":{"type":"LineString","coordinates":[[30.669569,50.485841],[30.669277,50.485842]]},"properties":{"name":"вулиця Григорія Косинки"}},{"type":"Feature","geometry":{"type":"LineString","coordinates":[[30.679454,50.487493],[30.679459,50.487463],[30.679495,50.487373],[30.679587,50.487261],[30.679664,50.487152],[30.679697,50.487048],[30.679724,50.486787],[30.679773,50.486712]]},"properties":{"name":"Сосновий провулок"}},{"type":"Feature","geometry":{"type":"LineString","coordinates":[[30.681289,50.483399],[30.681153,50.483597],[30.681055,50.483768],[30.680898,50.484111],[30.680828,50.484257],[30.680587,50.484827],[30.680357,50.485373],[30.680023,50.486144],[30.679909,50.48644],[30.679851,50.486588]]},"properties":{"name":"Сосновий провулок"}},{"type":"Feature","geometry":{"type":"LineString","coordinates":[[30.681289,50.483399],[30.681375,50.483286],[30.681548,50.483069],[30.68162,50.482933],[30.681666,50.482832],[30.6817,50.4827],[30.681717,50.482554],[30.681717,50.482424],[30.681718,50.482277],[30.681721,50.481637],[30.681721,50.48082],[30.681721,50.480134],[30.681712,50.478465],[30.681707,50.477886],[30.681692,50.476894],[30.681684,50.476832],[30.681658,50.476798],[30.681578,50.47677],[30.680753,50.476554],[30.680246,50.476428]]},"properties":{"name":"вулиця Дмитра Загула"}},{"type":"Feature","geometry":{"type":"LineString","coordinates":[[30.680246,50.476428],[30.680285,50.476373]]},"properties":{"name":"Путивльський провулок"}},{"type":"Feature","geometry":{"type":"LineString","coordinates":[[30.669386,50.476805],[30.669309,50.476809]]},"properties":{"name":"Биківнянський провулок"}},{"type":"Feature","geometry":{"type":"LineString","coordinates":[[30.674374,50.474821],[30.674487,50.474651]]},"properties":{"name":"Броварський провулок"}},{"type":"Feature","geometry":{"type":"LineString","coordinates":[[30.66943,50.480204],[30.66923,50.480195]]},"properties":{"name":"вулиця Василя Біднова"}},{"type":"Feature","geometry":{"type":"LineString","coordinates":[[30.669228,50.480434],[30.669147,50.480433],[30.66901,50.480431]]},"properties":{"name":"вулиця Василя Біднова"}},{"type":"Feature","geometry":{"type":"LineString","coordinates":[[30.669257,50.483725],[30.66949,50.483733]]},"properties":{"name":"провулок Радистів"}},{"type":"Feature","geometry":{"type":"LineString","coordinates":[[30.679463,50.487726],[30.679454,50.487493]]},"properties":{"name":"Стигольська вулиця"}},{"type":"Feature","geometry":{"type":"LineString","coordinates":[[30.486752,50.438268],[30.486238,50.438647],[30.485838,50.438945],[30.485708,50.439046],[30.485685,50.439062],[30.485114,50.439501],[30.485,50.439585],[30.48486,50.43969],[30.484708,50.439807],[30.484427,50.440004],[30.484251,50.440137],[30.483793,50.440504]]},"properties":{"name":"Січеславська вулиця"}},{"type":"Feature","geometry":{"type":"LineString","coordinates":[[30.489014,50.436076],[30.488909,50.43616],[30.48887,50.436194],[30.488475,50.436495],[30.488247,50.43667],[30.488154,50.436741],[30.488032,50.436835],[30.488,50.436913],[30.487955,50.436994],[30.48786,50.437122],[30.487647,50.437409],[30.48747,50.437663],[30.487396,50.437758],[30.487289,50.437862],[30.486984,50.438098]]},"properties":{"name":"Січеславська вулиця"}},{"type":"Feature","geometry":{"type":"LineString","coordinates":[[30.488032,50.436835],[30.487922,50.436876],[30.487838,50.436922],[30.487468,50.437157],[30.487256,50.437264],[30.487067,50.437342],[30.486699,50.437464],[30.486621,50.437495],[30.486518,50.437559],[30.486337,50.437692],[30.485817,50.438089],[30.48557,50.438274],[30.485023,50.438682],[30.484899,50.438777],[30.484419,50.439141],[30.484334,50.439213],[30.484266,50.439281],[30.484176,50.439387],[30.484134,50.43948],[30.484106,50.439592],[30.484093,50.439661],[30.484062,50.439898],[30.484035,50.440041],[30.483991,50.440194],[30.483944,50.440301],[30.483871,50.440413],[30.483793,50.440504]]},"properties":{"name":"вулиця Георгія Кірпи"}},{"type":"Feature","geometry":{"type":"LineString","coordinates":[[30.472691,50.431926],[30.472913,50.432004],[30.473131,50.432052],[30.473682,50.43211],[30.473723,50.432115],[30.474497,50.432182],[30.474516,50.432184],[30.474527,50.432184],[30.474626,50.432193],[30.474665,50.432197],[30.475017,50.43223],[30.47558,50.432283],[30.475617,50.432286],[30.475726,50.432296],[30.47702,50.432425],[30.477226,50.432443],[30.4776,50.432475],[30.477724,50.432485],[30.47834,50.432539],[30.479118,50.432608],[30.479446,50.432637],[30.479596,50.432649],[30.479726,50.432666],[30.479938,50.432704],[30.480884,50.432873],[30.482872,50.433235],[30.483465,50.433338],[30.483595,50.433368],[30.483743,50.433419],[30.484037,50.433532],[30.484368,50.43368],[30.484839,50.433899],[30.486072,50.434531],[30.4861,50.434546],[30.486613,50.434813],[30.486686,50.434853],[30.487432,50.435239],[30.487714,50.435388],[30.488768,50.435949],[30.489014,50.436076],[30.489184,50.43616],[30.489636,50.436384],[30.4897,50.436415],[30.490003,50.436566],[30.490402,50.436736],[30.490683,50.436827],[30.490764,50.436849],[30.490839,50.436845],[30.490991,50.436837],[30.491037,50.436845],[30.491375,50.436908],[30.49161,50.436953],[30.491824,50.437005],[30.49194,50.437042],[30.49209,50.437096],[30.49218,50.437136],[30.49242,50.437267]]},"properties":{"name":"вулиця Митрополита Василя Липківського"}},{"type":"Feature","geometry":{"type":"LineString","coordinates":[[30.492319,50.437361],[30.492089,50.437244],[30.491968,50.43719],[30.491865,50.437158],[30.491715,50.437119],[30.491539,50.437086],[30.491143,50.437005],[30.491046,50.43698],[30.490982,50.436964],[30.490933,50.436952],[30.490764,50.436849]]},"properties":{"name":"вулиця Митрополита Василя Липківського"}},{"type":"Feature","geometry":{"type":"LineString","coordinates":[[30.489014,50.436076],[30.48913,50.435985],[30.489144,50.435971],[30.489325,50.435816],[30.489749,50.43545],[30.489787,50.435418],[30.490241,50.435046],[30.490242,50.434912],[30.490247,50.43489],[30.490297,50.434664],[30.490299,50.434646],[30.490286,50.434511],[30.490259,50.434398],[30.490197,50.434288],[30.49013,50.434182],[30.490036,50.434031],[30.48996,50.433967],[30.489663,50.43372],[30.489388,50.433507],[30.48932,50.433453],[30.489246,50.433397],[30.488922,50.433132],[30.48877,50.432991],[30.488588,50.432786],[30.488486,50.432558],[30.488394,50.432342],[30.488364,50.43225],[30.488313,50.43212],[30.48826,50.43198],[30.488165,50.431753],[30.487982,50.431278],[30.487965,50.431241],[30.487956,50.431217],[30.487895,50.431062],[30.487888,50.431029],[30.487833,50.430738],[30.487748,50.430321],[30.487696,50.430062],[30.487634,50.429778],[30.487612,50.429679],[30.487587,50.429597],[30.487579,50.429571],[30.487555,50.429523],[30.487533,50.429492]]},"properties":{"name":"Мокра вулиця"}},{"type":"Feature","geometry":{"type":"LineString","coordinates":[[30.487352,50.4294],[30.487246,50.429387],[30.487066,50.429378],[30.486969,50.429388],[30.486814,50.429404],[30.486713,50.429414],[30.486261,50.429461],[30.485492,50.429532],[30.484924,50.429552],[30.484605,50.429511],[30.484142,50.429444],[30.484062,50.42943],[30.483975,50.429413],[30.483223,50.42926],[30.483091,50.42923],[30.482702,50.429151],[30.481978,50.429006],[30.481764,50.428963],[30.481674,50.428944],[30.48142,50.428893],[30.481232,50.428854],[30.481009,50.428806],[30.480661,50.428732],[30.479544,50.428496],[30.47942,50.428469],[30.47937,50.428459],[30.478868,50.428348],[30.47841,50.428247],[30.478291,50.428221],[30.478097,50.428176],[30.477867,50.428122],[30.477364,50.428004],[30.476667,50.427769],[30.476445,50.42769],[30.476262,50.427623],[30.475958,50.427504],[30.475833,50.427449]]},"properties":{"name":"вулиця Генерала Шаповала"}},{"type":"Feature","geometry":{"type":"LineString","coordinates":[[30.475791,50.427431],[30.475833,50.427449]]},"properties":{"name":"вулиця Максима Кривоноса"}},{"type":"Feature","geometry":{"type":"LineString","coordinates":[[30.467805,50.422034],[30.467857,50.422079]]},"properties":{"name":"вулиця Максима Кривоноса"}},{"type":"Feature","geometry":{"type":"LineString","coordinates":[[30.493425,50.419334],[30.493365,50.419378],[30.493216,50.419448],[30.49284,50.419623],[30.492311,50.419869],[30.49176,50.420102],[30.491624,50.420156],[30.490826,50.42049],[30.490303,50.420646],[30.490149,50.420685],[30.489922,50.420745],[30.48973,50.420745],[30.489509,50.420737],[30.489417,50.420729],[30.489248,50.42071],[30.488895,50.420674],[30.488465,50.420627],[30.488335,50.420611],[30.4881,50.420599],[30.48789,50.420596],[30.487622,50.420607],[30.48742,50.420624],[30.487283,50.420644],[30.486963,50.420701],[30.486289,50.420862],[30.486217,50.420891],[30.485376,50.421221],[30.484366,50.421652],[30.484316,50.421672],[30.483808,50.421895],[30.483615,50.421972],[30.483533,50.422006],[30.483239,50.422125],[30.483042,50.422216],[30.482798,50.42232],[30.481996,50.422661],[30.48194,50.422684],[30.481892,50.422704],[30.481569,50.422842],[30.481087,50.423047],[30.480692,50.42322],[30.480511,50.423299],[30.479673,50.42366],[30.478608,50.424134],[30.478322,50.424272],[30.478181,50.424344],[30.477882,50.424535],[30.477808,50.424597],[30.477612,50.424759],[30.477394,50.424988],[30.477226,50.425245],[30.477186,50.425305],[30.477155,50.425354],[30.476917,50.425721],[30.476743,50.425991],[30.476629,50.42618],[30.476546,50.426319],[30.476215,50.426836],[30.476056,50.427091],[30.476033,50.427129],[30.475871,50.427386],[30.475833,50.427449],[30.475774,50.427537],[30.475677,50.427668],[30.475283,50.428077],[30.474357,50.42891],[30.473577,50.429607],[30.473157,50.429993],[30.473053,50.430094],[30.472537,50.430536],[30.47251,50.430561],[30.472494,50.430575],[30.47244,50.430622],[30.472263,50.43078],[30.472056,50.430952],[30.471952,50.431043],[30.471866,50.431133]]},"properties":{"name":"Соломʼянська вулиця"}},{"type":"Feature","geometry":{"type":"LineString","coordinates":[[30.477032,50.425258],[30.477186,50.425305]]},"properties":{"name":"Олексіївська вулиця"}},{"type":"Feature","geometry":{"type":"LineString","coordinates":[[30.486289,50.420862],[30.486235,50.420803]]},"properties":{"name":"Народна вулиця"}},{"type":"Feature","geometry":{"type":"LineString","coordinates":[[30.483993,50.418429],[30.48371,50.418127],[30.483632,50.418043]]},"properties":{"name":"Народна вулиця"}},{"type":"Feature","geometry":{"type":"LineString","coordinates":[[30.493449,50.419241],[30.493417,50.419225],[30.493391,50.419216],[30.493255,50.419173],[30.493013,50.419105],[30.492529,50.41897],[30.491982,50.418817],[30.491955,50.41881],[30.491874,50.418789],[30.491808,50.418772],[30.491748,50.418757],[30.491608,50.418718],[30.491239,50.418607],[30.490987,50.418528]]},"properties":{"name":"Клінічна вулиця"}},{"type":"Feature","geometry":{"type":"LineString","coordinates":[[30.489233,50.417991],[30.489135,50.41797],[30.488996,50.417934],[30.488804,50.417929],[30.488611,50.41796],[30.48716,50.418323],[30.486668,50.418439],[30.486256,50.418598],[30.485822,50.418766],[30.485651,50.418805],[30.485476,50.418802],[30.485215,50.418769],[30.485168,50.418755],[30.484658,50.418613],[30.484277,50.418495],[30.484131,50.418457],[30.483993,50.418429]]},"properties":{"name":"Клінічна вулиця"}},{"type":"Feature","geometry":{"type":"LineString","coordinates":[[30.490987,50.418528],[30.490867,50.418423],[30.490604,50.418193],[30.48998,50.417645]]},"properties":{"name":"Яслинська вулиця"}},{"type":"Feature","geometry":{"type":"LineString","coordinates":[[30.491772,50.416857],[30.490871,50.41726],[30.490387,50.417476],[30.48998,50.417645],[30.489233,50.417991]]},"properties":{"name":"Надʼярна вулиця"}},{"type":"Feature","geometry":{"type":"LineString","coordinates":[[30.490043,50.414143],[30.489888,50.4144],[30.48981,50.414539],[30.489787,50.414603],[30.489783,50.414661],[30.489792,50.414738],[30.489852,50.414906],[30.489862,50.414936],[30.49004,50.415183],[30.490291,50.415422],[30.490792,50.415875],[30.490955,50.416032],[30.491127,50.416197],[30.491525,50.416588],[30.491772,50.416857]]},"properties":{"name":"вулиця Нечуя-Левицького"}},{"type":"Feature","geometry":{"type":"LineString","coordinates":[[30.490043,50.414143],[30.490249,50.413865],[30.490456,50.413721],[30.490623,50.413634],[30.490869,50.413509],[30.491059,50.413436],[30.491202,50.413406],[30.491582,50.413362],[30.494386,50.413014],[30.495363,50.412881],[30.496608,50.412719],[30.496975,50.412673],[30.497399,50.412622],[30.497655,50.412593],[30.49797,50.41256],[30.498843,50.412468],[30.499433,50.412406],[30.499721,50.412403],[30.500094,50.412419],[30.500419,50.412439],[30.50075,50.412455],[30.501056,50.412452],[30.501321,50.412437],[30.501727,50.412412],[30.502138,50.412386],[30.502516,50.412349],[30.503512,50.411999],[30.504589,50.411564],[30.504889,50.411371],[30.505285,50.411142],[30.505993,50.410828],[30.506378,50.410678]]},"properties":{"name":"вулиця Монтажників"}},{"type":"Feature","geometry":{"type":"LineString","coordinates":[[30.483632,50.418043],[30.482227,50.418617],[30.480876,50.419203],[30.48052,50.419352],[30.480452,50.419382]]},"properties":{"name":"Університетська вулиця"}},{"type":"Feature","geometry":{"type":"LineString","coordinates":[[30.483239,50.422125],[30.483181,50.42206],[30.482944,50.421827],[30.482692,50.421579],[30.482419,50.421315],[30.481999,50.420909],[30.481686,50.420606],[30.48146,50.420387],[30.481039,50.419974],[30.480977,50.419914],[30.480921,50.419859],[30.480811,50.419747],[30.480744,50.419679],[30.480479,50.419407],[30.480452,50.419382],[30.48042,50.419353],[30.480237,50.419186],[30.480167,50.419122],[30.479679,50.418664],[30.479619,50.41861],[30.479301,50.4183],[30.478978,50.417985],[30.478834,50.417844],[30.478626,50.417641],[30.478576,50.417592],[30.478536,50.417553],[30.478528,50.417545],[30.47849,50.417529]]},"properties":{"name":"вулиця Андрія Головка"}},{"type":"Feature","geometry":{"type":"LineString","coordinates":[[30.478495,50.417507],[30.478528,50.417545]]},"properties":{"name":"вулиця Андрія Головка"}},{"type":"Feature","geometry":{"type":"LineString","coordinates":[[30.361991,50.515744],[30.361974,50.515588],[30.361964,50.515342],[30.361988,50.515195],[30.362226,50.513776],[30.362865,50.51062],[30.3635,50.507269],[30.36385,50.505436],[30.364427,50.502398],[30.36456,50.501698],[30.364623,50.501396],[30.364793,50.500531],[30.364847,50.500173],[30.364887,50.499883],[30.364922,50.4995],[30.36495,50.499205],[30.365037,50.498393],[30.365045,50.498329]]},"properties":{"name":"Міська вулиця"}},{"type":"Feature","geometry":{"type":"LineString","coordinates":[[30.365304,50.498337],[30.365297,50.498398],[30.365251,50.498807],[30.365203,50.499225],[30.365121,50.499936],[30.36509,50.50021],[30.365035,50.500533],[30.364883,50.501314],[30.364483,50.503414],[30.364313,50.504305],[30.364283,50.504464],[30.364077,50.505509],[30.364067,50.50558],[30.3639,50.506397],[30.363092,50.510633],[30.362331,50.514495],[30.362185,50.515227],[30.362154,50.515403],[30.362067,50.515575],[30.361991,50.515744],[30.361969,50.515892],[30.36194,50.516149],[30.361937,50.516224],[30.361925,50.51635],[30.361895,50.516664],[30.361884,50.516842],[30.361878,50.517028],[30.361877,50.517299],[30.361883,50.517531],[30.361969,50.520443],[30.361971,50.52063],[30.36197,50.520729],[30.361963,50.521598],[30.361973,50.521793],[30.361974,50.522064],[30.362,50.522638],[30.361992,50.523044],[30.36205,50.523372],[30.362185,50.523638],[30.362419,50.523885],[30.362857,50.524208],[30.363176,50.524389],[30.363289,50.524453],[30.363398,50.524511],[30.363452,50.524539],[30.364282,50.524977],[30.365142,50.525441],[30.366517,50.526194],[30.366669,50.526277],[30.36679,50.526343],[30.366874,50.526387],[30.366901,50.526401],[30.36693,50.526417],[30.366954,50.52643],[30.367098,50.526507]]},"properties":{"name":"Міська вулиця"}},{"type":"Feature","geometry":{"type":"LineString","coordinates":[[30.365218,50.496944],[30.365197,50.497093],[30.365045,50.498329],[30.365304,50.498337],[30.365472,50.498336],[30.365741,50.498322],[30.365996,50.498285],[30.36615,50.498246],[30.366349,50.498177]]},"properties":{"name":"Гостомельська площа"}},{"type":"Feature","geometry":{"type":"LineString","coordinates":[[30.365528,50.496345],[30.365586,50.496569],[30.365616,50.496657],[30.365685,50.496732],[30.365742,50.496768],[30.365878,50.496854],[30.366015,50.496898],[30.366141,50.49693],[30.366645,50.497032],[30.366874,50.497046],[30.367117,50.497061],[30.367301,50.497105],[30.367534,50.497164],[30.367709,50.497256],[30.367795,50.497342],[30.36782,50.49743],[30.367797,50.497503],[30.367752,50.497572],[30.367592,50.497735],[30.367392,50.497808],[30.367295,50.497845],[30.367022,50.49795],[30.366813,50.498025],[30.366349,50.498177],[30.366232,50.498256],[30.365997,50.498368],[30.365735,50.498519],[30.365563,50.49865],[30.365496,50.498709],[30.365384,50.498837],[30.365314,50.49895],[30.365203,50.499225]]},"properties":{"name":"Гостомельська площа"}},{"type":"Feature","geometry":{"type":"LineString","coordinates":[[30.365451,50.496957],[30.365432,50.497103],[30.365355,50.497801],[30.365304,50.498337]]},"properties":{"name":"Гостомельська площа"}},{"type":"Feature","geometry":{"type":"LineString","coordinates":[[30.365218,50.496944],[30.365237,50.496812],[30.36547,50.49547],[30.365563,50.494882],[30.3656,50.494541],[30.365615,50.494299],[30.365624,50.49406],[30.36561,50.493527],[30.365546,50.492884],[30.365493,50.492478],[30.365405,50.49205],[30.365372,50.491926],[30.365211,50.491323],[30.36517,50.491168],[30.364858,50.490439],[30.364307,50.489196],[30.364235,50.489034],[30.364109,50.488745],[30.363138,50.486373],[30.362663,50.485263],[30.361559,50.482728],[30.360978,50.481481],[30.360535,50.480427],[30.360146,50.479625],[30.360013,50.479354],[30.359529,50.478406],[30.359354,50.478014],[30.35913,50.477478],[30.358504,50.476072],[30.357648,50.474016],[30.357516,50.473696],[30.35743,50.473494],[30.357169,50.472879],[30.356913,50.472242],[30.356688,50.471654],[30.356433,50.470984],[30.356384,50.470855],[30.356252,50.470532],[30.356134,50.470159],[30.356038,50.469854],[30.355943,50.46941],[30.355902,50.469253],[30.355795,50.468841],[30.355707,50.468377],[30.355635,50.468021],[30.355588,50.46768],[30.355514,50.467081],[30.355495,50.466768],[30.355471,50.466396],[30.355459,50.466123],[30.355459,50.465708],[30.355466,50.465317],[30.35547,50.465101],[30.355491,50.464779],[30.355525,50.464422],[30.355583,50.463817],[30.355656,50.46333],[30.355817,50.462317],[30.355982,50.461228],[30.356168,50.460089],[30.356215,50.4598],[30.356275,50.459443],[30.356387,50.458836],[30.35651,50.457962],[30.356605,50.457305],[30.356852,50.456126],[30.356921,50.455734],[30.356984,50.455376]]},"properties":{"name":"проспект Академіка Палладіна"}},{"type":"Feature","geometry":{"type":"LineString","coordinates":[[30.365451,50.496957],[30.365465,50.496817],[30.365528,50.496345],[30.365693,50.495476],[30.365792,50.494911],[30.365825,50.494582],[30.365841,50.494083],[30.365834,50.493534],[30.36576,50.492856],[30.365705,50.492493],[30.365612,50.492013],[30.365553,50.491773],[30.36549,50.491545],[30.365418,50.491289],[30.365371,50.491123],[30.365336,50.491004],[30.365121,50.490419],[30.364853,50.489831],[30.364629,50.489294],[30.364568,50.489157],[30.364496,50.488999],[30.363316,50.486345],[30.362855,50.485238],[30.361751,50.482707],[30.361206,50.48145],[30.360706,50.480275],[30.360291,50.479402],[30.359693,50.47834],[30.359464,50.477913],[30.359251,50.477459],[30.358612,50.47605],[30.357947,50.474184],[30.357781,50.473672],[30.357728,50.473552],[30.357628,50.473314],[30.35714,50.472199],[30.356833,50.471406],[30.356657,50.47095],[30.356609,50.470824],[30.356596,50.470782],[30.356545,50.470639],[30.3563,50.469892],[30.356162,50.469394],[30.356087,50.46909],[30.35602,50.468803],[30.355976,50.468623],[30.355917,50.468333],[30.355859,50.467997],[30.35581,50.467675],[30.355725,50.467087],[30.355705,50.4668],[30.355698,50.466632],[30.355697,50.466591],[30.355683,50.466395],[30.355681,50.46621],[30.355679,50.466028],[30.355676,50.465759],[30.355679,50.465481],[30.355696,50.465118],[30.35571,50.464786],[30.355715,50.464665],[30.355809,50.463757],[30.355825,50.463645],[30.355856,50.463474],[30.356223,50.46126],[30.356307,50.460782],[30.356427,50.460103],[30.356546,50.459465],[30.356779,50.458107],[30.356795,50.457928],[30.356832,50.457686],[30.35709,50.456106],[30.357195,50.455392]]},"properties":{"name":"проспект Академіка Палладіна"}},{"type":"Feature","geometry":{"type":"LineString","coordinates":[[30.367117,50.497061],[30.367667,50.497087],[30.367746,50.497091],[30.36811,50.497099],[30.368521,50.497085],[30.369203,50.496993],[30.369242,50.496984],[30.369393,50.496954],[30.369671,50.496885],[30.370194,50.496749],[30.370219,50.496743]]},"properties":{"name":"вулиця Стеценка"}},{"type":"Feature","geometry":{"type":"LineString","coordinates":[[30.367592,50.497735],[30.367916,50.497617],[30.369618,50.497017],[30.369681,50.496995],[30.369915,50.496905],[30.370219,50.496743],[30.370246,50.496731],[30.370277,50.49672],[30.370455,50.496654],[30.371171,50.496388],[30.371441,50.496289],[30.37211,50.49605],[30.372798,50.495783],[30.373454,50.495521],[30.373926,50.495336],[30.375919,50.494554],[30.376249,50.494425],[30.378377,50.49359],[30.378781,50.493432],[30.378998,50.493348],[30.379184,50.493276],[30.379661,50.493092],[30.379976,50.492967],[30.380424,50.492789],[30.381324,50.492438],[30.382068,50.49215],[30.382925,50.491818],[30.383703,50.491514],[30.383793,50.491479],[30.384243,50.491304],[30.385792,50.490701],[30.38612,50.490574],[30.386269,50.490516],[30.387066,50.490209],[30.387129,50.490184],[30.389047,50.489435],[30.389838,50.489133],[30.390077,50.489043],[30.391131,50.488624],[30.392027,50.488261],[30.392965,50.487893],[30.393719,50.487598],[30.393838,50.487552],[30.394324,50.487357],[30.394385,50.487333],[30.394427,50.487317],[30.394596,50.487253]]},"properties":{"name":"вулиця Стеценка"}},{"type":"Feature","geometry":{"type":"LineString","coordinates":[[30.395368,50.486417],[30.395006,50.486904],[30.394924,50.487005],[30.394848,50.487073],[30.394596,50.487253],[30.395064,50.487068],[30.395584,50.486855],[30.395917,50.486692]]},"properties":{"name":"вулиця Стеценка"}},{"type":"Feature","geometry":{"type":"LineString","coordinates":[[30.39609,50.48624],[30.396266,50.486259],[30.396427,50.48625],[30.396587,50.486226],[30.396816,50.486165],[30.396961,50.486095]]},"properties":{"name":"вулиця Стеценка"}},{"type":"Feature","geometry":{"type":"LineString","coordinates":[[30.403212,50.482712],[30.40347,50.482513],[30.4036,50.482413],[30.404483,50.48195],[30.40455,50.481915],[30.404921,50.48172],[30.405378,50.481472],[30.40583,50.481227],[30.406267,50.480985],[30.406397,50.480916],[30.406757,50.480725],[30.40732,50.48041],[30.407432,50.480355],[30.407637,50.480254],[30.407806,50.480175],[30.408348,50.479927],[30.408408,50.479895],[30.408461,50.479864],[30.408503,50.479841],[30.408667,50.479757],[30.409133,50.4795],[30.409772,50.479163],[30.409893,50.479104],[30.410972,50.478522],[30.412152,50.477858],[30.41243,50.477734],[30.412562,50.477686],[30.412713,50.477633],[30.412954,50.477561],[30.41308,50.477525],[30.413429,50.477455],[30.413553,50.477434],[30.413704,50.477418],[30.413908,50.477378],[30.414181,50.477353],[30.414451,50.47735],[30.415018,50.477347],[30.415747,50.47735],[30.4163,50.477331],[30.41702,50.477315],[30.423468,50.476949],[30.423762,50.476934],[30.424262,50.476905],[30.424639,50.476874],[30.424959,50.476842],[30.425177,50.476816],[30.42556,50.476761],[30.425956,50.476701],[30.427115,50.476528],[30.427431,50.476503],[30.427688,50.476486],[30.427916,50.476476],[30.428376,50.476477],[30.428648,50.476494],[30.429122,50.476539],[30.429465,50.476582],[30.429757,50.476631],[30.42984,50.476646]]},"properties":{"name":"вулиця Стеценка"}},{"type":"Feature","geometry":{"type":"LineString","coordinates":[[30.396168,50.486565],[30.396408,50.48644],[30.396586,50.486346],[30.396802,50.48622],[30.396894,50.486147],[30.396961,50.486095],[30.397994,50.485535],[30.398221,50.485413],[30.398937,50.485025],[30.399073,50.484952],[30.39915,50.48491],[30.399882,50.484514],[30.40012,50.484385],[30.401187,50.483808],[30.402227,50.483245],[30.402407,50.483148],[30.403212,50.482712],[30.403441,50.482623],[30.403559,50.482577],[30.403852,50.482463],[30.403957,50.482427],[30.404141,50.482374],[30.404287,50.482341],[30.404424,50.482321],[30.40456,50.482306],[30.404711,50.4823],[30.404812,50.482298],[30.404885,50.482288],[30.404975,50.482263],[30.405355,50.482065],[30.405838,50.481787],[30.406288,50.481539],[30.406644,50.481347],[30.406834,50.481244],[30.407234,50.481026],[30.407326,50.480904],[30.407362,50.480828],[30.407442,50.48067],[30.407558,50.480528],[30.407696,50.480408],[30.407941,50.480265],[30.408348,50.479927]]},"properties":{"name":"вулиця Стеценка"}},{"type":"Feature","geometry":{"type":"LineString","coordinates":[[30.429717,50.476752],[30.429074,50.476655],[30.428403,50.476597],[30.42773,50.476599],[30.427275,50.476617],[30.426553,50.476706],[30.426145,50.476763],[30.425625,50.476835],[30.42508,50.476912],[30.424664,50.47697],[30.424197,50.477005],[30.423591,50.477032],[30.423556,50.477034],[30.417934,50.477352],[30.416784,50.477414],[30.415749,50.47744],[30.414759,50.477439],[30.414241,50.477441],[30.413919,50.477438],[30.413704,50.477418]]},"properties":{"name":"вулиця Стеценка"}},{"type":"Feature","geometry":{"type":"LineString","coordinates":[[30.380424,50.492789],[30.380397,50.492759]]},"properties":{"name":"20-та Садова вулиця"}},{"type":"Feature","geometry":{"type":"LineString","coordinates":[[30.382068,50.49215],[30.382021,50.492098]]},"properties":{"name":"18-та Садова вулиця"}},{"type":"Feature","geometry":{"type":"LineString","coordinates":[[30.382875,50.491767],[30.382925,50.491818]]},"properties":{"name":"17-та Садова вулиця"}},{"type":"Feature","geometry":{"type":"LineString","coordinates":[[30.383703,50.491514],[30.383652,50.491461],[30.383544,50.491347]]},"properties":{"name":"16-та Садова вулиця"}},{"type":"Feature","geometry":{"type":"LineString","coordinates":[[30.384113,50.49117],[30.384243,50.491304]]},"properties":{"name":"Плодова вулиця"}},{"type":"Feature","geometry":{"type":"LineString","coordinates":[[30.398971,50.484886],[30.399073,50.484952]]},"properties":{"name":"Зелена вулиця"}},{"type":"Feature","geometry":{"type":"LineString","coordinates":[[30.395721,50.485154],[30.395553,50.485155]]},"properties":{"name":"Зелена вулиця"}},{"type":"Feature","geometry":{"type":"LineString","coordinates":[[30.400031,50.484309],[30.40012,50.484385]]},"properties":{"name":"Сторожова вулиця"}},{"type":"Feature","geometry":{"type":"LineString","coordinates":[[30.401098,50.48374],[30.401187,50.483808]]},"properties":{"name":"Центральна вулиця"}},{"type":"Feature","geometry":{"type":"LineString","coordinates":[[30.605575,50.392301],[30.605541,50.392183],[30.605445,50.392043],[30.605317,50.391886],[30.605263,50.391842],[30.604894,50.39153],[30.604864,50.391503],[30.604806,50.391444],[30.604628,50.391264],[30.604532,50.391156],[30.604409,50.390999],[30.604323,50.39086],[30.604193,50.390647],[30.604106,50.390563],[30.603935,50.390454],[30.603676,50.39033],[30.603378,50.390205],[30.603153,50.390083],[30.603087,50.390032],[30.603036,50.389958],[30.603009,50.389872],[30.603017,50.389783],[30.603077,50.389429],[30.603105,50.389305],[30.603191,50.388805],[30.603299,50.388347],[30.603339,50.388192],[30.603467,50.387728],[30.603483,50.387659],[30.603495,50.387615],[30.60366,50.387023],[30.603816,50.386425],[30.604,50.385821],[30.604202,50.385169],[30.604363,50.384513],[30.604511,50.383907],[30.604665,50.383291],[30.604742,50.382963],[30.604838,50.382626],[30.604961,50.381982],[30.605117,50.38138],[30.605291,50.380771],[30.605444,50.380167],[30.605596,50.379572],[30.605741,50.378992],[30.60577,50.378895],[30.6059,50.378384],[30.606049,50.37777],[30.606236,50.377154],[30.606393,50.376541],[30.606473,50.376192],[30.606524,50.375945],[30.606681,50.375351],[30.606835,50.374754],[30.606979,50.374146],[30.607103,50.373633],[30.607122,50.373555],[30.607203,50.373218],[30.607274,50.372944],[30.607432,50.372331],[30.607582,50.37174],[30.607736,50.37113],[30.607778,50.370995],[30.607847,50.370859],[30.607944,50.370743],[30.608063,50.370652],[30.608241,50.370565],[30.608839,50.370266],[30.609374,50.370025],[30.609552,50.369915],[30.609657,50.369834],[30.609725,50.369749],[30.609763,50.369667],[30.609769,50.369603],[30.609756,50.369537],[30.609711,50.369432],[30.609645,50.369327],[30.609407,50.369079],[30.609203,50.368877],[30.609002,50.368668],[30.608495,50.368087],[30.608333,50.367902],[30.608075,50.367506],[30.60792,50.367248],[30.607568,50.366615],[30.607197,50.366015],[30.606781,50.3654],[30.606572,50.364953],[30.60651,50.364816],[30.606273,50.364219],[30.60602,50.363577],[30.606008,50.363547],[30.605858,50.363177],[30.605842,50.363079],[30.605842,50.36299],[30.605867,50.362908],[30.605908,50.362836],[30.606044,50.362675],[30.606115,50.362596],[30.606645,50.362144],[30.607171,50.361657],[30.607308,50.361544],[30.607798,50.361132],[30.607892,50.36105],[30.608351,50.360647],[30.608437,50.360541],[30.608486,50.36043],[30.608497,50.36022],[30.608423,50.359785],[30.608324,50.359282],[30.608165,50.358457],[30.60802,50.357704],[30.607912,50.35715],[30.60785,50.356819],[30.607726,50.356163],[30.60772,50.355982],[30.607766,50.355808],[30.607848,50.355668],[30.607968,50.355553],[30.608426,50.355231],[30.608639,50.35508],[30.608989,50.354852],[30.609274,50.354642],[30.609487,50.354496],[30.610053,50.354119],[30.610622,50.353737],[30.610991,50.353501],[30.611133,50.35341],[30.611769,50.352979],[30.612137,50.352729],[30.612751,50.352311],[30.612935,50.352183],[30.613347,50.351908],[30.613888,50.351535],[30.614426,50.351189],[30.614983,50.350817],[30.61504,50.350776],[30.615231,50.35064],[30.615334,50.350568],[30.615784,50.350253],[30.616023,50.350056],[30.616118,50.349965],[30.616232,50.349824],[30.616366,50.349617],[30.616633,50.349139],[30.616929,50.348664],[30.617128,50.348314],[30.617354,50.347918]]},"properties":{"name":"Центральна вулиця"}},{"type":"Feature","geometry":{"type":"LineString","coordinates":[[30.40583,50.481227],[30.405829,50.481019],[30.405823,50.480872],[30.405824,50.48083],[30.405824,50.480764],[30.405824,50.480718],[30.405824,50.480588],[30.405824,50.480565],[30.405824,50.480427],[30.405825,50.479889],[30.405827,50.479132],[30.405827,50.4788],[30.405828,50.478503],[30.405828,50.478458],[30.405828,50.478404],[30.405827,50.478169],[30.405829,50.477787],[30.405831,50.477046],[30.405831,50.476911],[30.405831,50.476886],[30.405831,50.476709],[30.405832,50.476322],[30.405833,50.475991],[30.405835,50.475016],[30.405835,50.474977],[30.405835,50.474824],[30.405836,50.474099],[30.405838,50.473355],[30.405838,50.473155],[30.405838,50.473079],[30.405838,50.472465],[30.40584,50.472076],[30.405841,50.471936],[30.405838,50.471843],[30.405839,50.471667],[30.405841,50.471299],[30.405841,50.471257],[30.405838,50.471035],[30.40584,50.470366],[30.40584,50.470255],[30.405841,50.470019],[30.405843,50.469854],[30.405843,50.469473],[30.405842,50.468684],[30.405851,50.468132],[30.405856,50.467855],[30.405859,50.467808],[30.40586,50.46773],[30.405865,50.467457],[30.405863,50.467288],[30.405861,50.467037],[30.40586,50.466623],[30.405861,50.466382],[30.405863,50.466109],[30.405865,50.46602],[30.405861,50.465852],[30.405858,50.465359],[30.405855,50.465083],[30.40586,50.464317],[30.405861,50.464225],[30.405861,50.464128],[30.405863,50.463831],[30.405867,50.462855],[30.405867,50.462724],[30.40587,50.461201],[30.405869,50.461102],[30.405862,50.460429],[30.405865,50.460275],[30.405869,50.459985],[30.405869,50.459935],[30.405866,50.459792]]},"properties":{"name":"вулиця Данила Щербаківського"}},{"type":"Feature","geometry":{"type":"LineString","coordinates":[[30.4065,50.458904],[30.406337,50.459022],[30.406204,50.459118],[30.406119,50.459201],[30.406049,50.459281],[30.405975,50.459366],[30.405929,50.459454],[30.405899,50.45955],[30.405866,50.459792],[30.405774,50.459465],[30.405708,50.459333],[30.405611,50.459232],[30.405483,50.459111],[30.405308,50.458959],[30.40514,50.458791]]},"properties":{"name":"вулиця Данила Щербаківського"}},{"type":"Feature","geometry":{"type":"LineString","coordinates":[[30.405861,50.464225],[30.405738,50.464229]]},"properties":{"name":"Естонська вулиця"}},{"type":"Feature","geometry":{"type":"LineString","coordinates":[[30.399015,50.485078],[30.398937,50.485025]]},"properties":{"name":"Баклажанна вулиця"}},{"type":"Feature","geometry":{"type":"LineString","coordinates":[[30.396467,50.486489],[30.396408,50.48644]]},"properties":{"name":"Абрикосова вулиця"}},{"type":"Feature","geometry":{"type":"LineString","coordinates":[[30.634671,50.418819],[30.635054,50.417899],[30.635159,50.417655],[30.635264,50.417411],[30.635484,50.416898],[30.635505,50.416851],[30.635723,50.416309],[30.63576,50.416219],[30.635783,50.416172],[30.635915,50.415859],[30.635983,50.415698],[30.636283,50.414985],[30.636332,50.414879],[30.636398,50.414727],[30.636429,50.414662],[30.636629,50.41424],[30.63689,50.413621],[30.636942,50.413499],[30.637196,50.412895],[30.637348,50.412535],[30.6374,50.412412],[30.637472,50.41224],[30.637815,50.411413],[30.637876,50.411284]]},"properties":{"name":"вулиця Драгоманова"}},{"type":"Feature","geometry":{"type":"LineString","coordinates":[[30.634315,50.419608],[30.633949,50.420352],[30.633935,50.42038],[30.633867,50.420503]]},"properties":{"name":"вулиця Драгоманова"}},{"type":"Feature","geometry":{"type":"LineString","coordinates":[[30.633014,50.401902],[30.633556,50.402003],[30.633802,50.40205],[30.635591,50.402399],[30.635693,50.402419],[30.635794,50.402519],[30.63632,50.40304],[30.636445,50.403168],[30.636555,50.403277],[30.636651,50.403374],[30.637853,50.404638],[30.637869,50.404653],[30.638382,50.40518],[30.638501,50.405304],[30.638717,50.405543],[30.639258,50.406121],[30.639853,50.406789],[30.639948,50.406896],[30.639875,50.406944],[30.639796,50.407017],[30.639739,50.4071],[30.639546,50.407479],[30.639523,50.407516],[30.639482,50.407603],[30.639272,50.408058],[30.639091,50.408445],[30.638944,50.408803],[30.638703,50.409367],[30.638469,50.409921],[30.638353,50.410209],[30.63805,50.410913],[30.638,50.41102]]},"properties":{"name":"вулиця Драгоманова"}},{"type":"Feature","geometry":{"type":"LineString","coordinates":[[30.633867,50.420503],[30.634116,50.420573],[30.634364,50.42065],[30.634594,50.420734],[30.634807,50.420833],[30.635111,50.421009],[30.635259,50.421109],[30.635383,50.4212],[30.635505,50.421302],[30.635761,50.421577],[30.63685,50.422775],[30.637133,50.423091],[30.637841,50.423849],[30.638167,50.42419],[30.638333,50.424316],[30.638553,50.424477],[30.639002,50.424964],[30.63916,50.42514],[30.63964,50.42568],[30.639777,50.425829]]},"properties":{"name":"Здолбунівська вулиця"}},{"type":"Feature","geometry":{"type":"LineString","coordinates":[[30.599149,50.410828],[30.599257,50.410907],[30.599391,50.411005],[30.599503,50.411085],[30.599777,50.411281],[30.599932,50.411365],[30.600009,50.411401],[30.601147,50.411681],[30.601362,50.411735],[30.601965,50.411882],[30.602381,50.411983],[30.603117,50.412163],[30.603453,50.412244],[30.603894,50.41235],[30.604344,50.412457],[30.605086,50.412644],[30.605481,50.412737],[30.605693,50.412789],[30.606198,50.412912],[30.606459,50.412976],[30.606553,50.412998],[30.606866,50.413075],[30.608145,50.413388],[30.608576,50.413491],[30.609819,50.413792],[30.610024,50.413843],[30.610666,50.413999],[30.610844,50.414047],[30.611009,50.414094],[30.611302,50.414182],[30.611693,50.414307],[30.612089,50.414431],[30.61253,50.414567],[30.613232,50.414785],[30.613603,50.414899],[30.613939,50.415003],[30.614738,50.415254],[30.61526,50.415412],[30.615919,50.415616],[30.616036,50.415652],[30.616102,50.415673],[30.61725,50.416028],[30.617377,50.416067],[30.618149,50.416306],[30.618402,50.416384],[30.618511,50.416418],[30.619183,50.416626],[30.619307,50.416665],[30.619516,50.416729],[30.620728,50.417104],[30.62168,50.417392],[30.621714,50.417402],[30.621845,50.41744],[30.621951,50.417471],[30.622049,50.417501],[30.622404,50.417606],[30.62327,50.41785],[30.623442,50.417899]]},"properties":{"name":"Здолбунівська вулиця"}},{"type":"Feature","geometry":{"type":"LineString","coordinates":[[30.638333,50.424316],[30.638508,50.424277],[30.638589,50.424247],[30.638648,50.424211],[30.638703,50.424155],[30.639198,50.423362],[30.639959,50.422156],[30.640057,50.421993],[30.640153,50.421835],[30.640668,50.420979],[30.641046,50.420296],[30.641521,50.419488],[30.64216,50.418441],[30.64246,50.417948],[30.642507,50.417868]]},"properties":{"name":"вулиця Ревуцького"}},{"type":"Feature","geometry":{"type":"LineString","coordinates":[[30.644805,50.413279],[30.644804,50.413373],[30.64478,50.413477],[30.64476,50.413526],[30.644728,50.413602],[30.643945,50.414987],[30.643821,50.415255]]},"properties":{"name":"вулиця Ревуцького"}},{"type":"Feature","geometry":{"type":"LineString","coordinates":[[30.647529,50.409719],[30.647197,50.410069],[30.646851,50.410429],[30.646795,50.41049],[30.646634,50.410669]]},"properties":{"name":"вулиця Ревуцького"}},{"type":"Feature","geometry":{"type":"LineString","coordinates":[[30.646087,50.412911],[30.646109,50.412731],[30.646179,50.412487],[30.64669,50.411607],[30.647063,50.410981],[30.647129,50.410808],[30.647202,50.410616],[30.647243,50.410508],[30.647385,50.410113],[30.647529,50.409719],[30.648118,50.408733],[30.650891,50.40402],[30.65114,50.403496]]},"properties":{"name":"вулиця Ревуцького"}},{"type":"Feature","geometry":{"type":"LineString","coordinates":[[30.645231,50.412665],[30.64534,50.412623],[30.645481,50.412546],[30.645623,50.412399],[30.645863,50.411977],[30.646179,50.411418],[30.646301,50.411206],[30.646634,50.410669],[30.646783,50.410416],[30.646862,50.410282],[30.647274,50.409585],[30.647825,50.408645],[30.648709,50.407151],[30.649,50.406663],[30.649176,50.406368],[30.649239,50.406262],[30.649417,50.40596],[30.64952,50.405774],[30.649573,50.405678],[30.650297,50.404467],[30.650422,50.404246],[30.650482,50.404144],[30.650636,50.40396],[30.65086,50.403755],[30.65114,50.403496],[30.651156,50.403463],[30.651204,50.403332],[30.651244,50.40323],[30.651291,50.403112],[30.651308,50.403073],[30.651506,50.402567],[30.651632,50.402255],[30.651837,50.401747],[30.651853,50.401701],[30.652294,50.40051],[30.652347,50.400363],[30.652735,50.398965],[30.652796,50.398685],[30.652888,50.398221],[30.65296,50.397717],[30.653084,50.396644],[30.653099,50.396458],[30.653135,50.396028],[30.653184,50.395546],[30.653197,50.395453],[30.653224,50.39529],[30.653258,50.395085],[30.653337,50.394653],[30.653411,50.394336],[30.653457,50.39413],[30.653504,50.393901],[30.65353,50.393782],[30.653535,50.393646]]},"properties":{"name":"вулиця Ревуцького"}},{"type":"Feature","geometry":{"type":"LineString","coordinates":[[30.643758,50.415844],[30.643577,50.41615],[30.642507,50.417868],[30.64254,50.417644],[30.642598,50.417347],[30.642645,50.417219],[30.64267,50.417153],[30.643194,50.416242],[30.643292,50.416081],[30.643357,50.415987],[30.643821,50.415255],[30.643822,50.415326],[30.643814,50.4156],[30.643758,50.415844],[30.643976,50.415623],[30.644256,50.415411],[30.644532,50.415155],[30.644567,50.415099],[30.644687,50.414912],[30.645232,50.414019],[30.645414,50.413727],[30.645433,50.41371],[30.6455,50.413651],[30.645589,50.413584],[30.645716,50.413505]]},"properties":{"name":"вулиця Ревуцького"}},{"type":"Feature","geometry":{"type":"LineString","coordinates":[[30.653221,50.401227],[30.651124,50.400901],[30.649026,50.400586],[30.641742,50.399466],[30.641154,50.399375],[30.639007,50.399044],[30.637791,50.39886],[30.630471,50.397729],[30.629242,50.39754],[30.626578,50.397136],[30.625758,50.397003],[30.624097,50.396752],[30.619657,50.39606],[30.617483,50.395726],[30.615828,50.395465],[30.614878,50.395321],[30.612922,50.395019],[30.612738,50.394991],[30.612625,50.394973],[30.612218,50.394908],[30.611788,50.394839],[30.611558,50.394801],[30.610364,50.394607],[30.610023,50.394557],[30.609785,50.394526],[30.609475,50.394487],[30.608308,50.394356],[30.607571,50.394289],[30.607103,50.39425],[30.606353,50.394203],[30.606235,50.394197],[30.6061,50.394192],[30.605643,50.394174],[30.605263,50.394159],[30.605114,50.394153],[30.604638,50.394142],[30.604173,50.394131],[30.603731,50.39413]]},"properties":{"name":"проспект Миколи Бажана"}},{"type":"Feature","geometry":{"type":"LineString","coordinates":[[30.597957,50.394346],[30.598845,50.394316],[30.599576,50.394284],[30.600075,50.394264],[30.600316,50.394251],[30.601192,50.394211]]},"properties":{"name":"проспект Миколи Бажана"}},{"type":"Feature","geometry":{"type":"LineString","coordinates":[[30.597977,50.394581],[30.599625,50.39454],[30.600338,50.394513],[30.603369,50.394383],[30.603899,50.394365],[30.604864,50.394363],[30.606555,50.394414],[30.607808,50.394497],[30.608513,50.394574],[30.609371,50.394667],[30.609607,50.394699],[30.61031,50.394797],[30.611665,50.394997],[30.611917,50.395034],[30.612776,50.395157],[30.614916,50.395492],[30.615704,50.395618],[30.617486,50.395895],[30.619566,50.396189],[30.619886,50.396253],[30.620285,50.396315],[30.620903,50.396409],[30.621586,50.396514],[30.621835,50.396552],[30.622217,50.396611],[30.623562,50.396812],[30.625636,50.397136],[30.626771,50.397314],[30.62815,50.39753],[30.629858,50.397789],[30.630653,50.397912],[30.637711,50.398998],[30.64085,50.39948],[30.641759,50.39963],[30.642589,50.399757],[30.649134,50.400758],[30.651077,50.401048],[30.652742,50.401309],[30.653176,50.401377],[30.654664,50.4016],[30.654856,50.401628]]},"properties":{"name":"проспект Миколи Бажана"}},{"type":"Feature","geometry":{"type":"LineString","coordinates":[[30.644749,50.413162],[30.644677,50.413086],[30.644623,50.413052],[30.644528,50.413003],[30.644291,50.412911],[30.643555,50.412724],[30.643428,50.412691],[30.643348,50.412671],[30.64326,50.412649],[30.642096,50.41236],[30.641724,50.412262],[30.640845,50.412029],[30.638052,50.411328],[30.637876,50.411284],[30.637351,50.411148],[30.636232,50.41083],[30.63512,50.410535],[30.633684,50.410161],[30.633582,50.410133],[30.633456,50.4101],[30.631263,50.40954],[30.629488,50.409113],[30.62919,50.409042],[30.628967,50.408989],[30.627542,50.408612],[30.627335,50.408552],[30.6273,50.408542],[30.627069,50.408476],[30.625772,50.408108],[30.62449,50.407762],[30.624304,50.407713],[30.624157,50.407674],[30.623688,50.407563],[30.622287,50.40722],[30.621833,50.407105],[30.621577,50.407037],[30.621008,50.406898],[30.620795,50.406838],[30.620572,50.40678],[30.619274,50.406441],[30.619094,50.406394],[30.618464,50.40623],[30.618289,50.406184],[30.618215,50.406165],[30.617301,50.405927],[30.617245,50.405912],[30.617134,50.405883],[30.617085,50.40587],[30.617027,50.405855],[30.616195,50.405658],[30.616055,50.405624],[30.615445,50.405483],[30.614441,50.405253],[30.614082,50.405161],[30.61391,50.405113]]},"properties":{"name":"вулиця Анни Ахматової"}},{"type":"Feature","geometry":{"type":"LineString","coordinates":[[30.613835,50.404783],[30.614166,50.404878],[30.614344,50.404929],[30.615498,50.405236],[30.616086,50.405386],[30.616182,50.405411],[30.616271,50.405434],[30.616857,50.405584],[30.616958,50.40561],[30.617018,50.405625],[30.617151,50.40566],[30.617316,50.405702],[30.618161,50.405919],[30.618235,50.405938],[30.618418,50.405984],[30.619226,50.406191],[30.619406,50.406238],[30.620703,50.40655],[30.620936,50.40661],[30.621167,50.406669],[30.621483,50.406751],[30.621715,50.406811],[30.621958,50.406874],[30.62317,50.407187],[30.624414,50.407508],[30.624433,50.407513],[30.627475,50.408298],[30.627522,50.40831],[30.627702,50.408355],[30.629087,50.408726],[30.629217,50.408759],[30.629305,50.408797],[30.62932,50.408803],[30.629638,50.408881],[30.629877,50.408944],[30.632989,50.409774],[30.633449,50.40989],[30.633575,50.409922],[30.634977,50.410288],[30.635778,50.41049],[30.636467,50.410657],[30.637176,50.410818],[30.638,50.41102],[30.638165,50.411062],[30.638652,50.411197],[30.640098,50.411595],[30.641847,50.412047],[30.642707,50.412265],[30.64313,50.412369],[30.643497,50.412451],[30.643978,50.412575],[30.644506,50.412708],[30.644654,50.412725],[30.644801,50.412728],[30.645096,50.412702]]},"properties":{"name":"вулиця Анни Ахматової"}},{"type":"Feature","geometry":{"type":"LineString","coordinates":[[30.640057,50.421993],[30.640191,50.422021],[30.640508,50.422097],[30.641992,50.422453],[30.642685,50.422626],[30.642852,50.422668],[30.643529,50.422838]]},"properties":{"name":"вулиця Михайла Кравчука"}},{"type":"Feature","geometry":{"type":"LineString","coordinates":[[30.644448,50.423068],[30.644489,50.423077],[30.644847,50.423165],[30.644937,50.423187],[30.64603,50.423461],[30.646221,50.423575],[30.646271,50.423624],[30.646286,50.423678],[30.646276,50.423716],[30.646253,50.423876]]},"properties":{"name":"вулиця Михайла Кравчука"}},{"type":"Feature","geometry":{"type":"LineString","coordinates":[[30.627336,50.441906],[30.627648,50.441614],[30.627843,50.441378],[30.62806,50.441107],[30.628191,50.440879],[30.628533,50.440258]]},"properties":{"name":"Харківське шосе"}},{"type":"Feature","geometry":{"type":"LineString","coordinates":[[30.625307,50.441883],[30.625836,50.44179],[30.626154,50.441718],[30.626342,50.441669],[30.626587,50.441591],[30.626745,50.44153],[30.627044,50.441393],[30.627239,50.44126],[30.62773,50.440872],[30.627826,50.44079],[30.627959,50.440672],[30.628059,50.440586],[30.628169,50.440473],[30.628303,50.440334],[30.628407,50.440208],[30.628483,50.44008],[30.630224,50.437154],[30.631913,50.434295],[30.632351,50.433578],[30.63264,50.433095],[30.633252,50.432066],[30.63349,50.431678],[30.633568,50.43155],[30.63384,50.43111],[30.634229,50.430527],[30.634948,50.429582],[30.635777,50.428512],[30.636569,50.427593],[30.636711,50.427529]]},"properties":{"name":"Харківське шосе"}},{"type":"Feature","geometry":{"type":"LineString","coordinates":[[30.626414,50.441857],[30.626505,50.441813],[30.626925,50.441611],[30.62719,50.441445],[30.627262,50.441393],[30.627444,50.441264],[30.62801,50.440799],[30.628188,50.440636],[30.628363,50.440463],[30.628533,50.440258],[30.62943,50.438674],[30.629877,50.437943],[30.630208,50.437408],[30.630589,50.43676],[30.631056,50.435989],[30.631569,50.435112],[30.631836,50.434653],[30.632052,50.434281],[30.632271,50.433912],[30.632458,50.433607],[30.632602,50.433382],[30.633149,50.432497],[30.633397,50.432092],[30.633618,50.431709],[30.633699,50.431567],[30.634018,50.431038],[30.634332,50.430558],[30.63504,50.429603],[30.635877,50.428549],[30.63642,50.427872],[30.636711,50.427529],[30.636819,50.427412],[30.637091,50.42716],[30.637269,50.427018],[30.637461,50.42688],[30.637674,50.426741],[30.637779,50.426679],[30.637926,50.426594],[30.63814,50.426472],[30.638397,50.426338],[30.638658,50.426215],[30.638936,50.426101],[30.639226,50.425996],[30.639513,50.425902],[30.639552,50.425891],[30.639646,50.425865],[30.639777,50.425829],[30.640329,50.425665],[30.640917,50.425488],[30.641414,50.425343],[30.642069,50.42515],[30.643639,50.424676],[30.643756,50.42464],[30.644009,50.424563],[30.64437,50.424454],[30.645525,50.424106],[30.645626,50.424074],[30.645717,50.424046],[30.646169,50.423902],[30.646253,50.423876],[30.646586,50.423773],[30.646954,50.423645],[30.647319,50.423513],[30.647684,50.423377],[30.64822,50.423137],[30.648701,50.422921],[30.649289,50.422604],[30.649378,50.42256],[30.650125,50.422134],[30.650304,50.422028],[30.650346,50.422004],[30.651489,50.421328],[30.652044,50.420998],[30.652167,50.420925],[30.652183,50.420915],[30.652815,50.420543],[30.653557,50.420111],[30.654366,50.419634],[30.65448,50.419566],[30.65485,50.419339],[30.655026,50.419237],[30.655155,50.419165],[30.65519,50.419145],[30.655333,50.419064],[30.655479,50.418979],[30.655895,50.418724],[30.658041,50.417356],[30.65919,50.416639],[30.659417,50.416498],[30.659517,50.416434],[30.659588,50.416389],[30.65986,50.416217],[30.660931,50.415543],[30.66096,50.415526],[30.661493,50.415184],[30.661729,50.415041],[30.661786,50.415007],[30.661865,50.414959],[30.661934,50.414917],[30.66337,50.41404],[30.6636,50.4139],[30.665185,50.41291],[30.665405,50.412772],[30.665798,50.41253],[30.666291,50.412238],[30.666735,50.411958],[30.667248,50.411646],[30.667865,50.41127],[30.667989,50.411191],[30.668084,50.411137],[30.668745,50.410739],[30.669167,50.410484],[30.669575,50.410237],[30.670189,50.409853],[30.670305,50.409786],[30.670408,50.409724],[30.670531,50.409649],[30.670813,50.409476],[30.671104,50.409298],[30.671395,50.409124],[30.67186,50.408861],[30.672755,50.408354],[30.672893,50.408278],[30.672982,50.408232],[30.673745,50.407804],[30.674185,50.407561],[30.674648,50.407297],[30.674816,50.407202],[30.675359,50.406895],[30.675577,50.406778],[30.675859,50.406622],[30.675937,50.40658],[30.676166,50.406446],[30.676348,50.406346],[30.676415,50.406308],[30.676619,50.406197],[30.677622,50.405635],[30.678416,50.405192],[30.678512,50.405139],[30.6792,50.404755],[30.679795,50.404422],[30.680272,50.404156],[30.680308,50.404136],[30.68056,50.403994],[30.681209,50.40363],[30.681386,50.403488],[30.681497,50.403387],[30.681547,50.403305],[30.681577,50.403203],[30.681586,50.403118],[30.681586,50.403025],[30.681582,50.402969]]},"properties":{"name":"Харківське шосе"}},{"type":"Feature","geometry":{"type":"LineString","coordinates":[[30.682793,50.403384],[30.682357,50.403395],[30.682095,50.403401],[30.681841,50.403432],[30.681689,50.403457],[30.681542,50.403495],[30.681209,50.40363]]},"properties":{"name":"Харківське шосе"}},{"type":"Feature","geometry":{"type":"LineString","coordinates":[[30.508701,50.397522],[30.508395,50.397438],[30.508098,50.397352],[30.506485,50.396857],[30.506028,50.396726],[30.505928,50.396698],[30.505802,50.396662],[30.505434,50.396565],[30.505085,50.396477],[30.504385,50.396298],[30.504262,50.396268],[30.502157,50.395714],[30.501299,50.395502],[30.50104,50.395441],[30.500627,50.39537],[30.499539,50.395175],[30.499411,50.395152],[30.499286,50.39513],[30.498596,50.395006],[30.497635,50.39484],[30.497412,50.394802],[30.49729,50.39478],[30.496719,50.394686],[30.496107,50.394584],[30.496048,50.394573],[30.496005,50.394568],[30.495495,50.394487],[30.495287,50.394453],[30.494501,50.394325],[30.494069,50.394256],[30.493955,50.394237],[30.493646,50.394189],[30.493495,50.394163],[30.493225,50.394119],[30.493133,50.394108],[30.493031,50.394092],[30.492509,50.394003],[30.492373,50.39398],[30.491722,50.393871],[30.491687,50.393865],[30.491033,50.393766],[30.49063,50.393704],[30.490504,50.393685],[30.490215,50.393637],[30.488747,50.393394],[30.488506,50.393355],[30.487688,50.393218],[30.487424,50.393176],[30.487074,50.39312],[30.48643,50.393014],[30.486052,50.392952],[30.48567,50.392855],[30.485397,50.392769],[30.485172,50.392688],[30.484969,50.392607],[30.484696,50.392453],[30.484667,50.392434],[30.484533,50.392343],[30.484369,50.392208],[30.484206,50.392048],[30.484006,50.391788],[30.48386,50.391564],[30.483105,50.390407],[30.482999,50.390246],[30.482891,50.390084],[30.482801,50.389952],[30.482751,50.389877]]},"properties":{"name":"Васильківська вулиця"}},{"type":"Feature","geometry":{"type":"LineString","coordinates":[[30.477288,50.381195],[30.47734,50.381284],[30.477373,50.381341],[30.477396,50.381384],[30.47753,50.381633],[30.477569,50.381707],[30.477662,50.381885],[30.477937,50.38242],[30.478223,50.382992],[30.478343,50.383224],[30.478423,50.383376],[30.478834,50.384035],[30.479197,50.384596],[30.479461,50.385008],[30.479701,50.385358],[30.479848,50.385571],[30.480055,50.38587],[30.480415,50.386403],[30.480453,50.386465],[30.480737,50.386893],[30.480777,50.386952],[30.480968,50.38724],[30.48129,50.387724],[30.481318,50.387766],[30.481428,50.387925],[30.48244,50.389496],[30.482644,50.389809],[30.482751,50.389877],[30.482787,50.389815],[30.482552,50.389461],[30.481522,50.387907],[30.481413,50.387742],[30.481386,50.387701],[30.481061,50.387211],[30.480874,50.386928],[30.480511,50.38638],[30.479813,50.385327],[30.479581,50.384977],[30.478946,50.384019],[30.478504,50.38336],[30.478442,50.383228],[30.478387,50.383118],[30.478319,50.383004],[30.478117,50.382605],[30.477651,50.381687],[30.477483,50.381355],[30.477418,50.381235],[30.477342,50.381136],[30.477195,50.381028]]},"properties":{"name":"Васильківська вулиця"}},{"type":"Feature","geometry":{"type":"LineString","coordinates":[[30.479458,50.381971],[30.479334,50.382008],[30.479284,50.382039],[30.479226,50.382081],[30.479182,50.382127]]},"properties":{"name":"Васильківська вулиця"}},{"type":"Feature","geometry":{"type":"LineString","coordinates":[[30.484223,50.393049],[30.48475,50.39274],[30.484969,50.392607]]},"properties":{"name":"Васильківська площа"}},{"type":"Feature","geometry":{"type":"LineString","coordinates":[[30.484223,50.393049],[30.484308,50.393142],[30.484579,50.393385],[30.484638,50.393442],[30.484822,50.393618],[30.485183,50.393962],[30.485561,50.394326],[30.485607,50.394368],[30.486012,50.394755],[30.486264,50.39499],[30.487011,50.395687],[30.487385,50.396036],[30.487813,50.396435],[30.489044,50.397585],[30.489083,50.397621]]},"properties":{"name":"вулиця Академіка Книшова"}},{"type":"Feature","geometry":{"type":"LineString","coordinates":[[30.486644,50.399737],[30.486869,50.399672],[30.48705,50.399609],[30.487341,50.3995],[30.487633,50.399367],[30.487814,50.399224],[30.487972,50.399067],[30.488266,50.398721],[30.489083,50.397621],[30.489103,50.397583],[30.4892,50.397397],[30.489568,50.396325],[30.489621,50.396167],[30.489657,50.396071],[30.489665,50.396049]]},"properties":{"name":"Сумська вулиця"}},{"type":"Feature","geometry":{"type":"LineString","coordinates":[[30.480956,50.401472],[30.481114,50.401424]]},"properties":{"name":"Сумська вулиця"}},{"type":"Feature","geometry":{"type":"LineString","coordinates":[[30.478813,50.39734],[30.478953,50.397392],[30.479589,50.397452],[30.479871,50.397489],[30.479942,50.397501],[30.480136,50.397542],[30.480339,50.397585],[30.48187,50.397911],[30.483364,50.398241],[30.483946,50.398425],[30.48413,50.398484],[30.484401,50.398579],[30.485373,50.39897],[30.485632,50.399112],[30.48588,50.399249],[30.486004,50.399317],[30.486447,50.399624],[30.486644,50.399737]]},"properties":{"name":"Холодноярська вулиця"}},{"type":"Feature","geometry":{"type":"LineString","coordinates":[[30.490686,50.406277],[30.490701,50.406446],[30.490727,50.406567],[30.490778,50.406696],[30.490857,50.406897],[30.491026,50.407195],[30.491164,50.40744],[30.491383,50.407748],[30.49157,50.40801],[30.491671,50.408151],[30.491744,50.408248],[30.491792,50.408312],[30.491906,50.408458]]},"properties":{"name":"Холодноярська вулиця"}},{"type":"Feature","geometry":{"type":"LineString","coordinates":[[30.478813,50.39734],[30.478714,50.397409],[30.478646,50.397477],[30.478605,50.397541],[30.478566,50.397602],[30.478534,50.397691],[30.478551,50.397825],[30.478583,50.397895],[30.478666,50.397987],[30.47886,50.398206],[30.478982,50.398397],[30.479044,50.39857],[30.479079,50.398841],[30.479075,50.399367],[30.479052,50.399563],[30.47906,50.399754],[30.479068,50.399935],[30.479109,50.400115],[30.479212,50.400329],[30.479321,50.400508],[30.479412,50.400659]]},"properties":{"name":"Охтирська вулиця"}},{"type":"Feature","geometry":{"type":"LineString","coordinates":[[30.479412,50.400659],[30.479699,50.400737],[30.480804,50.401382],[30.480956,50.401472],[30.481176,50.401591],[30.481437,50.401717],[30.481698,50.40182],[30.482397,50.402052],[30.482809,50.40217],[30.484262,50.402575],[30.484483,50.402665],[30.484591,50.402744],[30.485008,50.403144],[30.48518,50.403288],[30.485463,50.403455],[30.486447,50.404032],[30.486594,50.404518],[30.486609,50.404632],[30.486605,50.40475],[30.486697,50.404812],[30.486801,50.404871],[30.486876,50.404908],[30.487192,50.405093],[30.487358,50.405229],[30.487606,50.405454],[30.487883,50.405737],[30.487985,50.405843],[30.488155,50.405916],[30.488299,50.40595],[30.48848,50.40598],[30.489273,50.406086],[30.490509,50.406253],[30.490686,50.406277]]},"properties":{"name":"вулиця Каменярів"}},{"type":"Feature","geometry":{"type":"LineString","coordinates":[[30.486801,50.404871],[30.486996,50.404812]]},"properties":{"name":"Кругла вулиця"}},{"type":"Feature","geometry":{"type":"LineString","coordinates":[[30.501412,50.402664],[30.501185,50.402375],[30.500922,50.401994],[30.500694,50.401583],[30.500573,50.401359],[30.500278,50.400932],[30.500064,50.400631],[30.499734,50.40019],[30.499318,50.399689],[30.499254,50.399619],[30.498747,50.399002],[30.49851,50.398723],[30.498256,50.398403],[30.498047,50.398124],[30.497731,50.397699],[30.497686,50.397642],[30.497551,50.397614],[30.496898,50.397476],[30.492245,50.3965],[30.492131,50.396476],[30.492026,50.39646],[30.491512,50.396372],[30.491355,50.396346],[30.49079,50.396254],[30.490244,50.396164],[30.489755,50.396087],[30.489657,50.396071],[30.489545,50.396051],[30.488499,50.395897],[30.487661,50.395773],[30.487102,50.395698],[30.487059,50.395693],[30.487011,50.395687]]},"properties":{"name":"Козацька вулиця"}},{"type":"Feature","geometry":{"type":"LineString","coordinates":[[30.493133,50.394108],[30.493089,50.394208],[30.492849,50.394762],[30.492158,50.396412],[30.492131,50.396476],[30.492114,50.396524],[30.492038,50.396735],[30.491656,50.397806],[30.49163,50.397981],[30.491678,50.398347]]},"properties":{"name":"вулиця Василя Жуковського"}},{"type":"Feature","geometry":{"type":"LineString","coordinates":[[30.558636,50.360921],[30.558508,50.360998],[30.558397,50.361061],[30.557969,50.361323],[30.557639,50.361522],[30.557269,50.361747],[30.556928,50.361954],[30.55663,50.362136],[30.556181,50.362409],[30.555747,50.362673],[30.555554,50.36279],[30.554969,50.363156],[30.554693,50.363329],[30.554527,50.363437],[30.554376,50.363504],[30.554076,50.363593],[30.553703,50.363658],[30.553236,50.363709],[30.552895,50.363741],[30.552139,50.36373],[30.551401,50.363658],[30.550702,50.363601],[30.550452,50.363582],[30.550278,50.363579],[30.550104,50.36359],[30.549919,50.363614],[30.549801,50.363628]]},"properties":{"name":"Новопирогівська вулиця"}},{"type":"Feature","geometry":{"type":"LineString","coordinates":[[30.550035,50.371058],[30.549282,50.371208],[30.549183,50.371237],[30.548871,50.371356],[30.548634,50.371454],[30.548284,50.371594],[30.548209,50.37162],[30.547943,50.371719],[30.547694,50.371804],[30.547052,50.372021],[30.546212,50.372315],[30.545681,50.372503],[30.545474,50.372567],[30.545403,50.372588],[30.545128,50.372654],[30.54504,50.372673],[30.544885,50.372709]]},"properties":{"name":"проспект Науки"}},{"type":"Feature","geometry":{"type":"LineString","coordinates":[[30.54245,50.373139],[30.542039,50.373201],[30.541759,50.373256],[30.541531,50.373315],[30.541431,50.373349],[30.541283,50.373403],[30.541167,50.373492],[30.541114,50.373583],[30.541111,50.373704],[30.541155,50.373793],[30.541199,50.373854],[30.541453,50.374092],[30.541575,50.374216],[30.54169,50.374375],[30.541718,50.374522],[30.541717,50.374634],[30.541717,50.374674],[30.541714,50.374762],[30.541668,50.374855],[30.541597,50.374962],[30.541461,50.375086],[30.541111,50.375302],[30.54063,50.375561],[30.540075,50.375826],[30.539545,50.376071],[30.539048,50.376301],[30.53842,50.376596],[30.537831,50.376945],[30.537556,50.377103],[30.537489,50.377142],[30.537391,50.377207],[30.537119,50.377388],[30.536586,50.377723],[30.536545,50.37775],[30.535937,50.378156],[30.535782,50.378249],[30.535459,50.37849],[30.535108,50.378778],[30.534984,50.378896],[30.534752,50.379111],[30.534696,50.379168],[30.53463,50.379235],[30.534429,50.37944],[30.534168,50.379747],[30.534017,50.379962],[30.533953,50.380048],[30.533736,50.380339],[30.533622,50.380493],[30.533249,50.381018],[30.533151,50.381157],[30.533103,50.381224],[30.532977,50.381418],[30.532824,50.381669],[30.532776,50.381752],[30.532629,50.381994],[30.532536,50.382185],[30.532484,50.382295],[30.53247,50.382326],[30.531915,50.383472],[30.531826,50.383663],[30.531748,50.383828],[30.531471,50.384403],[30.53142,50.384507],[30.531093,50.385227],[30.530893,50.385675],[30.53087,50.385726],[30.530806,50.385886],[30.530503,50.386741],[30.530474,50.386821],[30.530387,50.387067],[30.530152,50.387731],[30.530065,50.387979],[30.529741,50.388837],[30.529463,50.389608],[30.529416,50.389809],[30.5294,50.389952],[30.529405,50.390075],[30.529418,50.390216],[30.529423,50.390245],[30.529458,50.390358],[30.529499,50.390449],[30.52959,50.39063],[30.529773,50.390963],[30.529981,50.391344],[30.530145,50.391657],[30.530263,50.391881],[30.53065,50.392621],[30.53075,50.392813],[30.530809,50.392925],[30.530942,50.393178],[30.53104,50.393367],[30.531092,50.393499],[30.531135,50.393623],[30.531191,50.393778],[30.531229,50.393909],[30.53129,50.394119],[30.531325,50.39425],[30.531352,50.394349],[30.531395,50.394528],[30.531427,50.394701],[30.531445,50.39481],[30.531468,50.394983],[30.531477,50.395129],[30.531477,50.39525],[30.531481,50.395415],[30.531484,50.395564],[30.531482,50.395725],[30.531461,50.395965],[30.531433,50.396194],[30.531412,50.396313],[30.531328,50.396664],[30.53122,50.396987],[30.53113,50.397201],[30.531038,50.397417],[30.530876,50.397727],[30.530791,50.397888],[30.530733,50.397986],[30.530659,50.398107],[30.530534,50.398301],[30.530359,50.398546],[30.530246,50.398678],[30.529756,50.399261],[30.529564,50.399479],[30.529464,50.399593],[30.529407,50.399657],[30.529279,50.399807],[30.52916,50.399949],[30.529117,50.399998],[30.528996,50.400133],[30.528899,50.400241],[30.528406,50.400815],[30.52824,50.401007],[30.527669,50.40166],[30.52731,50.402067],[30.527087,50.402204],[30.526679,50.402528],[30.526243,50.402846],[30.525732,50.403199],[30.525227,50.403554],[30.52497,50.403705],[30.524708,50.40385],[30.524636,50.403887],[30.524487,50.403975],[30.524316,50.40406],[30.524176,50.404126],[30.524029,50.404208],[30.523877,50.404335],[30.523674,50.404469],[30.523499,50.404599],[30.522876,50.405033],[30.522544,50.405294],[30.522305,50.40549],[30.521996,50.405747],[30.521547,50.406108],[30.521285,50.406289],[30.520994,50.406463],[30.520853,50.406543],[30.520721,50.406608],[30.520605,50.406664]]},"properties":{"name":"проспект Науки"}},{"type":"Feature","geometry":{"type":"LineString","coordinates":[[30.52731,50.402067],[30.52717,50.402282],[30.526404,50.402913],[30.526067,50.403173],[30.525985,50.403227],[30.525508,50.403579],[30.525163,50.403868],[30.524905,50.404084],[30.524716,50.404236],[30.524618,50.404318],[30.524528,50.4044],[30.524307,50.404546],[30.524132,50.404626],[30.523792,50.404784],[30.523279,50.405088],[30.522627,50.40551],[30.522475,50.405594],[30.522246,50.405719]]},"properties":{"name":"проспект Науки"}},{"type":"Feature","geometry":{"type":"LineString","coordinates":[[30.520969,50.406617],[30.521182,50.406488],[30.521386,50.406358],[30.521652,50.406164],[30.521989,50.405911],[30.522246,50.405719],[30.522574,50.405442],[30.522889,50.405184],[30.523289,50.404892],[30.523707,50.404612],[30.523833,50.404538],[30.52409,50.404425],[30.524296,50.404349],[30.52458,50.404282]]},"properties":{"name":"проспект Науки"}},{"type":"Feature","geometry":{"type":"LineString","coordinates":[[30.544885,50.372709],[30.544818,50.372615],[30.544759,50.372531],[30.544713,50.372453],[30.544574,50.371925],[30.544541,50.371755],[30.544525,50.371681],[30.544388,50.371194],[30.544362,50.371144],[30.544313,50.371081],[30.544254,50.371033],[30.544187,50.370999],[30.544101,50.370954],[30.54401,50.370934],[30.541964,50.370648],[30.54192,50.370642],[30.541843,50.370632],[30.541774,50.370625],[30.541729,50.370619],[30.540987,50.370518],[30.540573,50.370462],[30.540468,50.370444],[30.540384,50.370433],[30.540218,50.370424]]},"properties":{"name":"Китаївська вулиця"}},{"type":"Feature","geometry":{"type":"LineString","coordinates":[[30.522568,50.408753],[30.52239,50.408668],[30.521502,50.408206],[30.520953,50.407917],[30.520583,50.40771],[30.520312,50.407563],[30.519918,50.407318],[30.519553,50.407049],[30.519309,50.406876],[30.518986,50.406619],[30.518473,50.406175],[30.518072,50.405748],[30.517625,50.40525],[30.517267,50.404731],[30.516737,50.403857],[30.516293,50.403175],[30.516118,50.40298],[30.515729,50.402537],[30.515495,50.402278],[30.515104,50.401866],[30.514581,50.401363],[30.51391,50.400755],[30.513672,50.400553],[30.513492,50.400401],[30.5129,50.399923],[30.511835,50.399051],[30.511258,50.398571],[30.510915,50.398284],[30.510715,50.398091],[30.51047,50.397858],[30.51024,50.397618],[30.510015,50.397373],[30.509926,50.397275],[30.509666,50.396888],[30.509629,50.396834],[30.509452,50.396525],[30.508314,50.394903],[30.50824,50.394803],[30.507997,50.39447],[30.507671,50.394106],[30.507308,50.393727],[30.506899,50.393368],[30.506686,50.393189],[30.506424,50.392982],[30.506265,50.39287],[30.506115,50.392759],[30.506031,50.392701],[30.505911,50.392618],[30.505794,50.392547],[30.505546,50.392396],[30.505216,50.392207],[30.505091,50.392138],[30.504905,50.392052],[30.504673,50.391944],[30.504388,50.391819],[30.503708,50.391551],[30.502742,50.391168],[30.502604,50.391109],[30.502311,50.390992],[30.501431,50.390641],[30.500765,50.390374],[30.500565,50.390294],[30.500494,50.390266],[30.50008,50.390084],[30.499682,50.389924],[30.498815,50.389578],[30.498385,50.38941],[30.497107,50.38891],[30.496864,50.388812],[30.495668,50.388349],[30.494923,50.388052],[30.494346,50.387828],[30.491631,50.386761],[30.491129,50.38656],[30.491007,50.386511],[30.49079,50.386425],[30.490201,50.386193],[30.48813,50.385372],[30.486438,50.384693],[30.486013,50.384528],[30.48507,50.384155],[30.483879,50.383682],[30.483757,50.383634],[30.482796,50.383254],[30.482457,50.383119],[30.481786,50.382861],[30.481463,50.382733],[30.481384,50.382701],[30.480157,50.38221]]},"properties":{"name":"Голосіївський проспект"}},{"type":"Feature","geometry":{"type":"LineString","coordinates":[[30.522443,50.408852],[30.522196,50.408721],[30.521395,50.4083],[30.52084,50.408011],[30.520463,50.40781],[30.520207,50.407655],[30.519798,50.407402],[30.519455,50.407168],[30.519294,50.407064]]},"properties":{"name":"Голосіївський проспект"}},{"type":"Feature","geometry":{"type":"LineString","coordinates":[[30.517726,50.40701],[30.517893,50.40695],[30.517962,50.406909],[30.518003,50.406864],[30.518044,50.406781],[30.518019,50.406692],[30.517796,50.406432],[30.517564,50.406163],[30.517463,50.406033],[30.517382,50.40592],[30.517228,50.405676],[30.517097,50.405446],[30.516949,50.405146],[30.516897,50.405042],[30.516726,50.404672],[30.516585,50.404383],[30.516518,50.404243],[30.516373,50.403994],[30.516188,50.403674],[30.515949,50.403286],[30.515784,50.403038],[30.515651,50.402856],[30.515544,50.402708],[30.515458,50.402613],[30.515214,50.402379],[30.515069,50.402236],[30.514823,50.402005],[30.514457,50.401663],[30.514111,50.40134],[30.513716,50.40099],[30.513599,50.400889],[30.513156,50.400517],[30.512671,50.400113],[30.512284,50.399808],[30.511807,50.399421],[30.51136,50.399048],[30.511137,50.398673],[30.510915,50.398284]]},"properties":{"name":"Голосіївський проспект"}},{"type":"Feature","geometry":{"type":"LineString","coordinates":[[30.477418,50.381235],[30.477742,50.381339],[30.478582,50.381647],[30.479152,50.381857],[30.479458,50.381971],[30.479649,50.382044],[30.480157,50.38221],[30.479908,50.382069],[30.479667,50.381951],[30.478634,50.381569],[30.478046,50.381346],[30.477195,50.381028]]},"properties":{"name":"Голосіївський проспект"}},{"type":"Feature","geometry":{"type":"LineString","coordinates":[[30.516218,50.403306],[30.515729,50.402537]]},"properties":{"name":"Голосіївський проспект"}},{"type":"Feature","geometry":{"type":"LineString","coordinates":[[30.507033,50.393837],[30.506613,50.393454],[30.50657,50.39342],[30.505761,50.392789],[30.505706,50.392756],[30.505645,50.39272],[30.504782,50.392237],[30.503307,50.391592],[30.502519,50.391279],[30.502456,50.391253],[30.502406,50.391232],[30.501561,50.390911],[30.50065,50.390543],[30.500114,50.390328],[30.499525,50.390103],[30.499236,50.389982],[30.498573,50.389832],[30.498468,50.389695],[30.498378,50.389631],[30.497613,50.389336],[30.496802,50.389014],[30.496173,50.388761],[30.495907,50.388655],[30.495883,50.388645],[30.495621,50.388544],[30.494776,50.388216],[30.494352,50.388038],[30.494348,50.387905],[30.494346,50.387828]]},"properties":{"name":"Голосіївський проспект"}},{"type":"Feature","geometry":{"type":"LineString","coordinates":[[30.522568,50.408753],[30.523514,50.409231]]},"properties":{"name":"Автовокзальний шляхопровід"}},{"type":"Feature","geometry":{"type":"LineString","coordinates":[[30.523371,50.409331],[30.522443,50.408852]]},"properties":{"name":"Автовокзальний шляхопровід"}},{"type":"Feature","geometry":{"type":"LineString","coordinates":[[30.523514,50.409231],[30.523944,50.40943]]},"properties":{"name":"бульвар Миколи Міхновського"}},{"type":"Feature","geometry":{"type":"LineString","coordinates":[[30.523648,50.409446],[30.523371,50.409331]]},"properties":{"name":"бульвар Миколи Міхновського"}},{"type":"Feature","geometry":{"type":"LineString","coordinates":[[30.572121,50.424404],[30.571692,50.424275],[30.571129,50.42411],[30.571007,50.424075],[30.570791,50.424016],[30.570443,50.423918],[30.570381,50.423902],[30.570232,50.423858],[30.569844,50.423783],[30.569642,50.423758],[30.569501,50.423744],[30.569265,50.423728],[30.568826,50.4237],[30.568424,50.423686],[30.567969,50.42368],[30.567657,50.423676],[30.567429,50.423683],[30.567096,50.423718],[30.566807,50.423763],[30.566603,50.423801],[30.565625,50.424014],[30.565546,50.424034],[30.564632,50.424232],[30.564531,50.424254],[30.563687,50.424432],[30.563353,50.424501],[30.56329,50.424512],[30.562906,50.42457],[30.562662,50.424601],[30.562405,50.424618],[30.56204,50.424622],[30.561614,50.424612],[30.561337,50.424596],[30.561208,50.424579],[30.560996,50.424547],[30.560636,50.424469],[30.559959,50.4243],[30.559365,50.424144],[30.55924,50.424111],[30.559031,50.424056],[30.557895,50.423739],[30.556936,50.423483],[30.556008,50.423242],[30.555656,50.423148],[30.555556,50.423122],[30.554744,50.422909],[30.55434,50.422793],[30.553852,50.422643],[30.553755,50.422609],[30.553102,50.422372],[30.552709,50.42222],[30.552365,50.422088],[30.552203,50.422023],[30.551819,50.421852],[30.551344,50.421626],[30.551091,50.421497],[30.550386,50.421132],[30.549808,50.420828],[30.549086,50.420454],[30.546328,50.419019],[30.54603,50.418864],[30.545233,50.418451],[30.544203,50.41791],[30.543372,50.417481],[30.542348,50.416943],[30.541179,50.416331],[30.540069,50.415774],[30.539222,50.415369],[30.538822,50.415185],[30.538618,50.415091],[30.538335,50.414955],[30.537063,50.414418],[30.536177,50.414076],[30.535268,50.41376],[30.534328,50.413451],[30.533298,50.413137],[30.532584,50.412924],[30.532338,50.412851],[30.531519,50.412608]]},"properties":{"name":"бульвар Миколи Міхновського"}},{"type":"Feature","geometry":{"type":"LineString","coordinates":[[30.572185,50.424332],[30.571979,50.424268],[30.571472,50.42411],[30.570795,50.423904],[30.57048,50.423807],[30.570254,50.423742],[30.569988,50.42369],[30.56972,50.423656],[30.569487,50.423634],[30.568837,50.423595],[30.568435,50.423581],[30.567964,50.423571],[30.56764,50.423569],[30.567426,50.423578],[30.567247,50.423591],[30.567096,50.423605],[30.566786,50.423648],[30.566602,50.423677],[30.566228,50.423749],[30.565872,50.423824],[30.564588,50.4241],[30.564115,50.424206],[30.563307,50.424372],[30.562869,50.424436],[30.562622,50.424465],[30.562402,50.424475],[30.561904,50.424478],[30.561696,50.424465],[30.561354,50.424441],[30.561259,50.424431],[30.561143,50.424413],[30.561043,50.424395],[30.560697,50.42432],[30.560233,50.424208],[30.559473,50.424009],[30.5585,50.423742],[30.557982,50.423604],[30.557025,50.423354],[30.55607,50.423107],[30.55537,50.422928],[30.554833,50.422789],[30.554431,50.422679],[30.554368,50.42266],[30.55415,50.422594],[30.553863,50.422499],[30.553629,50.422415],[30.553202,50.42226],[30.552812,50.422108],[30.552371,50.421936],[30.552308,50.421908],[30.551936,50.421743],[30.551528,50.421543],[30.551408,50.421483],[30.551277,50.421418],[30.549976,50.420753],[30.549616,50.420569],[30.549331,50.420421],[30.549104,50.420303],[30.547045,50.419234],[30.546216,50.418803],[30.545337,50.418337],[30.544333,50.417809],[30.543611,50.417426],[30.542422,50.416805],[30.541775,50.416472],[30.539971,50.415577],[30.539331,50.41527],[30.538471,50.414867],[30.537952,50.414651],[30.537837,50.414603],[30.537517,50.414465],[30.537068,50.414281],[30.536259,50.413967],[30.53535,50.413649],[30.534439,50.413347],[30.533409,50.413035],[30.532749,50.412843],[30.532136,50.412654],[30.531207,50.412378],[30.530882,50.412274],[30.530577,50.412171],[30.530157,50.412028],[30.529578,50.411832],[30.529033,50.41164],[30.528673,50.411509],[30.528113,50.411297],[30.527412,50.411031],[30.526973,50.410841],[30.52673,50.410737],[30.526515,50.410637],[30.526153,50.410479],[30.525819,50.410327]]},"properties":{"name":"бульвар Миколи Міхновського"}},{"type":"Feature","geometry":{"type":"LineString","coordinates":[[30.525124,50.409378],[30.525148,50.409407],[30.525211,50.409458]]},"properties":{"name":"Залізничне шосе"}},{"type":"Feature","geometry":{"type":"LineString","coordinates":[[30.552096,50.403745],[30.552684,50.40362],[30.552772,50.403602],[30.553119,50.403534],[30.553272,50.403503],[30.553388,50.403463],[30.553649,50.403338],[30.553968,50.403184],[30.554198,50.403088],[30.55431,50.403058],[30.554425,50.403027],[30.554695,50.402977],[30.55496,50.402945],[30.555904,50.402829],[30.556458,50.402781],[30.556982,50.402746],[30.55734,50.402732],[30.557779,50.402726]]},"properties":{"name":"Залізничне шосе"}},{"type":"Feature","geometry":{"type":"LineString","coordinates":[[30.515906,50.439529],[30.514271,50.439792],[30.513889,50.439855],[30.51379,50.439872],[30.513676,50.439894],[30.513601,50.43995]]},"properties":{"name":"вулиця Гетьмана Павла Скоропадського"}},{"type":"Feature","geometry":{"type":"LineString","coordinates":[[30.499749,50.441165],[30.499514,50.441069],[30.499064,50.440876],[30.498828,50.440773],[30.498678,50.440709],[30.497934,50.440391],[30.497737,50.440307],[30.497589,50.440177],[30.497261,50.440031],[30.496244,50.439577],[30.495664,50.439322],[30.495355,50.439186],[30.49484,50.438952],[30.494098,50.438603],[30.493741,50.438411],[30.493572,50.4383],[30.493502,50.438243],[30.493455,50.438199],[30.493397,50.438145],[30.4933,50.438029],[30.493123,50.437767],[30.493069,50.437693],[30.493017,50.437631],[30.492916,50.437554],[30.492812,50.437492],[30.492627,50.437381],[30.49242,50.437267]]},"properties":{"name":"вулиця Гетьмана Павла Скоропадського"}},{"type":"Feature","geometry":{"type":"LineString","coordinates":[[30.492319,50.437361],[30.492691,50.437577],[30.492809,50.437655],[30.492908,50.437732],[30.493003,50.437841],[30.49313,50.438026],[30.493221,50.438135],[30.493333,50.43826],[30.493394,50.438316],[30.493469,50.438372],[30.493577,50.43845],[30.493645,50.438492],[30.493989,50.438675],[30.494538,50.438925],[30.495111,50.439194],[30.49528,50.439269],[30.495578,50.439401],[30.496518,50.439817],[30.496688,50.439893],[30.496937,50.440005],[30.49749,50.440253],[30.497737,50.440307]]},"properties":{"name":"вулиця Гетьмана Павла Скоропадського"}},{"type":"Feature","geometry":{"type":"LineString","coordinates":[[30.511124,50.440373],[30.511307,50.440344],[30.512027,50.440232],[30.512721,50.440114],[30.51343,50.439984],[30.513601,50.43995],[30.513707,50.439965],[30.513795,50.43995],[30.513862,50.439937],[30.515113,50.439725],[30.515857,50.4396],[30.515914,50.43959]]},"properties":{"name":"вулиця Гетьмана Павла Скоропадського"}},{"type":"Feature","geometry":{"type":"LineString","coordinates":[[30.515929,50.439079],[30.515906,50.439529],[30.51659,50.439388],[30.516687,50.43937],[30.516894,50.43935],[30.516821,50.439417],[30.516247,50.439529],[30.515956,50.439582],[30.515914,50.43959]]},"properties":{"name":"площа Українських Героїв"}},{"type":"Feature","geometry":{"type":"LineString","coordinates":[[30.524713,50.412106],[30.525092,50.41189],[30.525228,50.411812],[30.52538,50.41174],[30.525552,50.411721],[30.525739,50.41174],[30.525827,50.411776],[30.525979,50.411875],[30.526034,50.411965],[30.526046,50.412086],[30.525936,50.412383]]},"properties":{"name":"Либідська площа"}},{"type":"Feature","geometry":{"type":"LineString","coordinates":[[30.525612,50.412892],[30.525378,50.413003],[30.525219,50.413034],[30.525044,50.413032],[30.524684,50.412924],[30.524444,50.412832],[30.524345,50.412749],[30.524285,50.412655],[30.524278,50.412554],[30.524326,50.41242]]},"properties":{"name":"Либідська площа"}},{"type":"Feature","geometry":{"type":"LineString","coordinates":[[30.525336,50.413328],[30.525209,50.413437],[30.525103,50.413513],[30.524977,50.413568],[30.524822,50.413619],[30.524737,50.413634],[30.52465,50.41363],[30.524531,50.413609],[30.523813,50.413331],[30.523715,50.413278],[30.523667,50.413242],[30.523636,50.413206],[30.523621,50.413151],[30.523638,50.41305],[30.52371,50.412919]]},"properties":{"name":"Либідська площа"}},{"type":"Feature","geometry":{"type":"LineString","coordinates":[[30.541531,50.373315],[30.541503,50.373289],[30.54148,50.373266]]},"properties":{"name":"вулиця Квітки-Основ’яненка"}},{"type":"Feature","geometry":{"type":"LineString","coordinates":[[30.551125,50.370861],[30.551031,50.370859],[30.550892,50.370855],[30.550679,50.37085]]},"properties":{"name":"Набережний провулок"}},{"type":"Feature","geometry":{"type":"LineString","coordinates":[[30.551125,50.370861],[30.551246,50.37084],[30.551364,50.370781],[30.551379,50.370769],[30.551489,50.370681],[30.551561,50.370582],[30.55165,50.370477],[30.551739,50.370355],[30.551769,50.370313],[30.55186,50.370166],[30.552032,50.369938],[30.552091,50.369866],[30.552276,50.369627],[30.55251,50.369274],[30.552568,50.369192],[30.552762,50.368953],[30.553007,50.368738],[30.553046,50.368703],[30.55317,50.36859],[30.553574,50.368279],[30.553717,50.368169],[30.553773,50.368125],[30.553917,50.368009],[30.553997,50.367948],[30.554071,50.367892],[30.554145,50.367837],[30.554354,50.367694],[30.554504,50.367585],[30.555473,50.367023],[30.556288,50.36655],[30.556447,50.366458],[30.55676,50.36628],[30.556814,50.366251],[30.55701,50.366138],[30.55714,50.366064],[30.557466,50.365874],[30.558019,50.365586],[30.559151,50.365042],[30.559306,50.36494],[30.559371,50.364898],[30.559532,50.364744],[30.559627,50.364578],[30.559789,50.364183],[30.559872,50.363935],[30.559918,50.363801],[30.559974,50.363684],[30.55999,50.36362],[30.560003,50.363563],[30.560004,50.363519],[30.559998,50.36341],[30.560002,50.363232],[30.560025,50.363132],[30.560063,50.362961],[30.560127,50.362848],[30.560282,50.362699],[30.560368,50.362593],[30.560418,50.362527],[30.560439,50.362454],[30.560428,50.362381],[30.560387,50.362313],[30.56031,50.362164],[30.560213,50.362013],[30.559907,50.361312],[30.559811,50.361202],[30.559709,50.361123],[30.55951,50.361007],[30.559269,50.360935],[30.559049,50.360918],[30.55885,50.360911],[30.558752,50.360912],[30.558636,50.360921]]},"properties":{"name":"Набережно-Корчуватська вулиця"}},{"type":"Feature","geometry":{"type":"LineString","coordinates":[[30.589633,50.495559],[30.589624,50.495706],[30.589545,50.496726],[30.589525,50.497459],[30.589551,50.497597],[30.589613,50.497886],[30.589743,50.498254],[30.58998,50.498737],[30.59039,50.499484],[30.590631,50.499887],[30.5907,50.499996],[30.590764,50.50009],[30.590975,50.500365],[30.591135,50.500561],[30.591517,50.500907],[30.591821,50.501148],[30.591973,50.501258],[30.592123,50.501363],[30.592543,50.501623],[30.593307,50.502096],[30.594526,50.502773],[30.594994,50.502991],[30.595099,50.50304],[30.595571,50.503251],[30.596689,50.503659],[30.596772,50.503686],[30.597705,50.503991],[30.597867,50.504045],[30.597956,50.504074],[30.598407,50.504233],[30.59986,50.504722],[30.60004,50.504777],[30.600266,50.504846],[30.600495,50.50488],[30.60066,50.504888],[30.600906,50.504873]]},"properties":{"name":"проспект Червоної Калини"}},{"type":"Feature","geometry":{"type":"LineString","coordinates":[[30.620209,50.528552],[30.62018,50.528345],[30.620169,50.528278],[30.620107,50.527707],[30.620054,50.527326],[30.620016,50.526984],[30.619929,50.526221],[30.619776,50.524875],[30.61975,50.524653],[30.619716,50.524338],[30.61969,50.52409],[30.61965,50.523717],[30.619634,50.523619],[30.619597,50.523539],[30.619558,50.523484],[30.619507,50.52344],[30.619445,50.523392],[30.619381,50.523343],[30.619307,50.523291]]},"properties":{"name":"проспект Червоної Калини"}},{"type":"Feature","geometry":{"type":"LineString","coordinates":[[30.620349,50.528546],[30.620326,50.528334],[30.620314,50.528268],[30.620255,50.527704],[30.620224,50.527415],[30.620217,50.527347],[30.620094,50.526293],[30.620071,50.526098],[30.619996,50.52546],[30.61993,50.524897],[30.619867,50.524331],[30.619839,50.524079],[30.619809,50.523806],[30.619805,50.523655],[30.619813,50.523579],[30.61984,50.52351],[30.61988,50.523448],[30.619919,50.523389],[30.619952,50.523339],[30.619996,50.523267]]},"properties":{"name":"проспект Червоної Калини"}},{"type":"Feature","geometry":{"type":"LineString","coordinates":[[30.619253,50.522733],[30.619331,50.522668],[30.619395,50.522582],[30.619444,50.522449],[30.619456,50.522348],[30.619439,50.522167],[30.619364,50.521761],[30.619315,50.521518],[30.619293,50.521412],[30.61916,50.520803],[30.618952,50.520032],[30.61878,50.519529],[30.618619,50.519152],[30.618565,50.519032],[30.618494,50.518864],[30.618114,50.518013],[30.617938,50.517648],[30.617729,50.517289],[30.617414,50.51678],[30.617272,50.516568],[30.617048,50.516231],[30.61693,50.516068],[30.616274,50.51518],[30.616164,50.515042],[30.616044,50.514892],[30.615839,50.514654],[30.615797,50.51461],[30.615096,50.513881],[30.614875,50.513648],[30.614632,50.513395],[30.614517,50.513274],[30.614347,50.513139],[30.614098,50.513048],[30.613956,50.513015]]},"properties":{"name":"проспект Червоної Калини"}},{"type":"Feature","geometry":{"type":"LineString","coordinates":[[30.601353,50.505563],[30.601591,50.505525],[30.601778,50.505517],[30.601937,50.505531],[30.602079,50.505552],[30.602201,50.505595],[30.603502,50.506048],[30.604384,50.506418],[30.604739,50.506594],[30.604874,50.506661],[30.60498,50.506714],[30.605116,50.506785],[30.605237,50.506844],[30.606483,50.507458],[30.606605,50.507522],[30.607477,50.507976],[30.608751,50.50876],[30.60973,50.509381],[30.61091,50.510132],[30.61156,50.510599],[30.611891,50.510838],[30.61194,50.510883],[30.61208,50.511009],[30.613154,50.511977],[30.613251,50.512065],[30.613361,50.51219],[30.613401,50.512292],[30.613427,50.512536]]},"properties":{"name":"проспект Червоної Калини"}},{"type":"Feature","geometry":{"type":"LineString","coordinates":[[30.613962,50.512289],[30.613695,50.51219],[30.613506,50.512099],[30.613374,50.511987],[30.612818,50.511484],[30.612078,50.510815],[30.612021,50.510764],[30.611554,50.510423],[30.611034,50.510044],[30.610029,50.509404],[30.609664,50.509171],[30.608046,50.508183],[30.607558,50.507885],[30.607068,50.507616],[30.606707,50.507428],[30.606678,50.507414],[30.606595,50.507374],[30.605352,50.506756],[30.605231,50.506696],[30.604985,50.506574],[30.604846,50.506504],[30.604723,50.506446],[30.604404,50.506288],[30.603554,50.505949],[30.60262,50.505615],[30.602286,50.505502],[30.60217,50.505463],[30.60194,50.505345],[30.601814,50.505254],[30.601696,50.505126]]},"properties":{"name":"проспект Червоної Калини"}},{"type":"Feature","geometry":{"type":"LineString","coordinates":[[30.614502,50.512783],[30.614494,50.512899],[30.614554,50.5131],[30.614662,50.513243],[30.615042,50.513647],[30.615954,50.514619],[30.616156,50.51486],[30.616398,50.515151],[30.617035,50.515995],[30.617172,50.516195],[30.617275,50.516328],[30.617544,50.516739],[30.617882,50.517269],[30.617967,50.517418],[30.618131,50.517709],[30.618251,50.517987],[30.618706,50.518984],[30.618735,50.519052],[30.618769,50.519126],[30.618922,50.519492],[30.619122,50.520106],[30.619313,50.520791],[30.619378,50.521067],[30.619514,50.521651],[30.619576,50.522028],[30.619604,50.522216],[30.619625,50.522362],[30.619644,50.522429],[30.61969,50.522493],[30.61976,50.522566],[30.619875,50.522668]]},"properties":{"name":"проспект Червоної Калини"}},{"type":"Feature","geometry":{"type":"LineString","coordinates":[[30.600535,50.505283],[30.600497,50.505188],[30.600449,50.505103],[30.600385,50.505038],[30.600287,50.504972],[30.600196,50.504936],[30.59997,50.504861],[30.597873,50.504165],[30.597632,50.504082],[30.597399,50.504004],[30.596697,50.503768],[30.595505,50.503325],[30.595277,50.503228],[30.595048,50.503132],[30.594909,50.503067],[30.594434,50.50284],[30.593839,50.502505],[30.593431,50.502281],[30.593209,50.502147],[30.593107,50.502086],[30.592411,50.501668],[30.592384,50.501652],[30.592322,50.501614],[30.592304,50.501603],[30.591821,50.501309],[30.59138,50.500966],[30.591004,50.500598],[30.590813,50.500386],[30.590628,50.500131],[30.590571,50.500039],[30.589941,50.498975],[30.589825,50.498759],[30.589567,50.498244],[30.589435,50.497852],[30.589392,50.497604],[30.589377,50.497488],[30.589375,50.497457],[30.589373,50.497398],[30.589348,50.496753],[30.589438,50.495793],[30.589446,50.495702],[30.589471,50.495559]]},"properties":{"name":"проспект Червоної Калини"}},{"type":"Feature","geometry":{"type":"LineString","coordinates":[[30.5409,50.49226],[30.54085,50.492246],[30.531555,50.48945],[30.530817,50.489229]]},"properties":{"name":"Північний міст"}},{"type":"Feature","geometry":{"type":"LineString","coordinates":[[30.530897,50.489122],[30.531899,50.489426],[30.540894,50.492155],[30.540964,50.492175]]},"properties":{"name":"Північний міст"}},{"type":"Feature","geometry":{"type":"LineString","coordinates":[[30.530817,50.489229],[30.530027,50.48901],[30.529332,50.488841],[30.528681,50.488716],[30.527768,50.488548],[30.526909,50.488426],[30.525869,50.488323],[30.525263,50.48828],[30.525019,50.488273],[30.524189,50.488252],[30.523826,50.488253],[30.523248,50.488257],[30.522148,50.488288],[30.521058,50.488344],[30.517804,50.488471],[30.514662,50.488601],[30.513655,50.488641],[30.510228,50.488776],[30.508815,50.488831],[30.507701,50.488874],[30.506411,50.488912],[30.505885,50.488933],[30.504129,50.488999],[30.503644,50.489017],[30.502963,50.489054],[30.501734,50.48913],[30.500402,50.48919],[30.499736,50.489206],[30.499123,50.489213],[30.498823,50.489215],[30.498338,50.489218],[30.498143,50.489219],[30.49766,50.489222],[30.497606,50.489223],[30.494361,50.489245],[30.492345,50.489225],[30.491078,50.48921],[30.49048,50.489205],[30.489759,50.489199],[30.489619,50.489198],[30.48927,50.489194],[30.489053,50.489192],[30.488974,50.489191],[30.488443,50.489186],[30.487919,50.489181],[30.487265,50.489165],[30.486972,50.489152],[30.48618,50.489102],[30.485313,50.489034],[30.484632,50.488948],[30.482851,50.488705],[30.482272,50.488615],[30.480495,50.488343],[30.479968,50.488259],[30.479501,50.488184],[30.478421,50.488014]]},"properties":{"name":"проспект Степана Бандери"}},{"type":"Feature","geometry":{"type":"LineString","coordinates":[[30.530897,50.489122],[30.530082,50.488887],[30.529385,50.488721],[30.528758,50.488596],[30.527562,50.488371],[30.527026,50.488303],[30.525949,50.488197],[30.525718,50.488177],[30.525082,50.488137],[30.524187,50.488107],[30.523245,50.488108],[30.522126,50.488153],[30.520922,50.488203],[30.520645,50.488216],[30.520201,50.488232],[30.52017,50.488233],[30.51943,50.488265],[30.518688,50.488296],[30.517924,50.488327],[30.515914,50.4884],[30.51496,50.488434],[30.513601,50.488488],[30.512788,50.488525],[30.512223,50.48855],[30.510728,50.488619],[30.510277,50.488637],[30.509658,50.488666],[30.509065,50.488689],[30.508429,50.488711],[30.50805,50.488727],[30.507655,50.488742],[30.50486,50.48884],[30.502804,50.488939],[30.501743,50.489001],[30.500326,50.48906],[30.499126,50.489075],[30.498218,50.489087],[30.498139,50.489088],[30.49766,50.489093],[30.49742,50.489096],[30.494586,50.489128],[30.494528,50.489128],[30.493633,50.489117],[30.492811,50.489116],[30.49199,50.489114],[30.491903,50.489113],[30.490799,50.489104],[30.489748,50.489093],[30.488877,50.489082],[30.488157,50.489064],[30.487464,50.489041],[30.486626,50.489015],[30.486066,50.488986],[30.485268,50.488916],[30.484632,50.488834],[30.482899,50.4886],[30.481018,50.488267],[30.480802,50.488236],[30.479953,50.488101],[30.478937,50.487942]]},"properties":{"name":"проспект Степана Бандери"}},{"type":"Feature","geometry":{"type":"LineString","coordinates":[[30.477347,50.488207],[30.475016,50.488532],[30.474154,50.488665],[30.473703,50.488739],[30.473276,50.488825],[30.473048,50.488891]]},"properties":{"name":"проспект Степана Бандери"}},{"type":"Feature","geometry":{"type":"LineString","coordinates":[[30.472014,50.489044],[30.472842,50.488878],[30.472911,50.488851],[30.473266,50.488741],[30.473695,50.488655],[30.474118,50.488593],[30.474556,50.488532],[30.475366,50.488416],[30.476347,50.488274],[30.477327,50.488137]]},"properties":{"name":"проспект Степана Бандери"}},{"type":"Feature","geometry":{"type":"LineString","coordinates":[[30.500066,50.489967],[30.498992,50.490713],[30.498674,50.49093],[30.497263,50.4919],[30.496433,50.492454]]},"properties":{"name":"Богатирська вулиця"}},{"type":"Feature","geometry":{"type":"LineString","coordinates":[[30.483497,50.516887],[30.48354,50.518425],[30.483547,50.519032],[30.48357,50.51953],[30.483606,50.52075],[30.483656,50.522232],[30.483736,50.524842],[30.483737,50.524868],[30.483763,50.525728],[30.483781,50.526217],[30.483787,50.526395],[30.483787,50.526426],[30.483804,50.527072],[30.483816,50.527319],[30.483872,50.528702],[30.48392,50.529975],[30.484069,50.531557],[30.484144,50.532229],[30.484291,50.533366],[30.484476,50.534658],[30.484667,50.536169],[30.484737,50.5372],[30.484867,50.540196],[30.484961,50.541492],[30.484973,50.541721],[30.48498,50.541785],[30.484973,50.542494],[30.484978,50.543418],[30.484927,50.544129],[30.484889,50.544333],[30.484766,50.544801],[30.484574,50.545295],[30.484292,50.545961],[30.483863,50.546697],[30.483644,50.546986],[30.48361,50.547038],[30.483461,50.547223],[30.482944,50.547773],[30.48231,50.548366],[30.481607,50.548957],[30.479443,50.550471],[30.478975,50.550798],[30.478901,50.550849],[30.478473,50.55115],[30.477966,50.5515],[30.477526,50.551835],[30.477154,50.55214],[30.476746,50.552471],[30.476006,50.553149],[30.475334,50.553831],[30.474795,50.554414],[30.474456,50.554826],[30.47422,50.555113],[30.473842,50.555603],[30.473525,50.556044],[30.473257,50.556465],[30.472849,50.557156],[30.472524,50.557775],[30.472205,50.558452],[30.47207,50.558794],[30.47197,50.559048],[30.471665,50.559949],[30.471436,50.560738],[30.471325,50.561314],[30.471242,50.561928],[30.471192,50.562358],[30.471128,50.563148],[30.471173,50.563989],[30.471178,50.56414],[30.471205,50.564425]]},"properties":{"name":"Богатирська вулиця"}},{"type":"Feature","geometry":{"type":"LineString","coordinates":[[30.48438,50.51724],[30.484465,50.517311],[30.484541,50.517362],[30.484699,50.517419]]},"properties":{"name":"Богатирська вулиця"}},{"type":"Feature","geometry":{"type":"LineString","coordinates":[[30.484329,50.518317],[30.484333,50.518451],[30.484334,50.518486],[30.484349,50.518928],[30.484351,50.519047],[30.484366,50.51945],[30.484389,50.519921],[30.484391,50.519994],[30.484398,50.520176],[30.484406,50.520382],[30.484417,50.520867],[30.484439,50.521786],[30.484442,50.521974],[30.484471,50.522822],[30.484478,50.523088],[30.484506,50.524193],[30.484411,50.524331],[30.484372,50.524437],[30.484281,50.524834],[30.484276,50.524863],[30.484246,50.52499],[30.484072,50.525734]]},"properties":{"name":"Богатирська вулиця"}},{"type":"Feature","geometry":{"type":"LineString","coordinates":[[30.484003,50.52408],[30.484028,50.524834],[30.484029,50.524862],[30.484051,50.52529],[30.484072,50.525734],[30.484095,50.526388],[30.484096,50.52642],[30.484108,50.526894],[30.484167,50.528803],[30.484189,50.529753],[30.484214,50.530495],[30.484305,50.531554],[30.484341,50.531985],[30.484369,50.532186],[30.484393,50.532438],[30.484448,50.53293],[30.484635,50.534382],[30.484797,50.535494],[30.484883,50.536151],[30.484939,50.537022],[30.484959,50.537544],[30.485009,50.538707],[30.485049,50.539474],[30.485149,50.540746],[30.485179,50.541325],[30.485204,50.541728],[30.485188,50.54318],[30.48518,50.543351],[30.485164,50.543691],[30.485101,50.544085],[30.485057,50.544316],[30.485012,50.544542],[30.484854,50.545049],[30.48455,50.545781],[30.484274,50.546302],[30.484041,50.54668],[30.48375,50.547094],[30.483495,50.547406],[30.483066,50.547907],[30.482685,50.548245],[30.482115,50.548752],[30.481637,50.549124],[30.48104,50.549555],[30.480152,50.550183],[30.479309,50.550755],[30.479043,50.550936],[30.478935,50.551011],[30.478305,50.551453],[30.477636,50.551938],[30.476717,50.552696],[30.476122,50.553224],[30.47558,50.55378],[30.474943,50.554482],[30.474901,50.554533],[30.474163,50.555437],[30.473694,50.556073],[30.47315,50.556936],[30.472812,50.55757],[30.472365,50.558509],[30.472242,50.558811],[30.47212,50.559148],[30.471936,50.559676],[30.471873,50.559863],[30.471792,50.560165],[30.471617,50.560745],[30.471542,50.561182],[30.471422,50.561929],[30.471312,50.562923],[30.47131,50.563125],[30.471322,50.56331],[30.471385,50.564127],[30.471427,50.564454]]},"properties":{"name":"Богатирська вулиця"}},{"type":"Feature","geometry":{"type":"LineString","coordinates":[[30.498057,50.485548],[30.4981,50.486196],[30.49811,50.486394],[30.498117,50.486679],[30.498117,50.48676]]},"properties":{"name":"Оболонський проспект"}},{"type":"Feature","geometry":{"type":"LineString","coordinates":[[30.498027,50.511241],[30.498049,50.510965],[30.498039,50.510729],[30.498035,50.510488],[30.498014,50.509921],[30.497993,50.509225],[30.497979,50.508799],[30.497945,50.507368],[30.497899,50.506023],[30.497875,50.505028],[30.497875,50.504976],[30.497876,50.504874],[30.497877,50.504651],[30.497861,50.504093],[30.497855,50.503888],[30.49785,50.503717],[30.497824,50.502805],[30.497823,50.502799],[30.497816,50.502607],[30.497782,50.502338],[30.497775,50.502137],[30.497761,50.501731],[30.497755,50.501574],[30.497752,50.501489],[30.497744,50.501244],[30.497743,50.501227],[30.497743,50.501213],[30.497742,50.501209],[30.497741,50.501179],[30.497741,50.501157],[30.497721,50.500609],[30.497752,50.500465],[30.497826,50.500319],[30.497885,50.500222],[30.497936,50.500131],[30.497961,50.500087],[30.498005,50.499973],[30.498011,50.499921],[30.498026,50.499799],[30.498038,50.499609],[30.49804,50.499397],[30.498004,50.498079],[30.497914,50.49481],[30.497896,50.494347],[30.497876,50.493888],[30.497843,50.493443],[30.497717,50.49215],[30.497645,50.490851],[30.497652,50.490551],[30.497654,50.490331],[30.497654,50.49027],[30.497657,50.489916],[30.497657,50.489894],[30.497659,50.489454],[30.49766,50.48938],[30.497659,50.489356],[30.49766,50.489222],[30.49766,50.489093],[30.497661,50.488973],[30.497661,50.488961],[30.497662,50.488674],[30.497663,50.488362],[30.497651,50.487754],[30.497655,50.487485],[30.497666,50.486779],[30.497688,50.486738],[30.49772,50.486704],[30.497766,50.486677],[30.497822,50.486658],[30.497883,50.48665],[30.497946,50.486653],[30.498005,50.486667],[30.498056,50.48669],[30.498095,50.486722],[30.498117,50.48676],[30.498121,50.487088],[30.498121,50.487341],[30.498116,50.488119],[30.498115,50.488165],[30.498117,50.488459],[30.498131,50.488862],[30.498134,50.488953],[30.498134,50.488962],[30.498137,50.48902],[30.498139,50.489088],[30.498143,50.489219],[30.498148,50.489352],[30.498149,50.489377],[30.498157,50.489612],[30.498168,50.489919],[30.498171,50.490006],[30.498192,50.490843],[30.49819,50.492847],[30.498192,50.492996],[30.498233,50.494803],[30.498334,50.498915],[30.498342,50.499178],[30.498362,50.499434],[30.498389,50.499655],[30.498429,50.499911],[30.498478,50.500072],[30.498555,50.500232],[30.498642,50.50037],[30.498693,50.500516],[30.498711,50.501067],[30.498714,50.501167],[30.498715,50.501199],[30.498716,50.501221],[30.498717,50.501238],[30.498725,50.501479],[30.498727,50.501564],[30.498744,50.502065],[30.49871,50.50225],[30.498689,50.502366],[30.498657,50.502748],[30.498661,50.503027],[30.498688,50.503712],[30.498692,50.503885],[30.498698,50.504088],[30.498719,50.504664],[30.498721,50.504857],[30.498723,50.504965],[30.498723,50.505007],[30.498757,50.506117],[30.498844,50.508977],[30.498868,50.509819],[30.49887,50.509917],[30.498872,50.510019],[30.498884,50.510386],[30.498887,50.510488],[30.498902,50.510938],[30.498909,50.51106],[30.498989,50.51134]]},"properties":{"name":"Оболонський проспект"}},{"type":"Feature","geometry":{"type":"LineString","coordinates":[[30.498992,50.513255],[30.498978,50.513389],[30.498997,50.513914],[30.499006,50.514196],[30.499006,50.514287],[30.499011,50.514512],[30.499044,50.515424],[30.499093,50.517185],[30.499157,50.519379],[30.499163,50.519553],[30.499186,50.520441],[30.499191,50.521557],[30.49919,50.521702]]},"properties":{"name":"Оболонський проспект"}},{"type":"Feature","geometry":{"type":"LineString","coordinates":[[30.49942,50.522939],[30.499357,50.52305],[30.499331,50.523152],[30.499352,50.523758],[30.499361,50.523942],[30.49937,50.524195],[30.499382,50.524479],[30.499414,50.52523],[30.499424,50.525646],[30.499426,50.525747],[30.499443,50.526229],[30.499449,50.526412],[30.499459,50.526709],[30.499474,50.527164],[30.499494,50.527631],[30.499485,50.527947],[30.499444,50.528034],[30.499425,50.528096],[30.499386,50.52815],[30.499312,50.528207],[30.499204,50.528252],[30.499067,50.528273],[30.498944,50.528267],[30.498843,50.528241],[30.49878,50.528214],[30.498711,50.528168],[30.498648,50.528084],[30.498598,50.527944],[30.498598,50.527811],[30.498599,50.527658],[30.4986,50.527442],[30.498591,50.526413],[30.49859,50.526375],[30.498562,50.525818],[30.498557,50.525661],[30.498506,50.524203],[30.498505,50.524164],[30.498503,50.5241],[30.498493,50.52385],[30.498491,50.523786],[30.49849,50.523759],[30.498472,50.523261],[30.49846,50.523161],[30.498414,50.523039],[30.498356,50.522959]]},"properties":{"name":"Оболонський проспект"}},{"type":"Feature","geometry":{"type":"LineString","coordinates":[[30.499377,50.522414],[30.499321,50.522343],[30.499285,50.522274],[30.499254,50.522204],[30.499206,50.521828],[30.49919,50.521702],[30.499096,50.521763],[30.499001,50.52178],[30.498548,50.521781],[30.49847,50.521764],[30.4984,50.521724]]},"properties":{"name":"Оболонський проспект"}},{"type":"Feature","geometry":{"type":"LineString","coordinates":[[30.49836,50.522405],[30.498384,50.522331],[30.4984,50.52227],[30.498402,50.521828],[30.4984,50.521724],[30.498389,50.521577],[30.498353,50.520502],[30.498318,50.519548],[30.49831,50.519386],[30.498286,50.518395],[30.498249,50.517392],[30.49822,50.516479],[30.498164,50.514875],[30.49815,50.514288],[30.498151,50.514202],[30.49814,50.513863],[30.498139,50.513671],[30.498132,50.513422],[30.498111,50.513359],[30.498094,50.513306]]},"properties":{"name":"Оболонський проспект"}},{"type":"Feature","geometry":{"type":"LineString","coordinates":[[30.589471,50.495559],[30.589534,50.495203]]},"properties":{"name":"Керченська площа"}},{"type":"Feature","geometry":{"type":"LineString","coordinates":[[30.589706,50.495203],[30.589633,50.495559]]},"properties":{"name":"Керченська площа"}},{"type":"Feature","geometry":{"type":"LineString","coordinates":[[30.459816,50.40784],[30.460488,50.407819],[30.460649,50.407797]]},"properties":{"name":"Медова вулиця"}},{"type":"Feature","geometry":{"type":"LineString","coordinates":[[30.459816,50.40784],[30.45893,50.408687],[30.458424,50.40917],[30.458346,50.409246],[30.457881,50.409671],[30.457671,50.409894],[30.45694,50.410597],[30.456697,50.410835]]},"properties":{"name":"вулиця Святослава Хороброго"}},{"type":"Feature","geometry":{"type":"LineString","coordinates":[[30.456749,50.41046],[30.45674,50.410547],[30.456718,50.410699],[30.456697,50.410835],[30.456652,50.410877],[30.456426,50.411091],[30.455927,50.411563],[30.455724,50.411776],[30.455522,50.41204],[30.455407,50.41228],[30.455344,50.412437],[30.455312,50.412581],[30.4553,50.412759],[30.455313,50.413058],[30.45535,50.413619],[30.455356,50.413732],[30.455446,50.415044],[30.45545,50.415182],[30.455482,50.415616],[30.455486,50.415681],[30.455499,50.415839],[30.455511,50.416024],[30.455527,50.416186],[30.455531,50.416258],[30.455543,50.41644],[30.455562,50.416727],[30.45558,50.416876],[30.455619,50.4172],[30.455648,50.41736],[30.455697,50.417473],[30.455883,50.417901],[30.456338,50.418792],[30.456478,50.419065],[30.456684,50.419467],[30.456844,50.419774],[30.4569,50.419881],[30.457007,50.420086],[30.457373,50.420786],[30.457452,50.420937],[30.457496,50.421021],[30.457558,50.421142],[30.457776,50.421562],[30.457863,50.421744],[30.458071,50.422142],[30.458449,50.422866],[30.458618,50.423187],[30.458771,50.423471],[30.458782,50.423488],[30.458864,50.423612]]},"properties":{"name":"вулиця Святослава Хороброго"}},{"type":"Feature","geometry":{"type":"LineString","coordinates":[[30.458359,50.423606],[30.45842,50.423536],[30.458427,50.423507],[30.458432,50.42349],[30.458432,50.423443],[30.458415,50.423396],[30.45787,50.422315],[30.457276,50.421204],[30.457207,50.421074],[30.457171,50.420999],[30.456975,50.420596],[30.456789,50.420206],[30.456613,50.419862],[30.456439,50.419521],[30.455946,50.418577],[30.455674,50.418061],[30.455556,50.417811],[30.455411,50.417517],[30.455364,50.417422],[30.455342,50.417294],[30.455313,50.417058],[30.455206,50.416278],[30.455204,50.416211],[30.455185,50.416041],[30.455169,50.415844],[30.45516,50.415695],[30.455152,50.415609],[30.455123,50.415319],[30.455002,50.413051],[30.454987,50.412825],[30.454991,50.412753],[30.454997,50.41269],[30.45501,50.412539],[30.455032,50.412453],[30.45506,50.412369],[30.455141,50.412135],[30.455279,50.411904],[30.455431,50.411697],[30.455619,50.411488],[30.455856,50.411267],[30.456457,50.410724],[30.456539,50.410651],[30.456749,50.41046],[30.456866,50.410346]]},"properties":{"name":"вулиця Святослава Хороброго"}},{"type":"Feature","geometry":{"type":"LineString","coordinates":[[30.458864,50.423612],[30.459018,50.423809],[30.459187,50.424046],[30.459281,50.424172],[30.459515,50.424498],[30.459561,50.424563],[30.459657,50.424709],[30.459819,50.42493],[30.460033,50.425231],[30.460115,50.425342],[30.460138,50.425379],[30.460157,50.425455],[30.460152,50.425532],[30.460145,50.425549],[30.46011,50.425602],[30.460062,50.425658],[30.459978,50.425716],[30.459905,50.425753],[30.459819,50.425778],[30.459681,50.42579],[30.459566,50.425787],[30.459443,50.425759],[30.459331,50.425714],[30.459223,50.425627],[30.459073,50.425442],[30.45898,50.425308],[30.458904,50.4252],[30.458726,50.424946],[30.458428,50.424534],[30.458394,50.424487],[30.458265,50.42431],[30.458052,50.424017],[30.458028,50.423902],[30.458033,50.423815],[30.458083,50.423738],[30.458202,50.423655],[30.458359,50.423606],[30.458503,50.42357],[30.45866,50.423571],[30.458681,50.423571],[30.458811,50.423597],[30.458864,50.423612]]},"properties":{"name":"Севастопольська площа"}},{"type":"Feature","geometry":{"type":"LineString","coordinates":[[30.459657,50.424709],[30.459979,50.424969],[30.4601,50.425041],[30.460213,50.425079],[30.460346,50.425085],[30.460496,50.425072],[30.46062,50.425034],[30.460968,50.424885],[30.46135,50.424717],[30.46206,50.424409],[30.462627,50.424196],[30.462929,50.424115],[30.462974,50.424103],[30.463102,50.424068],[30.463497,50.423893],[30.463614,50.423841],[30.464075,50.423635],[30.4644,50.423496],[30.465358,50.423077],[30.466271,50.422683],[30.466842,50.422439],[30.467702,50.422078],[30.467805,50.422034],[30.469544,50.421262],[30.47015,50.420993],[30.470737,50.42074],[30.470955,50.420647],[30.471493,50.420415],[30.473453,50.419558],[30.474417,50.419136],[30.47571,50.418566],[30.476178,50.418376],[30.476558,50.418212],[30.477489,50.417807],[30.478028,50.417543],[30.47811,50.417473],[30.478166,50.417401],[30.478245,50.417284],[30.478666,50.416602],[30.479062,50.415996],[30.479554,50.415293],[30.47975,50.41501],[30.479889,50.414831],[30.479953,50.414756],[30.480105,50.414594],[30.480319,50.414365],[30.480472,50.414221],[30.480909,50.413905],[30.48105,50.413806],[30.481299,50.413642],[30.483351,50.412629],[30.483644,50.412482],[30.483897,50.412355],[30.484419,50.412095],[30.485085,50.411773],[30.485451,50.411595],[30.485928,50.411357],[30.486174,50.411242],[30.487569,50.410545],[30.488537,50.410056],[30.489601,50.409536],[30.490953,50.408881],[30.491204,50.408767],[30.491569,50.408601],[30.491624,50.40858],[30.491683,50.408555],[30.491906,50.408458],[30.492298,50.408293],[30.492416,50.408242],[30.492608,50.408172],[30.492624,50.408167],[30.49314,50.408022],[30.493497,50.407935],[30.493893,50.407843],[30.494159,50.407795],[30.494544,50.40774],[30.495013,50.407704],[30.495244,50.407698],[30.495458,50.407693],[30.496879,50.407662],[30.497168,50.407667],[30.49882,50.407705],[30.499913,50.407728],[30.500686,50.407745],[30.500923,50.407743],[30.501716,50.40773],[30.502124,50.407722],[30.503206,50.407691],[30.504203,50.40766],[30.505402,50.407612],[30.50649,50.407574],[30.507569,50.407547],[30.508039,50.407536],[30.508155,50.407533],[30.508743,50.407507],[30.50948,50.407454],[30.511124,50.407322],[30.513504,50.407164],[30.514038,50.407124],[30.514416,50.407094],[30.514527,50.407085],[30.515624,50.406991],[30.516263,50.406951],[30.517016,50.406969],[30.517726,50.40701]]},"properties":{"name":"проспект Валерія Лобановського"}},{"type":"Feature","geometry":{"type":"LineString","coordinates":[[30.518032,50.407338],[30.517814,50.407337],[30.517542,50.407324],[30.517134,50.40729],[30.51689,50.407267],[30.516252,50.407208],[30.51573,50.407145],[30.515408,50.407118],[30.514995,50.407146],[30.514872,50.407155],[30.514717,50.407165],[30.514442,50.40719],[30.514052,50.407224],[30.513516,50.407266],[30.512686,50.407326],[30.511981,50.407372],[30.511624,50.407394],[30.511435,50.407405],[30.511132,50.407427],[30.509753,50.407523],[30.508717,50.407595],[30.508118,50.407626],[30.506448,50.407687],[30.505148,50.407723],[30.504323,50.40775],[30.502103,50.407824],[30.500927,50.407825],[30.500687,50.407825],[30.500351,50.407824],[30.498794,50.407797],[30.496804,50.407759],[30.495333,50.407783],[30.494733,50.407814],[30.49408,50.407891],[30.493641,50.407981],[30.493093,50.408124],[30.492687,50.408227],[30.492663,50.408238],[30.491958,50.408533],[30.491753,50.408618],[30.491683,50.408648],[30.491579,50.408691],[30.491485,50.408731],[30.49137,50.408779],[30.491261,50.408831],[30.490821,50.409041],[30.490081,50.409403],[30.489517,50.409678],[30.487387,50.410733],[30.485995,50.41141],[30.483427,50.41269],[30.483053,50.412876],[30.481521,50.413627],[30.481147,50.413858],[30.480589,50.414262],[30.480313,50.414521],[30.480025,50.414871],[30.479694,50.41531],[30.479325,50.415834],[30.479184,50.416032],[30.478433,50.417239],[30.478313,50.417431],[30.4783,50.417452],[30.478269,50.417498],[30.478216,50.417547],[30.478125,50.417601],[30.477608,50.417839],[30.477246,50.417988],[30.476222,50.418439],[30.475199,50.418889],[30.47448,50.419203],[30.474314,50.419276],[30.473519,50.419625],[30.472586,50.420036],[30.471564,50.420483],[30.470972,50.42073],[30.470363,50.420995],[30.469743,50.421257],[30.467857,50.422079],[30.46775,50.422129],[30.467251,50.422345],[30.466381,50.422734],[30.465094,50.423296],[30.464495,50.423572],[30.463545,50.423993],[30.463202,50.424147]]},"properties":{"name":"проспект Валерія Лобановського"}},{"type":"Feature","geometry":{"type":"LineString","coordinates":[[30.460152,50.425532],[30.460316,50.425447],[30.460402,50.425403],[30.460878,50.425202],[30.461312,50.42502],[30.461742,50.424839],[30.462364,50.424578],[30.46272,50.424415],[30.462816,50.424371],[30.463202,50.424147],[30.460839,50.425122]]},"properties":{"name":"проспект Валерія Лобановського"}},{"type":"Feature","geometry":{"type":"LineString","coordinates":[[30.498075,50.40636],[30.500109,50.406996],[30.500309,50.407105],[30.500601,50.407329],[30.500807,50.407552],[30.50089,50.407658],[30.500923,50.407743]]},"properties":{"name":"Мистецька вулиця"}},{"type":"Feature","geometry":{"type":"LineString","coordinates":[[30.517726,50.40701],[30.518028,50.407029],[30.518317,50.407044],[30.51857,50.407046],[30.518882,50.407037],[30.519165,50.407019],[30.519608,50.406957],[30.520001,50.406875],[30.520273,50.406792],[30.520523,50.406696],[30.520605,50.406664]]},"properties":{"name":"Деміївська площа"}},{"type":"Feature","geometry":{"type":"LineString","coordinates":[[30.520969,50.406617],[30.520545,50.406815],[30.520339,50.406894],[30.52012,50.406971],[30.519401,50.407155],[30.519021,50.40724],[30.518814,50.40728],[30.518625,50.407304],[30.518359,50.407324],[30.518032,50.407338]]},"properties":{"name":"Деміївська площа"}},{"type":"Feature","geometry":{"type":"LineString","coordinates":[[30.523877,50.404335],[30.524083,50.404258],[30.524273,50.404203],[30.52443,50.404175],[30.524529,50.404165],[30.524723,50.404145],[30.52505,50.40414],[30.525349,50.404146],[30.525608,50.404169],[30.526009,50.404229],[30.526431,50.404318],[30.527216,50.404482],[30.52756,50.404548],[30.52799,50.404619],[30.528347,50.404658],[30.528605,50.404682],[30.528954,50.404701],[30.529305,50.404714],[30.529476,50.404714],[30.52976,50.404712],[30.529959,50.404707],[30.530176,50.404689],[30.530561,50.404649],[30.531075,50.404575],[30.531502,50.404515],[30.531888,50.404451],[30.532378,50.404358],[30.532894,50.404249],[30.53359,50.404057],[30.535255,50.40353],[30.536157,50.403267],[30.536626,50.403139],[30.537095,50.40302],[30.53757,50.402898],[30.538017,50.402793],[30.538371,50.402714],[30.539017,50.402598],[30.539745,50.402486],[30.540391,50.402395],[30.540911,50.402336],[30.54148,50.402284],[30.542236,50.402231],[30.543224,50.402172],[30.543942,50.402114],[30.544815,50.40203],[30.545606,50.401936],[30.547181,50.401733],[30.547845,50.40165],[30.549016,50.40149],[30.551586,50.401164],[30.552406,50.401083],[30.553927,50.40091],[30.55456,50.400851],[30.554656,50.400843]]},"properties":{"name":"Саперно-Слобідська вулиця"}},{"type":"Feature","geometry":{"type":"LineString","coordinates":[[30.55467,50.400973],[30.554555,50.400979],[30.554472,50.400987],[30.553798,50.401048],[30.552469,50.401205],[30.551308,50.401368],[30.549335,50.401632],[30.547732,50.401842],[30.546588,50.401971],[30.546164,50.402019],[30.54514,50.402132],[30.544647,50.40219],[30.544072,50.402249],[30.543181,50.402313],[30.542437,50.402357],[30.54169,50.402409],[30.541195,50.40245],[30.540693,50.402505],[30.540081,50.402585],[30.539494,50.402668],[30.538882,50.402766],[30.538383,50.402861],[30.537785,50.402996],[30.536793,50.403247],[30.535708,50.403557],[30.534532,50.403925],[30.532889,50.404405],[30.532581,50.404495],[30.531861,50.404701],[30.531563,50.404761],[30.531249,50.404813],[30.530739,50.404855],[30.530324,50.404867],[30.529877,50.404859],[30.529474,50.404844],[30.528925,50.40482],[30.528625,50.404799],[30.5285,50.40479],[30.528275,50.404774],[30.52763,50.404703],[30.526844,50.40455],[30.526036,50.40439],[30.525738,50.404331],[30.525467,50.404299],[30.52517,50.40428],[30.524812,50.404274],[30.52458,50.404282]]},"properties":{"name":"Саперно-Слобідська вулиця"}},{"type":"Feature","geometry":{"type":"LineString","coordinates":[[30.52458,50.404282],[30.52443,50.404175],[30.524316,50.40406],[30.524231,50.40398],[30.524161,50.403919],[30.524045,50.403831],[30.52367,50.403629],[30.523402,50.403502],[30.522989,50.403287],[30.522868,50.403213],[30.522686,50.4031],[30.522616,50.403052],[30.522334,50.402825],[30.522047,50.402584],[30.521892,50.402444],[30.521744,50.402312],[30.521527,50.402107],[30.521455,50.402044],[30.52138,50.401982],[30.521326,50.401931],[30.520678,50.401317],[30.520544,50.40121],[30.5204,50.401093],[30.519754,50.400575],[30.519335,50.40023],[30.518954,50.399926],[30.518793,50.399787],[30.518702,50.399745],[30.518571,50.399704],[30.51821,50.399602],[30.51808,50.399565],[30.517831,50.399492],[30.517664,50.399445],[30.517398,50.399355],[30.516588,50.399141],[30.515773,50.39891],[30.5156,50.39886],[30.515512,50.39884],[30.514483,50.398577],[30.514158,50.398495],[30.513964,50.398445],[30.513264,50.398267],[30.512796,50.398147],[30.512671,50.398113],[30.512501,50.398068],[30.512238,50.397981],[30.511939,50.397868],[30.511717,50.39777],[30.511026,50.397449],[30.510732,50.397312],[30.510677,50.39729],[30.510653,50.397281],[30.510592,50.39727],[30.510507,50.397264],[30.510423,50.397269],[30.51033,50.397284],[30.510202,50.39732],[30.510015,50.397373]]},"properties":{"name":"Голосіївська вулиця"}},{"type":"Feature","geometry":{"type":"LineString","coordinates":[[30.524636,50.403887],[30.524768,50.403921],[30.525765,50.404142],[30.526009,50.404229]]},"properties":{"name":"Голосіївська вулиця"}},{"type":"Feature","geometry":{"type":"LineString","coordinates":[[30.554656,50.400843],[30.554754,50.400837],[30.555001,50.400822],[30.555535,50.400798],[30.55641,50.400771],[30.55694,50.400753],[30.557291,50.400745],[30.557398,50.400743],[30.557989,50.400721],[30.558858,50.400692],[30.558996,50.400686],[30.559284,50.400675],[30.559401,50.400669],[30.559669,50.400652],[30.559976,50.40063],[30.560176,50.400608],[30.560363,50.400588],[30.560601,50.40055],[30.560991,50.40049],[30.561238,50.400436],[30.5615,50.400383],[30.56167,50.400344],[30.561949,50.400272],[30.562094,50.400231],[30.562296,50.40017],[30.562579,50.400084],[30.562741,50.400033],[30.562903,50.399977],[30.563294,50.399837],[30.564229,50.399453],[30.567231,50.398306],[30.570278,50.397152],[30.573059,50.3961],[30.573333,50.39601],[30.573614,50.395924],[30.574148,50.395789],[30.574551,50.395702],[30.574957,50.395614],[30.575424,50.395544],[30.575848,50.395502],[30.576331,50.395461],[30.579566,50.395278],[30.580369,50.395227],[30.586643,50.394908],[30.588126,50.394831],[30.591192,50.394678],[30.591242,50.394676],[30.594614,50.394511],[30.595976,50.394442],[30.596399,50.394421],[30.597456,50.39437],[30.597957,50.394346]]},"properties":{"name":"Південний міст"}},{"type":"Feature","geometry":{"type":"LineString","coordinates":[[30.597977,50.394581],[30.597509,50.394602],[30.597483,50.394603],[30.596593,50.394643],[30.596294,50.394656],[30.596018,50.394669],[30.594411,50.394744],[30.594325,50.394749],[30.592954,50.394824],[30.591511,50.3949],[30.59051,50.394952],[30.589556,50.395002],[30.587096,50.395127],[30.58038,50.395452],[30.576273,50.395682],[30.575877,50.395713],[30.575502,50.395752],[30.575025,50.395819],[30.574618,50.395883],[30.574218,50.39597],[30.573707,50.396097],[30.573464,50.396162],[30.573183,50.396252],[30.568317,50.398104],[30.564532,50.399544],[30.563969,50.399741],[30.56335,50.399975],[30.562998,50.400103],[30.562834,50.400162],[30.562665,50.40022],[30.562446,50.400288],[30.56218,50.400369],[30.562024,50.400413],[30.561868,50.400456],[30.561756,50.400484],[30.561577,50.400525],[30.561327,50.400578],[30.561057,50.400632],[30.560635,50.400699],[30.560388,50.400729],[30.560242,50.400746],[30.560013,50.400772],[30.559739,50.400792],[30.559303,50.400817],[30.558921,50.400835],[30.558205,50.400863],[30.557302,50.400895],[30.55716,50.400897],[30.556924,50.400904],[30.556407,50.400912],[30.555542,50.400936],[30.555028,50.400958],[30.554768,50.400966],[30.55467,50.400973]]},"properties":{"name":"Південний міст"}},{"type":"Feature","geometry":{"type":"LineString","coordinates":[[30.646144,50.413134],[30.646225,50.41323],[30.646355,50.41336],[30.646641,50.413598],[30.646939,50.413791],[30.647098,50.41389],[30.647235,50.41397],[30.648514,50.414741],[30.649267,50.415205],[30.649598,50.415409]]},"properties":{"name":"Тростянецька вулиця"}},{"type":"Feature","geometry":{"type":"LineString","coordinates":[[30.645778,50.413486],[30.645831,50.413491],[30.645914,50.413502],[30.645988,50.413525],[30.646129,50.413583],[30.646384,50.413732],[30.64669,50.413918],[30.646786,50.413977],[30.646891,50.414039],[30.646966,50.414088],[30.647028,50.414129],[30.648834,50.415287],[30.648998,50.415397],[30.649355,50.415623]]},"properties":{"name":"Тростянецька вулиця"}},{"type":"Feature","geometry":{"type":"LineString","coordinates":[[30.656322,50.40826],[30.656254,50.408443],[30.656087,50.408653],[30.65595,50.408825],[30.655826,50.408873],[30.655667,50.408935],[30.655285,50.409077],[30.655218,50.409104],[30.654539,50.409362],[30.654238,50.409481],[30.653051,50.409995],[30.652866,50.41011],[30.652661,50.410272],[30.652552,50.410365],[30.652462,50.410443],[30.652363,50.410529],[30.652217,50.410659],[30.652043,50.410812],[30.651956,50.410899],[30.651715,50.411229],[30.651508,50.411586],[30.651255,50.412074],[30.651208,50.412164],[30.650798,50.412952],[30.650739,50.413083],[30.650504,50.413607],[30.65046,50.413694],[30.650063,50.414488],[30.649886,50.414847],[30.649807,50.415007],[30.649641,50.41533],[30.649598,50.415409],[30.64957,50.415439],[30.649481,50.415536],[30.649457,50.415552],[30.649375,50.415609],[30.649355,50.415623]]},"properties":{"name":"вулиця Архітектора Вербицького"}},{"type":"Feature","geometry":{"type":"LineString","coordinates":[[30.670189,50.409853],[30.67,50.409714],[30.669075,50.409034],[30.668466,50.408599],[30.668402,50.408552],[30.668005,50.408307],[30.667658,50.408123],[30.667347,50.407982],[30.667125,50.407902],[30.666907,50.407842],[30.666671,50.407797],[30.666422,50.407763],[30.666341,50.407756],[30.666144,50.407737],[30.665897,50.407726],[30.66565,50.407717],[30.665548,50.407718],[30.665307,50.407721],[30.663768,50.407853],[30.662896,50.407923],[30.662687,50.40794],[30.660774,50.408093],[30.660653,50.408102],[30.660197,50.408139],[30.660115,50.408145],[30.65884,50.408247],[30.658404,50.408282],[30.658234,50.408296]]},"properties":{"name":"вулиця Архітектора Вербицького"}},{"type":"Feature","geometry":{"type":"LineString","coordinates":[[30.657,50.408524],[30.657753,50.408385],[30.658234,50.408296],[30.657738,50.408183],[30.657094,50.408026]]},"properties":{"name":"вулиця Архітектора Вербицького"}},{"type":"Feature","geometry":{"type":"LineString","coordinates":[[30.656906,50.408545],[30.656255,50.408735],[30.65595,50.408825]]},"properties":{"name":"вулиця Архітектора Вербицького"}},{"type":"Feature","geometry":{"type":"LineString","coordinates":[[30.656332,50.408177],[30.656372,50.407807],[30.65639,50.407543]]},"properties":{"name":"вулиця Братства тарасівців"}},{"type":"Feature","geometry":{"type":"LineString","coordinates":[[30.654856,50.401628],[30.655027,50.401787],[30.655051,50.401812],[30.65508,50.401884],[30.655063,50.401933],[30.655049,50.401965],[30.654964,50.402182],[30.65494,50.402234],[30.654848,50.40227],[30.654713,50.402264],[30.654288,50.402213],[30.654164,50.402211],[30.654094,50.402228],[30.65403,50.402258],[30.653984,50.402315],[30.653943,50.402429],[30.653913,50.402525],[30.65377,50.402923],[30.653701,50.403153],[30.653835,50.403389],[30.653898,50.403497],[30.653976,50.40363],[30.654008,50.403686],[30.654248,50.404071],[30.654606,50.40465],[30.65476,50.404899],[30.654847,50.405038],[30.654954,50.405207],[30.65553,50.406141],[30.655577,50.406222],[30.655882,50.406711],[30.656242,50.40731],[30.656313,50.407428],[30.656382,50.407532],[30.65639,50.407543],[30.656487,50.407607],[30.656683,50.40776],[30.657011,50.407987]]},"properties":{"name":"вулиця Братства тарасівців"}},{"type":"Feature","geometry":{"type":"LineString","coordinates":[[30.62106,50.469461],[30.621251,50.469513],[30.623051,50.470009],[30.623195,50.470048],[30.623596,50.470162],[30.623733,50.470203],[30.624138,50.470319],[30.624566,50.470439],[30.624874,50.470526],[30.62642,50.470956],[30.626548,50.470991],[30.626944,50.471099],[30.628681,50.47158],[30.629795,50.47189],[30.629932,50.471936],[30.630112,50.472045],[30.630358,50.472223]]},"properties":{"name":"вулиця Шолом-Алейхема"}},{"type":"Feature","geometry":{"type":"LineString","coordinates":[[30.630689,50.471776],[30.630415,50.471806],[30.630243,50.471805],[30.630034,50.471776],[30.629871,50.471733],[30.629306,50.471571],[30.628151,50.471251],[30.626354,50.470762],[30.62582,50.47061],[30.624657,50.470287],[30.624217,50.470165],[30.623838,50.470053],[30.62371,50.470016],[30.623295,50.469909],[30.623152,50.469869],[30.621379,50.469356],[30.621298,50.469331],[30.621277,50.469297],[30.62127,50.469288],[30.621259,50.469269],[30.621228,50.469221]]},"properties":{"name":"вулиця Шолом-Алейхема"}},{"type":"Feature","geometry":{"type":"LineString","coordinates":[[30.639122,50.474276],[30.639586,50.474404],[30.639724,50.474442]]},"properties":{"name":"вулиця Шолом-Алейхема"}},{"type":"Feature","geometry":{"type":"LineString","coordinates":[[30.61241,50.472485],[30.61225,50.472655],[30.610995,50.474284],[30.610296,50.475203],[30.609038,50.476856],[30.607079,50.479469],[30.606601,50.480067],[30.606506,50.480185],[30.606466,50.480236],[30.606437,50.480273],[30.60614,50.480647],[30.605689,50.481265],[30.605445,50.481579],[30.60532,50.481744],[30.604486,50.482841]]},"properties":{"name":"вулиця Остафія Дашкевича"}},{"type":"Feature","geometry":{"type":"LineString","coordinates":[[30.604378,50.482983],[30.604337,50.483036],[30.60416,50.483323],[30.60391,50.484011],[30.603693,50.484607],[30.603571,50.484941],[30.603563,50.484972],[30.603542,50.485044],[30.603523,50.485104],[30.603466,50.485274],[30.603054,50.486518],[30.603036,50.486575],[30.603007,50.486661],[30.602513,50.488036],[30.602502,50.488067],[30.602482,50.48812],[30.602462,50.488174],[30.602448,50.488212],[30.602098,50.489184],[30.601525,50.490772],[30.601393,50.491152],[30.601367,50.491239],[30.60135,50.491289],[30.601343,50.491311]]},"properties":{"name":"вулиця Остафія Дашкевича"}},{"type":"Feature","geometry":{"type":"LineString","coordinates":[[30.612256,50.472399],[30.612108,50.472554],[30.612028,50.472658],[30.611774,50.472991],[30.610818,50.474246],[30.610122,50.475155],[30.608854,50.476813],[30.608831,50.476844],[30.607491,50.478617],[30.606886,50.479418],[30.60633,50.480137],[30.6063,50.480173],[30.606257,50.480229],[30.605507,50.481224],[30.604938,50.481975],[30.604617,50.482399],[30.604299,50.482819],[30.604166,50.482995],[30.603949,50.483298],[30.603723,50.483939],[30.60338,50.484916],[30.603361,50.484979],[30.603348,50.485021],[30.603338,50.485052],[30.603325,50.485093],[30.603276,50.485247],[30.603084,50.485848],[30.603028,50.486047],[30.602879,50.486494],[30.602862,50.486545],[30.602831,50.486637],[30.60236,50.488014],[30.602331,50.488098],[30.602311,50.488154],[30.602298,50.488189],[30.602123,50.488673],[30.602065,50.488828],[30.601701,50.489801],[30.601194,50.49117],[30.601187,50.491187],[30.601168,50.491238],[30.601159,50.491262]]},"properties":{"name":"вулиця Остафія Дашкевича"}},{"type":"Feature","geometry":{"type":"LineString","coordinates":[[30.606466,50.480236],[30.606408,50.480214],[30.606373,50.480201],[30.6063,50.480173]]},"properties":{"name":"вулиця Чорних Запорожців"}},{"type":"Feature","geometry":{"type":"LineString","coordinates":[[30.595153,50.478584],[30.595112,50.478578],[30.59504,50.478568]]},"properties":{"name":"вулиця Чорних Запорожців"}},{"type":"Feature","geometry":{"type":"LineString","coordinates":[[30.602862,50.486545],[30.602738,50.486526],[30.602716,50.486522],[30.602207,50.486454],[30.602154,50.486447],[30.602112,50.486441],[30.600954,50.48628],[30.600545,50.486223],[30.599584,50.486091],[30.599366,50.486062],[30.599215,50.486041],[30.598698,50.485968],[30.598216,50.485903],[30.597766,50.485842],[30.597689,50.485832],[30.597634,50.485824],[30.597603,50.48582],[30.596454,50.485665],[30.596069,50.485613],[30.59548,50.485529],[30.595113,50.485476],[30.59449,50.485387],[30.594044,50.485324],[30.593988,50.485316],[30.593254,50.485211],[30.593195,50.485202],[30.59304,50.485198],[30.592889,50.485216],[30.592848,50.485215],[30.592758,50.485213],[30.592679,50.485211],[30.592649,50.485207],[30.592115,50.485128],[30.591897,50.485096],[30.590415,50.484876],[30.589642,50.484761],[30.589514,50.484723],[30.589464,50.484704],[30.589421,50.484683],[30.589372,50.484665],[30.589321,50.484652],[30.589288,50.484646],[30.588477,50.484532],[30.588053,50.484471],[30.587701,50.484421],[30.58718,50.484346],[30.586664,50.484273],[30.585654,50.484128],[30.585551,50.484113],[30.585347,50.484084]]},"properties":{"name":"вулиця Івана Микитенка"}},{"type":"Feature","geometry":{"type":"LineString","coordinates":[[30.608767,50.487402],[30.608647,50.487383],[30.608329,50.487332],[30.607836,50.48726],[30.606863,50.487118],[30.606444,50.48706],[30.60642,50.487056],[30.606269,50.487034],[30.606135,50.487015],[30.605665,50.486948],[30.60525,50.486888],[30.604998,50.486852],[30.604724,50.486813],[30.604298,50.486753],[30.603549,50.486648],[30.603141,50.48659],[30.603064,50.486579],[30.603036,50.486575]]},"properties":{"name":"вулиця Івана Микитенка"}},{"type":"Feature","geometry":{"type":"LineString","coordinates":[[30.589534,50.495203],[30.589572,50.495059],[30.589719,50.494511],[30.5899,50.49399],[30.590047,50.493567],[30.590108,50.49339],[30.590148,50.493275],[30.590291,50.492805],[30.590456,50.492305],[30.590485,50.492219],[30.590555,50.492008],[30.590657,50.491699],[30.590711,50.491534],[30.590816,50.49122],[30.590896,50.490978],[30.591016,50.490685],[30.591066,50.490519],[30.591075,50.49049],[30.591096,50.490429],[30.591118,50.490364],[30.591226,50.490053],[30.591491,50.489287],[30.59187,50.488192],[30.592172,50.487301],[30.592387,50.486666],[30.592821,50.485363],[30.592879,50.485238],[30.592889,50.485216],[30.593434,50.483591],[30.593458,50.483521],[30.593533,50.483288],[30.593966,50.482065],[30.59429,50.481149],[30.594558,50.48041],[30.594776,50.479754],[30.594943,50.479234],[30.595119,50.478688],[30.595146,50.478605],[30.595153,50.478584],[30.595157,50.478567],[30.595161,50.478552],[30.595204,50.47843],[30.595268,50.478244],[30.596502,50.474692],[30.596646,50.474244],[30.597007,50.473215],[30.59703,50.473145],[30.59704,50.473116],[30.597109,50.472914],[30.597714,50.470924],[30.598946,50.467326],[30.599481,50.465727]]},"properties":{"name":"Воскресенський проспект"}},{"type":"Feature","geometry":{"type":"LineString","coordinates":[[30.599669,50.465719],[30.599332,50.46672],[30.599215,50.467058],[30.599011,50.467651],[30.598596,50.468819],[30.598564,50.46891],[30.598262,50.469747],[30.598023,50.470411],[30.597856,50.470896],[30.597332,50.472826],[30.597323,50.47286],[30.597237,50.473088],[30.597229,50.473112],[30.597206,50.473179],[30.59706,50.473601],[30.596534,50.475122],[30.596386,50.475557],[30.59632,50.475741],[30.595884,50.477003],[30.595338,50.478583],[30.595334,50.478595],[30.595328,50.478611],[30.595322,50.478628],[30.595293,50.478708],[30.595128,50.479203],[30.594614,50.480676],[30.594407,50.481273],[30.594356,50.481413],[30.593622,50.483545],[30.593598,50.483613],[30.593394,50.484168],[30.59304,50.485198],[30.593029,50.485233],[30.592981,50.48538],[30.592805,50.485888],[30.592335,50.487247],[30.59222,50.487591],[30.591988,50.48828],[30.591506,50.489675],[30.591377,50.490049],[30.591286,50.490342],[30.591272,50.490394],[30.591255,50.490456],[30.59125,50.490479],[30.591205,50.490671],[30.590419,50.492964],[30.590389,50.493052],[30.590007,50.494086],[30.589888,50.49453],[30.589758,50.494996],[30.58974,50.49506],[30.589706,50.495203]]},"properties":{"name":"Воскресенський проспект"}},{"type":"Feature","geometry":{"type":"LineString","coordinates":[[30.58595,50.482586],[30.586116,50.482608],[30.586223,50.482623],[30.587216,50.482755],[30.588438,50.48292],[30.588624,50.482945],[30.589023,50.482999],[30.589404,50.48305],[30.589859,50.483113],[30.589941,50.483124],[30.59009,50.483143],[30.59048,50.483195],[30.590871,50.483247],[30.591044,50.483271],[30.591677,50.483355],[30.593213,50.483561],[30.593405,50.483587],[30.593434,50.483591],[30.593598,50.483613],[30.593642,50.483619],[30.593682,50.483625]]},"properties":{"name":"вулиця Ігоря Юхновського"}},{"type":"Feature","geometry":{"type":"LineString","coordinates":[[30.603542,50.485044],[30.603463,50.485016],[30.603448,50.48501],[30.603423,50.485001],[30.603408,50.484996],[30.603361,50.484979]]},"properties":{"name":"вулиця Ігоря Юхновського"}},{"type":"Feature","geometry":{"type":"LineString","coordinates":[[30.612019,50.486839],[30.611952,50.486797],[30.611867,50.486748],[30.611708,50.486657],[30.611661,50.48663],[30.611314,50.486414],[30.610989,50.486233],[30.61074,50.486092],[30.610638,50.48606],[30.610393,50.486021],[30.60952,50.485883],[30.608839,50.485789],[30.608709,50.48577],[30.608469,50.485735],[30.607637,50.485613],[30.607059,50.48553],[30.606826,50.485496],[30.606589,50.485464],[30.60556,50.485323],[30.604923,50.485235],[30.604232,50.48514],[30.603954,50.485101],[30.603646,50.485059]]},"properties":{"name":"вулиця Ігоря Юхновського"}},{"type":"Feature","geometry":{"type":"LineString","coordinates":[[30.61241,50.472485],[30.61235,50.472452],[30.612317,50.472433],[30.612256,50.472399],[30.61211,50.472317]]},"properties":{"name":"проспект Алішера Навої"}},{"type":"Feature","geometry":{"type":"LineString","coordinates":[[30.589967,50.47503],[30.590194,50.474863],[30.590546,50.47472],[30.591655,50.474443],[30.591697,50.474433],[30.592247,50.474302],[30.592296,50.47429],[30.592368,50.474273],[30.592911,50.474144],[30.593324,50.474045],[30.59348,50.474004],[30.594185,50.473819],[30.594238,50.473803],[30.59545,50.473454]]},"properties":{"name":"проспект Алішера Навої"}},{"type":"Feature","geometry":{"type":"LineString","coordinates":[[30.603841,50.471786],[30.60463,50.471795],[30.604804,50.471797],[30.605303,50.471804],[30.605467,50.471806],[30.606282,50.471817],[30.607591,50.471843],[30.611464,50.471919],[30.611429,50.47187],[30.611373,50.471745],[30.610131,50.471722],[30.607614,50.47168],[30.607596,50.47168],[30.605884,50.471661],[30.604647,50.471647],[30.603849,50.471638],[30.602961,50.471629],[30.602141,50.471656],[30.601858,50.471713],[30.600915,50.471902],[30.600306,50.472044],[30.600072,50.472109],[30.599558,50.472253],[30.597514,50.472814],[30.597372,50.472848],[30.597347,50.472854],[30.597323,50.47286],[30.597109,50.472914],[30.597067,50.472926],[30.596949,50.47296],[30.596813,50.473],[30.595961,50.473271],[30.595777,50.473345],[30.59545,50.473454],[30.596001,50.47335],[30.596808,50.473151],[30.596912,50.473136],[30.597,50.473122],[30.59704,50.473116],[30.597237,50.473088],[30.597268,50.473081],[30.597291,50.473076],[30.597429,50.473046],[30.598721,50.472677],[30.59965,50.472399],[30.600171,50.472248],[30.60064,50.472134],[30.601032,50.472035],[30.601911,50.47188],[30.60213,50.471842],[30.602948,50.471795],[30.603841,50.471786]]},"properties":{"name":"проспект Алішера Навої"}},{"type":"Feature","geometry":{"type":"LineString","coordinates":[[30.395912,50.471941],[30.396,50.47194],[30.396506,50.471941],[30.397636,50.471941],[30.398082,50.471941],[30.398386,50.47194],[30.398631,50.47194],[30.399974,50.471939],[30.400192,50.471939],[30.402605,50.471938],[30.403197,50.471938],[30.403306,50.471938],[30.403457,50.471937],[30.403894,50.471937],[30.403948,50.471937],[30.404103,50.471937],[30.404289,50.471937]]},"properties":{"name":"Салютна вулиця"}},{"type":"Feature","geometry":{"type":"LineString","coordinates":[[30.414485,50.471943],[30.414753,50.471944]]},"properties":{"name":"Салютна вулиця"}},{"type":"Feature","geometry":{"type":"LineString","coordinates":[[30.396072,50.458073],[30.396072,50.458228],[30.39607,50.458579],[30.39607,50.458699],[30.396068,50.459173],[30.396067,50.459432],[30.396067,50.459519],[30.396064,50.460166],[30.396059,50.461452],[30.396058,50.461777],[30.396055,50.462579],[30.396053,50.463106],[30.396051,50.463609],[30.396049,50.464045],[30.396048,50.464437],[30.396048,50.464497],[30.396005,50.46681],[30.396001,50.467065],[30.395996,50.467322],[30.395995,50.467375],[30.395986,50.46786],[30.395953,50.469708],[30.395944,50.470197],[30.395926,50.471143],[30.395916,50.471727],[30.395914,50.47181],[30.395912,50.471941],[30.39589,50.473671],[30.39588,50.474387],[30.395877,50.47465],[30.395874,50.47486],[30.395874,50.474889],[30.395869,50.475256],[30.395867,50.475449],[30.395865,50.475612],[30.395855,50.476358],[30.395849,50.476816],[30.395845,50.477164],[30.395839,50.477595],[30.39583,50.478341],[30.395829,50.478421],[30.395827,50.478577],[30.395821,50.478996],[30.395811,50.479803],[30.39581,50.479859],[30.395809,50.479951],[30.395796,50.480992],[30.395792,50.481321],[30.395791,50.481391],[30.39579,50.481453],[30.395788,50.481533],[30.395783,50.481813],[30.395771,50.482449],[30.395763,50.482911],[30.395761,50.483005],[30.395757,50.483221],[30.39575,50.483602],[30.395748,50.483705],[30.395739,50.484184],[30.395737,50.484281],[30.395728,50.484777],[30.395721,50.485154],[30.395717,50.485368],[30.395716,50.485414],[30.395709,50.485804],[30.395653,50.485906],[30.395543,50.486105],[30.395435,50.4863]]},"properties":{"name":"вулиця Мрії"}},{"type":"Feature","geometry":{"type":"LineString","coordinates":[[30.395709,50.485804],[30.395736,50.485907],[30.395762,50.485989],[30.39582,50.486074],[30.395949,50.486184]]},"properties":{"name":"вулиця Мрії"}},{"type":"Feature","geometry":{"type":"LineString","coordinates":[[30.356984,50.455376],[30.357033,50.455035],[30.357054,50.454881],[30.357243,50.453361],[30.35733,50.452703],[30.357381,50.452306],[30.357449,50.451798],[30.357479,50.451403],[30.357495,50.450978],[30.35752,50.450575],[30.35755,50.449372],[30.357558,50.449171],[30.357623,50.448321],[30.357654,50.447975],[30.357666,50.447861],[30.357712,50.447482],[30.357718,50.447446],[30.35781,50.446902],[30.3579,50.446364],[30.358103,50.445234]]},"properties":{"name":"Кільцева дорога"}},{"type":"Feature","geometry":{"type":"LineString","coordinates":[[30.366554,50.424854],[30.367166,50.424042],[30.367355,50.423797],[30.368152,50.422762]]},"properties":{"name":"Кільцева дорога"}},{"type":"Feature","geometry":{"type":"LineString","coordinates":[[30.416808,50.398424],[30.418574,50.39779],[30.419567,50.397447],[30.419755,50.397376],[30.420427,50.397111],[30.421446,50.396683],[30.422081,50.396395],[30.422377,50.396283],[30.422944,50.39608],[30.423342,50.395914],[30.423883,50.395625],[30.424444,50.395298],[30.425185,50.394845],[30.425789,50.394447],[30.426074,50.394257],[30.426677,50.393817],[30.427353,50.393299],[30.428086,50.39273],[30.4283,50.392537],[30.428517,50.392293],[30.428883,50.391849]]},"properties":{"name":"Кільцева дорога"}},{"type":"Feature","geometry":{"type":"LineString","coordinates":[[30.442829,50.381424],[30.444084,50.380497],[30.444476,50.380192],[30.44489,50.379867],[30.445049,50.37975],[30.445373,50.379508],[30.445724,50.379247],[30.445813,50.379182],[30.446936,50.378357],[30.44783,50.377708],[30.449175,50.376732],[30.450301,50.375892],[30.451032,50.375354],[30.451668,50.374876],[30.45192,50.374696],[30.452081,50.374577],[30.452138,50.374535],[30.452554,50.37423],[30.452732,50.374101],[30.452925,50.373966],[30.45331,50.373702],[30.453855,50.373335],[30.454196,50.373106],[30.45508,50.372588]]},"properties":{"name":"Кільцева дорога"}},{"type":"Feature","geometry":{"type":"LineString","coordinates":[[30.357195,50.455392],[30.35735,50.45435],[30.357519,50.453216],[30.35761,50.452555],[30.357651,50.452175],[30.357664,50.45208],[30.357697,50.451774],[30.357767,50.451144],[30.357822,50.450667],[30.357872,50.450188],[30.357896,50.449948],[30.357984,50.449296],[30.358143,50.448224],[30.358256,50.447488],[30.358384,50.446702],[30.358575,50.445631],[30.358766,50.444604],[30.358797,50.444449],[30.358857,50.444155],[30.358934,50.443733],[30.359,50.443315],[30.359061,50.442867],[30.359106,50.44255],[30.359181,50.442095],[30.359281,50.441408],[30.359355,50.440805],[30.3594,50.440378],[30.359535,50.439422],[30.359824,50.437674],[30.359913,50.437132],[30.359939,50.436944],[30.360065,50.436079],[30.36012,50.435767],[30.360247,50.435064],[30.360363,50.434546],[30.360543,50.434003],[30.360752,50.433483],[30.360921,50.433145],[30.361091,50.43282],[30.361348,50.43239],[30.361727,50.431821],[30.362494,50.430874],[30.36252,50.430839],[30.363034,50.430194],[30.363584,50.429462],[30.364505,50.428195],[30.364987,50.427555],[30.365315,50.427113],[30.365443,50.426923],[30.365463,50.426893],[30.366225,50.425807],[30.366863,50.424937],[30.367462,50.424131],[30.367707,50.423789],[30.367822,50.423634],[30.367858,50.423586],[30.368356,50.422983],[30.368728,50.422553],[30.368901,50.42237],[30.369111,50.422173],[30.369253,50.422035],[30.369527,50.421762],[30.369675,50.421623],[30.370199,50.421184],[30.370626,50.420863],[30.371669,50.420175],[30.372538,50.419634],[30.373521,50.419043],[30.374271,50.418578],[30.375823,50.417609],[30.378144,50.416134],[30.37849,50.415929],[30.379383,50.415386],[30.380111,50.414922],[30.381056,50.41433],[30.381188,50.41424],[30.381891,50.413806],[30.382856,50.413209],[30.38299,50.413117],[30.383739,50.412646],[30.384687,50.412029],[30.384848,50.411926],[30.386704,50.410745],[30.387936,50.409959],[30.388667,50.409508],[30.388991,50.409314],[30.389737,50.408848],[30.390788,50.408196],[30.391518,50.407738],[30.392327,50.407235],[30.393033,50.406815],[30.393325,50.406659],[30.393964,50.406347],[30.394415,50.406146],[30.394892,50.405957],[30.395416,50.405763],[30.395999,50.405558],[30.397166,50.405163],[30.402309,50.403418],[30.40294,50.403221],[30.403571,50.403015],[30.403849,50.402927],[30.404071,50.402854],[30.404194,50.402813],[30.404628,50.40267],[30.404805,50.402612],[30.404883,50.402586],[30.405292,50.402452],[30.405832,50.402269],[30.406166,50.402155],[30.406607,50.402009],[30.407774,50.401624],[30.408182,50.401484],[30.409554,50.401034],[30.411737,50.400319],[30.414173,50.399501],[30.41711,50.398523],[30.418877,50.397893],[30.420003,50.397471],[30.420668,50.397207],[30.421132,50.397017],[30.422487,50.396422],[30.423373,50.396013],[30.423426,50.395991],[30.424051,50.395656],[30.424675,50.395308],[30.425471,50.394825],[30.425943,50.394508],[30.426201,50.394335],[30.426711,50.39396],[30.427369,50.39348],[30.428099,50.392876],[30.428332,50.392707],[30.429433,50.391829],[30.430037,50.391379],[30.430477,50.391068],[30.431049,50.390677],[30.431387,50.390436],[30.431512,50.390347],[30.431825,50.390123],[30.432218,50.389833],[30.43304,50.389222],[30.437069,50.386236],[30.437708,50.385765],[30.438134,50.385451],[30.438566,50.385127],[30.439502,50.384426],[30.439784,50.384222],[30.440543,50.383672],[30.440655,50.38359],[30.441004,50.383334],[30.441106,50.383263],[30.442154,50.3825],[30.442937,50.381925],[30.444197,50.380987],[30.445405,50.380101],[30.445485,50.38004],[30.445851,50.379768],[30.446345,50.379391],[30.448073,50.378128],[30.448544,50.377783],[30.452103,50.375156],[30.452525,50.374855],[30.452583,50.374812],[30.453554,50.374096],[30.45389,50.37385],[30.454228,50.373562],[30.454459,50.373349],[30.455238,50.37268]]},"properties":{"name":"Кільцева дорога"}},{"type":"Feature","geometry":{"type":"LineString","coordinates":[[30.358103,50.445234],[30.358147,50.44491],[30.358183,50.444752],[30.358233,50.444398],[30.358315,50.44389],[30.358374,50.443527],[30.358482,50.442876],[30.358551,50.442501],[30.358625,50.442064],[30.358722,50.441406],[30.358785,50.440985],[30.358889,50.440317],[30.358983,50.439709],[30.359034,50.439392],[30.359117,50.438785],[30.359233,50.43803],[30.359306,50.437621],[30.359355,50.437304],[30.359596,50.435773]]},"properties":{"name":"Петропавлівська вулиця"}},{"type":"Feature","geometry":{"type":"LineString","coordinates":[[30.359596,50.435773],[30.359683,50.4353],[30.359796,50.434726],[30.359878,50.434362],[30.359965,50.434027],[30.360008,50.433892],[30.360164,50.433399],[30.360249,50.43321],[30.360362,50.432993],[30.360595,50.432623],[30.360886,50.432214],[30.361453,50.431444],[30.361885,50.430873],[30.362093,50.4306],[30.36252,50.430035],[30.362996,50.429395],[30.363575,50.428635],[30.364013,50.428067],[30.36438,50.427589],[30.365074,50.426733],[30.365484,50.426237],[30.36591,50.425703],[30.366377,50.425077],[30.36648,50.424947],[30.366554,50.424854]]},"properties":{"name":"Велика Кільцева вулиця"}},{"type":"Feature","geometry":{"type":"LineString","coordinates":[[30.368152,50.422762],[30.36856,50.422288],[30.368878,50.421938],[30.369216,50.421588],[30.369609,50.421224],[30.370014,50.420877],[30.370319,50.420626],[30.370627,50.420404],[30.371266,50.419971],[30.37189,50.419569],[30.373022,50.41887],[30.373852,50.41838],[30.373953,50.418322],[30.375011,50.41767],[30.376024,50.417043],[30.376649,50.416642],[30.37794,50.415832],[30.378943,50.415187],[30.379695,50.414696],[30.380112,50.41443],[30.380719,50.414038],[30.380991,50.413867],[30.38127,50.413683],[30.38166,50.413445],[30.382541,50.412934],[30.382782,50.412785],[30.383311,50.412446],[30.38442,50.4117],[30.384623,50.411574],[30.385137,50.411232],[30.385426,50.41106],[30.385913,50.410751],[30.38633,50.410499],[30.38665,50.410301],[30.387865,50.409548],[30.387916,50.409516],[30.388108,50.4094],[30.388355,50.409241],[30.388895,50.408911],[30.389076,50.408791],[30.389351,50.408614],[30.389761,50.408355],[30.390334,50.40797],[30.39109,50.407506],[30.392242,50.406815],[30.392684,50.406578],[30.393154,50.406333],[30.393629,50.406109],[30.394007,50.405943],[30.394556,50.405704],[30.395197,50.40547],[30.396864,50.404904],[30.397914,50.404555],[30.399259,50.404101],[30.401659,50.403279],[30.403558,50.402631],[30.404695,50.402236],[30.404763,50.402212],[30.405052,50.402115],[30.40581,50.401866],[30.406778,50.401585],[30.407315,50.401435],[30.408277,50.401201],[30.408685,50.401087],[30.410768,50.400434],[30.411036,50.400347],[30.411795,50.400094],[30.412771,50.39976],[30.413842,50.399408],[30.416808,50.398424]]},"properties":{"name":"Велика Кільцева вулиця"}},{"type":"Feature","geometry":{"type":"LineString","coordinates":[[30.428883,50.391849],[30.428984,50.391739],[30.42907,50.391649],[30.429229,50.391495],[30.429381,50.391362],[30.429539,50.391235],[30.429614,50.391179],[30.429684,50.391127],[30.429762,50.391061],[30.430286,50.390688],[30.430778,50.390325],[30.431075,50.390107],[30.431309,50.389934],[30.431342,50.38991],[30.431348,50.389905],[30.431777,50.389589],[30.433667,50.388149],[30.434535,50.387511],[30.434809,50.387311],[30.43725,50.385515],[30.437749,50.385142],[30.438213,50.384811],[30.438935,50.384284],[30.439793,50.383661],[30.440987,50.382782],[30.441176,50.38264],[30.442366,50.38177],[30.442829,50.381424]]},"properties":{"name":"Велика Кільцева вулиця"}},{"type":"Feature","geometry":{"type":"LineString","coordinates":[[30.37865,50.42224],[30.378434,50.4221],[30.377119,50.421248],[30.376509,50.420856],[30.376343,50.420745],[30.376157,50.420623],[30.374826,50.41976],[30.374197,50.419349],[30.37407,50.419273]]},"properties":{"name":"вулиця Литвиненко-Вольгемут"}},{"type":"Feature","geometry":{"type":"LineString","coordinates":[[30.490655,50.440425],[30.49065,50.440439],[30.490649,50.440459],[30.490652,50.440473],[30.490667,50.440502],[30.49071,50.440558],[30.490801,50.440632]]},"properties":{"name":"Вокзальна вулиця"}},{"type":"Feature","geometry":{"type":"LineString","coordinates":[[30.493394,50.438316],[30.493502,50.438243]]},"properties":{"name":"Вокзальна вулиця"}},{"type":"Feature","geometry":{"type":"LineString","coordinates":[[30.520463,50.442581],[30.520273,50.442526],[30.520183,50.442504],[30.520123,50.442495],[30.520049,50.442492],[30.518938,50.442672],[30.518127,50.442803],[30.517462,50.442907],[30.517353,50.442925],[30.517251,50.442941],[30.517105,50.442965],[30.516108,50.44312],[30.515607,50.443198],[30.51526,50.443252],[30.515111,50.443276],[30.515,50.443294],[30.514819,50.443322],[30.513751,50.443497],[30.513217,50.443584],[30.512743,50.443661],[30.512657,50.443675],[30.512476,50.443708],[30.512227,50.443749],[30.511465,50.443869],[30.510915,50.443958],[30.509552,50.44418],[30.509331,50.444216],[30.509283,50.444224],[30.508048,50.444425],[30.507625,50.444494],[30.507532,50.444508],[30.50637,50.444696],[30.506338,50.444701],[30.5061,50.44474],[30.505156,50.44489],[30.504501,50.444995],[30.504393,50.445013],[30.503873,50.445096],[30.502953,50.445252],[30.501103,50.445554],[30.500942,50.44558],[30.499499,50.445816],[30.499192,50.445869],[30.498429,50.445991],[30.498005,50.446061],[30.497689,50.446113],[30.496257,50.446346],[30.495735,50.446431],[30.495112,50.446532],[30.494352,50.446677]]},"properties":{"name":"бульвар Тараса Шевченка"}},{"type":"Feature","geometry":{"type":"LineString","coordinates":[[30.494458,50.446372],[30.495021,50.446288],[30.496365,50.446077],[30.497258,50.445936],[30.497601,50.445883],[30.497646,50.445876],[30.497908,50.445835],[30.498224,50.445785],[30.498552,50.445733],[30.498922,50.445675],[30.500793,50.445373],[30.506291,50.444494],[30.506586,50.444447],[30.509198,50.444015],[30.509463,50.44397],[30.510088,50.443867],[30.512085,50.443537],[30.512138,50.443529],[30.512389,50.443488],[30.512566,50.443457],[30.513629,50.443275],[30.514021,50.443208],[30.514602,50.443109],[30.514722,50.443089],[30.514936,50.443055],[30.515015,50.44304],[30.516904,50.442735],[30.517005,50.442718],[30.517155,50.442695],[30.517259,50.442678],[30.519875,50.442266],[30.520135,50.442222],[30.520286,50.4422]]},"properties":{"name":"бульвар Тараса Шевченка"}},{"type":"Feature","geometry":{"type":"LineString","coordinates":[[30.519721,50.440973],[30.519735,50.440912],[30.519754,50.440887],[30.519791,50.440854],[30.519853,50.440823],[30.519953,50.440799],[30.520126,50.440782],[30.521201,50.440773],[30.522187,50.440766],[30.522339,50.440784],[30.522436,50.440806],[30.522504,50.440836],[30.522555,50.440818],[30.522582,50.440803],[30.522632,50.440768]]},"properties":{"name":"Бессарабський проїзд"}},{"type":"Feature","geometry":{"type":"LineString","coordinates":[[30.522187,50.440766],[30.522368,50.440738],[30.522449,50.440703],[30.52251,50.440646],[30.522545,50.440574],[30.522604,50.440433],[30.522679,50.440307],[30.522725,50.440234],[30.522815,50.440154],[30.523451,50.439631],[30.52356,50.439548],[30.523818,50.439365],[30.524773,50.438686]]},"properties":{"name":"Басейна вулиця"}},{"type":"Feature","geometry":{"type":"LineString","coordinates":[[30.525038,50.439072],[30.524924,50.439138],[30.524092,50.439638],[30.523811,50.439795],[30.523521,50.439967],[30.523454,50.440007],[30.522964,50.440297],[30.522838,50.440397],[30.522766,50.440474],[30.522697,50.440577],[30.522658,50.44066],[30.522632,50.440768]]},"properties":{"name":"Басейна вулиця"}},{"type":"Feature","geometry":{"type":"LineString","coordinates":[[30.522269,50.442286],[30.522286,50.442203],[30.522307,50.442097],[30.522318,50.442038],[30.522334,50.441959],[30.522351,50.441882],[30.522441,50.441504],[30.5225,50.441263],[30.522547,50.441083],[30.522574,50.440983],[30.52258,50.440955],[30.522632,50.440768],[30.522742,50.440622],[30.522842,50.4405],[30.522943,50.440411],[30.523043,50.44034],[30.523338,50.440171],[30.523722,50.43995],[30.523894,50.439851],[30.523942,50.439824],[30.523991,50.439795],[30.524192,50.439677],[30.524773,50.439335],[30.525037,50.439178],[30.525311,50.439012]]},"properties":{"name":"Басейна вулиця"}},{"type":"Feature","geometry":{"type":"LineString","coordinates":[[30.522815,50.440154],[30.522606,50.440159],[30.522321,50.440023],[30.522182,50.43996],[30.522123,50.439933],[30.522105,50.439925],[30.520506,50.439195],[30.520343,50.439121],[30.520192,50.439047],[30.519806,50.43887],[30.519476,50.438713],[30.5192,50.438582],[30.518988,50.438486],[30.518681,50.438345],[30.518585,50.438299],[30.518491,50.438243],[30.518446,50.438207],[30.518411,50.438133],[30.518414,50.43773],[30.518414,50.437612],[30.518415,50.437525],[30.518416,50.437399],[30.518416,50.437344],[30.518417,50.437147],[30.518418,50.436956],[30.518421,50.436602],[30.518423,50.436263],[30.518425,50.436092],[30.518427,50.435946],[30.518424,50.435808],[30.518426,50.435514],[30.518426,50.435411],[30.518426,50.435037],[30.518436,50.434479],[30.518438,50.434371],[30.518442,50.434082],[30.518431,50.434018],[30.518393,50.433968]]},"properties":{"name":"вулиця Шота Руставелі"}},{"type":"Feature","geometry":{"type":"LineString","coordinates":[[30.524773,50.438686],[30.525049,50.438474],[30.525285,50.438293],[30.525311,50.438274],[30.525541,50.438111],[30.525812,50.437923],[30.526289,50.437584],[30.526452,50.437465],[30.527276,50.436863],[30.528087,50.436259],[30.528847,50.435658],[30.528944,50.435575],[30.530271,50.434473],[30.530406,50.43436],[30.530616,50.434185],[30.530915,50.433937],[30.531102,50.43378],[30.531225,50.433681],[30.53294,50.432296],[30.534868,50.430741],[30.535025,50.430614],[30.535143,50.430518],[30.535284,50.430405],[30.53565,50.430111],[30.537501,50.42862],[30.538302,50.42799],[30.538363,50.427941],[30.53845,50.42787],[30.53854,50.427796],[30.538701,50.427664],[30.539393,50.427095],[30.539561,50.426953],[30.539743,50.4268],[30.540065,50.426529],[30.540167,50.426445],[30.541012,50.425773],[30.541546,50.425312],[30.541644,50.425228],[30.541783,50.425108],[30.541943,50.424952],[30.542086,50.42478],[30.542283,50.4245],[30.542695,50.423879],[30.542835,50.423678],[30.542907,50.423565],[30.543033,50.423419],[30.543166,50.423306],[30.543834,50.422775],[30.543945,50.422691],[30.544054,50.422605],[30.545074,50.42181],[30.545313,50.421632],[30.54567,50.421373],[30.546054,50.421094],[30.546468,50.420792],[30.546781,50.420556],[30.547316,50.420114],[30.547518,50.419962],[30.547615,50.419881]]},"properties":{"name":"бульвар Лесі Українки"}},{"type":"Feature","geometry":{"type":"LineString","coordinates":[[30.525038,50.439072],[30.5252,50.438961],[30.525253,50.438913],[30.525313,50.43884],[30.525374,50.438766],[30.525456,50.438642],[30.525479,50.438591],[30.525506,50.43854],[30.525539,50.438492],[30.525572,50.438452],[30.525593,50.43843],[30.525675,50.438365],[30.525704,50.438341],[30.525934,50.438181],[30.525963,50.438161],[30.526565,50.437736],[30.527607,50.436981],[30.528082,50.43661],[30.529145,50.435767],[30.529205,50.435722],[30.529308,50.435642],[30.530684,50.434537],[30.530758,50.434477],[30.531245,50.434075],[30.531297,50.434032],[30.531412,50.433937],[30.532599,50.432976],[30.532815,50.432802],[30.533637,50.432137],[30.533661,50.432117],[30.53485,50.431156],[30.535054,50.430995],[30.535324,50.430775],[30.535451,50.430672],[30.535589,50.430559],[30.5357,50.430468],[30.535803,50.430385],[30.536246,50.430019],[30.536614,50.429722],[30.538118,50.42845],[30.538212,50.428371],[30.538532,50.428105],[30.538588,50.42806],[30.538636,50.428018],[30.538815,50.427869],[30.538985,50.427727],[30.539637,50.427212],[30.54033,50.426641],[30.540895,50.426147],[30.541245,50.425852],[30.541777,50.425411],[30.542008,50.425204],[30.542131,50.425072],[30.542234,50.42493],[30.542788,50.42412],[30.542908,50.42396],[30.543045,50.423765],[30.543187,50.423583],[30.54327,50.423505],[30.54339,50.423407],[30.543662,50.423192],[30.54407,50.422887],[30.544171,50.422804],[30.544274,50.422725],[30.545301,50.421909],[30.545593,50.42168],[30.546714,50.42082],[30.547176,50.420428],[30.547466,50.420182],[30.547595,50.42008],[30.547772,50.419939]]},"properties":{"name":"бульвар Лесі Українки"}},{"type":"Feature","geometry":{"type":"LineString","coordinates":[[30.537912,50.438629],[30.537617,50.438543],[30.537205,50.438439],[30.536656,50.4383],[30.536431,50.438243],[30.536355,50.438224],[30.534877,50.437849],[30.534773,50.437821],[30.533661,50.437534],[30.533528,50.4375],[30.533467,50.437484],[30.532858,50.43733],[30.532308,50.437189],[30.5318,50.43706],[30.531737,50.437048],[30.53167,50.437038],[30.531607,50.437035],[30.531544,50.437038],[30.531041,50.43712],[30.530647,50.437184],[30.529638,50.437345],[30.529522,50.437364],[30.529447,50.437377],[30.528918,50.437467],[30.528704,50.437524],[30.528502,50.437588],[30.5283,50.43765],[30.527671,50.437851],[30.52751,50.437902],[30.527353,50.437954],[30.526876,50.438111],[30.526672,50.438199],[30.526511,50.438281],[30.526208,50.438466],[30.526036,50.438572],[30.526006,50.43859],[30.525988,50.438601],[30.525968,50.438613],[30.52579,50.438733],[30.525658,50.438822],[30.525484,50.438917],[30.525311,50.439012],[30.525038,50.439072]]},"properties":{"name":"вулиця Мечникова"}},{"type":"Feature","geometry":{"type":"LineString","coordinates":[[30.525456,50.438642],[30.525455,50.438697],[30.525451,50.438741],[30.525438,50.438808],[30.525382,50.438897],[30.525311,50.439012]]},"properties":{"name":"вулиця Мечникова"}},{"type":"Feature","geometry":{"type":"LineString","coordinates":[[30.537912,50.438629],[30.53794,50.438759],[30.538114,50.439563],[30.538126,50.439618],[30.538136,50.439668],[30.538304,50.440498],[30.538333,50.440633],[30.538395,50.44093],[30.538459,50.441256],[30.53851,50.441514],[30.538583,50.441903],[30.538742,50.442712],[30.538819,50.443154],[30.538837,50.44329],[30.538843,50.443411],[30.538833,50.443474]]},"properties":{"name":"Кловський узвіз"}},{"type":"Feature","geometry":{"type":"LineString","coordinates":[[30.538833,50.443474],[30.538817,50.44352],[30.538784,50.443571],[30.538744,50.443607],[30.538218,50.443914],[30.538141,50.443961],[30.538075,50.444001],[30.538018,50.444032]]},"properties":{"name":"Інститутська вулиця"}},{"type":"Feature","geometry":{"type":"LineString","coordinates":[[30.539823,50.445308],[30.539698,50.445215],[30.539084,50.444755],[30.538982,50.44468],[30.538497,50.444317],[30.538364,50.444217],[30.538163,50.444067],[30.538075,50.444001]]},"properties":{"name":"Кріпосний провулок"}},{"type":"Feature","geometry":{"type":"LineString","coordinates":[[30.539823,50.445308],[30.540728,50.444838],[30.54086,50.444762],[30.541603,50.444336],[30.541712,50.444289],[30.541867,50.444238],[30.542111,50.444169],[30.542608,50.444042],[30.542807,50.444003],[30.543006,50.443982],[30.543479,50.443947],[30.544117,50.443899],[30.544571,50.443863],[30.544926,50.443836],[30.544992,50.443831],[30.545221,50.44381],[30.545427,50.443768]]},"properties":{"name":"вулиця Михайла Грушевського"}},{"type":"Feature","geometry":{"type":"LineString","coordinates":[[30.545427,50.443768],[30.54562,50.443716],[30.545734,50.443671],[30.545892,50.443564],[30.546004,50.443487],[30.546113,50.443413],[30.546211,50.443347],[30.546718,50.443022],[30.547051,50.442813],[30.547649,50.442438],[30.548016,50.442199],[30.54841,50.441931],[30.548913,50.441546],[30.549179,50.441344],[30.549265,50.441279],[30.549284,50.441264],[30.549578,50.441034],[30.549725,50.440919],[30.549811,50.44084],[30.549942,50.440731],[30.550071,50.440621],[30.550185,50.440511],[30.550278,50.440423],[30.550517,50.440102],[30.550674,50.439894],[30.550887,50.439612],[30.551303,50.43906],[30.551532,50.438756],[30.55162,50.438639],[30.552247,50.437808],[30.552325,50.437703],[30.552374,50.437639],[30.552425,50.437572],[30.553086,50.436695],[30.553191,50.436557],[30.553271,50.43645],[30.553313,50.436395],[30.553346,50.436352],[30.553786,50.435761],[30.554193,50.435198],[30.554343,50.434963],[30.554426,50.434802],[30.554462,50.434734],[30.554676,50.434127],[30.554763,50.433688],[30.554796,50.433587],[30.554858,50.433516],[30.554925,50.43345],[30.555081,50.433325],[30.555262,50.433013]]},"properties":{"name":"вулиця Івана Мазепи"}},{"type":"Feature","geometry":{"type":"LineString","coordinates":[[30.546005,50.443256],[30.546113,50.443298],[30.546155,50.443316],[30.546211,50.443347]]},"properties":{"name":"Інженерний провулок"}},{"type":"Feature","geometry":{"type":"LineString","coordinates":[[30.554811,50.433505],[30.554858,50.433516]]},"properties":{"name":"Цитадельна вулиця"}},{"type":"Feature","geometry":{"type":"LineString","coordinates":[[30.544985,50.43249],[30.545119,50.432467]]},"properties":{"name":"Цитадельна вулиця"}},{"type":"Feature","geometry":{"type":"LineString","coordinates":[[30.522269,50.442286],[30.522306,50.442323]]},"properties":{"name":"Крутий узвіз"}},{"type":"Feature","geometry":{"type":"LineString","coordinates":[[30.522269,50.442286],[30.522242,50.442456],[30.522231,50.4425],[30.522191,50.442552],[30.522141,50.442604],[30.522044,50.442664],[30.521934,50.442705],[30.521807,50.442727],[30.521482,50.442776],[30.521164,50.442821],[30.521067,50.442836],[30.520927,50.442789],[30.520825,50.442752],[30.520675,50.442685],[30.520463,50.442581]]},"properties":{"name":"Бессарабська площа"}},{"type":"Feature","geometry":{"type":"LineString","coordinates":[[30.520286,50.4422],[30.520339,50.442328],[30.520401,50.442449],[30.520463,50.442581],[30.520496,50.442653],[30.520602,50.44298],[30.520688,50.443234],[30.520834,50.443673],[30.521123,50.444547],[30.521169,50.444619],[30.521214,50.444698],[30.521277,50.444887],[30.521301,50.444957],[30.521332,50.445106],[30.52139,50.445353],[30.521985,50.447146],[30.52216,50.447674],[30.52218,50.447734],[30.522254,50.447917],[30.522297,50.448017],[30.522344,50.448118],[30.522448,50.448315],[30.522567,50.448509],[30.522633,50.448609],[30.522768,50.448799],[30.522932,50.449002],[30.523096,50.449178],[30.523232,50.449312],[30.523309,50.449379],[30.52339,50.449456],[30.523489,50.449537],[30.523592,50.449613],[30.524374,50.450186],[30.524607,50.450358],[30.525449,50.450965],[30.525632,50.451097],[30.525816,50.45123],[30.526121,50.451449],[30.526692,50.451861],[30.527092,50.452151],[30.527254,50.452266],[30.52738,50.452357],[30.527472,50.452423],[30.527962,50.452785]]},"properties":{"name":"вулиця Хрещатик"}},{"type":"Feature","geometry":{"type":"LineString","coordinates":[[30.527917,50.452918],[30.527424,50.452562],[30.527205,50.452401],[30.526617,50.451972],[30.526302,50.451742],[30.526101,50.451594],[30.525711,50.451307],[30.525366,50.451053],[30.524713,50.450572],[30.524501,50.450416],[30.523439,50.449654],[30.523282,50.44953],[30.523108,50.449383],[30.522957,50.449237],[30.522848,50.449122],[30.522688,50.44894],[30.522542,50.448754],[30.522409,50.448563],[30.522291,50.448369],[30.522187,50.448172],[30.522097,50.447971],[30.522018,50.447758],[30.521997,50.447696],[30.521836,50.447206],[30.521783,50.447042],[30.52166,50.446672],[30.52134,50.445695],[30.521082,50.444912],[30.521044,50.444797],[30.520848,50.444239],[30.520721,50.443858],[30.520631,50.443586],[30.520617,50.443545],[30.520466,50.443084],[30.52031,50.442633],[30.520273,50.442526],[30.520215,50.442412],[30.520176,50.442321],[30.520135,50.442222]]},"properties":{"name":"вулиця Хрещатик"}},{"type":"Feature","geometry":{"type":"LineString","coordinates":[[30.448888,50.438338],[30.44752,50.438721],[30.446861,50.438926],[30.44617,50.439178],[30.445723,50.439391],[30.445438,50.439539],[30.44514,50.439711],[30.444869,50.43988],[30.444433,50.440191],[30.444166,50.44043],[30.443997,50.440617],[30.443935,50.440694],[30.443152,50.441907],[30.442652,50.442718],[30.442398,50.443136],[30.442142,50.443618],[30.442133,50.443657],[30.442015,50.444182],[30.441992,50.44436],[30.441987,50.444616],[30.442008,50.444879],[30.442078,50.445163],[30.442302,50.445737],[30.442343,50.445842],[30.442427,50.446054],[30.44263,50.446568],[30.443343,50.448374],[30.443382,50.448473],[30.443417,50.448556],[30.443428,50.448589],[30.443447,50.448637],[30.443578,50.448964],[30.443593,50.449002],[30.443698,50.44927],[30.443997,50.450035],[30.444311,50.450845],[30.444466,50.451216],[30.444681,50.451732],[30.444694,50.451764],[30.444869,50.452233],[30.444968,50.452475],[30.445073,50.452729]]},"properties":{"name":"вулиця Вадима Гетьмана"}},{"type":"Feature","geometry":{"type":"LineString","coordinates":[[30.448943,50.438458],[30.448497,50.438576],[30.447556,50.438837],[30.44721,50.438933],[30.446898,50.439037],[30.446575,50.439155],[30.446255,50.439287],[30.4458,50.439498],[30.445513,50.43965],[30.445238,50.439813],[30.44499,50.439983],[30.444655,50.440212],[30.444552,50.440292],[30.444344,50.440469],[30.444102,50.440727],[30.443894,50.44103],[30.44384,50.44111],[30.443603,50.441494],[30.443537,50.441599],[30.443458,50.441725],[30.443287,50.442006],[30.443101,50.442313],[30.442608,50.443168],[30.442553,50.443279],[30.442383,50.443663],[30.442316,50.443928],[30.442245,50.444305],[30.442213,50.444577],[30.442229,50.444825],[30.442321,50.445321],[30.442494,50.445873],[30.442543,50.446008],[30.442999,50.447144],[30.443057,50.44728],[30.443393,50.448142],[30.443466,50.448331],[30.443476,50.448356],[30.443513,50.448454],[30.443545,50.448536],[30.44412,50.449972],[30.444696,50.451457],[30.444799,50.451691],[30.444826,50.451752],[30.445198,50.452711]]},"properties":{"name":"вулиця Вадима Гетьмана"}},{"type":"Feature","geometry":{"type":"LineString","coordinates":[[30.448888,50.438338],[30.449685,50.438125]]},"properties":{"name":"Караваївський шляхопровід"}},{"type":"Feature","geometry":{"type":"LineString","coordinates":[[30.449764,50.438236],[30.448943,50.438458]]},"properties":{"name":"Караваївський шляхопровід"}},{"type":"Feature","geometry":{"type":"LineString","coordinates":[[30.449685,50.438125],[30.450289,50.437961],[30.450738,50.43784],[30.450889,50.437797],[30.451479,50.43763],[30.451839,50.437525],[30.45191,50.437497],[30.452074,50.437423],[30.452296,50.437302],[30.452452,50.437196],[30.452573,50.437084],[30.452699,50.436899],[30.452847,50.436635],[30.453411,50.435397],[30.45346,50.435284],[30.453602,50.434954],[30.453829,50.434428],[30.453915,50.434228],[30.454399,50.433146],[30.454961,50.431881],[30.455121,50.431547],[30.45544,50.431082],[30.456126,50.430167],[30.457401,50.428418],[30.457941,50.427687],[30.458067,50.427519],[30.458241,50.427176],[30.458562,50.426646],[30.458608,50.426571],[30.458655,50.426508],[30.459164,50.425836],[30.459191,50.42573],[30.459164,50.425624],[30.459073,50.425442]]},"properties":{"name":"Чоколівський бульвар"}},{"type":"Feature","geometry":{"type":"LineString","coordinates":[[30.449764,50.438236],[30.450597,50.438008],[30.451283,50.437828],[30.451515,50.437757],[30.451852,50.437662],[30.451928,50.43764],[30.452077,50.437558],[30.452127,50.437531],[30.452359,50.437397],[30.452477,50.437321],[30.452591,50.437238],[30.452686,50.437155],[30.45274,50.437098],[30.452837,50.436957],[30.452904,50.436859],[30.453004,50.436678],[30.453523,50.435496],[30.45372,50.435058],[30.453927,50.434596],[30.454243,50.433877],[30.454545,50.433193],[30.454839,50.432522],[30.454985,50.432197],[30.455129,50.431877],[30.455243,50.431646],[30.455446,50.431326],[30.455448,50.431323],[30.455665,50.431017],[30.455746,50.430906],[30.455972,50.4306],[30.456118,50.430404],[30.457363,50.428721],[30.45763,50.428361],[30.458091,50.427705],[30.458202,50.427546]]},"properties":{"name":"Чоколівський бульвар"}},{"type":"Feature","geometry":{"type":"LineString","coordinates":[[30.459162,50.426173],[30.458202,50.427546],[30.458502,50.427227],[30.458724,50.426974],[30.459196,50.426343],[30.459315,50.426184],[30.45948,50.426012],[30.459685,50.425844],[30.459819,50.425778]]},"properties":{"name":"Чоколівський бульвар"}},{"type":"Feature","geometry":{"type":"LineString","coordinates":[[30.478313,50.417431],[30.478433,50.417422],[30.478556,50.417405],[30.478578,50.417401]]},"properties":{"name":"Оборонна вулиця"}},{"type":"Feature","geometry":{"type":"LineString","coordinates":[[30.489922,50.420745],[30.49017,50.420738],[30.490407,50.420724],[30.490606,50.420705],[30.490897,50.420677],[30.491544,50.420607],[30.49225,50.420534],[30.493025,50.420469],[30.493226,50.420463],[30.493453,50.42046],[30.493655,50.42047],[30.493877,50.42049],[30.49404,50.420506],[30.494209,50.420531],[30.494398,50.420564],[30.494621,50.420611],[30.494873,50.420678],[30.495098,50.420751],[30.495421,50.420879],[30.495738,50.421018],[30.496099,50.421178],[30.496535,50.421387],[30.4968,50.42154],[30.497045,50.421706],[30.49722,50.421842],[30.497361,50.421975],[30.497462,50.422095],[30.497533,50.42219],[30.49766,50.422399],[30.497744,50.422581],[30.497969,50.423164],[30.497996,50.423234],[30.498116,50.423508],[30.498217,50.42372],[30.498323,50.42388],[30.498432,50.424034],[30.498596,50.424217],[30.498738,50.424356],[30.49908,50.424675],[30.499257,50.424829],[30.499505,50.425012],[30.499678,50.425137],[30.500153,50.425422],[30.500332,50.42551],[30.500528,50.42559],[30.500636,50.425631],[30.500789,50.425683],[30.501,50.425735],[30.501483,50.425818],[30.502748,50.426027],[30.503288,50.426132],[30.503659,50.426211],[30.503691,50.42622],[30.504006,50.426303],[30.50407,50.426321],[30.504513,50.426435],[30.505298,50.426626],[30.505395,50.426649],[30.505496,50.426674]]},"properties":{"name":"вулиця Протасів Яр"}},{"type":"Feature","geometry":{"type":"LineString","coordinates":[[30.519196,50.423097],[30.519371,50.423147],[30.52041,50.423439],[30.521263,50.423685],[30.521471,50.423737],[30.521563,50.423764],[30.522245,50.423954],[30.523638,50.424344],[30.524038,50.424485],[30.524136,50.424521],[30.524845,50.42479],[30.525507,50.42504],[30.525673,50.425103],[30.526245,50.425329],[30.52635,50.425371],[30.5268,50.425558],[30.527044,50.425667],[30.527208,50.425755],[30.527341,50.425833],[30.527546,50.425963],[30.527859,50.426184],[30.527965,50.42626],[30.528034,50.426308],[30.528428,50.426587],[30.52877,50.42683],[30.528934,50.426949],[30.529109,50.42707],[30.529431,50.427313],[30.529489,50.427354],[30.529721,50.427535],[30.529959,50.427679],[30.530195,50.42776],[30.530395,50.427807],[30.530489,50.427827],[30.530563,50.427843],[30.530887,50.427896],[30.531187,50.427916],[30.531809,50.427904],[30.531958,50.427894],[30.532354,50.427868],[30.532517,50.427849],[30.532586,50.427841],[30.532747,50.427821],[30.532834,50.427811],[30.533015,50.427804],[30.533195,50.42782],[30.533352,50.427742],[30.533515,50.427675],[30.533777,50.427603],[30.534097,50.427491],[30.534236,50.427432],[30.534367,50.427375],[30.534602,50.427242],[30.534953,50.426935],[30.535221,50.426701],[30.535485,50.426489],[30.535559,50.42643]]},"properties":{"name":"вулиця Євгена Коновальця"}},{"type":"Feature","geometry":{"type":"LineString","coordinates":[[30.535559,50.42643],[30.535737,50.426485],[30.537101,50.427136],[30.538158,50.427668],[30.53834,50.42776],[30.538358,50.427769],[30.53854,50.427796]]},"properties":{"name":"вулиця Михайла Задніпровського"}},{"type":"Feature","geometry":{"type":"LineString","coordinates":[[30.53854,50.427796],[30.538815,50.427869]]},"properties":{"name":"площа Лесі Українки"}},{"type":"Feature","geometry":{"type":"LineString","coordinates":[[30.538636,50.428018],[30.53845,50.42787]]},"properties":{"name":"площа Лесі Українки"}},{"type":"Feature","geometry":{"type":"LineString","coordinates":[[30.538815,50.427869],[30.539077,50.428005],[30.5395,50.428214],[30.540094,50.428533],[30.540345,50.428684],[30.54047,50.42877],[30.540886,50.42907],[30.54097,50.429128],[30.541126,50.429248],[30.541666,50.429631],[30.541824,50.429741],[30.54206,50.429903],[30.542458,50.430203],[30.543775,50.43118],[30.54389,50.431266],[30.544772,50.431916]]},"properties":{"name":"вулиця Генерала Алмазова"}},{"type":"Feature","geometry":{"type":"LineString","coordinates":[[30.544561,50.432001],[30.544267,50.431781],[30.543136,50.430939],[30.543036,50.430867],[30.542742,50.430657],[30.542345,50.430373],[30.541801,50.429983],[30.541619,50.429854],[30.541481,50.42975],[30.540822,50.429278],[30.540726,50.429209],[30.540293,50.428898],[30.540141,50.428799],[30.539943,50.428682],[30.539897,50.428659],[30.538871,50.428149],[30.538636,50.428018]]},"properties":{"name":"вулиця Генерала Алмазова"}},{"type":"Feature","geometry":{"type":"LineString","coordinates":[[30.544772,50.431916],[30.544912,50.432052],[30.544985,50.432153],[30.545021,50.432235],[30.545033,50.432338],[30.544985,50.43249],[30.545012,50.432632],[30.545029,50.432733],[30.545049,50.432883],[30.545065,50.433043],[30.545071,50.433443],[30.545073,50.434044],[30.545055,50.434902],[30.545052,50.435001],[30.545047,50.435097],[30.545022,50.435491],[30.544909,50.435949],[30.544878,50.436034],[30.544868,50.436197],[30.544853,50.436461],[30.544816,50.437117],[30.544795,50.437492],[30.544786,50.437701],[30.544757,50.438244],[30.544744,50.438507],[30.544734,50.43883],[30.544728,50.439007],[30.544721,50.439219],[30.544709,50.439361],[30.544714,50.439944],[30.544714,50.440083],[30.544714,50.44021],[30.544714,50.440387],[30.544734,50.440821],[30.544744,50.441063],[30.544755,50.441448],[30.544771,50.441819],[30.544771,50.441904],[30.544773,50.441954],[30.544796,50.442363],[30.544822,50.442501],[30.544849,50.442592],[30.544859,50.442617],[30.544937,50.442805],[30.544952,50.442839],[30.545006,50.442969],[30.545087,50.443126],[30.54527,50.443477],[30.54537,50.443669],[30.545427,50.443768]]},"properties":{"name":"вулиця Князів Острозьких"}},{"type":"Feature","geometry":{"type":"LineString","coordinates":[[30.544985,50.43249],[30.544897,50.432351],[30.544849,50.432263],[30.544812,50.432198],[30.544769,50.432153],[30.544561,50.432001]]},"properties":{"name":"вулиця Князів Острозьких"}},{"type":"Feature","geometry":{"type":"LineString","coordinates":[[30.545022,50.435491],[30.545095,50.435646],[30.545153,50.435754],[30.545227,50.43585],[30.545321,50.435954]]},"properties":{"name":"вулиця Михайла Омеляновича-Павленка"}},{"type":"Feature","geometry":{"type":"LineString","coordinates":[[30.550185,50.440511],[30.55011,50.440457],[30.550077,50.440433],[30.550025,50.440396],[30.549921,50.44034],[30.549797,50.440266],[30.549595,50.440114],[30.549354,50.43991],[30.549187,50.439763],[30.549144,50.439734],[30.549026,50.43963],[30.548573,50.439231],[30.548345,50.439034],[30.548042,50.438764],[30.547721,50.438461],[30.547685,50.438427],[30.547595,50.438343],[30.547228,50.437973],[30.54676,50.437487],[30.546529,50.437243],[30.546325,50.437026],[30.545995,50.436673],[30.545813,50.436479],[30.545321,50.435954],[30.544909,50.435949]]},"properties":{"name":"вулиця Михайла Омеляновича-Павленка"}},{"type":"Feature","geometry":{"type":"LineString","coordinates":[[30.516063,50.429919],[30.515845,50.429922],[30.515531,50.42992],[30.515479,50.42992],[30.514779,50.429916],[30.51429,50.429913],[30.513726,50.42991],[30.513536,50.429908]]},"properties":{"name":"Ділова вулиця"}},{"type":"Feature","geometry":{"type":"LineString","coordinates":[[30.443935,50.440694],[30.443831,50.440661],[30.4432,50.440501],[30.442077,50.440214],[30.441965,50.440175],[30.441807,50.440117],[30.441594,50.440061],[30.440093,50.43966],[30.439958,50.439624],[30.439817,50.439589],[30.439711,50.439562],[30.43963,50.439541],[30.438829,50.43934],[30.438089,50.439122],[30.437587,50.438925],[30.437401,50.438837],[30.43725,50.438748],[30.437013,50.438595],[30.436811,50.438436],[30.436716,50.438357]]},"properties":{"name":"вулиця Миколи Голего"}},{"type":"Feature","geometry":{"type":"LineString","coordinates":[[30.435388,50.436527],[30.435494,50.436634],[30.436174,50.437606],[30.436359,50.437868],[30.436541,50.438115],[30.436623,50.438234],[30.436654,50.438275],[30.436716,50.438357],[30.436568,50.438426],[30.436358,50.438717]]},"properties":{"name":"Ніжинська вулиця"}},{"type":"Feature","geometry":{"type":"LineString","coordinates":[[30.547943,50.371719],[30.547949,50.371648],[30.547955,50.371587],[30.547912,50.371414],[30.547866,50.371231],[30.547857,50.371195],[30.547841,50.371129],[30.547722,50.370582],[30.54768,50.370389],[30.547518,50.369676],[30.54741,50.369146],[30.546593,50.36551],[30.546564,50.365388],[30.546329,50.364348],[30.54624,50.364008],[30.546163,50.36375],[30.545997,50.363378],[30.545957,50.363277],[30.545723,50.362689],[30.54552,50.36218],[30.544945,50.360915],[30.544633,50.360307],[30.544145,50.35929],[30.544063,50.359081],[30.543989,50.358894],[30.543852,50.358545],[30.543725,50.358242],[30.543671,50.358113],[30.543615,50.35798],[30.543425,50.357448],[30.543196,50.357087],[30.542945,50.35668],[30.542926,50.35665],[30.542401,50.355814],[30.542309,50.355655],[30.542012,50.355146],[30.541893,50.354897],[30.54167,50.354457],[30.541579,50.354277],[30.541547,50.354213],[30.541347,50.353817],[30.540938,50.352866],[30.540757,50.352445],[30.540587,50.352048],[30.54049,50.351767],[30.54047,50.351709],[30.540392,50.351509],[30.540207,50.35113],[30.539958,50.350753],[30.539657,50.350402],[30.539223,50.350027],[30.538303,50.349191],[30.538141,50.349035],[30.537916,50.348818],[30.537337,50.348262],[30.53666,50.347632],[30.536388,50.347378],[30.5351,50.346307]]},"properties":{"name":"вулиця Пирогівський Шлях"}},{"type":"Feature","geometry":{"type":"LineString","coordinates":[[30.529458,50.390358],[30.529715,50.390394],[30.529776,50.390402],[30.530374,50.390485],[30.531396,50.390624],[30.531554,50.39063],[30.531988,50.390573],[30.532332,50.390535],[30.533434,50.390413],[30.534804,50.390266],[30.535153,50.390228],[30.535395,50.390202],[30.535925,50.390145],[30.537344,50.390001],[30.537977,50.389923],[30.538294,50.389867]]},"properties":{"name":"Лисогірська вулиця"}},{"type":"Feature","geometry":{"type":"LineString","coordinates":[[30.538542,50.389775],[30.538743,50.38973],[30.538843,50.389705],[30.538886,50.389694],[30.540642,50.389231],[30.541935,50.388882],[30.542383,50.388761],[30.543091,50.38859],[30.543189,50.388573]]},"properties":{"name":"Лисогірська вулиця"}},{"type":"Feature","geometry":{"type":"LineString","coordinates":[[30.53104,50.393367],[30.530897,50.393397]]},"properties":{"name":"Малокитаївська вулиця"}},{"type":"Feature","geometry":{"type":"LineString","coordinates":[[30.51136,50.399048],[30.510712,50.398531],[30.510445,50.398321],[30.510189,50.398151],[30.509967,50.398023],[30.509773,50.397924],[30.509614,50.397856],[30.509426,50.397786],[30.50924,50.397715],[30.509088,50.397663],[30.508959,50.397619],[30.508701,50.397522],[30.508895,50.397543],[30.509032,50.397566],[30.509154,50.397583],[30.509268,50.397583],[30.50947,50.397527],[30.510015,50.397373]]},"properties":{"name":"Голосіївська площа"}},{"type":"Feature","geometry":{"type":"LineString","coordinates":[[30.499411,50.395152],[30.499331,50.395266],[30.499326,50.395274],[30.498626,50.396284],[30.497732,50.397576],[30.497686,50.397642]]},"properties":{"name":"Маричанська вулиця"}},{"type":"Feature","geometry":{"type":"LineString","coordinates":[[30.491678,50.398347],[30.491727,50.398342],[30.491903,50.398324],[30.492065,50.398327],[30.493159,50.398446],[30.493937,50.398531],[30.495063,50.398683],[30.495193,50.398762],[30.495284,50.398838],[30.495436,50.398999],[30.49555,50.399179],[30.495577,50.399298],[30.495573,50.399408],[30.495552,50.399516],[30.495512,50.399622],[30.495355,50.400089],[30.495064,50.400949],[30.494888,50.401461],[30.494758,50.401854],[30.494531,50.402542],[30.494428,50.402837],[30.49436,50.403122],[30.494589,50.403569],[30.49537,50.404759],[30.497076,50.405031],[30.497073,50.405305],[30.497062,50.405537],[30.497056,50.405665],[30.497107,50.405808],[30.497212,50.405926],[30.497324,50.406015],[30.497449,50.406088],[30.498075,50.40636]]},"properties":{"name":"вулиця Карпатської Січі"}},{"type":"Feature","geometry":{"type":"LineString","coordinates":[[30.605158,50.494914],[30.60516,50.494885],[30.605163,50.494864],[30.605175,50.494823],[30.605257,50.494642],[30.605441,50.494022],[30.605476,50.493888],[30.605482,50.493821],[30.60548,50.49376],[30.605462,50.493674],[30.605431,50.493588],[30.60533,50.493412],[30.605296,50.493359],[30.605217,50.493247],[30.605098,50.493119],[30.604894,50.493027],[30.604881,50.493021],[30.604101,50.492644],[30.6038,50.492493],[30.603404,50.492298],[30.602642,50.49193],[30.601732,50.491487],[30.601693,50.491469],[30.601361,50.491319],[30.601343,50.491311],[30.601286,50.491296],[30.601243,50.491282],[30.601159,50.491262],[30.601133,50.491255],[30.600953,50.491211],[30.600858,50.491185],[30.600407,50.49106],[30.599849,50.490906],[30.599605,50.490843],[30.599463,50.490808],[30.599332,50.490782],[30.598814,50.490702],[30.59866,50.490678],[30.598602,50.490669],[30.598412,50.490641],[30.59828,50.490622],[30.596345,50.490347],[30.595759,50.490263],[30.595672,50.490252],[30.595254,50.490194],[30.594786,50.490159],[30.594386,50.49015],[30.593931,50.490154],[30.593817,50.490156],[30.59326,50.490169],[30.593136,50.490185],[30.592953,50.490208],[30.591787,50.490356],[30.591448,50.49042],[30.591292,50.490449],[30.591255,50.490456],[30.591075,50.49049],[30.591032,50.490503]]},"properties":{"name":"вулиця Миколи Кибальчича"}},{"type":"Feature","geometry":{"type":"LineString","coordinates":[[30.605106,50.494995],[30.605093,50.495016],[30.605093,50.495152],[30.605114,50.495186],[30.605148,50.49522],[30.605213,50.495248],[30.605307,50.495273]]},"properties":{"name":"вулиця Миколи Кибальчича"}},{"type":"Feature","geometry":{"type":"LineString","coordinates":[[30.604978,50.495278],[30.604998,50.495117],[30.605007,50.495009],[30.605006,50.49499]]},"properties":{"name":"вулиця Миколи Кибальчича"}},{"type":"Feature","geometry":{"type":"LineString","coordinates":[[30.605039,50.494873],[30.60509,50.494859],[30.605125,50.494849],[30.605175,50.494823]]},"properties":{"name":"вулиця Миколи Кибальчича"}},{"type":"Feature","geometry":{"type":"LineString","coordinates":[[30.362155,50.547449],[30.361443,50.547403],[30.360969,50.547347],[30.360586,50.547266],[30.360326,50.547122],[30.360285,50.547083],[30.360303,50.546922],[30.36057,50.544836],[30.360559,50.544772],[30.358741,50.543807],[30.358613,50.543737],[30.358551,50.543703],[30.358331,50.543582],[30.356762,50.542722],[30.355514,50.542038],[30.354601,50.541537],[30.353819,50.541108],[30.353756,50.541074],[30.353696,50.541041],[30.352143,50.540189],[30.352052,50.540139]]},"properties":{"name":"7-ма лінія"}},{"type":"Feature","geometry":{"type":"LineString","coordinates":[[30.336992,50.55365],[30.339016,50.552128],[30.341061,50.550613],[30.343228,50.548963],[30.343263,50.548936],[30.34373,50.548583],[30.343855,50.548489],[30.344049,50.548342],[30.344312,50.548143],[30.345286,50.547407],[30.345324,50.547378],[30.345363,50.547349],[30.346331,50.54663],[30.347228,50.545964],[30.347422,50.54582],[30.347844,50.545501],[30.34793,50.545435],[30.349509,50.54424],[30.349544,50.544213],[30.350162,50.543752],[30.350347,50.543614],[30.351637,50.542652],[30.353565,50.541216],[30.35373,50.541094],[30.353756,50.541074],[30.353796,50.541045],[30.355644,50.539644],[30.355771,50.539547],[30.355851,50.539487],[30.355881,50.539464],[30.357877,50.537952],[30.357922,50.537918]]},"properties":{"name":"вулиця Квітки Цісик"}},{"type":"Feature","geometry":{"type":"LineString","coordinates":[[30.337027,50.553671],[30.336992,50.55365],[30.336943,50.553625],[30.336815,50.553559],[30.335417,50.552837],[30.335307,50.55278],[30.335265,50.552759],[30.335186,50.552718],[30.334989,50.552616],[30.33493,50.552586]]},"properties":{"name":"Селянська вулиця"}},{"type":"Feature","geometry":{"type":"LineString","coordinates":[[30.357922,50.537918],[30.356596,50.537166],[30.356369,50.537037],[30.356345,50.537023],[30.356196,50.53694],[30.356171,50.536923],[30.356009,50.536816],[30.354805,50.536137],[30.354728,50.53607],[30.354656,50.536006],[30.354616,50.535927],[30.354617,50.535841]]},"properties":{"name":"5-та лінія"}},{"type":"Feature","geometry":{"type":"LineString","coordinates":[[30.356196,50.53694],[30.356061,50.537074],[30.355994,50.537126],[30.35559,50.537443],[30.35415,50.538571],[30.352052,50.540139]]},"properties":{"name":"вулиця Миколи Юнкерова"}},{"type":"Feature","geometry":{"type":"LineString","coordinates":[[30.354307,50.536003],[30.354401,50.535954],[30.35445,50.535929],[30.354464,50.535921],[30.354484,50.535911],[30.354537,50.53589],[30.354617,50.535841],[30.355558,50.535105],[30.355612,50.535064],[30.355737,50.534971],[30.355785,50.534934],[30.355857,50.534881],[30.356472,50.534421],[30.358684,50.532754],[30.359099,50.532442],[30.360707,50.53123],[30.361628,50.530542],[30.362745,50.529728],[30.36279,50.529694],[30.36286,50.529637],[30.364913,50.528129],[30.36496,50.528094],[30.367023,50.526565],[30.367098,50.526507]]},"properties":{"name":"вулиця Федора Максименка"}},{"type":"Feature","geometry":{"type":"LineString","coordinates":[[30.356239,50.53428],[30.358349,50.532709],[30.358448,50.532638],[30.360494,50.531141],[30.361589,50.530327],[30.362531,50.529619],[30.362586,50.529577],[30.362641,50.529532],[30.363672,50.528758],[30.364716,50.527961],[30.36586,50.527114],[30.366768,50.526467],[30.366874,50.526387]]},"properties":{"name":"вулиця Федора Максименка"}},{"type":"Feature","geometry":{"type":"LineString","coordinates":[[30.352358,50.464764],[30.352701,50.464818],[30.352779,50.46483],[30.353748,50.464934],[30.354169,50.464974],[30.354573,50.465011],[30.354744,50.46503],[30.354945,50.465054],[30.355053,50.465064],[30.355252,50.465082],[30.35547,50.465101],[30.355696,50.465118]]},"properties":{"name":"вулиця Академіка Єфремова"}},{"type":"Feature","geometry":{"type":"LineString","coordinates":[[30.345675,50.464523],[30.345799,50.464471],[30.345903,50.464435],[30.345955,50.464424],[30.345993,50.464416],[30.346303,50.464369]]},"properties":{"name":"вулиця Академіка Єфремова"}},{"type":"Feature","geometry":{"type":"LineString","coordinates":[[30.345679,50.464073],[30.345852,50.464198],[30.346051,50.464302],[30.346303,50.464369],[30.346986,50.464411],[30.347688,50.464459],[30.347927,50.464476],[30.348027,50.464482],[30.348145,50.464491],[30.348453,50.464511],[30.349603,50.464588],[30.349923,50.464607],[30.351633,50.464714],[30.351848,50.464728],[30.352358,50.464764],[30.352819,50.464744],[30.353088,50.464749],[30.353307,50.464754],[30.353681,50.464762],[30.353768,50.464764],[30.354497,50.464766],[30.354911,50.464765],[30.355227,50.464771],[30.355255,50.464771],[30.355491,50.464779],[30.35571,50.464786]]},"properties":{"name":"вулиця Академіка Єфремова"}},{"type":"Feature","geometry":{"type":"LineString","coordinates":[[30.344712,50.464505],[30.344365,50.464361],[30.344333,50.464349],[30.344086,50.464244],[30.343838,50.464174]]},"properties":{"name":"вулиця Академіка Єфремова"}},{"type":"Feature","geometry":{"type":"LineString","coordinates":[[30.337921,50.463844],[30.338369,50.463858],[30.338882,50.463869],[30.33991,50.463935],[30.340986,50.464004],[30.341369,50.464025],[30.34157,50.464038],[30.341843,50.464055],[30.342653,50.464104],[30.343838,50.464174],[30.344173,50.464181],[30.344398,50.46414],[30.344429,50.464134],[30.344568,50.464104],[30.344797,50.464024]]},"properties":{"name":"вулиця Академіка Єфремова"}},{"type":"Feature","geometry":{"type":"LineString","coordinates":[[30.467162,50.451696],[30.467221,50.451822],[30.467345,50.45206],[30.46748,50.452226],[30.46763,50.452382],[30.46769,50.452439],[30.467894,50.452607],[30.468022,50.452693],[30.468821,50.453153],[30.468903,50.453196],[30.469199,50.453364],[30.469506,50.453538],[30.469592,50.453587],[30.470514,50.454079],[30.470595,50.454124],[30.471471,50.454622],[30.47237,50.455133],[30.472853,50.455407],[30.472926,50.455441],[30.473294,50.455611],[30.473799,50.455825],[30.474097,50.455952],[30.47414,50.455978],[30.474211,50.456048]]},"properties":{"name":"вулиця Богдана Гаврилишина"}},{"type":"Feature","geometry":{"type":"LineString","coordinates":[[30.474008,50.456052],[30.474211,50.456048],[30.474266,50.456064],[30.474299,50.45607]]},"properties":{"name":"вулиця Богдана Гаврилишина"}},{"type":"Feature","geometry":{"type":"LineString","coordinates":[[30.466969,50.451133],[30.46698,50.451216]]},"properties":{"name":"вулиця Богдана Гаврилишина"}},{"type":"Feature","geometry":{"type":"LineString","coordinates":[[30.469935,50.466057],[30.470025,50.466139],[30.47038,50.466448],[30.470417,50.46648],[30.470784,50.466793],[30.470921,50.466914],[30.471563,50.467495],[30.471609,50.467537],[30.471737,50.467663],[30.471881,50.467808],[30.471915,50.467839],[30.472249,50.468139],[30.472941,50.468747],[30.472968,50.468772],[30.473212,50.469041]]},"properties":{"name":"Деревлянська вулиця"}},{"type":"Feature","geometry":{"type":"LineString","coordinates":[[30.484908,50.460201],[30.484901,50.460208],[30.484802,50.4603],[30.48395,50.461084],[30.483278,50.461741],[30.483243,50.461773],[30.48254,50.462445],[30.482372,50.462595],[30.482348,50.462617],[30.482238,50.462718],[30.482172,50.462771],[30.481987,50.462888],[30.481858,50.462959],[30.481498,50.463129],[30.4807,50.4635],[30.48066,50.463517],[30.480497,50.463595],[30.480416,50.463634],[30.480292,50.463689],[30.47934,50.464125],[30.478902,50.464326],[30.478728,50.464406],[30.478396,50.464554],[30.47809,50.464699],[30.477981,50.464751],[30.477849,50.464813],[30.476832,50.465287],[30.475969,50.465689],[30.475238,50.466012],[30.475099,50.466077],[30.474636,50.466301],[30.47448,50.466371],[30.474435,50.466392],[30.47439,50.466414],[30.474147,50.466528],[30.473529,50.466815],[30.472398,50.467348],[30.471887,50.46759],[30.471737,50.467663],[30.471624,50.467713],[30.471609,50.46772]]},"properties":{"name":"вулиця Юрія Іллєнка"}},{"type":"Feature","geometry":{"type":"LineString","coordinates":[[30.448095,50.473423],[30.449977,50.473152],[30.4516,50.47291],[30.451732,50.47289],[30.451878,50.472867],[30.452969,50.472707],[30.453789,50.472592],[30.454607,50.472466]]},"properties":{"name":"вулиця Юрія Іллєнка"}},{"type":"Feature","geometry":{"type":"LineString","coordinates":[[30.448061,50.473343],[30.449308,50.473156],[30.451701,50.472805],[30.451843,50.472782],[30.452437,50.472695],[30.454576,50.472386]]},"properties":{"name":"вулиця Юрія Іллєнка"}},{"type":"Feature","geometry":{"type":"LineString","coordinates":[[30.465588,50.470489],[30.465687,50.47044],[30.46757,50.469556],[30.46788,50.46941],[30.467954,50.469375],[30.468365,50.469193],[30.469205,50.468803],[30.47081,50.468038],[30.471445,50.467736],[30.471609,50.46772],[30.471556,50.46782],[30.471256,50.467957],[30.470886,50.468126],[30.46943,50.4688],[30.469268,50.468877],[30.468058,50.469439],[30.467986,50.469471],[30.467381,50.469745],[30.466901,50.469962],[30.465757,50.470506],[30.465394,50.470675],[30.464854,50.470924],[30.464772,50.470959],[30.464641,50.471014],[30.46444,50.471088],[30.464142,50.471174],[30.463926,50.471231],[30.463711,50.471283],[30.463394,50.471336],[30.463025,50.471385],[30.461635,50.471542],[30.459981,50.471721],[30.459007,50.471833],[30.458792,50.471858],[30.458635,50.471878],[30.458121,50.47195],[30.457855,50.471991],[30.457653,50.472019],[30.455765,50.472292],[30.455236,50.472371],[30.454607,50.472466],[30.454576,50.472386],[30.455205,50.472291],[30.455751,50.472209],[30.458016,50.471876],[30.458606,50.471789],[30.458743,50.47177],[30.458956,50.471747],[30.459177,50.471723],[30.460544,50.471572],[30.462073,50.471402],[30.462976,50.471307],[30.46334,50.471255],[30.463658,50.471201],[30.463948,50.471137],[30.464231,50.471057],[30.464507,50.470963],[30.464695,50.470883],[30.464813,50.470833],[30.465315,50.470611],[30.465588,50.470489]]},"properties":{"name":"вулиця Юрія Іллєнка"}},{"type":"Feature","geometry":{"type":"LineString","coordinates":[[30.471276,50.472167],[30.471191,50.472092],[30.470546,50.471519],[30.470419,50.47141],[30.469934,50.470983],[30.469788,50.470854],[30.469735,50.470807],[30.469686,50.470763],[30.469621,50.47071],[30.468958,50.470181],[30.468144,50.469482],[30.46812,50.469468],[30.468058,50.469439],[30.467954,50.469375]]},"properties":{"name":"вулиця Академіка Ромоданова"}},{"type":"Feature","geometry":{"type":"LineString","coordinates":[[30.471276,50.472167],[30.47173,50.471955],[30.472367,50.471657],[30.472585,50.47156],[30.472648,50.471526],[30.473678,50.471021],[30.473828,50.470984],[30.473956,50.470961],[30.474103,50.470939],[30.474134,50.470936],[30.474456,50.470906],[30.47516,50.470825],[30.475603,50.470773],[30.475864,50.470743],[30.476463,50.470679],[30.476737,50.470647],[30.477067,50.470612],[30.47777,50.470521],[30.477895,50.470504],[30.478094,50.470472],[30.478241,50.470443],[30.478446,50.470395],[30.478508,50.47038],[30.47859,50.470362],[30.478911,50.470298],[30.4793,50.470207],[30.479766,50.47011],[30.480032,50.470096],[30.480332,50.470105],[30.480988,50.470176],[30.481123,50.470189],[30.481401,50.470203],[30.481906,50.470188],[30.482481,50.470166],[30.482565,50.470163],[30.482771,50.470156],[30.48334,50.470137],[30.483767,50.470124],[30.483937,50.470118],[30.484633,50.470095]]},"properties":{"name":"Загорівська вулиця"}},{"type":"Feature","geometry":{"type":"LineString","coordinates":[[30.484633,50.470095],[30.48463,50.470035],[30.484576,50.469514],[30.484566,50.46943],[30.484554,50.46933],[30.484549,50.469287],[30.484485,50.468778],[30.484456,50.46855],[30.484417,50.467979]]},"properties":{"name":"Половецька вулиця"}},{"type":"Feature","geometry":{"type":"LineString","coordinates":[[30.485072,50.467951],[30.484417,50.467979]]},"properties":{"name":"Татарський провулок"}},{"type":"Feature","geometry":{"type":"LineString","coordinates":[[30.486357,50.467897],[30.486368,50.46799],[30.486434,50.468842],[30.486476,50.469322],[30.486478,50.469361],[30.486512,50.469972],[30.486516,50.470027],[30.486518,50.470072],[30.486523,50.470154],[30.486543,50.470517],[30.486547,50.4706],[30.486549,50.470698],[30.48654,50.470776],[30.486529,50.470838],[30.486473,50.470919],[30.486411,50.470971],[30.486318,50.471022],[30.484885,50.471457],[30.484745,50.4715]]},"properties":{"name":"Татарська вулиця"}},{"type":"Feature","geometry":{"type":"LineString","coordinates":[[30.478424,50.474913],[30.478624,50.4749],[30.478967,50.474874],[30.479875,50.474805],[30.480409,50.474763],[30.480679,50.474731],[30.480894,50.474678],[30.481051,50.474637],[30.481797,50.473977],[30.482355,50.473502],[30.48312,50.47286],[30.483521,50.472523],[30.484387,50.471796],[30.484617,50.471599],[30.484745,50.4715]]},"properties":{"name":"Нагірна вулиця"}},{"type":"Feature","geometry":{"type":"LineString","coordinates":[[30.478424,50.474913],[30.478088,50.474558],[30.477997,50.474477],[30.477757,50.474267],[30.477209,50.473786],[30.477083,50.473675],[30.477,50.473602],[30.476932,50.473547],[30.476768,50.473399],[30.476038,50.472755],[30.475972,50.472703],[30.475462,50.472265],[30.475336,50.472156],[30.474724,50.471636],[30.474504,50.471449],[30.474262,50.471231],[30.474089,50.471075],[30.473956,50.470961],[30.473819,50.470842],[30.473305,50.47039]]},"properties":{"name":"Овруцька вулиця"}},{"type":"Feature","geometry":{"type":"LineString","coordinates":[[30.472361,50.469568],[30.472426,50.469619],[30.472613,50.469777],[30.473064,50.470158],[30.473193,50.470282],[30.473305,50.47039],[30.473227,50.470222],[30.473199,50.470093],[30.473186,50.469861],[30.473196,50.469472],[30.473204,50.469144]]},"properties":{"name":"Овруцька вулиця"}},{"type":"Feature","geometry":{"type":"LineString","coordinates":[[30.472343,50.469576],[30.472361,50.469568],[30.472579,50.469465],[30.472965,50.469283],[30.47304,50.469248],[30.473204,50.469144],[30.473212,50.469041],[30.473243,50.468719],[30.473254,50.468621],[30.47328,50.468487],[30.473378,50.468282],[30.473614,50.467932],[30.474349,50.467002],[30.474521,50.466783],[30.474673,50.466592],[30.474721,50.466531],[30.474738,50.46651],[30.475099,50.466077]]},"properties":{"name":"вулиця Герцена"}},{"type":"Feature","geometry":{"type":"LineString","coordinates":[[30.47916,50.455189],[30.479072,50.455196],[30.478919,50.455208],[30.477169,50.4555],[30.474945,50.455872],[30.474663,50.455919],[30.47444,50.455982],[30.474299,50.45607]]},"properties":{"name":"Ростиславська вулиця"}},{"type":"Feature","geometry":{"type":"LineString","coordinates":[[30.484863,50.454249],[30.484697,50.454277]]},"properties":{"name":"Ростиславська вулиця"}},{"type":"Feature","geometry":{"type":"LineString","coordinates":[[30.40583,50.481227],[30.405838,50.481787]]},"properties":{"name":"площа Валерія Марченка"}},{"type":"Feature","geometry":{"type":"LineString","coordinates":[[30.405838,50.481787],[30.405831,50.482084],[30.405829,50.482202],[30.405828,50.482252],[30.405827,50.482938],[30.405828,50.483043],[30.405825,50.483217],[30.405825,50.483632],[30.405825,50.483809],[30.405827,50.48421],[30.405826,50.484413],[30.405822,50.484777],[30.405821,50.484823],[30.405819,50.485384],[30.405819,50.485987],[30.40582,50.486162],[30.405818,50.486566],[30.405818,50.48659],[30.405818,50.486617],[30.405823,50.487151],[30.405823,50.487209],[30.405821,50.487858],[30.40582,50.488275],[30.40582,50.488349],[30.405819,50.488429],[30.405818,50.488993],[30.405816,50.48959],[30.40583,50.49019],[30.405834,50.490307],[30.405854,50.490762],[30.405857,50.490879],[30.405855,50.490973],[30.405856,50.491336],[30.405853,50.491675],[30.405851,50.491873],[30.405844,50.493165],[30.405847,50.493319],[30.405847,50.493383],[30.405851,50.493566],[30.40586,50.493952],[30.40587,50.494743],[30.405869,50.494937],[30.405868,50.495151],[30.405868,50.495241],[30.405869,50.49534],[30.405868,50.495496],[30.405863,50.496489],[30.405844,50.498362],[30.405823,50.499831],[30.405817,50.500295],[30.405827,50.50072],[30.40587,50.501369],[30.405962,50.501912],[30.406219,50.50293],[30.406563,50.503769]]},"properties":{"name":"вулиця Івана Виговського"}},{"type":"Feature","geometry":{"type":"LineString","coordinates":[[30.408596,50.506919],[30.408417,50.506844],[30.408331,50.506786],[30.408263,50.506703],[30.407999,50.506172],[30.407609,50.505352],[30.407277,50.504699],[30.407185,50.50454],[30.406815,50.504055],[30.406563,50.503769],[30.4066,50.50398],[30.4067,50.504562],[30.406755,50.504748],[30.407544,50.506392],[30.407755,50.506848],[30.40777,50.506906],[30.407761,50.506963],[30.407727,50.507045]]},"properties":{"name":"вулиця Івана Виговського"}},{"type":"Feature","geometry":{"type":"LineString","coordinates":[[30.405857,50.490879],[30.40615,50.490874],[30.406463,50.490874],[30.406811,50.490874],[30.406857,50.490874],[30.407054,50.490873],[30.407637,50.490874],[30.408241,50.490876],[30.409588,50.490879],[30.409779,50.49088],[30.410125,50.490879],[30.412218,50.490872],[30.413094,50.490872],[30.413147,50.490872],[30.413364,50.490873],[30.413897,50.490876],[30.414173,50.490879],[30.415102,50.490878],[30.41526,50.490863],[30.415421,50.490833],[30.415481,50.490818],[30.415941,50.490705],[30.416432,50.490583],[30.416554,50.490548],[30.416615,50.490533],[30.416681,50.490516],[30.417246,50.490382],[30.41772,50.490264],[30.419291,50.489872],[30.420319,50.489615],[30.421056,50.489433],[30.421387,50.489345],[30.42158,50.489295],[30.421928,50.489202],[30.422174,50.489136],[30.422332,50.489096],[30.422494,50.489052],[30.422713,50.488996],[30.423042,50.488911],[30.424114,50.488644],[30.424458,50.488543],[30.424788,50.488449]]},"properties":{"name":"вулиця Віктора Некрасова"}},{"type":"Feature","geometry":{"type":"LineString","coordinates":[[30.422332,50.489096],[30.422383,50.489201],[30.422395,50.489228],[30.422498,50.489465],[30.422522,50.489494],[30.422646,50.489663],[30.422856,50.489772],[30.423675,50.490115],[30.423796,50.490165],[30.424783,50.490578],[30.425374,50.490825],[30.42579,50.490999],[30.425984,50.49108],[30.426206,50.491156],[30.426538,50.491264],[30.426963,50.49135],[30.427975,50.491446],[30.428066,50.491454],[30.428471,50.491485],[30.42881,50.491512],[30.428977,50.491525],[30.42918,50.491542],[30.429527,50.491572],[30.430997,50.491697],[30.432161,50.491814],[30.434419,50.492053],[30.434568,50.492068],[30.435722,50.492188],[30.435883,50.492204],[30.435957,50.492211],[30.436045,50.49222],[30.436142,50.49223],[30.436381,50.492253],[30.436788,50.492296],[30.437756,50.492392],[30.438777,50.492498],[30.43982,50.492592],[30.440906,50.492697],[30.441772,50.492779],[30.442023,50.492804],[30.442767,50.492875],[30.443427,50.49294],[30.44395,50.492994],[30.444147,50.493012],[30.444392,50.493037],[30.445384,50.493139],[30.445706,50.493204],[30.445953,50.493263],[30.447069,50.493627],[30.44776,50.493859],[30.447923,50.493912],[30.448002,50.493936],[30.448207,50.494003],[30.448689,50.494159],[30.448754,50.49418],[30.449853,50.494554],[30.45073,50.494839],[30.454096,50.495936],[30.454499,50.496085],[30.454868,50.496269],[30.455779,50.496741],[30.456013,50.496866],[30.45616,50.496948]]},"properties":{"name":"Білицька вулиця"}},{"type":"Feature","geometry":{"type":"LineString","coordinates":[[30.45716,50.496394],[30.457217,50.496273],[30.457234,50.496186],[30.457226,50.496124],[30.457185,50.496048],[30.457402,50.496095],[30.457474,50.496111],[30.457536,50.496111],[30.45778,50.496084]]},"properties":{"name":"Білицька вулиця"}},{"type":"Feature","geometry":{"type":"LineString","coordinates":[[30.44968,50.516936],[30.449689,50.516862],[30.449695,50.51681],[30.44975,50.516322],[30.449773,50.516138],[30.449784,50.516034],[30.449935,50.514698],[30.449952,50.514591],[30.449964,50.514455],[30.449992,50.514129],[30.450071,50.513357],[30.450088,50.513237],[30.450171,50.512652],[30.450186,50.512518],[30.450257,50.512026],[30.45027,50.511924],[30.450275,50.511882],[30.450311,50.511598],[30.450324,50.51148],[30.450346,50.511278],[30.450391,50.510972],[30.45051,50.510154],[30.450526,50.510039],[30.450578,50.509639],[30.450624,50.50926],[30.450707,50.508454],[30.450714,50.508373],[30.450721,50.50827],[30.450738,50.50801],[30.45078,50.507287],[30.450806,50.506758],[30.450815,50.506512],[30.450823,50.506377],[30.450846,50.506051],[30.450873,50.505903],[30.450927,50.50556],[30.450959,50.505364],[30.451012,50.505083],[30.45109,50.504692],[30.451159,50.504303],[30.451221,50.503938],[30.451288,50.503546],[30.451296,50.503507],[30.451352,50.503107],[30.451477,50.502254],[30.451484,50.502214],[30.45158,50.501627],[30.451645,50.5012],[30.451656,50.501113],[30.451677,50.500965],[30.451692,50.500843],[30.45172,50.500578],[30.451733,50.500468],[30.451748,50.500425],[30.451781,50.500358],[30.451844,50.500288],[30.452122,50.50005],[30.452447,50.499765],[30.452835,50.499455],[30.453177,50.499169],[30.454206,50.498376],[30.454477,50.498164],[30.455713,50.497242],[30.45588,50.497126],[30.45616,50.496948],[30.45636,50.496825],[30.456446,50.496773],[30.45711,50.496424],[30.45716,50.496394]]},"properties":{"name":"Вишгородська вулиця"}},{"type":"Feature","geometry":{"type":"LineString","coordinates":[[30.449683,50.520644],[30.449514,50.52053],[30.449467,50.520473],[30.449421,50.520397],[30.44941,50.520324],[30.449406,50.520238],[30.449422,50.520106],[30.449439,50.519963],[30.449498,50.519528],[30.449578,50.518993],[30.449619,50.518692],[30.449765,50.517514],[30.449765,50.517425],[30.44976,50.517332],[30.44968,50.516936],[30.449604,50.517471],[30.449478,50.51851],[30.449418,50.518988],[30.44927,50.519957],[30.449239,50.520186],[30.449199,50.520494],[30.449207,50.52073]]},"properties":{"name":"Вишгородська вулиця"}},{"type":"Feature","geometry":{"type":"LineString","coordinates":[[30.449751,50.520677],[30.449856,50.520691],[30.449934,50.520694],[30.449992,50.520692],[30.450427,50.520626],[30.451397,50.52048],[30.452688,50.520292],[30.452852,50.520268],[30.453051,50.52024],[30.453189,50.520222],[30.453462,50.520192],[30.453967,50.520115],[30.454148,50.520087],[30.457068,50.519417],[30.457327,50.519357],[30.457567,50.519301],[30.458346,50.519122],[30.458999,50.518971],[30.46226,50.518213],[30.462715,50.518107],[30.462991,50.518045],[30.463102,50.518022],[30.463174,50.518008],[30.463287,50.517989],[30.463543,50.517947],[30.463646,50.517931],[30.463897,50.517902],[30.464083,50.517885],[30.464358,50.517866],[30.464642,50.517852],[30.464978,50.517845],[30.467167,50.517813],[30.467679,50.517808],[30.468469,50.5178],[30.468612,50.517799],[30.468844,50.517797],[30.469124,50.517794],[30.469492,50.517791],[30.469715,50.517788],[30.471838,50.517772],[30.473237,50.517755],[30.474359,50.517742],[30.474899,50.517736],[30.47746,50.517699],[30.478078,50.51769],[30.478708,50.517683],[30.479548,50.517673],[30.479871,50.517669],[30.480036,50.517668],[30.480101,50.517667],[30.480142,50.517667],[30.480569,50.517662],[30.481283,50.517654],[30.482551,50.517641],[30.482747,50.517639]]},"properties":{"name":"Полярна вулиця"}},{"type":"Feature","geometry":{"type":"LineString","coordinates":[[30.449862,50.520848],[30.449945,50.520826],[30.450037,50.520809],[30.450239,50.520777],[30.45089,50.520673],[30.451252,50.520619],[30.451383,50.520602],[30.451712,50.520554],[30.451818,50.520534],[30.45259,50.520418],[30.452889,50.520387],[30.453104,50.520365],[30.453368,50.520335],[30.453698,50.520292],[30.453907,50.520253],[30.454024,50.520227],[30.454172,50.520194],[30.454594,50.520096],[30.456013,50.519766],[30.456301,50.5197],[30.456598,50.519632],[30.457382,50.519453],[30.457622,50.519398],[30.458007,50.51931],[30.460347,50.518766],[30.461909,50.518402],[30.462466,50.518273],[30.462702,50.51822],[30.463154,50.518123],[30.46334,50.518088],[30.463588,50.51805],[30.463684,50.518036],[30.463959,50.518],[30.464287,50.517972],[30.464547,50.517959],[30.464659,50.517954],[30.464994,50.517943],[30.465465,50.517936],[30.466282,50.517926],[30.466794,50.51792],[30.467252,50.517915],[30.467985,50.517907],[30.468587,50.517901],[30.468837,50.517898],[30.469124,50.517895],[30.469231,50.517894],[30.469692,50.51789],[30.470572,50.517881],[30.472076,50.517874],[30.473243,50.517859],[30.47436,50.517845],[30.474653,50.517842],[30.476423,50.517814],[30.476726,50.51781],[30.47752,50.517798],[30.478012,50.51779],[30.47875,50.517779],[30.47911,50.517774],[30.479383,50.517769],[30.479728,50.517763],[30.479865,50.517761],[30.480099,50.517757],[30.480141,50.517756],[30.480198,50.517755],[30.481306,50.517749],[30.482396,50.51774],[30.482743,50.517734]]},"properties":{"name":"Полярна вулиця"}},{"type":"Feature","geometry":{"type":"LineString","coordinates":[[30.457567,50.519301],[30.457622,50.519398],[30.457857,50.519812],[30.457995,50.520054],[30.45832,50.520634],[30.458333,50.520657],[30.458429,50.520828],[30.45926,50.522277],[30.459285,50.522321],[30.459289,50.522329],[30.459331,50.522399],[30.459693,50.523026],[30.459732,50.523095],[30.459761,50.523147],[30.459795,50.523209],[30.460076,50.523711],[30.46014,50.523818],[30.460309,50.524116],[30.460834,50.525027],[30.46088,50.525121]]},"properties":{"name":"проспект Дмитра Павличка"}},{"type":"Feature","geometry":{"type":"LineString","coordinates":[[30.460616,50.525192],[30.460594,50.525081],[30.459981,50.524006],[30.459952,50.523955],[30.459927,50.523911],[30.459904,50.523871],[30.459755,50.523605],[30.459315,50.522838],[30.45916,50.522553],[30.459145,50.522528],[30.459124,50.522491],[30.459103,50.522454],[30.458206,50.520877],[30.458112,50.520709],[30.45762,50.519865],[30.457473,50.519611],[30.457382,50.519453],[30.457327,50.519357]]},"properties":{"name":"проспект Дмитра Павличка"}},{"type":"Feature","geometry":{"type":"LineString","coordinates":[[30.462919,50.525391],[30.463113,50.525407],[30.46323,50.525416],[30.463691,50.525448]]},"properties":{"name":"вулиця Юрія Кондратюка"}},{"type":"Feature","geometry":{"type":"LineString","coordinates":[[30.454303,50.526553],[30.454342,50.526572],[30.45451,50.526624],[30.454644,50.526608],[30.456098,50.526276],[30.456319,50.526225],[30.456452,50.526195],[30.456558,50.526171],[30.456998,50.52607],[30.457282,50.526005],[30.458331,50.525766],[30.460249,50.52529],[30.460442,50.525239],[30.460616,50.525192]]},"properties":{"name":"вулиця Юрія Кондратюка"}},{"type":"Feature","geometry":{"type":"LineString","coordinates":[[30.461312,50.525283],[30.46081,50.52528]]},"properties":{"name":"вулиця Юрія Кондратюка"}},{"type":"Feature","geometry":{"type":"LineString","coordinates":[[30.46072,50.525279],[30.460557,50.525273],[30.460466,50.525278],[30.460249,50.52529]]},"properties":{"name":"вулиця Юрія Кондратюка"}},{"type":"Feature","geometry":{"type":"LineString","coordinates":[[30.46271,50.525009],[30.462636,50.524869],[30.462592,50.524826],[30.46249,50.52478]]},"properties":{"name":"вулиця Юрія Кондратюка"}},{"type":"Feature","geometry":{"type":"LineString","coordinates":[[30.46249,50.52478],[30.462183,50.524851],[30.461861,50.524925],[30.461383,50.525036],[30.461357,50.525041],[30.460917,50.525167],[30.461312,50.525283],[30.46143,50.52529],[30.461462,50.525292],[30.4628,50.525383],[30.462919,50.525391],[30.462938,50.525297],[30.462933,50.525254],[30.46293,50.525237],[30.462837,50.52506],[30.462666,50.524737],[30.46249,50.52478]]},"properties":{"name":"вулиця Юрія Кондратюка"}},{"type":"Feature","geometry":{"type":"LineString","coordinates":[[30.454303,50.526553],[30.453176,50.526047],[30.452771,50.52586],[30.45268,50.525803],[30.452624,50.52574],[30.452574,50.525664],[30.452109,50.52483],[30.451786,50.524247],[30.450828,50.522565],[30.45079,50.522497],[30.450619,50.522173],[30.450609,50.522076],[30.450604,50.522017]]},"properties":{"name":"Литовський проспект"}},{"type":"Feature","geometry":{"type":"LineString","coordinates":[[30.452934,50.566325],[30.452935,50.565908],[30.452928,50.565437],[30.452929,50.564259],[30.452933,50.563811],[30.452982,50.560928],[30.452981,50.560657],[30.45298,50.560458],[30.452975,50.558642],[30.45305,50.558131],[30.453301,50.557357],[30.453623,50.556364],[30.453824,50.55514],[30.453829,50.553494],[30.453826,50.55264],[30.453872,50.552166],[30.454021,50.551558],[30.454032,50.55151],[30.454936,50.549037],[30.455474,50.547433],[30.455499,50.547366],[30.455871,50.546282],[30.456013,50.545847],[30.456118,50.545412],[30.456296,50.542753],[30.456613,50.53811],[30.456627,50.537957],[30.456834,50.534844],[30.45682,50.534066],[30.456777,50.533937],[30.45675,50.533855],[30.456639,50.533569],[30.455636,50.531776],[30.454737,50.530162],[30.454527,50.529784],[30.454438,50.529624],[30.454096,50.529009],[30.453369,50.5278],[30.453211,50.527521],[30.453137,50.527391],[30.453062,50.527256],[30.452987,50.527126],[30.452843,50.52687],[30.452651,50.526506],[30.452416,50.526022],[30.452143,50.525538],[30.451495,50.524395],[30.450413,50.522486],[30.450368,50.522407],[30.44986,50.521516],[30.449786,50.521385],[30.449726,50.521277],[30.44965,50.5212],[30.449559,50.521127],[30.449451,50.521052]]},"properties":{"name":"Литовський проспект"}},{"type":"Feature","geometry":{"type":"LineString","coordinates":[[30.643341,50.485359],[30.64307,50.485253]]},"properties":{"name":"Лісовий проспект"}},{"type":"Feature","geometry":{"type":"LineString","coordinates":[[30.634301,50.483062],[30.634653,50.483032],[30.63484,50.483029],[30.635039,50.48304]]},"properties":{"name":"Лісовий проспект"}},{"type":"Feature","geometry":{"type":"LineString","coordinates":[[30.633614,50.48287],[30.633286,50.48262],[30.633028,50.482492]]},"properties":{"name":"Лісовий проспект"}},{"type":"Feature","geometry":{"type":"LineString","coordinates":[[30.625666,50.48066],[30.625853,50.480638],[30.626094,50.480631],[30.626356,50.480637]]},"properties":{"name":"Лісовий проспект"}},{"type":"Feature","geometry":{"type":"LineString","coordinates":[[30.62588,50.480336],[30.626045,50.480459],[30.626148,50.480523],[30.626356,50.480637],[30.626626,50.480713],[30.627814,50.481038],[30.628891,50.481345],[30.629667,50.481565],[30.63043,50.481781],[30.631156,50.481983],[30.631728,50.482136],[30.631864,50.482174],[30.631943,50.482195],[30.632104,50.482239],[30.632808,50.482431],[30.632989,50.482481],[30.633028,50.482492],[30.63335,50.482531],[30.633518,50.48254],[30.63372,50.482535],[30.633855,50.482513]]},"properties":{"name":"Лісовий проспект"}},{"type":"Feature","geometry":{"type":"LineString","coordinates":[[30.624937,50.480524],[30.624687,50.480299],[30.624533,50.480221],[30.624522,50.480216],[30.624259,50.480114],[30.623918,50.479992]]},"properties":{"name":"Лісовий проспект"}},{"type":"Feature","geometry":{"type":"LineString","coordinates":[[30.625164,50.480115],[30.62487,50.480122],[30.624695,50.480118],[30.624593,50.480108],[30.624481,50.480094],[30.624322,50.480065],[30.623918,50.479992],[30.623662,50.479919],[30.621706,50.479368],[30.621619,50.479344],[30.621592,50.479336],[30.620311,50.478976],[30.62006,50.478905],[30.619652,50.47879],[30.619223,50.47867],[30.618132,50.478368],[30.617827,50.478277],[30.617653,50.478225]]},"properties":{"name":"Лісовий проспект"}},{"type":"Feature","geometry":{"type":"LineString","coordinates":[[30.634548,50.482711],[30.634628,50.482785],[30.634751,50.482875],[30.634903,50.482965],[30.635039,50.48304],[30.636464,50.483432],[30.63726,50.483656],[30.63748,50.483714],[30.63772,50.483779],[30.637906,50.48383],[30.638086,50.483883],[30.639375,50.484241],[30.640009,50.484414],[30.640685,50.48461],[30.64307,50.485253],[30.643556,50.48536],[30.644108,50.485507]]},"properties":{"name":"Лісовий проспект"}},{"type":"Feature","geometry":{"type":"LineString","coordinates":[[30.625213,50.480102],[30.625452,50.480011],[30.625565,50.479952],[30.625666,50.479892],[30.625795,50.47981]]},"properties":{"name":"вулиця Мілютенка"}},{"type":"Feature","geometry":{"type":"LineString","coordinates":[[30.630455,50.47237],[30.630485,50.472505],[30.630515,50.472694],[30.6305,50.472887]]},"properties":{"name":"вулиця Мілютенка"}},{"type":"Feature","geometry":{"type":"LineString","coordinates":[[30.630901,50.471731],[30.631026,50.471678],[30.631272,50.471549],[30.631566,50.47133]]},"properties":{"name":"вулиця Мілютенка"}},{"type":"Feature","geometry":{"type":"LineString","coordinates":[[30.636402,50.464209],[30.636338,50.464303],[30.636059,50.464714],[30.636016,50.464778],[30.635667,50.465291],[30.635299,50.465833],[30.635263,50.465885],[30.635082,50.466153],[30.634931,50.466375],[30.634347,50.467235],[30.634302,50.4673],[30.634008,50.467733],[30.63371,50.468173],[30.633661,50.468245],[30.633547,50.468412],[30.633442,50.468567],[30.633374,50.468667],[30.63306,50.469129],[30.632981,50.469246],[30.632625,50.469771],[30.632112,50.470526],[30.631792,50.470997],[30.631768,50.471032],[30.631696,50.471138],[30.631653,50.471201],[30.631566,50.47133],[30.631479,50.471619],[30.631498,50.471781],[30.631586,50.471975]]},"properties":{"name":"вулиця Мілютенка"}},{"type":"Feature","geometry":{"type":"LineString","coordinates":[[30.631126,50.472544],[30.630939,50.472624],[30.630741,50.472734],[30.6305,50.472887],[30.630186,50.473348],[30.630065,50.473525],[30.629743,50.473998],[30.629684,50.474084],[30.629658,50.474122],[30.629312,50.474629],[30.628884,50.47526],[30.628842,50.475323],[30.628664,50.475576],[30.628415,50.47594],[30.628116,50.476384],[30.627916,50.476677],[30.627783,50.47688],[30.627709,50.476977],[30.627526,50.477249],[30.627358,50.477497],[30.627096,50.477883],[30.626514,50.47874],[30.62595,50.479577],[30.625839,50.479744],[30.625795,50.47981],[30.625782,50.479923],[30.625785,50.480025],[30.6258,50.480136],[30.625854,50.480283]]},"properties":{"name":"вулиця Мілютенка"}},{"type":"Feature","geometry":{"type":"LineString","coordinates":[[30.625001,50.480622],[30.624984,50.480577]]},"properties":{"name":"вулиця Мілютенка"}},{"type":"Feature","geometry":{"type":"LineString","coordinates":[[30.633925,50.482495],[30.634148,50.482382],[30.634277,50.482307],[30.634368,50.482252],[30.63451,50.482154],[30.634616,50.481997],[30.636189,50.47967],[30.636372,50.479399],[30.636462,50.479259],[30.636589,50.479072],[30.637487,50.477753],[30.638054,50.47692],[30.638098,50.476856],[30.638286,50.476576],[30.638691,50.475999],[30.638806,50.475822],[30.639521,50.474729],[30.639537,50.474705],[30.639595,50.474614],[30.639724,50.474442],[30.639797,50.474347],[30.639886,50.474216],[30.640627,50.473123],[30.640919,50.472704],[30.640976,50.472622],[30.641877,50.471306],[30.642007,50.471117],[30.642103,50.470976],[30.642255,50.470754],[30.642498,50.4704],[30.642691,50.470114],[30.642915,50.469784],[30.643281,50.469248],[30.643575,50.468817],[30.6443,50.467752],[30.644363,50.467658],[30.644969,50.46675],[30.64505,50.46662]]},"properties":{"name":"вулиця Кубанської України"}},{"type":"Feature","geometry":{"type":"LineString","coordinates":[[30.634182,50.483089],[30.63395,50.483207],[30.63381,50.483289],[30.633738,50.483334],[30.633679,50.483371]]},"properties":{"name":"вулиця Кубанської України"}},{"type":"Feature","geometry":{"type":"LineString","coordinates":[[30.630665,50.488355],[30.63065,50.488185],[30.630664,50.487998],[30.630701,50.48782],[30.630733,50.487733]]},"properties":{"name":"вулиця Кубанської України"}},{"type":"Feature","geometry":{"type":"LineString","coordinates":[[30.62999,50.488226],[30.630269,50.488063],[30.630499,50.487904],[30.630645,50.487803],[30.630733,50.487733],[30.630957,50.487402],[30.631216,50.487019],[30.631237,50.486984],[30.631295,50.486902],[30.63177,50.486198],[30.631878,50.486038],[30.631975,50.485896],[30.632283,50.485439],[30.632327,50.485374],[30.63258,50.484999],[30.633187,50.4841],[30.633496,50.483642],[30.633526,50.483598],[30.633679,50.483371],[30.633694,50.483258],[30.633705,50.483169],[30.633689,50.483051],[30.633641,50.482916]]},"properties":{"name":"вулиця Кубанської України"}},{"type":"Feature","geometry":{"type":"LineString","coordinates":[[30.63451,50.482154],[30.634507,50.482285],[30.634496,50.482385],[30.634495,50.482507],[30.634508,50.482588],[30.634529,50.482675]]},"properties":{"name":"вулиця Кубанської України"}},{"type":"Feature","geometry":{"type":"LineString","coordinates":[[30.630721,50.488484],[30.630964,50.488708],[30.63117,50.488834],[30.631351,50.488909],[30.631628,50.489017]]},"properties":{"name":"вулиця Космонавта Поповича"}},{"type":"Feature","geometry":{"type":"LineString","coordinates":[[30.644014,50.485582],[30.644106,50.485623],[30.644226,50.485688],[30.644301,50.485743],[30.644347,50.485794],[30.644384,50.485871],[30.644411,50.485982],[30.644411,50.486062],[30.644395,50.486149],[30.644357,50.486226],[30.644342,50.486256],[30.644304,50.486311],[30.644272,50.486366],[30.644242,50.486415],[30.643197,50.486896],[30.641466,50.487659],[30.641411,50.487683],[30.641355,50.487705],[30.641318,50.487719],[30.64127,50.48774],[30.640932,50.487873],[30.640612,50.487993],[30.640085,50.488165],[30.638954,50.488484],[30.638712,50.488538],[30.637768,50.488747],[30.637629,50.488767],[30.63751,50.488784],[30.636379,50.488948],[30.636039,50.488982],[30.635462,50.48904],[30.63473,50.489074],[30.634429,50.489088],[30.633602,50.489103],[30.633159,50.489107],[30.633028,50.489106],[30.632774,50.489098],[30.632412,50.489077],[30.632241,50.489061],[30.631628,50.489017],[30.631308,50.488978],[30.630888,50.488924],[30.63024,50.488825]]},"properties":{"name":"вулиця Космонавта Поповича"}},{"type":"Feature","geometry":{"type":"LineString","coordinates":[[30.644108,50.485507],[30.644317,50.485593],[30.644425,50.485674],[30.644505,50.485777],[30.644556,50.485878],[30.644586,50.485949],[30.644583,50.486036],[30.644557,50.486158],[30.644516,50.486236],[30.644449,50.486309],[30.644347,50.486361]]},"properties":{"name":"вулиця Космонавта Поповича"}},{"type":"Feature","geometry":{"type":"LineString","coordinates":[[30.629035,50.443436],[30.628904,50.443197],[30.628864,50.443123],[30.628277,50.442052],[30.62819,50.441894],[30.628119,50.441764],[30.628099,50.441726],[30.628064,50.441661],[30.627928,50.441583],[30.627887,50.441542],[30.627861,50.441482],[30.627843,50.441378]]},"properties":{"name":"Пластова вулиця"}},{"type":"Feature","geometry":{"type":"LineString","coordinates":[[30.62879,50.443468],[30.628648,50.443249],[30.628593,50.443164],[30.628039,50.442182],[30.627909,50.441958],[30.627825,50.441825]]},"properties":{"name":"Пластова вулиця"}},{"type":"Feature","geometry":{"type":"LineString","coordinates":[[30.628045,50.441779],[30.628119,50.441764],[30.628299,50.441724],[30.630666,50.44123],[30.632512,50.440833],[30.632605,50.440814],[30.632715,50.44079],[30.632786,50.440775],[30.634498,50.440434],[30.635725,50.44019],[30.635794,50.440176],[30.635803,50.440174],[30.636951,50.439934],[30.637031,50.439917],[30.637824,50.439747],[30.63793,50.439719],[30.638157,50.439659],[30.638459,50.439572],[30.638748,50.439459],[30.63897,50.439365],[30.639325,50.439183],[30.640145,50.438705],[30.640239,50.43865],[30.640536,50.438477],[30.641705,50.437795],[30.642043,50.437607],[30.642581,50.437307],[30.642661,50.437263],[30.643589,50.436727],[30.644016,50.436478],[30.644537,50.436184],[30.645211,50.435779],[30.645441,50.435641],[30.645585,50.435564],[30.645669,50.435537],[30.645745,50.435523],[30.645849,50.435518],[30.645852,50.435481],[30.645854,50.435448],[30.645865,50.435375],[30.645885,50.435328],[30.645921,50.43528],[30.645994,50.435235]]},"properties":{"name":"Празька вулиця"}},{"type":"Feature","geometry":{"type":"LineString","coordinates":[[30.635756,50.440066],[30.635781,50.440061],[30.636395,50.439932],[30.637242,50.439754],[30.637421,50.439717],[30.637769,50.439641],[30.6381,50.439565],[30.638346,50.439494],[30.6387,50.439368],[30.638809,50.439321],[30.638986,50.439236],[30.639237,50.439099],[30.64004,50.438633],[30.640095,50.4386],[30.640295,50.438484],[30.640486,50.438375],[30.641948,50.437539],[30.642108,50.437447],[30.642481,50.437232],[30.643914,50.436405],[30.6451,50.435712],[30.645461,50.435501],[30.645694,50.435395],[30.645698,50.435394],[30.645772,50.435378],[30.645865,50.435375]]},"properties":{"name":"Празька вулиця"}},{"type":"Feature","geometry":{"type":"LineString","coordinates":[[30.627902,50.441809],[30.627825,50.441825]]},"properties":{"name":"Празька вулиця"}},{"type":"Feature","geometry":{"type":"LineString","coordinates":[[30.627859,50.441801],[30.627825,50.441825],[30.627336,50.441906]]},"properties":{"name":"Празька вулиця"}},{"type":"Feature","geometry":{"type":"LineString","coordinates":[[30.645865,50.435375],[30.645959,50.435382],[30.646085,50.435409],[30.646584,50.435669],[30.647601,50.436197],[30.648537,50.436683],[30.649515,50.437185],[30.650767,50.43784],[30.650922,50.437922],[30.65202,50.438482],[30.653209,50.439057],[30.653523,50.439198],[30.653698,50.439277],[30.655506,50.440083],[30.65564,50.44013],[30.655761,50.440162],[30.655947,50.440189],[30.656243,50.440216],[30.657214,50.440291],[30.6582,50.440361],[30.658865,50.440409],[30.65969,50.440474],[30.660176,50.440506],[30.660555,50.440551],[30.660898,50.440607],[30.661107,50.440652],[30.661332,50.440707],[30.66149,50.440758],[30.661673,50.440825],[30.661967,50.440945],[30.662289,50.441115],[30.662758,50.441364],[30.663099,50.441544],[30.664349,50.442214],[30.664847,50.442481],[30.665602,50.442881],[30.665739,50.442954],[30.666288,50.443248],[30.666366,50.44329],[30.667447,50.443862],[30.66774,50.444017],[30.670452,50.445489],[30.670557,50.445546],[30.670624,50.44558],[30.672028,50.44632],[30.672191,50.446405],[30.672303,50.446468],[30.672381,50.446509],[30.672893,50.446794],[30.673762,50.447272],[30.673962,50.447383],[30.674194,50.44752],[30.674415,50.44765],[30.674536,50.44774],[30.674651,50.447833],[30.674943,50.448124],[30.674989,50.448204],[30.675014,50.448252],[30.675032,50.448293]]},"properties":{"name":"Алматинська вулиця"}},{"type":"Feature","geometry":{"type":"LineString","coordinates":[[30.680897,50.451679],[30.680741,50.451625],[30.680502,50.451532],[30.680347,50.451544]]},"properties":{"name":"Алматинська вулиця"}},{"type":"Feature","geometry":{"type":"LineString","coordinates":[[30.681881,50.452213],[30.680795,50.451786]]},"properties":{"name":"Алматинська вулиця"}},{"type":"Feature","geometry":{"type":"LineString","coordinates":[[30.680717,50.451757],[30.680638,50.451727],[30.680406,50.451642],[30.680347,50.451544],[30.677514,50.450433],[30.677152,50.450257],[30.676861,50.450078],[30.676759,50.449994],[30.676706,50.449946],[30.676579,50.449828],[30.676338,50.449596],[30.676261,50.449522],[30.676184,50.449447],[30.675032,50.448293],[30.674839,50.448169],[30.674539,50.447887],[30.674421,50.447809]]},"properties":{"name":"Алматинська вулиця"}},{"type":"Feature","geometry":{"type":"LineString","coordinates":[[30.680795,50.451786],[30.68083,50.451749],[30.68086,50.451718],[30.680897,50.451679]]},"properties":{"name":"вулиця Винахідників"}},{"type":"Feature","geometry":{"type":"LineString","coordinates":[[30.674536,50.44774],[30.674493,50.447766],[30.674458,50.44779],[30.674421,50.447809]]},"properties":{"name":"вулиця Батальйону Шейха Мансура"}},{"type":"Feature","geometry":{"type":"LineString","coordinates":[[30.634675,50.453094],[30.634914,50.453166]]},"properties":{"name":"Херсонський провулок"}},{"type":"Feature","geometry":{"type":"LineString","coordinates":[[30.607617,50.419585],[30.607737,50.419619],[30.608246,50.419763],[30.608535,50.419845],[30.610649,50.420445]]},"properties":{"name":"вулиця Гліба Бабіча"}},{"type":"Feature","geometry":{"type":"LineString","coordinates":[[30.611011,50.420548],[30.61174,50.420754],[30.612919,50.421088],[30.613602,50.421282],[30.613817,50.421343],[30.61402,50.4214],[30.614262,50.421469],[30.614664,50.421583],[30.614757,50.42161],[30.615569,50.42184],[30.61577,50.421897],[30.616775,50.422128],[30.617343,50.422251],[30.617767,50.422321],[30.618142,50.422343],[30.61848,50.422342],[30.618856,50.422305],[30.619235,50.422262],[30.619255,50.42226],[30.619443,50.422266],[30.619582,50.422307]]},"properties":{"name":"вулиця Гліба Бабіча"}},{"type":"Feature","geometry":{"type":"LineString","coordinates":[[30.607617,50.419585],[30.607667,50.419478],[30.607743,50.419339]]},"properties":{"name":"Сортувальна вулиця"}},{"type":"Feature","geometry":{"type":"LineString","coordinates":[[30.60893,50.41733],[30.609144,50.416968],[30.609236,50.416819],[30.610118,50.415275],[30.610518,50.4146],[30.610755,50.414195],[30.610844,50.414047]]},"properties":{"name":"Сортувальна вулиця"}},{"type":"Feature","geometry":{"type":"LineString","coordinates":[[30.609144,50.416968],[30.608983,50.416926]]},"properties":{"name":"Клеманська вулиця"}},{"type":"Feature","geometry":{"type":"LineString","coordinates":[[30.610844,50.414047],[30.61092,50.413911],[30.610989,50.413796],[30.611067,50.413669],[30.611571,50.412852],[30.611601,50.412806],[30.611645,50.412741],[30.611985,50.412328],[30.612018,50.412297],[30.612145,50.412176],[30.611993,50.412074]]},"properties":{"name":"Припʼятська вулиця"}},{"type":"Feature","geometry":{"type":"LineString","coordinates":[[30.612145,50.412176],[30.612494,50.412053],[30.612808,50.412],[30.613248,50.411955],[30.613392,50.41194],[30.613556,50.411923],[30.613717,50.411908],[30.613805,50.411892],[30.613859,50.411874],[30.614004,50.411824],[30.614097,50.411772],[30.614236,50.411696],[30.614956,50.411269],[30.615004,50.41124],[30.615064,50.411202],[30.615335,50.41103],[30.615815,50.410727],[30.615977,50.410621],[30.61671,50.410158],[30.616812,50.410084],[30.61693,50.410015],[30.617058,50.409934],[30.617823,50.409447],[30.618506,50.409011],[30.618605,50.408948],[30.618636,50.408928],[30.61913,50.408601],[30.61919,50.408561],[30.619292,50.408492],[30.619339,50.40846],[30.619655,50.408223],[30.620074,50.407896],[30.620178,50.40778],[30.620711,50.40697],[30.620795,50.406838],[30.620936,50.40661],[30.621036,50.406463],[30.621283,50.40608],[30.621622,50.405552],[30.621897,50.405125],[30.621926,50.405078],[30.622385,50.404366],[30.62277,50.403767],[30.622988,50.403428],[30.623147,50.403159],[30.623428,50.402679],[30.623502,50.402546]]},"properties":{"name":"Урлівська вулиця"}},{"type":"Feature","geometry":{"type":"LineString","coordinates":[[30.613859,50.411874],[30.613766,50.411778],[30.61352,50.411482]]},"properties":{"name":"вулиця Андрія Кизила"}},{"type":"Feature","geometry":{"type":"LineString","coordinates":[[30.614911,50.411133],[30.615004,50.41124]]},"properties":{"name":"Позняківська вулиця"}},{"type":"Feature","geometry":{"type":"LineString","coordinates":[[30.623502,50.402546],[30.623324,50.402516],[30.62282,50.402429],[30.622267,50.402335],[30.621681,50.402242],[30.621337,50.402188],[30.621106,50.402151],[30.620991,50.402132],[30.620879,50.402114],[30.620517,50.402056],[30.62034,50.402028],[30.620235,50.402012],[30.619506,50.4019],[30.619442,50.40189],[30.618358,50.401723],[30.617701,50.401623],[30.61758,50.401604],[30.617481,50.401592],[30.617236,50.401565],[30.616518,50.401483],[30.61571,50.401404],[30.615431,50.401376],[30.615046,50.401336]]},"properties":{"name":"вулиця Княжий Затон"}},{"type":"Feature","geometry":{"type":"LineString","coordinates":[[30.592755,50.429585],[30.592733,50.429232],[30.592568,50.428038],[30.592546,50.42785],[30.592535,50.427656],[30.592536,50.427523],[30.592545,50.426553],[30.592548,50.426112],[30.592552,50.425669],[30.592557,50.425038],[30.592558,50.424894],[30.59256,50.424703],[30.592561,50.424621],[30.592564,50.424407],[30.592574,50.423583],[30.59258,50.422273],[30.592583,50.422062],[30.592585,50.421898],[30.592588,50.421608],[30.592592,50.42131],[30.592594,50.421172],[30.592599,50.420897],[30.592603,50.420671],[30.592623,50.420062],[30.592629,50.419855],[30.592641,50.419612],[30.592667,50.41932],[30.59267,50.419285],[30.592717,50.419047],[30.59273,50.418999],[30.592801,50.41873],[30.592884,50.418492],[30.593039,50.41817],[30.593391,50.417528],[30.593551,50.417236],[30.593887,50.416659],[30.594183,50.416139],[30.594531,50.415525],[30.59493,50.414838],[30.595329,50.414149],[30.595552,50.413779],[30.595762,50.413469],[30.595804,50.413407],[30.595979,50.413186],[30.596174,50.412972],[30.59635,50.412794],[30.59652,50.41264],[30.5968,50.412422],[30.597011,50.412272],[30.597176,50.412159],[30.597269,50.412095],[30.597633,50.411867],[30.597822,50.41175],[30.598061,50.411611],[30.598945,50.411091],[30.599257,50.410907],[30.599558,50.41073],[30.59981,50.410582],[30.600166,50.410372],[30.600691,50.410064],[30.600786,50.41001],[30.60098,50.409902],[30.601345,50.409702],[30.601493,50.409625],[30.601789,50.409476],[30.602006,50.409374],[30.602178,50.409293],[30.602494,50.409155],[30.602806,50.409028],[30.603129,50.408898],[30.603458,50.408777],[30.60384,50.408642],[30.604299,50.408499],[30.604401,50.408467],[30.604528,50.408429],[30.604745,50.408364],[30.60516,50.408242],[30.605691,50.408086],[30.606871,50.407738],[30.607857,50.407447],[30.608688,50.407203],[30.609099,50.407083],[30.609419,50.406989],[30.609769,50.406886],[30.610748,50.406597],[30.611018,50.406515],[30.61127,50.406441],[30.611556,50.406351],[30.611742,50.406289],[30.612218,50.406113],[30.61252,50.405991],[30.612799,50.405855],[30.61303,50.405727],[30.613201,50.405622],[30.613323,50.405545],[30.613789,50.405201],[30.61391,50.405113],[30.614166,50.404878],[30.614284,50.404767],[30.614597,50.4044],[30.614748,50.404183],[30.614894,50.403921],[30.614931,50.403854],[30.614969,50.403771],[30.615068,50.403521],[30.615131,50.40334],[30.615201,50.403099],[30.615293,50.402619],[30.615413,50.401558],[30.615431,50.401376],[30.615448,50.401202],[30.61555,50.400035],[30.615555,50.399986],[30.615652,50.398634],[30.615656,50.398586],[30.615676,50.398323],[30.615712,50.397873],[30.615776,50.397531],[30.615842,50.397204],[30.616023,50.396522],[30.616153,50.396128],[30.616633,50.394804],[30.616681,50.394653],[30.616982,50.393632],[30.617084,50.393263],[30.616713,50.393228],[30.61636,50.394559],[30.616295,50.394754],[30.615831,50.396081],[30.615776,50.396281],[30.615683,50.396621],[30.615518,50.397348],[30.615443,50.397762],[30.615374,50.398257],[30.615323,50.398615],[30.615301,50.398798],[30.615284,50.398938],[30.615195,50.399854],[30.615161,50.400199],[30.615135,50.400402],[30.615089,50.400824],[30.615055,50.401186],[30.615046,50.401336],[30.615033,50.401537],[30.615016,50.401849],[30.614964,50.402582],[30.61492,50.402871],[30.614879,50.403056],[30.614819,50.403264],[30.614752,50.403441],[30.614675,50.403621],[30.61458,50.403818],[30.614558,50.403856],[30.614385,50.404126],[30.614238,50.404324],[30.613952,50.404661],[30.613835,50.404783],[30.613577,50.405011],[30.613497,50.405073],[30.613142,50.405354],[30.612822,50.405576],[30.612487,50.405771],[30.612179,50.405926],[30.611721,50.406136],[30.611463,50.406243],[30.61122,50.406327],[30.611192,50.406337],[30.611083,50.406375],[30.610884,50.406443],[30.610531,50.40655],[30.609435,50.406872],[30.609138,50.406959],[30.608205,50.407234],[30.606708,50.407673],[30.605933,50.407902],[30.605538,50.408019],[30.60451,50.408317],[30.604325,50.408374],[30.604219,50.408407],[30.60397,50.408485],[30.603832,50.408528],[30.603346,50.408697],[30.603002,50.408822],[30.602568,50.408997],[30.602039,50.40923],[30.601649,50.409418],[30.601433,50.409527]]},"properties":{"name":"Дніпровська набережна"}},{"type":"Feature","geometry":{"type":"LineString","coordinates":[[30.591796,50.429976],[30.591911,50.429818],[30.592286,50.429332],[30.592337,50.429229],[30.592356,50.429134],[30.592339,50.428419],[30.592368,50.427938],[30.592368,50.427881],[30.59237,50.427656],[30.592373,50.427522],[30.592377,50.427196],[30.592382,50.42673],[30.592385,50.426562],[30.592385,50.426437],[30.592389,50.425659],[30.592392,50.425015],[30.592394,50.424796],[30.592395,50.424702],[30.592396,50.424495],[30.592401,50.423768],[30.592407,50.422652],[30.592413,50.422164],[30.592415,50.42206],[30.592417,50.421896],[30.592421,50.421584],[30.59243,50.420915],[30.592456,50.420153],[30.592482,50.419734],[30.592493,50.419505],[30.592505,50.41934],[30.592528,50.419143],[30.592602,50.418855],[30.59271,50.418537],[30.592806,50.418306],[30.592952,50.418002],[30.593199,50.417558],[30.593324,50.417334],[30.5936,50.416849],[30.593801,50.416496],[30.593923,50.416286],[30.594276,50.415682],[30.594787,50.41479],[30.595054,50.414331],[30.595307,50.413891],[30.595468,50.413629],[30.595595,50.413442],[30.595733,50.413262],[30.595861,50.413112],[30.595956,50.413007],[30.59606,50.412895],[30.596256,50.412696],[30.596538,50.412461],[30.596801,50.412267],[30.597056,50.412087],[30.59734,50.411903],[30.597762,50.411645],[30.598414,50.411261],[30.598868,50.410993],[30.599149,50.410828],[30.599596,50.410565],[30.5999,50.410387]]},"properties":{"name":"Дніпровська набережна"}},{"type":"Feature","geometry":{"type":"LineString","coordinates":[[30.592118,50.430193],[30.592314,50.430168],[30.59246,50.430101],[30.592555,50.430012],[30.592598,50.429931],[30.592612,50.429828],[30.592579,50.429311],[30.592485,50.428403],[30.592368,50.427938]]},"properties":{"name":"Дніпровська набережна"}},{"type":"Feature","geometry":{"type":"LineString","coordinates":[[30.605263,50.394159],[30.605427,50.394082],[30.60555,50.39401],[30.605626,50.393941],[30.605667,50.393873]]},"properties":{"name":"Зарічна вулиця"}},{"type":"Feature","geometry":{"type":"LineString","coordinates":[[30.6061,50.394192],[30.605901,50.394083],[30.6058,50.394014],[30.605722,50.393944],[30.605667,50.393873],[30.605664,50.393596],[30.605639,50.392605],[30.605575,50.392301],[30.605364,50.392338],[30.60514,50.392421],[30.603638,50.393091],[30.603498,50.393156],[30.603352,50.393212]]},"properties":{"name":"Зарічна вулиця"}},{"type":"Feature","geometry":{"type":"LineString","coordinates":[[30.595739,50.381533],[30.597468,50.381714],[30.597834,50.381794],[30.598709,50.381957],[30.598991,50.382003],[30.599353,50.382044],[30.600422,50.382149],[30.602023,50.382307],[30.603175,50.382431],[30.604648,50.382589],[30.604838,50.382626]]},"properties":{"name":"вулиця Маслівка"}},{"type":"Feature","geometry":{"type":"LineString","coordinates":[[30.595739,50.381533],[30.595493,50.381423],[30.59516,50.381346],[30.594678,50.381109],[30.594316,50.380773],[30.594136,50.380578],[30.593924,50.380289],[30.593634,50.379928],[30.593428,50.379745],[30.593321,50.379475],[30.593342,50.379167],[30.593272,50.378826],[30.593115,50.378468],[30.59313,50.37823],[30.593357,50.377838],[30.593574,50.377482],[30.593596,50.377223],[30.593632,50.376567],[30.593635,50.376459],[30.593617,50.375594],[30.593616,50.375507]]},"properties":{"name":"вулиця Підлипка"}},{"type":"Feature","geometry":{"type":"LineString","coordinates":[[30.62005,50.423528],[30.620118,50.423407],[30.620525,50.422677],[30.620616,50.422514],[30.620689,50.422383],[30.620773,50.42224],[30.622314,50.4196],[30.622774,50.418877],[30.623055,50.418461],[30.623392,50.417975],[30.623442,50.417899],[30.623515,50.417785],[30.623536,50.417753],[30.623741,50.417405],[30.623844,50.417227],[30.623943,50.417061],[30.624102,50.416795],[30.624478,50.416171],[30.624585,50.415999],[30.62489,50.415515],[30.625187,50.415043],[30.625282,50.414865],[30.625597,50.414331],[30.625669,50.414209],[30.625756,50.414062],[30.625998,50.413663],[30.626144,50.413425],[30.626256,50.413248],[30.626395,50.413029],[30.626756,50.412457],[30.62692,50.412201],[30.627251,50.41166],[30.6274,50.411421],[30.627589,50.411071],[30.627706,50.410899],[30.628057,50.41043],[30.628322,50.410132],[30.628333,50.410122],[30.628421,50.41003],[30.628827,50.40954],[30.628904,50.40944],[30.629132,50.409143],[30.62919,50.409042],[30.629285,50.408833],[30.629305,50.408797],[30.629308,50.408792],[30.629345,50.408725]]},"properties":{"name":"проспект Петра Григоренка"}},{"type":"Feature","geometry":{"type":"LineString","coordinates":[[30.635723,50.394946],[30.635575,50.395378],[30.635458,50.395691]]},"properties":{"name":"проспект Петра Григоренка"}},{"type":"Feature","geometry":{"type":"LineString","coordinates":[[30.634741,50.395542],[30.634841,50.395294],[30.634998,50.394922],[30.635253,50.394278],[30.635345,50.394053],[30.635412,50.39388],[30.635482,50.3937],[30.635543,50.393546],[30.635718,50.393133],[30.636163,50.392076],[30.636294,50.391782],[30.636327,50.391693],[30.636705,50.390711],[30.636758,50.390557]]},"properties":{"name":"проспект Петра Григоренка"}},{"type":"Feature","geometry":{"type":"LineString","coordinates":[[30.636481,50.392522],[30.636237,50.393093],[30.636172,50.393257],[30.636013,50.393645],[30.635969,50.393764],[30.635918,50.393902],[30.63587,50.394114]]},"properties":{"name":"проспект Петра Григоренка"}},{"type":"Feature","geometry":{"type":"LineString","coordinates":[[30.634752,50.397612],[30.634681,50.397802],[30.634237,50.398984],[30.634153,50.39919],[30.633541,50.400717],[30.633147,50.401715],[30.633014,50.401902]]},"properties":{"name":"проспект Петра Григоренка"}},{"type":"Feature","geometry":{"type":"LineString","coordinates":[[30.622404,50.417606],[30.622476,50.417496],[30.622497,50.417467],[30.622809,50.416964],[30.622984,50.416673],[30.624271,50.414557],[30.624425,50.414302],[30.624678,50.413897],[30.625072,50.413259],[30.625226,50.41301]]},"properties":{"name":"проспект Петра Григоренка"}},{"type":"Feature","geometry":{"type":"LineString","coordinates":[[30.627542,50.408612],[30.627702,50.408355]]},"properties":{"name":"проспект Петра Григоренка"}},{"type":"Feature","geometry":{"type":"LineString","coordinates":[[30.619059,50.423179],[30.619131,50.423059],[30.619491,50.422459],[30.619582,50.422307],[30.619678,50.422147],[30.6201,50.421937],[30.620268,50.421816],[30.620349,50.421743],[30.620391,50.42167],[30.620394,50.421587],[30.620366,50.42147],[30.620226,50.421022],[30.62015,50.420657],[30.62011,50.420388],[30.620122,50.420128],[30.620216,50.419916],[30.620568,50.419297],[30.621518,50.417785],[30.62173,50.417562],[30.621845,50.41744]]},"properties":{"name":"Тепловозна вулиця"}},{"type":"Feature","geometry":{"type":"LineString","coordinates":[[30.620616,50.422514],[30.620821,50.422593],[30.620994,50.42266],[30.621108,50.422706],[30.621726,50.42295],[30.62225,50.423157],[30.625171,50.424432],[30.625398,50.424531],[30.625562,50.424603],[30.626646,50.424819],[30.626709,50.424831],[30.62706,50.424895],[30.627923,50.425053],[30.629878,50.425401],[30.630689,50.425721],[30.631063,50.425891]]},"properties":{"name":"Тепловозна вулиця"}},{"type":"Feature","geometry":{"type":"LineString","coordinates":[[30.631321,50.425943],[30.631063,50.425891],[30.631095,50.425928],[30.631119,50.425964],[30.631133,50.42602]]},"properties":{"name":"Тепловозна вулиця"}},{"type":"Feature","geometry":{"type":"LineString","coordinates":[[30.631426,50.426001],[30.631699,50.426148]]},"properties":{"name":"Тепловозна вулиця"}},{"type":"Feature","geometry":{"type":"LineString","coordinates":[[30.636711,50.427529],[30.636625,50.427505],[30.63647,50.427456],[30.636374,50.427432],[30.635251,50.427152],[30.632436,50.426386],[30.631956,50.426249],[30.631814,50.4262],[30.631699,50.426148],[30.631537,50.426123],[30.631422,50.426119],[30.631323,50.426132]]},"properties":{"name":"Тепловозна вулиця"}},{"type":"Feature","geometry":{"type":"LineString","coordinates":[[30.602331,50.488098],[30.602405,50.488109],[30.602438,50.488114],[30.602482,50.48812],[30.602507,50.488124],[30.60258,50.488134],[30.602602,50.488137],[30.602978,50.488192],[30.603008,50.488196],[30.60335,50.488246],[30.603671,50.488292],[30.604939,50.488476],[30.605101,50.488499],[30.605225,50.488517],[30.605381,50.488539],[30.605924,50.488618],[30.606138,50.488648],[30.606399,50.488686]]},"properties":{"name":"вулиця Едуарда Вільде"}},{"type":"Feature","geometry":{"type":"LineString","coordinates":[[30.451843,50.472782],[30.451804,50.472692],[30.451367,50.471799],[30.450896,50.470959],[30.450818,50.470822],[30.450659,50.470528],[30.450409,50.470106],[30.450385,50.470044],[30.450363,50.469996]]},"properties":{"name":"вулиця Праведників"}},{"type":"Feature","geometry":{"type":"LineString","coordinates":[[30.450354,50.469977],[30.45032,50.469902]]},"properties":{"name":"вулиця Праведників"}},{"type":"Feature","geometry":{"type":"LineString","coordinates":[[30.450385,50.470044],[30.448219,50.470182],[30.447669,50.470112]]},"properties":{"name":"Дорогожицька вулиця"}},{"type":"Feature","geometry":{"type":"LineString","coordinates":[[30.443683,50.470267],[30.443875,50.470269],[30.44462,50.470239],[30.444718,50.470236],[30.44503,50.470221],[30.445516,50.4702],[30.44571,50.470192],[30.445852,50.470186],[30.446407,50.470169],[30.44651,50.470166],[30.446641,50.470162],[30.446803,50.470156],[30.446909,50.470152],[30.447008,50.470147],[30.447669,50.470112],[30.448212,50.47006],[30.448983,50.470003],[30.449703,50.469946],[30.45032,50.469902],[30.450595,50.469893],[30.452398,50.469849],[30.452675,50.469844],[30.454047,50.469811],[30.454195,50.469807],[30.454375,50.469806],[30.455598,50.469776],[30.456111,50.469766],[30.456683,50.469797],[30.45716,50.469843],[30.457725,50.469922],[30.457854,50.469943],[30.458928,50.470091],[30.459577,50.470184],[30.460538,50.470297],[30.46088,50.470321],[30.461305,50.470343],[30.461923,50.470369],[30.46197,50.470371],[30.462162,50.470377],[30.462394,50.470382],[30.462512,50.470386],[30.462609,50.470386],[30.462936,50.470392],[30.46311,50.470395],[30.463411,50.470404],[30.463603,50.470407],[30.463784,50.470416],[30.464851,50.470464],[30.46544,50.470484],[30.465506,50.470486],[30.465588,50.470489],[30.465757,50.470506]]},"properties":{"name":"Дорогожицька вулиця"}},{"type":"Feature","geometry":{"type":"LineString","coordinates":[[30.464813,50.470833],[30.46482,50.470778],[30.464828,50.470745],[30.464839,50.470604],[30.464845,50.470531],[30.464851,50.470464]]},"properties":{"name":"Дорогожицька вулиця"}},{"type":"Feature","geometry":{"type":"LineString","coordinates":[[30.478937,50.487942],[30.477292,50.487693],[30.476662,50.487584],[30.475461,50.487396],[30.475065,50.487321],[30.474679,50.487218],[30.474383,50.487117],[30.474094,50.486999],[30.473829,50.486876],[30.473619,50.486765],[30.473097,50.486452],[30.472404,50.485945],[30.471994,50.485611],[30.471772,50.485382],[30.471411,50.484935],[30.471048,50.484568],[30.47087,50.484409],[30.470695,50.484271],[30.470455,50.484118],[30.470216,50.483981],[30.469792,50.48377],[30.46941,50.483611],[30.469013,50.483485],[30.468699,50.483389],[30.468302,50.483296],[30.467935,50.483226],[30.467548,50.483176],[30.466546,50.483093],[30.465446,50.483015],[30.464824,50.48297],[30.464624,50.48295],[30.463971,50.482884],[30.463192,50.482772],[30.462801,50.482708],[30.462377,50.482621],[30.461135,50.482303],[30.460128,50.482015],[30.45925,50.481803],[30.458403,50.481604],[30.457566,50.48142],[30.456729,50.481173],[30.456096,50.480973],[30.455624,50.480801],[30.455182,50.480604],[30.45432,50.480206],[30.45379,50.479929],[30.453431,50.479721],[30.453216,50.479597],[30.452887,50.479389],[30.452548,50.479155],[30.452126,50.478814],[30.45159,50.478334],[30.450882,50.477682],[30.450628,50.477448],[30.449887,50.476715],[30.449665,50.476465],[30.449448,50.476205],[30.449307,50.476017],[30.449121,50.475736]]},"properties":{"name":"вулиця Олени Теліги"}},{"type":"Feature","geometry":{"type":"LineString","coordinates":[[30.447014,50.463806],[30.446993,50.464333],[30.446975,50.464605],[30.446918,50.465257],[30.446839,50.466463],[30.446775,50.467317],[30.446742,50.467747],[30.446692,50.468385],[30.446671,50.469004],[30.446647,50.469583],[30.44664,50.470016],[30.446641,50.470162],[30.446675,50.470316],[30.446939,50.471114]]},"properties":{"name":"вулиця Олени Теліги"}},{"type":"Feature","geometry":{"type":"LineString","coordinates":[[30.447139,50.463815],[30.447106,50.464543],[30.447071,50.465151],[30.44705,50.465508],[30.44697,50.466564],[30.446921,50.467327],[30.446914,50.467417],[30.44685,50.468065],[30.446821,50.46859],[30.446816,50.468709],[30.446774,50.469646],[30.446772,50.469924],[30.446777,50.470017],[30.446803,50.470156],[30.446861,50.470311],[30.44711,50.470967],[30.447159,50.471085]]},"properties":{"name":"вулиця Олени Теліги"}},{"type":"Feature","geometry":{"type":"LineString","coordinates":[[30.478421,50.488014],[30.475891,50.487604],[30.475281,50.487491],[30.475005,50.487437],[30.474718,50.487368],[30.474353,50.48725],[30.473996,50.487107],[30.47365,50.486939],[30.473399,50.486792],[30.47319,50.486647],[30.472987,50.486503],[30.472287,50.485993],[30.47186,50.485627],[30.471551,50.485291],[30.471288,50.484987],[30.470939,50.484621],[30.470675,50.484417],[30.470377,50.484223],[30.470116,50.484073],[30.469771,50.483894],[30.469376,50.483738],[30.468999,50.483607],[30.46858,50.483484],[30.468152,50.483382],[30.467802,50.48332],[30.4675,50.483282],[30.467184,50.483252],[30.466494,50.483201],[30.465402,50.483124],[30.464733,50.483076],[30.463941,50.482999],[30.463321,50.482911],[30.463066,50.48287],[30.462448,50.482756],[30.462216,50.482704],[30.461459,50.482498],[30.460722,50.482316],[30.460047,50.482126],[30.45915,50.4819],[30.458324,50.481715],[30.457463,50.481526],[30.456638,50.481275],[30.455965,50.481063],[30.455079,50.480699],[30.454205,50.48029],[30.453729,50.48004],[30.453276,50.479776],[30.452977,50.479591],[30.452757,50.479455],[30.452312,50.47914],[30.452003,50.478881],[30.451469,50.478427],[30.451285,50.478263],[30.450692,50.477733],[30.450468,50.477512],[30.450109,50.477136],[30.449773,50.476761],[30.449459,50.476439],[30.448958,50.475819],[30.448921,50.47578]]},"properties":{"name":"вулиця Олени Теліги"}},{"type":"Feature","geometry":{"type":"LineString","coordinates":[[30.447159,50.471085],[30.447402,50.471801],[30.447514,50.472209],[30.447838,50.473166],[30.447999,50.473608],[30.448405,50.474496],[30.44889,50.475398],[30.449121,50.475736],[30.449,50.475419],[30.448891,50.475163],[30.448734,50.474838],[30.448479,50.47428],[30.448129,50.473509],[30.448095,50.473423],[30.448061,50.473343],[30.448031,50.473269],[30.448008,50.473212],[30.447585,50.471981],[30.447514,50.47179],[30.447159,50.471085]]},"properties":{"name":"вулиця Олени Теліги"}},{"type":"Feature","geometry":{"type":"LineString","coordinates":[[30.448921,50.47578],[30.448702,50.475311],[30.448299,50.474528],[30.447861,50.473618],[30.447701,50.473182],[30.447314,50.472051],[30.447076,50.471417],[30.446939,50.471114],[30.447004,50.471418],[30.447171,50.472013],[30.447234,50.472233],[30.447486,50.473058],[30.447559,50.473284],[30.447601,50.4734],[30.447631,50.473483],[30.447665,50.473579],[30.447688,50.47362],[30.447988,50.474238],[30.448333,50.474912],[30.448583,50.475318],[30.448921,50.47578]]},"properties":{"name":"вулиця Олени Теліги"}},{"type":"Feature","geometry":{"type":"LineString","coordinates":[[30.450628,50.477448],[30.450468,50.477512],[30.449823,50.477782],[30.449369,50.477971],[30.449147,50.478064],[30.448976,50.478135],[30.448548,50.478314],[30.446974,50.478973],[30.446302,50.479251],[30.445997,50.479381],[30.445918,50.479414],[30.445721,50.479497],[30.445639,50.479531],[30.445283,50.479681],[30.444867,50.479856],[30.444793,50.479888],[30.444172,50.480161],[30.443985,50.480236],[30.443892,50.480274],[30.44263,50.480819],[30.441461,50.481311],[30.441329,50.481386],[30.441212,50.481482],[30.441134,50.481563],[30.441083,50.481648],[30.441021,50.481801],[30.440979,50.481995],[30.440998,50.482118],[30.44107,50.482242],[30.441166,50.482331],[30.441404,50.482459],[30.442413,50.482949],[30.442669,50.483081],[30.442808,50.483172],[30.442928,50.483275],[30.443006,50.48337],[30.443093,50.483516],[30.443158,50.483669],[30.443175,50.483802],[30.443148,50.48393],[30.4431,50.484046],[30.443002,50.484139],[30.442861,50.484255],[30.442391,50.484601],[30.442347,50.484634],[30.442278,50.484706],[30.442219,50.484773],[30.442197,50.484803],[30.442033,50.485124],[30.442015,50.485203],[30.441856,50.485559],[30.441795,50.485687],[30.441737,50.485785],[30.441563,50.486017],[30.441498,50.486092],[30.441367,50.486261],[30.441255,50.4864],[30.441121,50.486573],[30.441067,50.486645],[30.441007,50.48674],[30.44099,50.48678]]},"properties":{"name":"вулиця Ольжича"}},{"type":"Feature","geometry":{"type":"LineString","coordinates":[[30.44099,50.48678],[30.440977,50.486887],[30.440997,50.48698],[30.441019,50.48703],[30.441051,50.487082],[30.441184,50.487251],[30.441388,50.487479],[30.441596,50.487661],[30.441729,50.487756],[30.441877,50.487843],[30.442048,50.48792],[30.442242,50.487992],[30.443972,50.488574],[30.444117,50.488621],[30.44425,50.488664],[30.444255,50.488665],[30.444506,50.488751],[30.444775,50.488838],[30.445044,50.488928],[30.446066,50.489259],[30.446897,50.489518],[30.447722,50.489783],[30.448192,50.489935],[30.448596,50.490072],[30.449869,50.490464],[30.45016,50.490539],[30.450348,50.490599],[30.45066,50.490684],[30.451169,50.490811],[30.451799,50.490921],[30.452589,50.491016],[30.452788,50.491038],[30.453003,50.491053],[30.453774,50.491099],[30.45449,50.491148],[30.45521,50.491224],[30.455588,50.491265],[30.455825,50.491288],[30.456141,50.491319],[30.45628,50.491336],[30.457176,50.491438],[30.457267,50.491456],[30.4575,50.491509],[30.457883,50.491616],[30.45796,50.491637],[30.45897,50.491914],[30.459144,50.491962],[30.459372,50.492021],[30.459938,50.49216],[30.460053,50.492189],[30.460193,50.49223],[30.460449,50.492303],[30.460616,50.492352],[30.461547,50.492617],[30.461728,50.492666],[30.462286,50.492812],[30.462547,50.492868],[30.462709,50.492903],[30.462761,50.492915],[30.462861,50.492937],[30.463264,50.493022],[30.463473,50.493066],[30.463618,50.493096],[30.46411,50.493198],[30.464239,50.493225],[30.464912,50.49336],[30.465232,50.493428],[30.465281,50.493439],[30.466401,50.49368],[30.466587,50.49372],[30.466765,50.493757],[30.466976,50.493809],[30.4671,50.493853],[30.467164,50.493892],[30.467251,50.493944]]},"properties":{"name":"Сирецька вулиця"}},{"type":"Feature","geometry":{"type":"LineString","coordinates":[[30.45716,50.496394],[30.45778,50.496084],[30.458429,50.495749],[30.458595,50.495662],[30.4589,50.495504],[30.459183,50.495355],[30.459283,50.495306],[30.459336,50.495281],[30.459431,50.495229],[30.459671,50.495078],[30.460154,50.494765],[30.460586,50.494458],[30.460667,50.4944],[30.460801,50.4943],[30.4609,50.494225],[30.461329,50.493878],[30.461377,50.493837],[30.461406,50.493813],[30.461689,50.493578],[30.462399,50.492989],[30.462547,50.492868],[30.462675,50.492754],[30.463281,50.492214],[30.463461,50.49205],[30.463617,50.491901],[30.464393,50.491155],[30.464772,50.490835],[30.464993,50.490665],[30.465079,50.490601],[30.465194,50.490516],[30.465901,50.490081],[30.466122,50.489946],[30.466288,50.489844],[30.466551,50.489687],[30.467591,50.489058],[30.467695,50.489001],[30.468161,50.488714],[30.468701,50.488395],[30.468992,50.488217],[30.469368,50.48799],[30.469836,50.487709],[30.470269,50.487448],[30.470421,50.487359],[30.470734,50.487179],[30.471255,50.486892],[30.471921,50.486522],[30.472174,50.486385],[30.472515,50.486179],[30.472645,50.486106],[30.47294,50.485908],[30.473186,50.485747],[30.473743,50.485334],[30.474016,50.485083],[30.474146,50.484943],[30.47423,50.484854],[30.474845,50.484271],[30.475332,50.483815],[30.476126,50.483074],[30.476426,50.482798],[30.476486,50.482792],[30.476495,50.482789],[30.476516,50.48278],[30.476536,50.482762],[30.476563,50.482742],[30.476582,50.482725],[30.476605,50.482707],[30.476621,50.482697],[30.476645,50.482687],[30.476674,50.482669],[30.476817,50.482586]]},"properties":{"name":"Кирилівська вулиця"}},{"type":"Feature","geometry":{"type":"LineString","coordinates":[[30.464089,50.489807],[30.464133,50.489838],[30.464473,50.49006],[30.464582,50.490133],[30.464739,50.490228],[30.465123,50.490469],[30.465194,50.490516]]},"properties":{"name":"Цукровий провулок"}},{"type":"Feature","geometry":{"type":"LineString","coordinates":[[30.460053,50.492189],[30.460108,50.492131],[30.460182,50.492054],[30.461403,50.491202],[30.461479,50.491149],[30.461787,50.490934],[30.462577,50.49038],[30.462635,50.490351],[30.462728,50.490305],[30.463105,50.490156],[30.46348,50.490028],[30.464089,50.489807]]},"properties":{"name":"Копилівська вулиця"}},{"type":"Feature","geometry":{"type":"LineString","coordinates":[[30.347722,50.459769],[30.346702,50.45976],[30.346489,50.459759],[30.346339,50.459756],[30.346233,50.459753],[30.345888,50.459752]]},"properties":{"name":"Ірпінська вулиця"}},{"type":"Feature","geometry":{"type":"LineString","coordinates":[[30.346367,50.454799],[30.346524,50.454823],[30.346616,50.454854],[30.346663,50.454898],[30.346698,50.454975]]},"properties":{"name":"Чорнобильська вулиця"}},{"type":"Feature","geometry":{"type":"LineString","coordinates":[[30.345266,50.463625],[30.345298,50.463427],[30.345402,50.462778],[30.345429,50.46261],[30.345432,50.462595],[30.345448,50.462493],[30.345654,50.461208],[30.345661,50.461166],[30.345664,50.461147],[30.345723,50.460781],[30.34585,50.459989],[30.345864,50.459898],[30.345888,50.459752],[30.345899,50.459685],[30.345938,50.459458],[30.345953,50.459357],[30.345971,50.45926],[30.345983,50.45919],[30.346125,50.458358],[30.346134,50.458302],[30.346195,50.457946],[30.346361,50.456969],[30.346407,50.456696],[30.346418,50.456632],[30.346426,50.456585],[30.346604,50.455541],[30.346653,50.455248],[30.346698,50.454975],[30.346732,50.454925],[30.346778,50.454893],[30.346827,50.454874],[30.346931,50.454861],[30.348302,50.454923],[30.348453,50.454906]]},"properties":{"name":"Чорнобильська вулиця"}},{"type":"Feature","geometry":{"type":"LineString","coordinates":[[30.345679,50.464073],[30.345377,50.463733],[30.345266,50.463625],[30.345139,50.463779],[30.344922,50.463966]]},"properties":{"name":"Чорнобильська вулиця"}},{"type":"Feature","geometry":{"type":"LineString","coordinates":[[30.346418,50.456632],[30.346641,50.456648],[30.347055,50.456676],[30.347597,50.456713],[30.348746,50.456793],[30.349142,50.45682],[30.349258,50.456828],[30.3494,50.456838],[30.349514,50.456846],[30.349693,50.456858],[30.350053,50.456883],[30.350433,50.456909],[30.351158,50.456959],[30.35142,50.456977],[30.35144,50.456978],[30.351573,50.456987],[30.352641,50.457061],[30.352945,50.45708],[30.354132,50.457151],[30.354898,50.457197],[30.355444,50.457229],[30.355545,50.45724],[30.35573,50.457313],[30.355853,50.457428],[30.355879,50.457537],[30.355826,50.457947],[30.355851,50.458024],[30.355903,50.458077],[30.35599,50.458115],[30.356098,50.458142],[30.356211,50.458139],[30.35633,50.458105],[30.356406,50.458066],[30.35651,50.457962]]},"properties":{"name":"вулиця Ореста Васкула"}},{"type":"Feature","geometry":{"type":"LineString","coordinates":[[30.408714,50.506963],[30.409071,50.507068],[30.4093,50.507087],[30.409602,50.507036],[30.409977,50.506963],[30.410456,50.506869],[30.411375,50.50669],[30.412518,50.506467],[30.412758,50.506418],[30.412951,50.506383],[30.413556,50.506265],[30.414095,50.506157],[30.414422,50.506096],[30.416954,50.505602],[30.417541,50.505487],[30.41911,50.505183],[30.419392,50.505126],[30.421057,50.50482],[30.421336,50.504761]]},"properties":{"name":"проспект Європейського Союзу"}},{"type":"Feature","geometry":{"type":"LineString","coordinates":[[30.421321,50.505176],[30.420995,50.505139],[30.420529,50.505106],[30.420076,50.505102],[30.419735,50.505144],[30.41915,50.505255],[30.418814,50.505318],[30.415744,50.505911],[30.414125,50.506225],[30.413754,50.506295],[30.41279,50.506483],[30.412545,50.50653],[30.41237,50.506564],[30.411249,50.506781],[30.410563,50.506914],[30.410004,50.507021],[30.409722,50.507076],[30.409551,50.50711],[30.40936,50.507156],[30.409216,50.507251],[30.408979,50.507477]]},"properties":{"name":"проспект Європейського Союзу"}},{"type":"Feature","geometry":{"type":"LineString","coordinates":[[30.438846,50.504439],[30.43961,50.504571],[30.440089,50.504647],[30.440169,50.50466],[30.44045,50.504705],[30.441602,50.504879],[30.442628,50.505016],[30.443526,50.505143],[30.444125,50.505228],[30.444721,50.505312],[30.445207,50.505381],[30.44627,50.505506]]},"properties":{"name":"проспект Європейського Союзу"}},{"type":"Feature","geometry":{"type":"LineString","coordinates":[[30.450927,50.50556],[30.450765,50.505559],[30.450667,50.505554],[30.450573,50.505547],[30.450182,50.505486],[30.449748,50.505412],[30.449566,50.505395],[30.449388,50.505387],[30.449259,50.505381],[30.449136,50.505381],[30.448768,50.505409],[30.448668,50.505417],[30.448215,50.50546],[30.447759,50.505499],[30.447584,50.505506],[30.447464,50.505506]]},"properties":{"name":"проспект Європейського Союзу"}},{"type":"Feature","geometry":{"type":"LineString","coordinates":[[30.450873,50.505903],[30.450633,50.50592],[30.450455,50.505932],[30.450074,50.505943],[30.449819,50.505936],[30.449565,50.505923],[30.449278,50.505897],[30.448925,50.505861],[30.448628,50.505823],[30.44825,50.50578],[30.447813,50.505725],[30.447506,50.505692],[30.447408,50.505678]]},"properties":{"name":"проспект Європейського Союзу"}},{"type":"Feature","geometry":{"type":"LineString","coordinates":[[30.44045,50.504705],[30.44069,50.504812],[30.440946,50.504902],[30.441333,50.505016],[30.441821,50.505122],[30.443292,50.505322],[30.443459,50.505345],[30.444051,50.505431],[30.444984,50.505567],[30.445381,50.505614],[30.446084,50.505691],[30.44648,50.505718],[30.446699,50.505728],[30.446894,50.505725],[30.447408,50.505678],[30.447021,50.505624],[30.44627,50.505506],[30.447464,50.505506],[30.446757,50.50538],[30.44618,50.50529],[30.444879,50.505114],[30.4442,50.505017],[30.443475,50.504914],[30.443221,50.504889],[30.442909,50.504868],[30.441602,50.504879]]},"properties":{"name":"проспект Європейського Союзу"}},{"type":"Feature","geometry":{"type":"LineString","coordinates":[[30.396693,50.509623],[30.396873,50.509587],[30.39695,50.509571],[30.397607,50.50944],[30.399141,50.509132],[30.399715,50.509017],[30.401324,50.508699],[30.40391,50.508189],[30.403997,50.508171],[30.404084,50.508154],[30.405169,50.50794],[30.40706,50.507589]]},"properties":{"name":"проспект Європейського Союзу"}},{"type":"Feature","geometry":{"type":"LineString","coordinates":[[30.407597,50.507198],[30.40739,50.507405],[30.407259,50.507511],[30.40706,50.507589],[30.407281,50.50758],[30.407463,50.507604],[30.407641,50.507647],[30.407883,50.507719]]},"properties":{"name":"проспект Європейського Союзу"}},{"type":"Feature","geometry":{"type":"LineString","coordinates":[[30.422259,50.505023],[30.42205,50.505568],[30.422006,50.505676],[30.421849,50.506023],[30.421382,50.507055],[30.421333,50.507162],[30.421007,50.507967],[30.420911,50.508204],[30.420647,50.508854],[30.420447,50.509314],[30.42039,50.509557],[30.420368,50.509784],[30.420354,50.509916]]},"properties":{"name":"проспект Василя Порика"}},{"type":"Feature","geometry":{"type":"LineString","coordinates":[[30.420377,50.509992],[30.420547,50.510272],[30.420677,50.510455],[30.420841,50.510661]]},"properties":{"name":"проспект Василя Порика"}},{"type":"Feature","geometry":{"type":"LineString","coordinates":[[30.423868,50.512628],[30.42366,50.512572],[30.423485,50.512518],[30.423267,50.512438],[30.423107,50.512346],[30.422951,50.512285]]},"properties":{"name":"проспект Василя Порика"}},{"type":"Feature","geometry":{"type":"LineString","coordinates":[[30.423385,50.512903],[30.423286,50.51272],[30.423251,50.512643],[30.423192,50.51255],[30.423128,50.512483],[30.423032,50.512396],[30.422951,50.512285],[30.422716,50.512105],[30.422575,50.512],[30.421954,50.511537],[30.421363,50.511072],[30.420977,50.510769],[30.420841,50.510661],[30.420714,50.5106],[30.420502,50.510492],[30.420278,50.510389],[30.420089,50.510299],[30.419868,50.510216]]},"properties":{"name":"проспект Василя Порика"}},{"type":"Feature","geometry":{"type":"LineString","coordinates":[[30.419846,50.509787],[30.41995,50.509645],[30.420169,50.509458],[30.420337,50.509286],[30.420449,50.50905],[30.420735,50.508376],[30.420876,50.507944],[30.420971,50.507715],[30.421202,50.507151],[30.421253,50.507036],[30.421608,50.506205],[30.42177,50.505824],[30.42182,50.505669],[30.421832,50.505531],[30.421791,50.505433],[30.421663,50.505333],[30.421552,50.505261],[30.421457,50.505217],[30.4214,50.505194]]},"properties":{"name":"проспект Василя Порика"}},{"type":"Feature","geometry":{"type":"LineString","coordinates":[[30.423948,50.512641],[30.424236,50.512636],[30.424505,50.512612],[30.424766,50.51256],[30.425185,50.512461]]},"properties":{"name":"проспект Свободи"}},{"type":"Feature","geometry":{"type":"LineString","coordinates":[[30.424143,50.513058],[30.424942,50.512593],[30.425185,50.512461],[30.425248,50.512429],[30.425453,50.512308],[30.425512,50.512274],[30.42569,50.512176],[30.42576,50.512137],[30.425929,50.512044],[30.426497,50.511732],[30.426947,50.511475],[30.427077,50.511406],[30.427352,50.511202],[30.427896,50.510902],[30.428298,50.510674],[30.428568,50.510531]]},"properties":{"name":"проспект Свободи"}},{"type":"Feature","geometry":{"type":"LineString","coordinates":[[30.428668,50.510476],[30.428883,50.510353],[30.429101,50.510245],[30.42919,50.510219]]},"properties":{"name":"проспект Свободи"}},{"type":"Feature","geometry":{"type":"LineString","coordinates":[[30.438846,50.504439],[30.438285,50.504851],[30.438102,50.505004],[30.437802,50.505255],[30.437553,50.505453],[30.437302,50.505638],[30.437007,50.505812],[30.436565,50.506044],[30.435862,50.506438],[30.43484,50.50701],[30.434781,50.507047],[30.434463,50.507228],[30.434363,50.507286],[30.432939,50.508106],[30.432357,50.50843],[30.431959,50.508652],[30.431858,50.50871],[30.431782,50.508752],[30.43168,50.508804],[30.431205,50.509069],[30.430831,50.509277],[30.429957,50.509774],[30.429302,50.510149],[30.42919,50.510219],[30.429151,50.510283],[30.429089,50.510396],[30.429074,50.510515]]},"properties":{"name":"проспект Свободи"}},{"type":"Feature","geometry":{"type":"LineString","coordinates":[[30.428785,50.510874],[30.428559,50.510909],[30.428273,50.510969],[30.428023,50.511026],[30.427842,50.511077],[30.427649,50.511139],[30.427378,50.511266],[30.427077,50.511406]]},"properties":{"name":"проспект Свободи"}},{"type":"Feature","geometry":{"type":"LineString","coordinates":[[30.424026,50.513127],[30.423671,50.513406],[30.423629,50.513434],[30.423355,50.513634],[30.422956,50.51385],[30.422887,50.513898],[30.4227,50.514028],[30.422655,50.514059],[30.422332,50.514288],[30.421974,50.514534],[30.421245,50.515067],[30.421156,50.515131],[30.421083,50.515181],[30.420824,50.515271],[30.420653,50.515338],[30.420444,50.515394],[30.420269,50.515428],[30.420094,50.515449],[30.419902,50.51546]]},"properties":{"name":"проспект Свободи"}},{"type":"Feature","geometry":{"type":"LineString","coordinates":[[30.421083,50.515181],[30.420785,50.515478],[30.420725,50.515587],[30.420683,50.515686],[30.420657,50.515803],[30.420651,50.515976]]},"properties":{"name":"проспект Свободи"}},{"type":"Feature","geometry":{"type":"LineString","coordinates":[[30.422956,50.51385],[30.423109,50.513645],[30.423196,50.513488],[30.423246,50.513369],[30.423282,50.513269],[30.423395,50.512955]]},"properties":{"name":"проспект Свободи"}},{"type":"Feature","geometry":{"type":"LineString","coordinates":[[30.450927,50.50556],[30.451225,50.505571],[30.451831,50.505598],[30.451969,50.505603],[30.45245,50.505618],[30.45289,50.505618],[30.453115,50.505604],[30.453388,50.505575],[30.453748,50.505521],[30.454085,50.505465],[30.454269,50.505426],[30.454636,50.505342],[30.455527,50.505077],[30.455742,50.505018],[30.455959,50.504967],[30.456249,50.504913],[30.456637,50.504857],[30.456815,50.504836],[30.457084,50.504811],[30.45742,50.504799],[30.457713,50.504811],[30.458269,50.504874]]},"properties":{"name":"вулиця Ярослава Івашкевича"}},{"type":"Feature","geometry":{"type":"LineString","coordinates":[[30.450873,50.505903],[30.451034,50.505889],[30.451192,50.505877],[30.451465,50.505871],[30.451957,50.505874],[30.452313,50.505876],[30.452646,50.505872],[30.453048,50.505855],[30.453449,50.505819],[30.453697,50.505789],[30.454032,50.505739],[30.454323,50.505685],[30.454601,50.50562],[30.454866,50.505556],[30.455278,50.505437],[30.455648,50.505328],[30.455933,50.50525],[30.456106,50.505204],[30.456387,50.505135],[30.456715,50.505074],[30.45733,50.504963],[30.457602,50.504926],[30.457861,50.504903],[30.458269,50.504874],[30.458653,50.504897],[30.458841,50.504909]]},"properties":{"name":"вулиця Ярослава Івашкевича"}},{"type":"Feature","geometry":{"type":"LineString","coordinates":[[30.4591,50.504934],[30.459359,50.504957],[30.459516,50.504978],[30.460013,50.50505],[30.460118,50.505065],[30.460629,50.505143],[30.460767,50.505163],[30.461567,50.505281],[30.462469,50.505425],[30.462623,50.505449],[30.463489,50.505583],[30.463834,50.50563],[30.464015,50.50565],[30.464079,50.505658],[30.464341,50.505683],[30.464631,50.505702],[30.465062,50.5057],[30.465462,50.505694],[30.466875,50.505663],[30.467303,50.50566],[30.467734,50.505682],[30.46819,50.50573],[30.468774,50.505824]]},"properties":{"name":"Лугова вулиця"}},{"type":"Feature","geometry":{"type":"LineString","coordinates":[[30.482764,50.507232],[30.481592,50.507253],[30.481471,50.507256],[30.480797,50.507265],[30.480236,50.50727],[30.479595,50.507261],[30.479072,50.507235],[30.478502,50.507192],[30.477884,50.507118],[30.47734,50.50705],[30.476244,50.506906],[30.474414,50.506655],[30.473858,50.506582],[30.473193,50.506484],[30.471177,50.506201],[30.470342,50.506084],[30.469508,50.505972],[30.469107,50.505919],[30.468774,50.505824],[30.469164,50.505819],[30.470064,50.505943],[30.471773,50.506171],[30.473947,50.506477],[30.474044,50.506492],[30.4755,50.506694],[30.475855,50.506743],[30.476271,50.506804],[30.477014,50.506908],[30.477949,50.507024],[30.478528,50.50709],[30.479087,50.507142],[30.479603,50.507164],[30.480251,50.507165],[30.48086,50.507158],[30.48147,50.507146],[30.481597,50.507144],[30.482238,50.507138],[30.48277,50.507132]]},"properties":{"name":"Лугова вулиця"}},{"type":"Feature","geometry":{"type":"LineString","coordinates":[[30.445704,50.392298],[30.445718,50.392258]]},"properties":{"name":"Лугова вулиця"}},{"type":"Feature","geometry":{"type":"LineString","coordinates":[[30.484023,50.507114],[30.48653,50.507087],[30.487469,50.507052],[30.487855,50.507038],[30.488165,50.507],[30.488451,50.506958],[30.488724,50.506886]]},"properties":{"name":"вулиця Левка Лукʼяненка"}},{"type":"Feature","geometry":{"type":"LineString","coordinates":[[30.488753,50.507394],[30.488534,50.507315],[30.488257,50.507264],[30.487845,50.507215],[30.487472,50.507196],[30.487327,50.507196],[30.486298,50.507197],[30.485447,50.5072],[30.484023,50.507215]]},"properties":{"name":"вулиця Левка Лукʼяненка"}},{"type":"Feature","geometry":{"type":"LineString","coordinates":[[30.489553,50.507091],[30.48962,50.507359],[30.489708,50.507556],[30.489829,50.507772],[30.489986,50.508002],[30.490105,50.508164],[30.490247,50.50831],[30.490342,50.508407],[30.490364,50.508429],[30.490611,50.508683],[30.491414,50.509525],[30.491504,50.509616],[30.492383,50.510503],[30.492493,50.51062],[30.492561,50.510694],[30.492681,50.510826],[30.493232,50.511418],[30.493287,50.511474],[30.493362,50.51155],[30.493511,50.51166],[30.49375,50.511777],[30.493988,50.511883],[30.494031,50.511898],[30.494153,50.511943]]},"properties":{"name":"вулиця Левка Лукʼяненка"}},{"type":"Feature","geometry":{"type":"LineString","coordinates":[[30.489297,50.507415],[30.489408,50.507447],[30.489444,50.507457],[30.489535,50.507501],[30.489593,50.507551],[30.489647,50.507637],[30.48971,50.507763],[30.489849,50.507989],[30.490014,50.508185],[30.490257,50.50844],[30.490279,50.508463],[30.490518,50.50872],[30.491016,50.509234],[30.491333,50.509562],[30.492353,50.510671],[30.492425,50.510749],[30.492552,50.51088],[30.492632,50.510961],[30.493183,50.511519],[30.493253,50.51159],[30.493354,50.511718],[30.493419,50.511838],[30.49346,50.511956],[30.49349,50.512108],[30.493489,50.512234]]},"properties":{"name":"вулиця Левка Лукʼяненка"}},{"type":"Feature","geometry":{"type":"LineString","coordinates":[[30.494278,50.511984],[30.494497,50.512042],[30.494677,50.51208],[30.494965,50.512099],[30.495437,50.512095],[30.495804,50.512087],[30.495873,50.512086],[30.495919,50.512085],[30.496376,50.512078],[30.497071,50.51207],[30.497268,50.512064],[30.497479,50.512049],[30.49765,50.511998],[30.497758,50.511954],[30.49779,50.51193],[30.497898,50.511857],[30.497964,50.511788],[30.498033,50.511674]]},"properties":{"name":"вулиця Левка Лукʼяненка"}},{"type":"Feature","geometry":{"type":"LineString","coordinates":[[30.49431,50.512639],[30.494612,50.512547],[30.494869,50.512501],[30.495125,50.512491],[30.495644,50.512485],[30.495878,50.512483],[30.496207,50.51248],[30.496746,50.512473],[30.497219,50.512471],[30.497371,50.512471],[30.49751,50.512485],[30.497667,50.512536],[30.497795,50.512603],[30.497902,50.512685],[30.497984,50.512762],[30.498063,50.512904]]},"properties":{"name":"вулиця Левка Лукʼяненка"}},{"type":"Feature","geometry":{"type":"LineString","coordinates":[[30.498994,50.511501],[30.499144,50.511771],[30.499267,50.511872],[30.499431,50.511952],[30.499567,50.511992],[30.499749,50.512015],[30.499987,50.512013],[30.500249,50.51201],[30.500542,50.512005],[30.50113,50.511992],[30.501272,50.511991],[30.501643,50.511985],[30.501739,50.511983],[30.502298,50.511975],[30.503865,50.511957],[30.504064,50.511955],[30.504664,50.511951],[30.505003,50.511941],[30.505061,50.511935],[30.505375,50.511871],[30.505525,50.511835]]},"properties":{"name":"вулиця Левка Лукʼяненка"}},{"type":"Feature","geometry":{"type":"LineString","coordinates":[[30.50549,50.512482],[30.505229,50.512394],[30.505029,50.512361],[30.504757,50.512355],[30.504082,50.512361],[30.504002,50.512362],[30.503516,50.512368],[30.502398,50.512381],[30.502061,50.512385],[30.501748,50.512387],[30.501335,50.512392],[30.50108,50.512397],[30.5007,50.512403],[30.500318,50.512408],[30.500257,50.512408],[30.500068,50.512411],[30.499794,50.512422],[30.499611,50.512448],[30.499486,50.512492],[30.499311,50.512588],[30.499205,50.512678],[30.499026,50.512935]]},"properties":{"name":"вулиця Левка Лукʼяненка"}},{"type":"Feature","geometry":{"type":"LineString","coordinates":[[30.506602,50.51224],[30.506661,50.512583],[30.506665,50.512609],[30.506767,50.512837],[30.5069,50.513034],[30.507071,50.513217],[30.507276,50.513385],[30.507483,50.513548],[30.507644,50.513669],[30.507745,50.513749],[30.508132,50.514045],[30.508295,50.51417],[30.510566,50.515873],[30.51202,50.516946],[30.512376,50.517208],[30.51265,50.51742],[30.512983,50.517694],[30.513069,50.517767],[30.51326,50.517954],[30.513403,50.518138],[30.513521,50.518335],[30.513608,50.518549],[30.513694,50.518832],[30.513744,50.519127],[30.513756,50.519448],[30.513758,50.519615],[30.513761,50.519934],[30.513773,50.520213],[30.513782,50.520612],[30.513784,50.520717],[30.513786,50.520805],[30.513793,50.521085],[30.513801,50.521467],[30.513851,50.522252],[30.513863,50.522418]]},"properties":{"name":"проспект Володимира Івасюка"}},{"type":"Feature","geometry":{"type":"LineString","coordinates":[[30.513045,50.522178],[30.513371,50.522009],[30.51351,50.521898],[30.513615,50.521761],[30.513642,50.521624],[30.513645,50.521448],[30.513642,50.521299],[30.51364,50.521152],[30.513634,50.520807],[30.513632,50.520716],[30.51363,50.520613],[30.513624,50.520283],[30.513623,50.520217],[30.513619,50.519975],[30.513614,50.519446],[30.513588,50.519131],[30.513539,50.518841],[30.513428,50.518506],[30.513343,50.518325],[30.513222,50.518134],[30.512987,50.517901],[30.512788,50.517716],[30.512475,50.517457],[30.512174,50.517227],[30.511552,50.516762],[30.510093,50.515668],[30.508128,50.514236],[30.507493,50.513751],[30.507333,50.51362],[30.507063,50.513421],[30.506789,50.513218],[30.50649,50.513012],[30.506276,50.512863],[30.506001,50.512722],[30.505772,50.512616],[30.505571,50.512517]]},"properties":{"name":"проспект Володимира Івасюка"}},{"type":"Feature","geometry":{"type":"LineString","coordinates":[[30.513866,50.522485],[30.513878,50.52268],[30.513891,50.522855],[30.513919,50.522904],[30.513973,50.522985],[30.514054,50.523064],[30.514372,50.523339],[30.515037,50.523914],[30.51529,50.524132],[30.515581,50.524384],[30.515843,50.524611],[30.516155,50.524953],[30.516315,50.525186],[30.516358,50.525258],[30.51637,50.525282],[30.516386,50.525322],[30.516395,50.525343],[30.516466,50.525557],[30.516492,50.525733],[30.51651,50.52596],[30.516509,50.526246],[30.516505,50.526621],[30.516503,50.526765],[30.516496,50.527159],[30.516486,50.527631],[30.516469,50.527953],[30.51647,50.528041]]},"properties":{"name":"проспект Володимира Івасюка"}},{"type":"Feature","geometry":{"type":"LineString","coordinates":[[30.516345,50.528041],[30.516355,50.527952],[30.516367,50.527628],[30.516389,50.527157],[30.516389,50.526979],[30.51639,50.526939],[30.516391,50.52691],[30.516399,50.526713],[30.516403,50.526584],[30.516412,50.526273],[30.516417,50.525968],[30.516392,50.525762],[30.516357,50.525586],[30.516276,50.525366],[30.516238,50.525284],[30.516197,50.525216],[30.516141,50.525126],[30.51603,50.524977],[30.515764,50.524675],[30.515289,50.524261],[30.515189,50.524174],[30.515007,50.524015],[30.514436,50.523519],[30.514278,50.523381],[30.514139,50.52326],[30.513926,50.523074],[30.513828,50.523003],[30.513779,50.522968],[30.513688,50.522927],[30.513564,50.522887],[30.51321,50.522797]]},"properties":{"name":"проспект Володимира Івасюка"}},{"type":"Feature","geometry":{"type":"LineString","coordinates":[[30.518497,50.496438],[30.518285,50.496683],[30.517464,50.497629],[30.515702,50.499538],[30.515625,50.49962],[30.515534,50.499721],[30.515437,50.499827],[30.515263,50.500017],[30.513342,50.50212],[30.512951,50.502551],[30.512601,50.502936],[30.512549,50.502996],[30.511933,50.503668],[30.511725,50.5039],[30.511598,50.504038],[30.511068,50.504621],[30.511002,50.504692],[30.510648,50.505075],[30.510014,50.50576],[30.509877,50.505914],[30.509734,50.506075],[30.509609,50.506211]]},"properties":{"name":"проспект Володимира Івасюка"}},{"type":"Feature","geometry":{"type":"LineString","coordinates":[[30.51861,50.496319],[30.518818,50.496115],[30.519504,50.495447],[30.519618,50.495331],[30.519714,50.495233],[30.520733,50.494205],[30.521352,50.493579],[30.521441,50.493488],[30.521783,50.493143],[30.522094,50.492809],[30.522773,50.49209],[30.52326,50.491604],[30.523693,50.49123],[30.52383,50.491091],[30.523878,50.491042],[30.523947,50.490974],[30.524311,50.49061],[30.524524,50.490389],[30.524894,50.490006],[30.525289,50.489648],[30.525811,50.48915],[30.525889,50.489076],[30.526141,50.488815],[30.527166,50.487744]]},"properties":{"name":"проспект Володимира Івасюка"}},{"type":"Feature","geometry":{"type":"LineString","coordinates":[[30.509085,50.505798],[30.509274,50.505761],[30.509385,50.505741],[30.509631,50.50567],[30.509678,50.505657],[30.509945,50.505532],[30.51014,50.505402],[30.510294,50.505259],[30.510804,50.504702],[30.510861,50.50464],[30.510979,50.50451],[30.51117,50.504302],[30.512361,50.502996],[30.512407,50.502947],[30.51259,50.502742],[30.513142,50.50212],[30.51521,50.499855],[30.515241,50.49982],[30.515288,50.499772],[30.515383,50.499672],[30.515475,50.499571],[30.51555,50.499489],[30.517389,50.497491],[30.517782,50.497035],[30.517845,50.496921],[30.517859,50.496797],[30.51785,50.496663],[30.517844,50.496645],[30.517799,50.496517],[30.517722,50.496391]]},"properties":{"name":"проспект Володимира Івасюка"}},{"type":"Feature","geometry":{"type":"LineString","coordinates":[[30.518222,50.495845],[30.518485,50.495814],[30.51872,50.495761],[30.518938,50.495678],[30.519153,50.495554],[30.519311,50.495428],[30.519408,50.495332],[30.519461,50.495276],[30.519651,50.495077],[30.519745,50.49498],[30.521087,50.493604],[30.521176,50.493513],[30.521366,50.493322],[30.521613,50.493074],[30.521953,50.492733],[30.522359,50.492321],[30.523128,50.49153],[30.523471,50.491128],[30.523516,50.491076],[30.523704,50.490878],[30.523762,50.490818],[30.524125,50.490437],[30.524315,50.490237],[30.525402,50.489108],[30.525606,50.488901],[30.525838,50.488665],[30.525959,50.488542],[30.526519,50.487972]]},"properties":{"name":"проспект Володимира Івасюка"}},{"type":"Feature","geometry":{"type":"LineString","coordinates":[[30.50952,50.50632],[30.50925,50.506675],[30.509038,50.506945],[30.508937,50.50708],[30.508574,50.507536],[30.508442,50.507692],[30.507839,50.508444],[30.507617,50.508726],[30.50742,50.509075],[30.507255,50.509401],[30.507076,50.509778],[30.506993,50.509986],[30.506981,50.510015],[30.506886,50.510291],[30.506707,50.510872],[30.506636,50.511158],[30.506607,50.511473],[30.506605,50.51162],[30.506603,50.5118],[30.506602,50.511858],[30.506599,50.512095]]},"properties":{"name":"проспект Володимира Івасюка"}},{"type":"Feature","geometry":{"type":"LineString","coordinates":[[30.50563,50.51179],[30.50582,50.511691],[30.50589,50.511655],[30.506047,50.511531],[30.506067,50.511505],[30.50612,50.51144],[30.506378,50.511123],[30.50647,50.510976],[30.506544,50.510829],[30.506737,50.510204],[30.506809,50.509994],[30.506821,50.509963],[30.506909,50.509745],[30.506977,50.509587],[30.507226,50.509074],[30.507425,50.508717],[30.507501,50.508613],[30.507622,50.508445],[30.508227,50.507693],[30.508231,50.507688],[30.508456,50.50741],[30.508682,50.507125],[30.508786,50.506967],[30.508814,50.506891],[30.508828,50.5068],[30.508823,50.506683],[30.508818,50.506638],[30.508799,50.506567],[30.508689,50.506365]]},"properties":{"name":"проспект Володимира Івасюка"}},{"type":"Feature","geometry":{"type":"LineString","coordinates":[[30.516343,50.528163],[30.516345,50.528041],[30.51647,50.528041],[30.516459,50.528127],[30.516472,50.52819],[30.516517,50.528243],[30.516572,50.528281],[30.516638,50.528306],[30.516722,50.528327]]},"properties":{"name":"Північна вулиця"}},{"type":"Feature","geometry":{"type":"LineString","coordinates":[[30.516905,50.52833],[30.517318,50.528337],[30.518312,50.528337],[30.51896,50.528344]]},"properties":{"name":"Північна вулиця"}},{"type":"Feature","geometry":{"type":"LineString","coordinates":[[30.428883,50.510353],[30.429074,50.510515]]},"properties":{"name":"вулиця Світлицького"}},{"type":"Feature","geometry":{"type":"LineString","coordinates":[[30.429128,50.510549],[30.429271,50.510641],[30.429327,50.510677],[30.429399,50.510729],[30.430019,50.511149],[30.430187,50.511295],[30.430347,50.511404],[30.430946,50.51182],[30.431153,50.511963],[30.431642,50.512303],[30.431801,50.512414],[30.431902,50.512484],[30.433153,50.513356],[30.433525,50.513615],[30.433634,50.51369],[30.433672,50.513718],[30.433692,50.513736],[30.433768,50.51379]]},"properties":{"name":"вулиця Світлицького"}},{"type":"Feature","geometry":{"type":"LineString","coordinates":[[30.429089,50.510932],[30.429011,50.510914],[30.428855,50.510876]]},"properties":{"name":"вулиця Світлицького"}},{"type":"Feature","geometry":{"type":"LineString","coordinates":[[30.288581,50.434508],[30.288555,50.434267]]},"properties":{"name":"вулиця Коцюбинського"}},{"type":"Feature","geometry":{"type":"LineString","coordinates":[[30.28839,50.434043],[30.288303,50.43399],[30.28823,50.433946],[30.288044,50.433843],[30.287297,50.433495],[30.287213,50.433456],[30.287145,50.433423],[30.286763,50.433249],[30.286704,50.433215],[30.286606,50.433156],[30.286493,50.433091],[30.28648,50.433083],[30.286184,50.432918],[30.285713,50.432615],[30.28562,50.43256],[30.285526,50.432503],[30.285363,50.432403],[30.285227,50.432319],[30.284605,50.43194],[30.284498,50.431873],[30.284202,50.431687],[30.283774,50.431418],[30.28367,50.431356],[30.283271,50.431111]]},"properties":{"name":"вулиця Коцюбинського"}},{"type":"Feature","geometry":{"type":"LineString","coordinates":[[30.286606,50.433156],[30.286676,50.433106],[30.286866,50.43298]]},"properties":{"name":"вулиця Паркова"}},{"type":"Feature","geometry":{"type":"LineString","coordinates":[[30.288581,50.434508],[30.288535,50.434674],[30.28845,50.434801],[30.288335,50.434917],[30.288233,50.434989],[30.288022,50.435106],[30.287642,50.435281],[30.287432,50.435376],[30.287317,50.435442],[30.287272,50.435468],[30.287184,50.435553],[30.287005,50.435786],[30.286885,50.435984],[30.286836,50.436064],[30.286691,50.436249],[30.286517,50.436445],[30.28643,50.436512],[30.285935,50.436891],[30.285528,50.437179],[30.285386,50.437266],[30.284513,50.437796],[30.28386,50.438189],[30.283795,50.438226],[30.283536,50.438373],[30.282917,50.438727],[30.282655,50.438877],[30.282523,50.438941],[30.281916,50.439235],[30.281063,50.439576],[30.280664,50.439734],[30.280481,50.439824],[30.280454,50.439845],[30.280415,50.439875],[30.280388,50.439925],[30.280384,50.439973]]},"properties":{"name":"вулиця Грушевського"}},{"type":"Feature","geometry":{"type":"LineString","coordinates":[[30.287335,50.436613],[30.286967,50.436249],[30.286836,50.436064]]},"properties":{"name":"вулиця Миколи Самокиша"}},{"type":"Feature","geometry":{"type":"LineString","coordinates":[[30.286891,50.43693],[30.287335,50.436613]]},"properties":{"name":"вулиця Винниченка"}},{"type":"Feature","geometry":{"type":"LineString","coordinates":[[30.280384,50.439973],[30.280402,50.440042],[30.28044,50.440123],[30.28107,50.441404],[30.281232,50.441731],[30.281375,50.44202],[30.281525,50.442324],[30.28156,50.442405],[30.281712,50.442768],[30.281759,50.442921],[30.281772,50.442964],[30.281797,50.443059],[30.281837,50.443231],[30.281811,50.44381],[30.28175,50.444342],[30.281728,50.444548],[30.281673,50.444949],[30.281314,50.44726],[30.281311,50.447283],[30.281218,50.447773],[30.281169,50.448013],[30.281099,50.4485],[30.281058,50.448714],[30.280981,50.449173],[30.280946,50.449393],[30.280896,50.449692],[30.280882,50.44977],[30.280873,50.449826],[30.280867,50.449851],[30.280839,50.449956],[30.280784,50.450135],[30.280778,50.450149]]},"properties":{"name":"вулиця Українського Відродження"}},{"type":"Feature","geometry":{"type":"LineString","coordinates":[[30.281471,50.450196],[30.281749,50.450216],[30.28251,50.450276],[30.283697,50.450371],[30.287681,50.450629],[30.28896,50.45072],[30.290586,50.450835],[30.293485,50.451041],[30.296457,50.451278],[30.297562,50.451353],[30.299349,50.451471],[30.301289,50.451607],[30.302743,50.45171],[30.304024,50.4518],[30.30637,50.451965],[30.308014,50.452083],[30.308407,50.452112],[30.309264,50.452179],[30.310101,50.452233],[30.311551,50.452345],[30.312268,50.452394],[30.315679,50.452635],[30.316403,50.452674],[30.316774,50.452694],[30.317003,50.45271],[30.318646,50.452824],[30.319928,50.45291],[30.32221,50.453069],[30.322479,50.453085],[30.322677,50.453097],[30.327631,50.453425],[30.330161,50.453593]]},"properties":{"name":"Берестейське шосе"}},{"type":"Feature","geometry":{"type":"LineString","coordinates":[[30.280882,50.450271],[30.282528,50.450408],[30.284027,50.450527],[30.28894,50.45085],[30.293453,50.451146],[30.296431,50.451384],[30.299299,50.451595],[30.306431,50.45209],[30.306591,50.452101],[30.308145,50.452217],[30.308385,50.452235],[30.310708,50.452399],[30.311428,50.45245],[30.311855,50.452483],[30.312783,50.452559],[30.314426,50.452672],[30.314656,50.452691],[30.315833,50.452767],[30.316422,50.452805],[30.316768,50.452827],[30.317225,50.452858],[30.319801,50.453036],[30.320901,50.453104],[30.321183,50.453123],[30.321812,50.453166],[30.327521,50.453548],[30.329919,50.453709]]},"properties":{"name":"Берестейське шосе"}},{"type":"Feature","geometry":{"type":"LineString","coordinates":[[30.385105,50.457198],[30.385293,50.457125],[30.385327,50.457111],[30.385853,50.456849],[30.386391,50.456559],[30.386609,50.456437],[30.386854,50.456316]]},"properties":{"name":"Чорнобаївська площа"}},{"type":"Feature","geometry":{"type":"LineString","coordinates":[[30.387253,50.458137],[30.387,50.457972],[30.38687,50.457925],[30.386718,50.45789],[30.386193,50.457834],[30.38608,50.457807],[30.38599,50.457761],[30.385916,50.457698],[30.385824,50.457556],[30.38576,50.457499],[30.385613,50.457411],[30.385483,50.457356]]},"properties":{"name":"Чорнобаївська площа"}},{"type":"Feature","geometry":{"type":"LineString","coordinates":[[30.386868,50.456852],[30.386762,50.456808],[30.386657,50.456763],[30.386548,50.456735],[30.386448,50.456718],[30.386344,50.456715],[30.386245,50.456721],[30.386109,50.456765],[30.385959,50.456847],[30.385919,50.456904],[30.385904,50.456974],[30.3859,50.45702],[30.385922,50.457073],[30.385956,50.457119],[30.385999,50.457156],[30.386083,50.457206],[30.386262,50.457277]]},"properties":{"name":"Чорнобаївська площа"}},{"type":"Feature","geometry":{"type":"LineString","coordinates":[[30.386194,50.457404],[30.386088,50.457435],[30.385992,50.457486],[30.385959,50.457518],[30.385942,50.457545],[30.385939,50.457603],[30.385959,50.457651],[30.386011,50.457709],[30.386086,50.457757],[30.386214,50.457793],[30.386704,50.457835],[30.386831,50.457828],[30.386952,50.457796],[30.38706,50.457736],[30.387109,50.45765]]},"properties":{"name":"Чорнобаївська площа"}},{"type":"Feature","geometry":{"type":"LineString","coordinates":[[30.280882,50.450271],[30.277969,50.450077]]},"properties":{"name":"М-06"}},{"type":"Feature","geometry":{"type":"LineString","coordinates":[[30.27785,50.449931],[30.277899,50.449935],[30.278668,50.449988],[30.279437,50.450042],[30.280132,50.450098],[30.280348,50.450115],[30.280595,50.450135],[30.280767,50.450148],[30.280778,50.450149]]},"properties":{"name":"М-06"}},{"type":"Feature","geometry":{"type":"LineString","coordinates":[[30.305884,50.436109],[30.306393,50.436597],[30.306903,50.437045],[30.307897,50.437946],[30.308309,50.43832],[30.308454,50.438458],[30.309606,50.439568],[30.309966,50.439915],[30.310681,50.440573],[30.311176,50.441029],[30.311488,50.44132],[30.311618,50.441444],[30.31167,50.441492],[30.312242,50.44203],[30.312302,50.442087],[30.312496,50.442284],[30.312671,50.442359]]},"properties":{"name":"вулиця Авіаконструктора Антонова"}},{"type":"Feature","geometry":{"type":"LineString","coordinates":[[30.466337,50.428873],[30.466202,50.428904],[30.465461,50.429078],[30.464758,50.429242],[30.464618,50.429274],[30.464352,50.429343],[30.464298,50.429357],[30.464209,50.429381],[30.464133,50.429399],[30.464097,50.429407],[30.463906,50.429453],[30.463158,50.429631],[30.463088,50.429648],[30.462741,50.42973],[30.462391,50.429814],[30.461774,50.429961],[30.461671,50.429985],[30.461587,50.430005],[30.461524,50.43002],[30.461275,50.43008],[30.460754,50.430204],[30.46031,50.43031],[30.459853,50.43042],[30.45941,50.430527],[30.459105,50.4306],[30.459081,50.430606],[30.458235,50.430821],[30.458049,50.430868],[30.457805,50.43093],[30.45738,50.431034],[30.45693,50.431148],[30.456196,50.431332]]},"properties":{"name":"вулиця Авіаконструктора Антонова"}},{"type":"Feature","geometry":{"type":"LineString","coordinates":[[30.455381,50.431749],[30.455266,50.431807],[30.455129,50.431877]]},"properties":{"name":"вулиця Авіаконструктора Антонова"}},{"type":"Feature","geometry":{"type":"LineString","coordinates":[[30.312808,50.44256],[30.312766,50.442678],[30.312934,50.443104],[30.31313,50.44377],[30.313147,50.444079],[30.313142,50.444458],[30.313087,50.444993],[30.312875,50.446067],[30.312861,50.446152],[30.312677,50.44725],[30.312638,50.447443],[30.31205,50.450936],[30.311901,50.451991]]},"properties":{"name":"вулиця Зв'язківців"}},{"type":"Feature","geometry":{"type":"LineString","coordinates":[[30.312268,50.452394],[30.31212,50.452316],[30.312004,50.452212],[30.311935,50.452113],[30.311901,50.451991],[30.311827,50.452144],[30.311666,50.45229],[30.311551,50.452345]]},"properties":{"name":"вулиця Зв'язківців"}},{"type":"Feature","geometry":{"type":"LineString","coordinates":[[30.596005,50.520072],[30.596323,50.519939],[30.596783,50.51975],[30.597223,50.519568],[30.598635,50.51897],[30.598822,50.518896],[30.600842,50.518042],[30.60105,50.517945],[30.602111,50.517496],[30.602213,50.517454],[30.603058,50.517099],[30.6035,50.516906],[30.603855,50.516759]]},"properties":{"name":"Градинська вулиця"}},{"type":"Feature","geometry":{"type":"LineString","coordinates":[[30.603953,50.516844],[30.603589,50.516999],[30.603216,50.517146],[30.601268,50.517957],[30.600911,50.518113],[30.599302,50.518794],[30.598711,50.519041],[30.59764,50.519493],[30.597151,50.519703],[30.596407,50.520021],[30.596092,50.520157]]},"properties":{"name":"Градинська вулиця"}},{"type":"Feature","geometry":{"type":"LineString","coordinates":[[30.602363,50.515336],[30.602148,50.515427]]},"properties":{"name":"вулиця Миколи Лаврухіна"}},{"type":"Feature","geometry":{"type":"LineString","coordinates":[[30.477195,50.381028],[30.475206,50.380248],[30.475104,50.380207],[30.474255,50.379833],[30.473816,50.379653],[30.47343,50.37949],[30.472928,50.379252],[30.472223,50.378915],[30.471673,50.378632],[30.471376,50.37848],[30.471289,50.37843],[30.470976,50.378256],[30.470574,50.378014],[30.469907,50.377573],[30.469597,50.37737],[30.468874,50.376891],[30.468294,50.376507],[30.467937,50.376273],[30.46762,50.376068],[30.467547,50.376019],[30.466366,50.37524],[30.46484,50.374233],[30.464677,50.374125],[30.464638,50.374098],[30.464545,50.374035],[30.463649,50.373451],[30.462433,50.372634],[30.462073,50.372399],[30.461674,50.372133],[30.461227,50.371834],[30.46093,50.371651],[30.459099,50.370447],[30.458157,50.369863],[30.457965,50.369745],[30.456068,50.368587],[30.455452,50.368192],[30.453043,50.36657],[30.449908,50.364522],[30.44975,50.36441],[30.448372,50.363509],[30.447398,50.362858],[30.446392,50.362182],[30.445404,50.36153],[30.445139,50.361353]]},"properties":{"name":"проспект Академіка Глушкова"}},{"type":"Feature","geometry":{"type":"LineString","coordinates":[[30.477418,50.381235],[30.477288,50.381195],[30.476342,50.380841],[30.476301,50.380825],[30.476181,50.380777],[30.474973,50.380297],[30.474166,50.379976],[30.473385,50.379648],[30.472777,50.379361],[30.472092,50.379043],[30.471226,50.378599],[30.470673,50.378286],[30.470416,50.378127],[30.469598,50.37758],[30.468218,50.376674],[30.468074,50.376579],[30.467425,50.37617],[30.46724,50.376047],[30.466928,50.375825],[30.466126,50.37528],[30.465283,50.374727],[30.464896,50.37448],[30.464553,50.374265],[30.464501,50.374232],[30.464103,50.37397],[30.463466,50.373551],[30.463004,50.373232],[30.46222,50.372704],[30.462,50.372555],[30.461046,50.371927],[30.458926,50.370575],[30.458055,50.370039],[30.458002,50.370005],[30.45599,50.368694],[30.454999,50.368061],[30.452901,50.366659],[30.449781,50.3646],[30.448074,50.36347],[30.446667,50.362535],[30.445364,50.361659],[30.445281,50.361603],[30.445014,50.361423]]},"properties":{"name":"проспект Академіка Глушкова"}},{"type":"Feature","geometry":{"type":"LineString","coordinates":[[30.444585,50.361655],[30.444739,50.361762],[30.445335,50.362156],[30.445484,50.362257],[30.447653,50.36368],[30.4477,50.363712]]},"properties":{"name":"проспект Академіка Глушкова"}},{"type":"Feature","geometry":{"type":"LineString","coordinates":[[30.461801,50.367671],[30.459802,50.369138],[30.459521,50.369346],[30.458998,50.36972],[30.458421,50.370134],[30.45786,50.370545],[30.45508,50.372588]]},"properties":{"name":"Одеський шляхопровід"}},{"type":"Feature","geometry":{"type":"LineString","coordinates":[[30.461906,50.3678],[30.459109,50.369828],[30.45856,50.370229],[30.458026,50.370616],[30.455238,50.37268]]},"properties":{"name":"Одеський шляхопровід"}},{"type":"Feature","geometry":{"type":"LineString","coordinates":[[30.461801,50.367671],[30.4624,50.367173],[30.462491,50.367106],[30.462948,50.36675],[30.463604,50.366279],[30.46496,50.365268],[30.466145,50.364422],[30.467255,50.363666],[30.467548,50.363461],[30.469252,50.362274],[30.4694,50.362171],[30.469639,50.361995],[30.469872,50.361803],[30.470294,50.361425],[30.470908,50.360821],[30.47151,50.360206],[30.472896,50.358772],[30.473209,50.35845],[30.473266,50.358394],[30.473524,50.358148],[30.473768,50.357935],[30.474044,50.357711],[30.474348,50.357491],[30.474691,50.357269],[30.475243,50.356959],[30.475633,50.356759],[30.476023,50.356583],[30.476422,50.356432],[30.476694,50.356342],[30.477001,50.356247],[30.477792,50.356049],[30.478539,50.355882],[30.479296,50.355741],[30.47984,50.355653],[30.480412,50.355571],[30.481435,50.355445],[30.481797,50.355402],[30.481914,50.355388],[30.482419,50.355326],[30.484033,50.355144],[30.485334,50.354988],[30.486162,50.354881],[30.48741,50.354705],[30.48819,50.354589],[30.48858,50.354518],[30.488824,50.354463],[30.489201,50.354376],[30.489535,50.354284],[30.489852,50.354181],[30.490149,50.354069],[30.490978,50.353738],[30.492346,50.353147],[30.492543,50.353057]]},"properties":{"name":"вулиця Академіка Заболотного"}},{"type":"Feature","geometry":{"type":"LineString","coordinates":[[30.495155,50.351707],[30.49472,50.351969],[30.494265,50.352221],[30.493167,50.352765],[30.492543,50.353057],[30.492641,50.353065],[30.492725,50.353097],[30.492784,50.353146],[30.492809,50.353207],[30.492794,50.353269],[30.492743,50.353322]]},"properties":{"name":"вулиця Академіка Заболотного"}},{"type":"Feature","geometry":{"type":"LineString","coordinates":[[30.496109,50.350989],[30.496205,50.350929]]},"properties":{"name":"вулиця Академіка Заболотного"}},{"type":"Feature","geometry":{"type":"LineString","coordinates":[[30.551295,50.342128],[30.551215,50.342116],[30.549492,50.341952],[30.5484,50.34186],[30.545816,50.341624],[30.544649,50.341516],[30.54382,50.341452],[30.543187,50.341423],[30.542576,50.34143],[30.542043,50.341457],[30.540469,50.341572],[30.540102,50.341614],[30.539598,50.341693],[30.539334,50.341746],[30.53923,50.341767],[30.538766,50.341861],[30.538308,50.341937],[30.537885,50.341987],[30.537466,50.342031],[30.537029,50.34206],[30.53668,50.342079],[30.53628,50.342073],[30.535976,50.342062],[30.535569,50.342023],[30.535175,50.341965],[30.534374,50.341842],[30.533989,50.34181],[30.533611,50.341803],[30.533544,50.3418],[30.533283,50.341804],[30.532195,50.341819],[30.531665,50.341827],[30.530349,50.341829],[30.53002,50.341827],[30.529162,50.341815],[30.528508,50.341804],[30.527991,50.341787],[30.527589,50.341761],[30.527085,50.341709],[30.526501,50.341617],[30.525991,50.341525],[30.525435,50.341387],[30.524944,50.341248],[30.524503,50.341104],[30.524062,50.340968]]},"properties":{"name":"вулиця Академіка Заболотного"}},{"type":"Feature","geometry":{"type":"LineString","coordinates":[[30.550127,50.342149],[30.548417,50.341991],[30.545981,50.341762],[30.544882,50.341661],[30.543675,50.341563],[30.543154,50.341544],[30.542779,50.341536],[30.542308,50.341549],[30.542046,50.341563],[30.541371,50.341617],[30.540118,50.34174],[30.539377,50.341832],[30.538789,50.341922],[30.538445,50.341993],[30.538057,50.342044],[30.537637,50.342094],[30.537095,50.342137],[30.536499,50.342161],[30.535453,50.342174],[30.533639,50.342174],[30.533284,50.342176],[30.532526,50.342181],[30.531448,50.342189],[30.530404,50.3422],[30.530245,50.342201],[30.530036,50.342203],[30.529418,50.342205],[30.528932,50.342187],[30.52844,50.342152],[30.528203,50.342129],[30.527942,50.342102],[30.527461,50.342025],[30.527001,50.341933],[30.526606,50.341851],[30.526217,50.34177],[30.525748,50.341644],[30.525455,50.34156],[30.524862,50.341354],[30.524635,50.341258],[30.524062,50.340968],[30.522437,50.340205],[30.521764,50.339877],[30.521426,50.339731],[30.520981,50.33956],[30.520536,50.339419],[30.519985,50.339264],[30.519557,50.339169],[30.519159,50.339084],[30.518706,50.339015],[30.518146,50.33895],[30.517534,50.338913],[30.516939,50.338897],[30.51641,50.338911],[30.515721,50.338954],[30.515161,50.339024],[30.514608,50.33912],[30.514112,50.339233],[30.51357,50.339361],[30.512972,50.339554],[30.512637,50.339671],[30.512274,50.339823],[30.511086,50.340339],[30.507387,50.341979],[30.506054,50.342569],[30.505596,50.342778],[30.504425,50.343316],[30.50438,50.343336],[30.504317,50.343363],[30.503819,50.343604],[30.503286,50.343868],[30.502868,50.344115],[30.50255,50.344311],[30.50225,50.344516],[30.50194,50.34474],[30.501654,50.344969],[30.501233,50.345331],[30.500885,50.345655],[30.500485,50.346064],[30.499691,50.346946],[30.49891,50.347844],[30.498245,50.348614],[30.497202,50.349819],[30.496799,50.350285],[30.496205,50.350929],[30.496155,50.351015],[30.496004,50.351189],[30.495783,50.351402],[30.495519,50.351622],[30.495174,50.351889],[30.494863,50.35212],[30.494481,50.352381],[30.493963,50.352713],[30.493601,50.352913],[30.493246,50.353103],[30.492743,50.353322],[30.492068,50.353614],[30.491111,50.353969],[30.49038,50.354212],[30.490264,50.35425],[30.489677,50.354441],[30.488941,50.354626],[30.488274,50.354749],[30.486096,50.355053],[30.485526,50.355137],[30.485134,50.355189],[30.482612,50.355481],[30.482067,50.355549],[30.48196,50.355561],[30.481531,50.355613],[30.481119,50.355673],[30.480788,50.355726],[30.48047,50.355787],[30.48007,50.355869],[30.479415,50.356021],[30.478381,50.356266],[30.477497,50.356501],[30.47705,50.356639],[30.476304,50.356924],[30.476094,50.357014],[30.475557,50.357256],[30.475077,50.357496],[30.474796,50.357657],[30.474619,50.35777],[30.474226,50.358032],[30.473896,50.358266],[30.473636,50.35846],[30.473551,50.35853],[30.473334,50.358716],[30.473045,50.358985],[30.472534,50.359482],[30.471986,50.360041],[30.47128,50.360762],[30.471083,50.360963],[30.4709,50.361144],[30.470494,50.361526],[30.470009,50.361958],[30.469706,50.362201],[30.469489,50.362376],[30.467062,50.36415],[30.466491,50.364561],[30.465951,50.364938],[30.465287,50.365414],[30.463892,50.366444],[30.462804,50.367221],[30.461906,50.3678]]},"properties":{"name":"вулиця Академіка Заболотного"}},{"type":"Feature","geometry":{"type":"LineString","coordinates":[[30.475243,50.356959],[30.47533,50.356831],[30.475377,50.356772],[30.475429,50.356708],[30.475535,50.356616],[30.475751,50.356465],[30.476,50.356293],[30.476116,50.356218],[30.476175,50.356184],[30.476272,50.356132],[30.476371,50.356089],[30.476638,50.356018],[30.476803,50.356017],[30.476947,50.356023],[30.477101,50.356042],[30.477161,50.35605],[30.47728,50.35606],[30.47738,50.356063],[30.477792,50.356049]]},"properties":{"name":"Метрологічна вулиця"}},{"type":"Feature","geometry":{"type":"LineString","coordinates":[[30.476175,50.356184],[30.476156,50.356128],[30.476146,50.356081],[30.476141,50.356058],[30.476139,50.355988],[30.476147,50.355866],[30.47616,50.355753],[30.47624,50.355109],[30.476245,50.355058],[30.47625,50.355008],[30.476404,50.353325],[30.476467,50.352821],[30.476549,50.352149],[30.476599,50.351789],[30.476723,50.350952],[30.476832,50.350243],[30.476848,50.350138],[30.476857,50.350086],[30.476922,50.349624],[30.47694,50.349503],[30.477067,50.34863],[30.477233,50.347474],[30.47724,50.347426],[30.477333,50.346766],[30.477339,50.346722],[30.477358,50.34654],[30.477359,50.346394],[30.477259,50.345418],[30.47718,50.344698],[30.476995,50.342956],[30.47695,50.342536],[30.47694,50.342449],[30.476668,50.340941],[30.476603,50.340537],[30.476511,50.339955]]},"properties":{"name":"Метрологічна вулиця"}},{"type":"Feature","geometry":{"type":"LineString","coordinates":[[30.477713,50.339885],[30.478141,50.3399],[30.478231,50.339903]]},"properties":{"name":"вулиця Академіка Лебедєва"}},{"type":"Feature","geometry":{"type":"LineString","coordinates":[[30.5156,50.39886],[30.515635,50.398803],[30.515734,50.39864],[30.515879,50.398414],[30.515978,50.39824],[30.516021,50.398165],[30.516147,50.397963],[30.516241,50.397802],[30.516324,50.397677],[30.51644,50.397506],[30.516523,50.397395],[30.516606,50.397293],[30.51667,50.397222],[30.516772,50.397122],[30.516887,50.397031],[30.516955,50.396971],[30.51717,50.396775],[30.517728,50.39629],[30.518363,50.395675],[30.51895,50.395131],[30.519116,50.394998],[30.519409,50.39483],[30.519608,50.394727],[30.520026,50.394499],[30.520215,50.39438],[30.521284,50.393708],[30.521897,50.393323],[30.522251,50.393103],[30.522402,50.393012],[30.522813,50.392766],[30.522862,50.392736],[30.523031,50.392624],[30.524153,50.391891],[30.524241,50.391836],[30.525868,50.390857],[30.526704,50.390324],[30.526791,50.390267],[30.526878,50.390212],[30.526978,50.390151],[30.527122,50.389984]]},"properties":{"name":"вулиця Добрий Шлях"}},{"type":"Feature","geometry":{"type":"LineString","coordinates":[[30.522756,50.39268],[30.522862,50.392736]]},"properties":{"name":"Конотопська вулиця"}},{"type":"Feature","geometry":{"type":"LineString","coordinates":[[30.527122,50.389984],[30.527754,50.390087],[30.527898,50.39011],[30.528146,50.390151],[30.528469,50.390203],[30.529113,50.390308],[30.529261,50.390331],[30.529458,50.390358]]},"properties":{"name":"вулиця Еллана-Блакитного"}},{"type":"Feature","geometry":{"type":"LineString","coordinates":[[30.53891,50.389857],[30.542467,50.389812],[30.542922,50.389842],[30.543362,50.389895],[30.544223,50.390073],[30.544445,50.390117],[30.544668,50.390155],[30.544893,50.390183],[30.545118,50.3902],[30.545342,50.390202],[30.545563,50.390192],[30.545785,50.39017],[30.546005,50.390135]]},"properties":{"name":"Лисогірський провулок"}},{"type":"Feature","geometry":{"type":"LineString","coordinates":[[30.452934,50.566325],[30.453326,50.566345],[30.455048,50.566414],[30.455834,50.566445],[30.457522,50.566513],[30.457688,50.56652],[30.45793,50.566532],[30.45809,50.566544],[30.458567,50.566568],[30.458748,50.566577],[30.460543,50.566668],[30.4607,50.566676],[30.461236,50.566708],[30.461624,50.566731],[30.462564,50.566776],[30.463508,50.566816],[30.463694,50.566824],[30.463768,50.566827],[30.463843,50.566831],[30.464223,50.566847],[30.464643,50.566867],[30.464975,50.566883],[30.465124,50.56689],[30.465211,50.566893],[30.467562,50.566973],[30.46852,50.567012],[30.468582,50.567016],[30.469897,50.567088],[30.470991,50.56713],[30.471198,50.567139],[30.472102,50.56718],[30.472175,50.567183],[30.472248,50.567186]]},"properties":{"name":"Дніпроводська вулиця"}},{"type":"Feature","geometry":{"type":"LineString","coordinates":[[30.484699,50.517419],[30.484845,50.517434],[30.485549,50.517435],[30.485783,50.517433],[30.486135,50.51743],[30.487017,50.517428],[30.487146,50.517435],[30.487291,50.517454],[30.487693,50.517541],[30.487892,50.517576],[30.48808,50.517577],[30.488213,50.517571],[30.48838,50.517546],[30.488478,50.517517],[30.488568,50.517488],[30.488612,50.517473],[30.488752,50.51742],[30.48906,50.517312]]},"properties":{"name":"вулиця Героїв Дніпра"}},{"type":"Feature","geometry":{"type":"LineString","coordinates":[[30.489864,50.51758],[30.489871,50.51772],[30.489887,50.51784],[30.489915,50.517964],[30.489957,50.518112],[30.49006,50.518366]]},"properties":{"name":"вулиця Героїв Дніпра"}},{"type":"Feature","geometry":{"type":"LineString","coordinates":[[30.498299,50.522456],[30.498154,50.522529],[30.497981,50.522603],[30.497809,50.522643],[30.49755,50.522669]]},"properties":{"name":"вулиця Героїв Дніпра"}},{"type":"Feature","geometry":{"type":"LineString","coordinates":[[30.498294,50.522903],[30.498177,50.522811],[30.498073,50.522763],[30.497959,50.522727],[30.497802,50.522695],[30.49755,50.522669],[30.497157,50.522675],[30.49704,50.522676],[30.496908,50.522677],[30.496811,50.522678],[30.496095,50.522682],[30.495592,50.522677],[30.495527,50.522675],[30.49534,50.522663],[30.495229,50.522653],[30.49498,50.52262],[30.494774,50.522578],[30.494434,50.522489],[30.494198,50.522402],[30.493964,50.52229],[30.493751,50.522172],[30.493577,50.522031],[30.492845,50.521295],[30.492476,50.520929],[30.491423,50.51979],[30.491282,50.519642],[30.490344,50.518674],[30.49025,50.518573],[30.49006,50.518366],[30.489901,50.518282],[30.489737,50.518197],[30.48966,50.518155],[30.489531,50.518098],[30.489269,50.517979],[30.489102,50.517898]]},"properties":{"name":"вулиця Героїв Дніпра"}},{"type":"Feature","geometry":{"type":"LineString","coordinates":[[30.489015,50.517862],[30.488631,50.517702],[30.488616,50.517699],[30.488567,50.517687],[30.488532,50.517679],[30.488417,50.517664],[30.488274,50.517655],[30.488009,50.517653],[30.487088,50.517667],[30.486221,50.517683],[30.485041,50.517702]]},"properties":{"name":"вулиця Героїв Дніпра"}},{"type":"Feature","geometry":{"type":"LineString","coordinates":[[30.487892,50.517576],[30.487339,50.517572],[30.487089,50.517575],[30.486227,50.517588],[30.485042,50.517608]]},"properties":{"name":"вулиця Героїв Дніпра"}},{"type":"Feature","geometry":{"type":"LineString","coordinates":[[30.499437,50.52247],[30.499542,50.522533],[30.499611,50.522564],[30.499722,50.522601],[30.499834,50.522629],[30.500176,50.522663]]},"properties":{"name":"вулиця Героїв Дніпра"}},{"type":"Feature","geometry":{"type":"LineString","coordinates":[[30.499474,50.522882],[30.499606,50.5228],[30.499771,50.522739],[30.499967,50.522694],[30.500176,50.522663],[30.500782,50.522658],[30.500955,50.522657],[30.501178,50.522653],[30.501348,50.522653],[30.503879,50.522623],[30.504058,50.522621],[30.504168,50.52262],[30.50653,50.522592],[30.506756,50.522589],[30.507122,50.522585],[30.508298,50.522571],[30.50903,50.522563],[30.509065,50.522562],[30.509113,50.522562],[30.50928,50.52256],[30.510321,50.522548],[30.51038,50.522547],[30.510924,50.522541],[30.511037,50.522539],[30.511704,50.522532],[30.512008,50.522494],[30.51227,50.522446],[30.512463,50.522397],[30.512731,50.522314],[30.512951,50.522226]]},"properties":{"name":"вулиця Героїв Дніпра"}},{"type":"Feature","geometry":{"type":"LineString","coordinates":[[30.513006,50.522735],[30.512752,50.522675],[30.512525,50.52262],[30.512302,50.522581],[30.511897,50.522544],[30.511704,50.522532]]},"properties":{"name":"вулиця Героїв Дніпра"}},{"type":"Feature","geometry":{"type":"LineString","coordinates":[[30.468844,50.517797],[30.468837,50.517898]]},"properties":{"name":"вулиця Сімʼї Кульженків"}},{"type":"Feature","geometry":{"type":"LineString","coordinates":[[30.468776,50.505701],[30.468774,50.505824]]},"properties":{"name":"вулиця Сімʼї Кульженків"}},{"type":"Feature","geometry":{"type":"LineString","coordinates":[[30.470762,50.566325],[30.470987,50.565905],[30.471134,50.565624],[30.471206,50.565276],[30.471201,50.565001],[30.471191,50.564474],[30.471205,50.564425]]},"properties":{"name":"Р-69"}},{"type":"Feature","geometry":{"type":"LineString","coordinates":[[30.471427,50.564454],[30.471622,50.56523],[30.471686,50.565386],[30.471893,50.565839],[30.472046,50.566176],[30.472109,50.56632],[30.472361,50.566899]]},"properties":{"name":"Р-69"}},{"type":"Feature","geometry":{"type":"LineString","coordinates":[[30.51896,50.528344],[30.519116,50.528112],[30.519585,50.527415],[30.519766,50.527145],[30.519992,50.52681],[30.520262,50.526408],[30.52094,50.5254],[30.521235,50.524972],[30.521673,50.524311],[30.521977,50.523848],[30.522096,50.523667],[30.522314,50.523293],[30.52245,50.522927],[30.522501,50.522794],[30.522586,50.522305],[30.522541,50.52185]]},"properties":{"name":"Прирічна вулиця"}},{"type":"Feature","geometry":{"type":"LineString","coordinates":[[30.522412,50.521542],[30.522379,50.521467],[30.52233,50.521356],[30.52225,50.521172],[30.522235,50.521144],[30.5221,50.520919],[30.521917,50.520692],[30.521707,50.520432],[30.520939,50.519591],[30.520707,50.519351],[30.51964,50.518328],[30.519512,50.518215],[30.518748,50.517539],[30.518722,50.517516],[30.518529,50.517346],[30.518166,50.517025],[30.516809,50.515825],[30.516653,50.515687],[30.515906,50.515023],[30.515824,50.514956],[30.514792,50.514056],[30.514028,50.513204],[30.513998,50.513176],[30.513947,50.513129],[30.513885,50.51307],[30.513794,50.513024],[30.513696,50.512991],[30.513578,50.512992],[30.513507,50.512992],[30.51278,50.512995],[30.512453,50.512996],[30.511414,50.513001]]},"properties":{"name":"Прирічна вулиця"}},{"type":"Feature","geometry":{"type":"LineString","coordinates":[[30.508005,50.513281],[30.507654,50.51346],[30.507604,50.513486],[30.507483,50.513548]]},"properties":{"name":"Прирічна вулиця"}},{"type":"Feature","geometry":{"type":"LineString","coordinates":[[30.625058,50.389851],[30.625123,50.389647],[30.625163,50.389522],[30.625192,50.389434],[30.625217,50.389359],[30.625232,50.389314],[30.625425,50.388719],[30.625563,50.388296],[30.625614,50.388129],[30.625635,50.388067],[30.625897,50.38725],[30.625957,50.387067],[30.626046,50.386794],[30.62607,50.386719],[30.626138,50.386509],[30.626237,50.386197]]},"properties":{"name":"вулиця Софії Русової"}},{"type":"Feature","geometry":{"type":"LineString","coordinates":[[30.625058,50.389851],[30.624993,50.390041],[30.624971,50.390116],[30.624854,50.390483],[30.624816,50.390589],[30.624705,50.39097],[30.624563,50.391416],[30.624471,50.391696],[30.624415,50.391822],[30.624369,50.391926],[30.62414,50.39225],[30.623982,50.392443],[30.623855,50.392561],[30.623226,50.392969],[30.623181,50.392998],[30.623106,50.39303],[30.623018,50.393066],[30.622184,50.393327],[30.621848,50.393396],[30.621743,50.393406],[30.621503,50.393434],[30.620991,50.393448],[30.620427,50.39343],[30.620099,50.393386],[30.62004,50.393378],[30.619415,50.393294],[30.618687,50.393174],[30.618551,50.393157],[30.618065,50.393118],[30.617808,50.393131],[30.617372,50.393243],[30.617168,50.393257],[30.617084,50.393263]]},"properties":{"name":"вулиця Єлизавети Чавдар"}},{"type":"Feature","geometry":{"type":"LineString","coordinates":[[30.629909,50.425365],[30.629878,50.425401]]},"properties":{"name":"Затишна вулиця"}},{"type":"Feature","geometry":{"type":"LineString","coordinates":[[30.627336,50.441906],[30.627214,50.442022],[30.626754,50.442461]]},"properties":{"name":"Дарницька площа"}},{"type":"Feature","geometry":{"type":"LineString","coordinates":[[30.625178,50.441976],[30.625479,50.441976],[30.625747,50.441957],[30.626048,50.441918],[30.626414,50.441857]]},"properties":{"name":"Дарницька площа"}},{"type":"Feature","geometry":{"type":"LineString","coordinates":[[30.626754,50.442461],[30.626541,50.442712],[30.626333,50.442959],[30.62625,50.443012],[30.626146,50.443053],[30.626055,50.443068],[30.625963,50.443069],[30.625847,50.44305],[30.625693,50.443006],[30.625591,50.442954],[30.625417,50.442795],[30.625346,50.442703],[30.625211,50.44259],[30.625082,50.442486]]},"properties":{"name":"Дарницька площа"}},{"type":"Feature","geometry":{"type":"LineString","coordinates":[[30.625082,50.442486],[30.62502,50.442347],[30.625012,50.44227],[30.625026,50.442189],[30.625067,50.4421],[30.625116,50.442039],[30.625178,50.441976],[30.625307,50.441883],[30.625818,50.441837],[30.626037,50.441828],[30.626278,50.44183],[30.626414,50.441857]]},"properties":{"name":"Дарницька площа"}},{"type":"Feature","geometry":{"type":"LineString","coordinates":[[30.626414,50.441857],[30.62628,50.44192],[30.625082,50.442486]]},"properties":{"name":"Дарницька площа"}},{"type":"Feature","geometry":{"type":"LineString","coordinates":[[30.626414,50.441857],[30.626544,50.44192],[30.626598,50.441965],[30.6267,50.442051],[30.626768,50.442153],[30.626773,50.442294],[30.626754,50.442461]]},"properties":{"name":"Дарницька площа"}},{"type":"Feature","geometry":{"type":"LineString","coordinates":[[30.625082,50.442486],[30.624985,50.442414],[30.624709,50.442247],[30.624477,50.4421],[30.624319,50.442022],[30.624138,50.441956],[30.623885,50.44187]]},"properties":{"name":"проспект Соборності"}},{"type":"Feature","geometry":{"type":"LineString","coordinates":[[30.625307,50.441883],[30.625062,50.441878],[30.624792,50.441873],[30.624544,50.441859],[30.624255,50.44183],[30.623926,50.441772],[30.623527,50.441664],[30.623334,50.441612],[30.622843,50.441469],[30.621543,50.44107],[30.619567,50.440464],[30.619107,50.440326],[30.615902,50.439333],[30.615191,50.439109],[30.615057,50.439067],[30.614735,50.438963],[30.613057,50.438459],[30.611827,50.438075],[30.610822,50.437763],[30.608835,50.437083],[30.608669,50.437026],[30.608102,50.436812],[30.607553,50.436581],[30.606515,50.436143],[30.606111,50.435973],[30.604908,50.435466],[30.600116,50.433468],[30.595175,50.431357],[30.594803,50.4312],[30.593836,50.43079],[30.593496,50.43065],[30.593037,50.43049],[30.592118,50.430193],[30.59198,50.430154]]},"properties":{"name":"проспект Соборності"}},{"type":"Feature","geometry":{"type":"LineString","coordinates":[[30.625178,50.441976],[30.624995,50.441978],[30.624758,50.441973],[30.624551,50.441967],[30.624279,50.441939],[30.623885,50.44187],[30.623231,50.441693],[30.622774,50.441562],[30.62146,50.44116],[30.619682,50.440613],[30.617821,50.440045],[30.615749,50.439402],[30.61345,50.438688],[30.612995,50.438538],[30.611746,50.438169],[30.610622,50.437824],[30.610561,50.437804],[30.609479,50.437439],[30.608933,50.437248],[30.607539,50.436723],[30.60582,50.435996],[30.604319,50.435361],[30.600926,50.433912],[30.597218,50.432332],[30.596086,50.431855],[30.594849,50.431333],[30.593841,50.430903],[30.593523,50.430774],[30.593296,50.430686],[30.592086,50.430262],[30.591882,50.430202]]},"properties":{"name":"проспект Соборності"}},{"type":"Feature","geometry":{"type":"LineString","coordinates":[[30.624138,50.441956],[30.62401,50.442051]]},"properties":{"name":"проспект Соборності"}},{"type":"Feature","geometry":{"type":"LineString","coordinates":[[30.616048,50.439073],[30.616048,50.439105],[30.616049,50.439132],[30.616062,50.439153],[30.616083,50.439171],[30.616106,50.439187],[30.616149,50.439205],[30.616254,50.439237],[30.619118,50.44011],[30.619234,50.440146]]},"properties":{"name":"проспект Соборності"}},{"type":"Feature","geometry":{"type":"LineString","coordinates":[[30.610373,50.438326],[30.610161,50.438097]]},"properties":{"name":"вулиця Бориса Мартоса"}},{"type":"Feature","geometry":{"type":"LineString","coordinates":[[30.611221,50.438754],[30.611343,50.438767],[30.61145,50.438765],[30.61163,50.438743],[30.61186,50.438687],[30.612002,50.43863],[30.612136,50.438553],[30.612246,50.438478]]},"properties":{"name":"вулиця Бориса Мартоса"}},{"type":"Feature","geometry":{"type":"LineString","coordinates":[[30.610193,50.440544],[30.610335,50.440615]]},"properties":{"name":"вулиця Бориса Мартоса"}},{"type":"Feature","geometry":{"type":"LineString","coordinates":[[30.610831,50.439502],[30.610808,50.439704],[30.610782,50.439821],[30.610729,50.43995],[30.610645,50.440119],[30.610575,50.440258],[30.610476,50.440456],[30.610335,50.440615],[30.61022,50.440761],[30.610103,50.440992],[30.609501,50.442229],[30.609432,50.442372],[30.609254,50.442751],[30.609001,50.443297],[30.608633,50.444023],[30.608501,50.444266],[30.608335,50.444524],[30.608213,50.444715],[30.608039,50.445011],[30.607472,50.44595],[30.607424,50.446018],[30.607372,50.446084],[30.607253,50.446212],[30.607082,50.446363],[30.606851,50.446532],[30.606531,50.446745],[30.606272,50.446888],[30.605809,50.44709],[30.605438,50.447235],[30.605213,50.447321],[30.605002,50.447399],[30.604829,50.447448],[30.604681,50.447491],[30.603849,50.447697],[30.603601,50.447756],[30.603413,50.447802],[30.603222,50.447852],[30.602958,50.447921],[30.602849,50.447946],[30.602128,50.448134],[30.602053,50.448154],[30.601922,50.448183],[30.601039,50.44843],[30.600626,50.448564],[30.600339,50.448665],[30.600128,50.448759],[30.600046,50.448796],[30.599783,50.448964],[30.599601,50.449118],[30.599466,50.449293],[30.599417,50.449372],[30.599196,50.44973]]},"properties":{"name":"вулиця Євгена Сверстюка"}},{"type":"Feature","geometry":{"type":"LineString","coordinates":[[30.598869,50.450568],[30.59895,50.450403],[30.598996,50.450305],[30.599113,50.450035],[30.599146,50.449913],[30.599196,50.44973],[30.599138,50.449787],[30.598996,50.449925],[30.598774,50.450058],[30.598654,50.450132],[30.598468,50.450241]]},"properties":{"name":"вулиця Євгена Сверстюка"}},{"type":"Feature","geometry":{"type":"LineString","coordinates":[[30.598838,50.450631],[30.59877,50.450843],[30.598604,50.451274],[30.598544,50.451401],[30.59847,50.451525],[30.598292,50.451826],[30.598084,50.452171]]},"properties":{"name":"вулиця Євгена Сверстюка"}},{"type":"Feature","geometry":{"type":"LineString","coordinates":[[30.597908,50.452135],[30.598073,50.451876],[30.598154,50.451724],[30.598283,50.451497],[30.598357,50.451328],[30.598363,50.451199],[30.598344,50.451093],[30.598319,50.450984],[30.598268,50.450891],[30.598122,50.450705]]},"properties":{"name":"вулиця Євгена Сверстюка"}},{"type":"Feature","geometry":{"type":"LineString","coordinates":[[30.598084,50.452171],[30.597309,50.453462],[30.597205,50.45365],[30.597109,50.453802],[30.596951,50.454029],[30.596723,50.454303],[30.596518,50.454462],[30.596194,50.454671],[30.595867,50.454855],[30.595743,50.454918],[30.59561,50.454986],[30.595482,50.45505],[30.595358,50.455099],[30.594556,50.455395],[30.593985,50.455611],[30.593744,50.455723],[30.593562,50.45585],[30.59352,50.45588],[30.593294,50.456118],[30.593112,50.456309],[30.592735,50.456721],[30.592512,50.456984],[30.592277,50.457218],[30.592058,50.457393]]},"properties":{"name":"вулиця Митрополита Андрея Шептицького"}},{"type":"Feature","geometry":{"type":"LineString","coordinates":[[30.589997,50.460374],[30.589986,50.460204],[30.589986,50.460072],[30.589994,50.459976],[30.590028,50.459835],[30.590149,50.459596],[30.590245,50.459489],[30.590488,50.459225],[30.590555,50.459146],[30.590818,50.458842],[30.590854,50.458798],[30.590896,50.45875],[30.590929,50.45871],[30.590989,50.458637],[30.591044,50.458573],[30.591331,50.458231],[30.591462,50.458075],[30.591509,50.458021],[30.59161,50.457906],[30.592058,50.457393],[30.592185,50.457152],[30.592346,50.456919],[30.592694,50.456519],[30.593163,50.455989],[30.593352,50.455801],[30.59344,50.455734],[30.593594,50.455644],[30.594092,50.455405],[30.594552,50.455222],[30.595144,50.455],[30.595408,50.454908],[30.595553,50.454836],[30.595737,50.454748],[30.596062,50.454573],[30.596362,50.454388],[30.596598,50.45418],[30.596785,50.453973],[30.596938,50.453767],[30.597186,50.453361],[30.597837,50.452255],[30.597908,50.452135]]},"properties":{"name":"вулиця Митрополита Андрея Шептицького"}},{"type":"Feature","geometry":{"type":"LineString","coordinates":[[30.589209,50.46005],[30.589378,50.46],[30.589506,50.459955],[30.589659,50.45989],[30.589702,50.459871],[30.589909,50.459754],[30.590149,50.459596]]},"properties":{"name":"вулиця Митрополита Андрея Шептицького"}},{"type":"Feature","geometry":{"type":"LineString","coordinates":[[30.590006,50.460421],[30.59011,50.460554],[30.590208,50.460665],[30.590353,50.460782],[30.590504,50.460866],[30.590685,50.460963]]},"properties":{"name":"вулиця Пантелеймона Куліша"}},{"type":"Feature","geometry":{"type":"LineString","coordinates":[[30.591609,50.461286],[30.591512,50.461252],[30.59104,50.461087],[30.590904,50.461039],[30.590685,50.460963],[30.590463,50.46092],[30.590241,50.460887],[30.590051,50.460873],[30.589883,50.460871],[30.58954,50.460876]]},"properties":{"name":"вулиця Пантелеймона Куліша"}},{"type":"Feature","geometry":{"type":"LineString","coordinates":[[30.590634,50.462736],[30.590701,50.462686],[30.590754,50.462635],[30.590803,50.462561],[30.590903,50.462417],[30.591006,50.462268],[30.591042,50.462216],[30.591257,50.461904],[30.591447,50.46163],[30.591541,50.461495],[30.591599,50.461401],[30.591631,50.461354]]},"properties":{"name":"Каховська вулиця"}},{"type":"Feature","geometry":{"type":"LineString","coordinates":[[30.588915,50.460096],[30.589064,50.460091]]},"properties":{"name":"вулиця Андрія Аболмасова"}},{"type":"Feature","geometry":{"type":"LineString","coordinates":[[30.597176,50.450084],[30.597477,50.450144],[30.597648,50.450176],[30.597916,50.45022],[30.598039,50.450236],[30.598148,50.450248],[30.598256,50.450267]]},"properties":{"name":"вулиця Раїси Окіпної"}},{"type":"Feature","geometry":{"type":"LineString","coordinates":[[30.598015,50.450571],[30.597939,50.450475],[30.597917,50.450452],[30.597899,50.450434],[30.597775,50.450349],[30.597619,50.450265],[30.597477,50.450191],[30.597176,50.450084],[30.596954,50.450017],[30.596548,50.449895],[30.596418,50.449856],[30.59614,50.449772],[30.595998,50.449729],[30.595951,50.449715],[30.59517,50.44948],[30.594934,50.449409],[30.593883,50.449092],[30.593715,50.449042],[30.593534,50.448987],[30.59346,50.448965],[30.593172,50.448877],[30.592311,50.448619],[30.592242,50.448587],[30.59197,50.448434],[30.591898,50.448371],[30.591694,50.448183],[30.591557,50.448052],[30.591188,50.447702],[30.591016,50.447514],[30.590953,50.447422],[30.590901,50.447314],[30.59086,50.447182],[30.590859,50.446994],[30.590945,50.446593]]},"properties":{"name":"вулиця Раїси Окіпної"}},{"type":"Feature","geometry":{"type":"LineString","coordinates":[[30.612015,50.437235],[30.61213,50.437306],[30.612237,50.437394],[30.61232,50.437465],[30.612391,50.43754],[30.612475,50.437698],[30.612491,50.437843],[30.612474,50.438022],[30.612464,50.43811],[30.612523,50.438021],[30.61255,50.437863],[30.612547,50.437746],[30.612501,50.437492],[30.612367,50.437022]]},"properties":{"name":"вулиця Івана Миколайчука"}},{"type":"Feature","geometry":{"type":"LineString","coordinates":[[30.611873,50.437182],[30.611648,50.437142],[30.611546,50.437125],[30.61127,50.437107],[30.611139,50.437093]]},"properties":{"name":"вулиця Івана Миколайчука"}},{"type":"Feature","geometry":{"type":"LineString","coordinates":[[30.610822,50.437763],[30.61032,50.43755],[30.610212,50.437471],[30.610185,50.43743],[30.61017,50.437357],[30.610193,50.437283],[30.610252,50.437219],[30.61034,50.43717],[30.610448,50.437142],[30.610565,50.437127],[30.610721,50.437106]]},"properties":{"name":"вулиця Івана Миколайчука"}},{"type":"Feature","geometry":{"type":"LineString","coordinates":[[30.592733,50.429232],[30.592816,50.429365],[30.592887,50.429438],[30.59298,50.429507],[30.59336,50.429706],[30.59413,50.430062],[30.594307,50.43014],[30.594507,50.430264],[30.59461,50.430314],[30.594889,50.430443],[30.595356,50.430638],[30.595523,50.430709],[30.595632,50.430755],[30.596536,50.431139],[30.596958,50.431319],[30.597101,50.43138],[30.597333,50.431478],[30.599685,50.432479],[30.599933,50.432583],[30.600809,50.432956],[30.600993,50.433028],[30.601471,50.433228],[30.6024,50.433622],[30.602535,50.433674],[30.602654,50.433724],[30.603297,50.433999],[30.603569,50.434115],[30.605208,50.434814],[30.605241,50.434827],[30.60582,50.435073],[30.606312,50.435281],[30.606499,50.435361],[30.606601,50.435404],[30.606724,50.435457],[30.606742,50.435464],[30.606835,50.435503],[30.608165,50.436078],[30.608914,50.436379],[30.609577,50.436669],[30.610543,50.437088],[30.610721,50.437106],[30.611139,50.437093],[30.611268,50.437074],[30.611415,50.437053],[30.611809,50.436996]]},"properties":{"name":"вулиця Івана Миколайчука"}},{"type":"Feature","geometry":{"type":"LineString","coordinates":[[30.644041,50.225766],[30.643971,50.225867],[30.643778,50.226145],[30.643601,50.226388],[30.643502,50.226524],[30.643468,50.22657],[30.643256,50.226862],[30.641248,50.229711],[30.640691,50.230495],[30.640199,50.231187],[30.637707,50.234698],[30.63747,50.235033],[30.637192,50.235428]]},"properties":{"name":"Обухівське шосе"}},{"type":"Feature","geometry":{"type":"LineString","coordinates":[[30.637192,50.235428],[30.637045,50.235629],[30.636908,50.235821],[30.635915,50.237232],[30.63492,50.238627],[30.633085,50.241217],[30.633052,50.241262],[30.632985,50.241353],[30.632732,50.241713],[30.631528,50.243436],[30.63016,50.245359],[30.629905,50.245723],[30.6298,50.245873],[30.629764,50.245925],[30.629592,50.24617],[30.628375,50.247873],[30.627662,50.248885],[30.626908,50.249934],[30.625331,50.252154],[30.62527,50.252238],[30.625233,50.252288],[30.625184,50.252355],[30.625148,50.252404],[30.624554,50.253245],[30.623322,50.254979],[30.622389,50.256299],[30.620613,50.258813],[30.62024,50.259337],[30.619862,50.259884],[30.619431,50.260497],[30.619118,50.260916],[30.619071,50.260979],[30.619013,50.261056],[30.618783,50.261392],[30.618649,50.261589],[30.615891,50.265476],[30.615239,50.266376],[30.612626,50.270065],[30.612421,50.270357],[30.612383,50.270412],[30.612247,50.270599],[30.611879,50.271138],[30.609328,50.274719],[30.607626,50.277116],[30.607565,50.277201],[30.606711,50.278402],[30.606511,50.278685],[30.606229,50.279088],[30.60505,50.280729],[30.604195,50.281873],[30.603821,50.282309],[30.603333,50.282815],[30.602921,50.283199],[30.602558,50.283506],[30.602235,50.283764],[30.601829,50.284065],[30.599932,50.285323],[30.599483,50.285622],[30.599292,50.285744],[30.598788,50.286069],[30.598097,50.28653],[30.59772,50.28677],[30.59607,50.28785],[30.59548,50.288235],[30.594548,50.28884],[30.593822,50.289306],[30.593327,50.289598],[30.592874,50.289851],[30.592216,50.290196],[30.59148,50.29055],[30.58986,50.291315],[30.587272,50.292525],[30.585844,50.293204],[30.585433,50.293395],[30.585007,50.293616],[30.584612,50.293852],[30.584244,50.294075],[30.583872,50.294331],[30.583263,50.294775],[30.583191,50.29483],[30.583011,50.294974],[30.582528,50.295412],[30.58155,50.296316],[30.58055,50.297259],[30.579359,50.298338],[30.579239,50.298448],[30.579069,50.298612],[30.578454,50.299187],[30.578072,50.299626],[30.577821,50.29997],[30.577517,50.300416],[30.57745,50.300509],[30.577149,50.300951],[30.577128,50.300982],[30.577099,50.301026],[30.57629,50.302219],[30.574754,50.304479],[30.573326,50.306551],[30.572292,50.308076],[30.572088,50.308381],[30.572001,50.308516],[30.571861,50.308729],[30.571746,50.308902],[30.571197,50.309715],[30.569225,50.31261],[30.568107,50.314252],[30.567255,50.315508],[30.565748,50.317734],[30.564915,50.318948],[30.564507,50.319588],[30.564365,50.319828],[30.564248,50.320028],[30.564154,50.320195],[30.564105,50.320293],[30.56372,50.321172],[30.562595,50.32384],[30.562416,50.324253],[30.56235,50.324413],[30.562342,50.324434],[30.562304,50.324526],[30.56228,50.324585],[30.562048,50.325124],[30.561919,50.325441],[30.561865,50.325569],[30.561778,50.325786],[30.561626,50.32615],[30.561541,50.326355],[30.561527,50.326389],[30.561243,50.327071],[30.561057,50.327517],[30.560973,50.327719],[30.560966,50.327737],[30.560862,50.328015],[30.560842,50.32807],[30.56079,50.328207],[30.56068,50.3285],[30.560585,50.328803],[30.560516,50.328999],[30.560475,50.329118],[30.559732,50.331298],[30.55968,50.331426],[30.559375,50.33251],[30.559367,50.332533],[30.559311,50.332698],[30.559302,50.332726],[30.559261,50.332846],[30.559142,50.333144],[30.559025,50.33338],[30.558864,50.333676],[30.558785,50.33379],[30.558519,50.334149],[30.558284,50.334413],[30.557931,50.334743],[30.557464,50.335153],[30.555697,50.336674]]},"properties":{"name":"Столичне шосе"}},{"type":"Feature","geometry":{"type":"LineString","coordinates":[[30.559654,50.398949],[30.559346,50.398599],[30.559105,50.398244],[30.558828,50.397793],[30.558566,50.397248],[30.558301,50.396643],[30.55822,50.396453],[30.557956,50.395803],[30.557525,50.394762],[30.557351,50.394342],[30.555084,50.388904],[30.55445,50.387439],[30.554028,50.386359],[30.55373,50.385555],[30.553139,50.383975],[30.552236,50.381496],[30.552122,50.381188],[30.551393,50.379213],[30.551133,50.37845],[30.550916,50.377741],[30.550754,50.377146],[30.550635,50.376696],[30.550533,50.376288],[30.550328,50.375365],[30.55029,50.375194],[30.550005,50.373856],[30.549907,50.373219],[30.549836,50.372465],[30.549779,50.371536],[30.549727,50.370698],[30.549628,50.368253],[30.549597,50.366647],[30.549559,50.365754],[30.549528,50.364846],[30.549522,50.364567],[30.549495,50.363317],[30.549552,50.361697],[30.549561,50.361472],[30.549614,50.360723],[30.549648,50.360275],[30.549781,50.359155],[30.549879,50.358555],[30.550036,50.357664],[30.550232,50.356748],[30.550296,50.356496],[30.550611,50.355164],[30.551309,50.352361],[30.55141,50.351949],[30.551665,50.350908],[30.551751,50.350574],[30.552209,50.348732],[30.552675,50.346892],[30.552748,50.346571],[30.552816,50.346257],[30.552884,50.345945],[30.553089,50.345014],[30.553461,50.343432],[30.553674,50.342441],[30.553704,50.342303],[30.55374,50.342172],[30.55393,50.341326],[30.554038,50.34085],[30.55423,50.340002],[30.554259,50.339881],[30.554339,50.339554],[30.554363,50.339459],[30.554426,50.339191],[30.554558,50.338622],[30.554578,50.338518],[30.554629,50.338268],[30.554743,50.337898],[30.554841,50.337695],[30.554939,50.337533],[30.555101,50.33732],[30.555347,50.337035],[30.555697,50.336674],[30.555233,50.336981],[30.55513,50.337068],[30.554897,50.337306],[30.554765,50.337463],[30.554664,50.337633],[30.554573,50.337817],[30.554533,50.33792],[30.554502,50.337994],[30.554441,50.338153],[30.55438,50.338352],[30.554312,50.338582],[30.554223,50.338931],[30.554174,50.339176],[30.55411,50.339434],[30.553998,50.339921],[30.553861,50.340547],[30.553785,50.34086],[30.553684,50.341308],[30.553495,50.342275],[30.553468,50.3424],[30.55344,50.342506],[30.553335,50.342961],[30.553184,50.343677],[30.552801,50.345354],[30.552602,50.346221],[30.552472,50.346809],[30.552353,50.347318],[30.552183,50.347992],[30.551918,50.348997],[30.55189,50.349107],[30.551533,50.350551],[30.551429,50.35096],[30.550266,50.3557],[30.550011,50.356743],[30.549819,50.357642],[30.549743,50.358011],[30.549664,50.358435],[30.549619,50.358802],[30.54953,50.35944],[30.549429,50.360265],[30.549382,50.360792],[30.549338,50.361419],[30.549297,50.362857],[30.549267,50.363318],[30.549276,50.363639],[30.549297,50.364573],[30.549344,50.365757],[30.549373,50.366431],[30.549393,50.366936],[30.54942,50.367664],[30.549442,50.36821],[30.549528,50.370699],[30.549578,50.371544],[30.549636,50.372472],[30.549722,50.37323],[30.549812,50.373865],[30.550111,50.375384],[30.55032,50.376301],[30.550553,50.377173],[30.550717,50.37777],[30.550781,50.377977],[30.550939,50.378477],[30.551197,50.379238],[30.551527,50.380132],[30.551926,50.381221],[30.552425,50.382585],[30.552644,50.383192],[30.552948,50.384008],[30.553243,50.384811],[30.553539,50.385585],[30.553844,50.386385],[30.554276,50.387451],[30.554893,50.388938],[30.557726,50.395844],[30.558045,50.39662],[30.558184,50.396926],[30.558438,50.397482],[30.558562,50.397731],[30.558885,50.398272],[30.559101,50.398583]]},"properties":{"name":"Столичне шосе"}},{"type":"Feature","geometry":{"type":"LineString","coordinates":[[30.559654,50.398949],[30.55999,50.399332],[30.560331,50.399693],[30.560468,50.39982],[30.561286,50.400549],[30.561444,50.40069],[30.561627,50.400854],[30.561721,50.400937],[30.561826,50.401031],[30.561882,50.401081],[30.562243,50.401403],[30.562355,50.401503],[30.562916,50.401991],[30.563161,50.402203],[30.563355,50.402378],[30.563659,50.402666],[30.563838,50.402838],[30.564523,50.403517],[30.564704,50.403707],[30.565094,50.40413]]},"properties":{"name":"Наддніпрянське шосе"}},{"type":"Feature","geometry":{"type":"LineString","coordinates":[[30.563791,50.4033],[30.563705,50.403259],[30.563625,50.403215],[30.563477,50.403092],[30.563265,50.402909],[30.563035,50.402693],[30.562973,50.402635],[30.562651,50.402362],[30.562303,50.402113],[30.562158,50.402009],[30.562021,50.401929]]},"properties":{"name":"Наддніпрянське шосе"}},{"type":"Feature","geometry":{"type":"LineString","coordinates":[[30.560254,50.39987],[30.560025,50.399639],[30.559763,50.39935],[30.559355,50.398895],[30.559101,50.398583]]},"properties":{"name":"Наддніпрянське шосе"}},{"type":"Feature","geometry":{"type":"LineString","coordinates":[[30.560881,50.401505],[30.560928,50.401529]]},"properties":{"name":"Наддніпрянське шосе"}},{"type":"Feature","geometry":{"type":"LineString","coordinates":[[30.567937,50.406009],[30.567875,50.405919],[30.567797,50.40579],[30.567719,50.405672],[30.567563,50.405479],[30.567003,50.404897],[30.566754,50.404647],[30.566535,50.404451],[30.566337,50.404276],[30.566219,50.404174],[30.565993,50.404012],[30.565457,50.403576]]},"properties":{"name":"Набережно-Печерська дорога"}},{"type":"Feature","geometry":{"type":"LineString","coordinates":[[30.562296,50.400983],[30.562464,50.401124],[30.563364,50.401867]]},"properties":{"name":"Набережно-Печерська дорога"}},{"type":"Feature","geometry":{"type":"LineString","coordinates":[[30.558864,50.333676],[30.559053,50.333741]]},"properties":{"name":"Спокійна вулиця"}},{"type":"Feature","geometry":{"type":"LineString","coordinates":[[30.558874,50.334358],[30.558891,50.334119],[30.559002,50.333874],[30.559053,50.333741]]},"properties":{"name":"Лютнева вулиця"}},{"type":"Feature","geometry":{"type":"LineString","coordinates":[[30.604333,50.422149],[30.60436,50.422156],[30.604442,50.422175],[30.605131,50.422342],[30.605301,50.422396],[30.605383,50.422425],[30.605522,50.422457],[30.605707,50.422505],[30.606652,50.422738],[30.607008,50.422826],[30.607094,50.422847],[30.61124,50.423888],[30.611412,50.423931],[30.61176,50.424018],[30.612464,50.424208],[30.612533,50.424229],[30.61269,50.424278],[30.612955,50.424377],[30.613163,50.424463],[30.613633,50.424708],[30.614304,50.425118],[30.614943,50.425604],[30.615285,50.425942],[30.615486,50.426235],[30.615557,50.42634],[30.615597,50.426408],[30.615623,50.426453],[30.615655,50.426505],[30.615695,50.426572],[30.615983,50.427067],[30.615996,50.427094],[30.616157,50.42749],[30.616215,50.427803],[30.616208,50.428316],[30.616206,50.428452],[30.616084,50.428996],[30.615911,50.429484],[30.615876,50.429572],[30.615829,50.429674],[30.615812,50.429714],[30.615778,50.429774],[30.615758,50.429818],[30.615377,50.430657],[30.615097,50.431274],[30.615012,50.431471],[30.614892,50.431729],[30.61486,50.4318],[30.614768,50.432002],[30.614729,50.432088],[30.614611,50.432348]]},"properties":{"name":"Березняківська вулиця"}},{"type":"Feature","geometry":{"type":"LineString","coordinates":[[30.614254,50.433151],[30.614348,50.432948],[30.614611,50.432348],[30.614379,50.432617],[30.614266,50.432698],[30.614162,50.432751],[30.613942,50.432845]]},"properties":{"name":"Березняківська вулиця"}},{"type":"Feature","geometry":{"type":"LineString","coordinates":[[30.614208,50.433246],[30.614162,50.433335],[30.613958,50.43371],[30.613772,50.434062],[30.613619,50.434262]]},"properties":{"name":"Березняківська вулиця"}},{"type":"Feature","geometry":{"type":"LineString","coordinates":[[30.612367,50.437022],[30.612339,50.436763],[30.612333,50.436708],[30.612324,50.436638],[30.612313,50.436549],[30.612332,50.436383],[30.612407,50.436127]]},"properties":{"name":"Березняківська вулиця"}},{"type":"Feature","geometry":{"type":"LineString","coordinates":[[30.613515,50.433267],[30.613557,50.433348],[30.613586,50.433417],[30.61362,50.433602],[30.613647,50.433731],[30.613655,50.433845],[30.613619,50.434262],[30.613421,50.434577],[30.613059,50.435152],[30.612837,50.435483],[30.612443,50.436077],[30.612407,50.436127],[30.612208,50.436356],[30.612169,50.43641],[30.612045,50.436574],[30.611912,50.436783],[30.61184,50.436956]]},"properties":{"name":"Березняківська вулиця"}},{"type":"Feature","geometry":{"type":"LineString","coordinates":[[30.603404,50.422419],[30.603293,50.422339],[30.603249,50.422308],[30.603198,50.422274],[30.60315,50.422245],[30.6031,50.42222],[30.603027,50.42219],[30.602941,50.422159],[30.602884,50.42214],[30.602801,50.422115],[30.602721,50.422094],[30.602661,50.422079],[30.602599,50.422064],[30.602525,50.422049],[30.602421,50.422029],[30.602154,50.421985]]},"properties":{"name":"Березняківська вулиця"}},{"type":"Feature","geometry":{"type":"LineString","coordinates":[[30.592417,50.421896],[30.592585,50.421898],[30.592784,50.421899],[30.592927,50.4219],[30.593443,50.421904],[30.593706,50.421905],[30.593945,50.421907],[30.59457,50.42191],[30.59552,50.42192],[30.595723,50.421923],[30.595971,50.421926],[30.596995,50.421939],[30.59773,50.421946],[30.598144,50.421939],[30.598265,50.421939],[30.598396,50.421941],[30.598623,50.421944],[30.599445,50.421954],[30.600786,50.421969],[30.601425,50.421976],[30.601712,50.42198],[30.602006,50.421983],[30.602154,50.421985],[30.602368,50.421988],[30.602407,50.421988],[30.602772,50.422],[30.60294,50.422005],[30.603219,50.422008],[30.60346,50.42201],[30.603536,50.422012],[30.603612,50.422017],[30.603762,50.422053]]},"properties":{"name":"Березняківська вулиця"}},{"type":"Feature","geometry":{"type":"LineString","coordinates":[[30.606916,50.454616],[30.607058,50.454757],[30.60711,50.45483],[30.607125,50.454882],[30.607132,50.454948],[30.607125,50.455014],[30.607078,50.455132],[30.606814,50.455631],[30.606697,50.455777],[30.606623,50.455861],[30.606334,50.456154],[30.605749,50.456722],[30.605675,50.456795],[30.605248,50.457152],[30.605128,50.457243],[30.60425,50.458037],[30.604131,50.458131],[30.604035,50.458223],[30.603523,50.458715],[30.601147,50.461008],[30.600534,50.461599],[30.600479,50.461658],[30.600357,50.46179],[30.600253,50.461928],[30.600136,50.462163],[30.600093,50.462293],[30.60007,50.462443],[30.600017,50.462874],[30.599962,50.463322],[30.599886,50.463971],[30.599786,50.464745],[30.599781,50.464804],[30.599683,50.465132],[30.59956,50.465495],[30.599481,50.465727]]},"properties":{"name":"проспект Георгія Нарбута"}},{"type":"Feature","geometry":{"type":"LineString","coordinates":[[30.604402,50.45811],[30.604209,50.458293],[30.603919,50.458567],[30.603776,50.458705],[30.600862,50.461505],[30.600676,50.461684],[30.600491,50.461893],[30.600415,50.46199],[30.600278,50.462271],[30.600234,50.462417],[30.60013,50.463244],[30.600008,50.464242],[30.599944,50.464761],[30.599933,50.464844],[30.59986,50.465138],[30.599669,50.465719]]},"properties":{"name":"проспект Георгія Нарбута"}},{"type":"Feature","geometry":{"type":"LineString","coordinates":[[30.607819,50.456002],[30.608127,50.456639],[30.608155,50.456698],[30.60824,50.456873],[30.608361,50.457111],[30.60844,50.457392],[30.60855,50.457604],[30.608551,50.457623],[30.608541,50.457753],[30.608533,50.457816],[30.608512,50.458406],[30.608502,50.458484],[30.608383,50.459551],[30.608333,50.459978],[30.608256,50.46066],[30.608125,50.461788],[30.608069,50.462335],[30.608003,50.462908],[30.607967,50.463185],[30.607873,50.463843]]},"properties":{"name":"вулиця Князя Романа Мстиславича"}},{"type":"Feature","geometry":{"type":"LineString","coordinates":[[30.608344,50.464154],[30.60805,50.464086],[30.607934,50.464012],[30.607873,50.463843],[30.607827,50.464022],[30.607808,50.464166],[30.607781,50.464375],[30.607796,50.464429]]},"properties":{"name":"вулиця Князя Романа Мстиславича"}},{"type":"Feature","geometry":{"type":"LineString","coordinates":[[30.608698,50.464603],[30.608263,50.465273]]},"properties":{"name":"вулиця Князя Романа Мстиславича"}},{"type":"Feature","geometry":{"type":"LineString","coordinates":[[30.611373,50.471745],[30.611312,50.471618],[30.611134,50.471248],[30.610854,50.470667],[30.610694,50.470333],[30.610674,50.470291],[30.610653,50.470247],[30.610439,50.469802],[30.610401,50.469724],[30.610129,50.469156],[30.610101,50.4691],[30.609559,50.467972],[30.609543,50.467937],[30.609439,50.467721],[30.609078,50.46697],[30.608363,50.465483],[30.608325,50.465406],[30.608263,50.465273],[30.608179,50.465169],[30.607872,50.464625]]},"properties":{"name":"вулиця Князя Романа Мстиславича"}},{"type":"Feature","geometry":{"type":"LineString","coordinates":[[30.592622,50.515255],[30.5928,50.515261]]},"properties":{"name":"вулиця Мелетія Смотрицького"}},{"type":"Feature","geometry":{"type":"LineString","coordinates":[[30.60844,50.457392],[30.608561,50.457225],[30.608671,50.457123],[30.608785,50.457056],[30.608971,50.456977],[30.609105,50.45692],[30.609184,50.456897],[30.609251,50.456882],[30.609351,50.456869],[30.609457,50.456861],[30.609536,50.45686],[30.609613,50.456863],[30.609802,50.456882],[30.610166,50.456955],[30.610397,50.457002],[30.61057,50.457052]]},"properties":{"name":"вулиця Андрія Малишка"}},{"type":"Feature","geometry":{"type":"LineString","coordinates":[[30.615523,50.455218],[30.615554,50.455173],[30.615828,50.454772],[30.616155,50.45428],[30.616211,50.454196],[30.616467,50.453816],[30.61675,50.453396],[30.616766,50.453373],[30.61678,50.453352],[30.61681,50.453311],[30.616854,50.453254],[30.617498,50.452283],[30.617889,50.451705],[30.618071,50.451434],[30.61813,50.451346]]},"properties":{"name":"вулиця Сергія Набоки"}},{"type":"Feature","geometry":{"type":"LineString","coordinates":[[30.61813,50.451346],[30.618033,50.45132],[30.61734,50.451128],[30.617007,50.451037],[30.616523,50.450903],[30.616351,50.450856],[30.616272,50.450834],[30.616169,50.450806],[30.616013,50.450762],[30.615897,50.45073],[30.615393,50.450591],[30.61438,50.450312],[30.614006,50.450207],[30.61372,50.450131],[30.613512,50.450075],[30.613433,50.450053]]},"properties":{"name":"вулиця Вінстона Черчилля"}},{"type":"Feature","geometry":{"type":"LineString","coordinates":[[30.604402,50.45811],[30.60479,50.457868],[30.605622,50.457502],[30.60661,50.457137],[30.60712,50.456974],[30.607602,50.456815],[30.608127,50.456639],[30.608731,50.456421],[30.60913,50.456245]]},"properties":{"name":"вулиця Будівельників"}},{"type":"Feature","geometry":{"type":"LineString","coordinates":[[30.626126,50.444138],[30.625934,50.444193],[30.62557,50.444295],[30.625355,50.444357],[30.625109,50.444422],[30.624074,50.444705],[30.624008,50.444721],[30.623355,50.444898],[30.621917,50.445286],[30.621547,50.445385],[30.621476,50.445404],[30.621379,50.44543],[30.621276,50.445458],[30.620418,50.445689],[30.619819,50.44585],[30.619283,50.445985],[30.618606,50.446176],[30.617959,50.44635],[30.617402,50.4465],[30.617345,50.446516],[30.616684,50.446693],[30.616363,50.446776],[30.616136,50.446841],[30.615773,50.446939],[30.615595,50.446987],[30.615532,50.447095],[30.615397,50.447325],[30.615336,50.447427],[30.615142,50.447717],[30.615103,50.447773],[30.614948,50.447989],[30.614782,50.44823],[30.614561,50.448544],[30.614395,50.448785],[30.614023,50.449328],[30.61383,50.449607],[30.61356,50.450004],[30.613512,50.450075],[30.613454,50.45016],[30.613208,50.450526],[30.613172,50.450571],[30.612895,50.450986],[30.612814,50.451105],[30.612613,50.451406],[30.612195,50.452032],[30.611846,50.452539],[30.611525,50.453017],[30.611248,50.453429],[30.611218,50.453474],[30.61112,50.453618],[30.611035,50.453746],[30.61095,50.45387],[30.610908,50.453935],[30.610853,50.454015],[30.610844,50.454029],[30.610194,50.454959],[30.609764,50.455607],[30.609515,50.455976],[30.609418,50.45606],[30.609262,50.456168],[30.60913,50.456245],[30.608927,50.456297],[30.608792,50.456315],[30.608685,50.456314],[30.608596,50.456314],[30.608452,50.456302],[30.608232,50.456252],[30.608116,50.4562],[30.608008,50.456126],[30.607902,50.456033],[30.607791,50.455932]]},"properties":{"name":"вулиця Будівельників"}},{"type":"Feature","geometry":{"type":"LineString","coordinates":[[30.611051,50.446325],[30.611436,50.446193],[30.611667,50.44613],[30.612304,50.445952],[30.612704,50.445845],[30.613145,50.445726],[30.614317,50.445411],[30.614483,50.445366],[30.614685,50.44531],[30.615149,50.445181],[30.615261,50.445151],[30.615603,50.44506],[30.616936,50.444695],[30.617908,50.444433],[30.617968,50.444416],[30.618077,50.444386],[30.6186,50.444251],[30.619662,50.443983],[30.620211,50.443831],[30.620341,50.443798],[30.620472,50.443761],[30.620842,50.443659],[30.621935,50.443361],[30.622041,50.443331],[30.622302,50.443258],[30.622914,50.443091],[30.623187,50.443014],[30.623363,50.442968],[30.623514,50.442928],[30.624563,50.442639],[30.624761,50.442581],[30.625082,50.442486]]},"properties":{"name":"проспект Миру"}},{"type":"Feature","geometry":{"type":"LineString","coordinates":[[30.651506,50.402567],[30.651648,50.402823],[30.651812,50.402884],[30.65191,50.402902],[30.651996,50.402915],[30.652712,50.403013],[30.652963,50.403049],[30.653463,50.403121],[30.653701,50.403153]]},"properties":{"name":"вулиця Братства Тарасівців"}},{"type":"Feature","geometry":{"type":"LineString","coordinates":[[30.642672,50.394477],[30.642849,50.394495],[30.643436,50.394557],[30.64365,50.39458],[30.644405,50.394661],[30.645513,50.394789],[30.647248,50.394986],[30.647651,50.395041],[30.64801,50.395072],[30.64814,50.395074],[30.648256,50.395078],[30.648369,50.395074],[30.648468,50.395068],[30.648562,50.39506],[30.648717,50.395039],[30.648904,50.395005],[30.649128,50.394941],[30.64942,50.39482],[30.64961,50.394738],[30.650088,50.394525],[30.650157,50.394494],[30.650747,50.394232],[30.651124,50.394064],[30.651287,50.393991],[30.651841,50.393739],[30.652105,50.393628],[30.652154,50.393611],[30.652304,50.393576],[30.652473,50.393567],[30.652569,50.393567],[30.653045,50.393596],[30.653332,50.39362],[30.653535,50.393646]]},"properties":{"name":"Вишняківська вулиця"}},{"type":"Feature","geometry":{"type":"LineString","coordinates":[[30.641929,50.397702],[30.641963,50.397572],[30.641993,50.39746],[30.642044,50.397251],[30.642136,50.396877],[30.642308,50.396106],[30.642379,50.395782],[30.6424,50.395694],[30.642425,50.395579],[30.642439,50.395517],[30.642445,50.39549],[30.642458,50.395439],[30.642474,50.395371],[30.642483,50.395334],[30.642506,50.39523],[30.642567,50.394944],[30.642646,50.394578],[30.642672,50.394477],[30.642684,50.394431]]},"properties":{"name":"вулиця Лариси Руденко"}},{"type":"Feature","geometry":{"type":"LineString","coordinates":[[30.641929,50.397702],[30.641771,50.397678],[30.641405,50.397623],[30.641166,50.397588],[30.641112,50.39758],[30.640967,50.397558],[30.640812,50.397535],[30.640429,50.397478],[30.640058,50.397423],[30.639581,50.39736],[30.63934,50.397323],[30.639012,50.397261],[30.638832,50.397222],[30.638695,50.397181],[30.638572,50.397125],[30.63847,50.397074],[30.638396,50.39703],[30.638353,50.397003],[30.638315,50.396977],[30.638226,50.396911],[30.638139,50.396834],[30.638079,50.39678],[30.638012,50.396701],[30.637792,50.396431],[30.63767,50.396277],[30.637621,50.396217],[30.63738,50.395942],[30.637018,50.395529],[30.63654,50.394992],[30.636328,50.394764]]},"properties":{"name":"вулиця Олександра Мишуги"}},{"type":"Feature","geometry":{"type":"LineString","coordinates":[[30.635723,50.394946],[30.635833,50.394831],[30.635909,50.394762],[30.635972,50.394732],[30.63604,50.394719],[30.636134,50.394711],[30.636194,50.394714],[30.636264,50.394734],[30.636328,50.394764],[30.636184,50.394612],[30.636102,50.394521],[30.63603,50.394425],[30.635963,50.394313],[30.63587,50.394114]]},"properties":{"name":"вулиця Олександра Мишуги"}},{"type":"Feature","geometry":{"type":"LineString","coordinates":[[30.606557,50.488858],[30.606549,50.488887],[30.606418,50.489272],[30.606317,50.489559],[30.606192,50.489933],[30.606179,50.489971],[30.606158,50.490033],[30.60614,50.490085],[30.605432,50.492151],[30.60516,50.492953]]},"properties":{"name":"вулиця Ірини Бекешкіної"}},{"type":"Feature","geometry":{"type":"LineString","coordinates":[[30.606746,50.488679],[30.607085,50.488545],[30.607358,50.488434],[30.607643,50.48832],[30.607712,50.488291],[30.608154,50.48811],[30.608684,50.487891],[30.608804,50.487834],[30.608871,50.487803]]},"properties":{"name":"вулиця Ірини Бекешкіної"}},{"type":"Feature","geometry":{"type":"LineString","coordinates":[[30.447631,50.473483],[30.447452,50.473507],[30.446747,50.473613],[30.445995,50.473727],[30.44548,50.473805],[30.444904,50.473893],[30.444457,50.473964],[30.443204,50.474156],[30.443066,50.474175],[30.442942,50.474192],[30.441512,50.474412],[30.440888,50.474506],[30.440768,50.474524],[30.44064,50.474541],[30.439207,50.474767],[30.438741,50.474836],[30.438241,50.474908],[30.437347,50.475043],[30.437254,50.475058],[30.437067,50.475086],[30.436838,50.475131],[30.436507,50.475226],[30.436251,50.475347],[30.435615,50.475743],[30.435316,50.475931],[30.435144,50.476036],[30.434083,50.476699],[30.433837,50.476812],[30.433616,50.476899],[30.433405,50.476963],[30.433072,50.477038],[30.432754,50.477073],[30.432658,50.477079],[30.432406,50.477086],[30.432169,50.477074],[30.431809,50.477032],[30.431146,50.47695],[30.430926,50.476924],[30.430462,50.476865],[30.430105,50.476814],[30.429717,50.476752]]},"properties":{"name":"вулиця Щусєва"}},{"type":"Feature","geometry":{"type":"LineString","coordinates":[[30.42984,50.476646],[30.430301,50.47672],[30.431175,50.476848],[30.431676,50.476917],[30.431831,50.476938],[30.432153,50.476983],[30.432421,50.476996],[30.432696,50.476992],[30.432951,50.476965],[30.433187,50.476924],[30.433401,50.476871],[30.433582,50.476817],[30.433768,50.476742],[30.434076,50.476578],[30.434378,50.476388],[30.435762,50.47552],[30.436071,50.475331],[30.436437,50.475145],[30.436464,50.475137],[30.436753,50.475057],[30.437003,50.475006],[30.437204,50.474964],[30.437311,50.474945],[30.437862,50.474862],[30.438219,50.474806],[30.438876,50.474699],[30.439206,50.474652],[30.439773,50.474573],[30.440596,50.474445],[30.440722,50.474425],[30.440853,50.474404],[30.441347,50.47433],[30.441479,50.47431],[30.442903,50.474092],[30.443054,50.47407],[30.443167,50.474056],[30.443563,50.473993],[30.444827,50.473803],[30.445641,50.473682],[30.446931,50.473493],[30.44742,50.473423],[30.447601,50.4734]]},"properties":{"name":"вулиця Щусєва"}},{"type":"Feature","geometry":{"type":"LineString","coordinates":[[30.436377,50.473285],[30.436335,50.473353],[30.436393,50.473516],[30.436496,50.473694],[30.436666,50.473884],[30.436793,50.47402],[30.436864,50.474107],[30.436925,50.474223],[30.437025,50.474508],[30.437173,50.474901],[30.437204,50.474964],[30.437254,50.475058],[30.437303,50.475125]]},"properties":{"name":"вулиця Вавилових"}},{"type":"Feature","geometry":{"type":"LineString","coordinates":[[30.414753,50.469833],[30.414755,50.46987],[30.414757,50.469943],[30.41476,50.47002],[30.414757,50.470625],[30.41476,50.4711],[30.414753,50.471884],[30.414753,50.471944],[30.414753,50.472059],[30.414749,50.472347],[30.414726,50.473907],[30.414725,50.473984],[30.414724,50.47405],[30.414723,50.474091],[30.414712,50.475023],[30.414682,50.475218],[30.414618,50.475315],[30.414519,50.475509],[30.414517,50.475783],[30.414493,50.475826],[30.414424,50.475949],[30.413848,50.476805],[30.413693,50.477042],[30.413566,50.477285],[30.413553,50.477434]]},"properties":{"name":"бульвар Павла Вірського"}},{"type":"Feature","geometry":{"type":"LineString","coordinates":[[30.414485,50.471943],[30.414482,50.471881],[30.414483,50.471553],[30.414486,50.471216],[30.414486,50.471103],[30.414484,50.470603],[30.41449,50.470135],[30.414489,50.469963],[30.414491,50.469943],[30.414495,50.46987],[30.414492,50.469794],[30.414495,50.469495],[30.414488,50.468987],[30.414489,50.468589],[30.414499,50.467828],[30.414499,50.467772],[30.414497,50.467264],[30.414496,50.467126],[30.414506,50.466102],[30.41451,50.466061],[30.414532,50.465876],[30.414589,50.465746],[30.414634,50.465697],[30.414716,50.465627],[30.414847,50.465539],[30.414924,50.465494]]},"properties":{"name":"бульвар Павла Вірського"}},{"type":"Feature","geometry":{"type":"LineString","coordinates":[[30.414905,50.465479],[30.414924,50.465494],[30.415079,50.465598],[30.415169,50.465666],[30.41555,50.465958],[30.415608,50.466002],[30.415734,50.466098],[30.416087,50.466368],[30.416174,50.466434],[30.416648,50.466796],[30.416853,50.466953],[30.417233,50.467243],[30.41732,50.467309],[30.417354,50.467335],[30.417421,50.467387],[30.417803,50.46768],[30.417821,50.467708],[30.417831,50.467734]]},"properties":{"name":"вулиця Януша Корчака"}},{"type":"Feature","geometry":{"type":"LineString","coordinates":[[30.41799,50.467856],[30.418046,50.467873],[30.418097,50.467898],[30.419926,50.469287],[30.420541,50.469765],[30.420706,50.469877],[30.420772,50.469926],[30.420892,50.470015],[30.421139,50.470199],[30.421308,50.470325]]},"properties":{"name":"вулиця Януша Корчака"}},{"type":"Feature","geometry":{"type":"LineString","coordinates":[[30.420706,50.469877],[30.420501,50.469881],[30.420302,50.469881],[30.419981,50.46988],[30.417874,50.469876],[30.417793,50.469876],[30.417683,50.469876],[30.417386,50.469875],[30.417204,50.469875],[30.416905,50.469874],[30.416037,50.469873],[30.415886,50.469872],[30.415664,50.469872],[30.415581,50.469872],[30.415353,50.469871],[30.415296,50.469871],[30.415217,50.469871],[30.415014,50.469871],[30.414966,50.469871],[30.414851,50.46987],[30.414755,50.46987],[30.414495,50.46987],[30.414392,50.469869],[30.41436,50.469869],[30.414302,50.469869],[30.41299,50.469867],[30.411517,50.469864],[30.411431,50.469864],[30.411328,50.469864],[30.411095,50.469863],[30.410358,50.469862],[30.410177,50.469862],[30.409704,50.469861],[30.409576,50.469861],[30.408693,50.469859],[30.407441,50.469857],[30.40678,50.469855],[30.406464,50.469855],[30.406118,50.469854],[30.405843,50.469854]]},"properties":{"name":"Ружинська вулиця"}},{"type":"Feature","geometry":{"type":"LineString","coordinates":[[30.405867,50.462724],[30.405713,50.462722]]},"properties":{"name":"провулок Всеволода Петріва"}},{"type":"Feature","geometry":{"type":"LineString","coordinates":[[30.411432,50.469802],[30.411431,50.469864]]},"properties":{"name":"вулиця Олександра Бринжали"}},{"type":"Feature","geometry":{"type":"LineString","coordinates":[[30.417991,50.467841],[30.418083,50.467805]]},"properties":{"name":"вулиця Василя Данилевича"}},{"type":"Feature","geometry":{"type":"LineString","coordinates":[[30.594989,50.433073],[30.595162,50.433116],[30.595287,50.433163],[30.595439,50.433222],[30.595618,50.433298],[30.596753,50.433776],[30.596931,50.433851],[30.598161,50.434365],[30.599234,50.434821],[30.599341,50.434867],[30.599577,50.434972],[30.59973,50.435033],[30.602259,50.436113],[30.602666,50.436279],[30.603119,50.436468],[30.604961,50.437247],[30.605191,50.437344],[30.605768,50.437586],[30.605974,50.437675],[30.607063,50.438112],[30.607394,50.438276],[30.60756,50.438383],[30.607687,50.438518],[30.607774,50.438657],[30.607779,50.438681],[30.607799,50.438794],[30.607787,50.438929],[30.607737,50.439044],[30.607518,50.439298],[30.607447,50.439381],[30.607375,50.439446],[30.606909,50.439886],[30.606854,50.439938],[30.606385,50.44039],[30.605501,50.441258],[30.60538,50.441376],[30.60532,50.44143],[30.605102,50.44162],[30.604889,50.441767],[30.60476,50.441834],[30.604545,50.441912],[30.603944,50.44206],[30.602885,50.442319],[30.602178,50.442493],[30.601355,50.442701],[30.601115,50.442762],[30.600568,50.442899],[30.599503,50.443157],[30.598975,50.443291],[30.59884,50.443326],[30.598561,50.443397],[30.598405,50.44344],[30.597224,50.443766],[30.596759,50.443909],[30.596488,50.444008],[30.596121,50.444157],[30.595912,50.444251],[30.595767,50.444317],[30.595006,50.444684],[30.593891,50.445217],[30.593557,50.445377],[30.59335,50.445445],[30.592941,50.445507],[30.592834,50.445518],[30.591283,50.445426],[30.591121,50.445417]]},"properties":{"name":"вулиця Ентузіастів"}},{"type":"Feature","geometry":{"type":"LineString","coordinates":[[30.591039,50.445923],[30.591107,50.445506],[30.591121,50.445417],[30.591139,50.445291],[30.591168,50.445121],[30.591178,50.445059],[30.591254,50.444517],[30.591284,50.444321],[30.591516,50.442733],[30.591556,50.442449],[30.591716,50.441284],[30.591766,50.440984],[30.591784,50.440856],[30.591821,50.440578],[30.591831,50.440516],[30.591865,50.440289],[30.591898,50.440069],[30.591938,50.439778],[30.592101,50.438578],[30.592112,50.43848],[30.592162,50.438151],[30.592169,50.438098],[30.592206,50.437826],[30.592245,50.437546],[30.592312,50.437054],[30.592346,50.436805],[30.592441,50.436175],[30.592475,50.435965],[30.592495,50.435828],[30.592521,50.43565],[30.59254,50.43552],[30.592694,50.434459],[30.592717,50.434302],[30.59273,50.434199],[30.59274,50.434127],[30.592763,50.433946],[30.5928,50.43361],[30.592835,50.433288],[30.592833,50.433178],[30.592781,50.432799],[30.592745,50.432575],[30.5926,50.431948],[30.592588,50.431907]]},"properties":{"name":"Русанівська набережна"}},{"type":"Feature","geometry":{"type":"LineString","coordinates":[[30.591601,50.430249],[30.591526,50.430387],[30.59149,50.430547],[30.591494,50.430713],[30.591534,50.430866],[30.59164,50.431042],[30.59176,50.431162],[30.591913,50.431288],[30.592489,50.431759],[30.592546,50.431844],[30.592588,50.431907],[30.592598,50.431846],[30.592591,50.431384],[30.592615,50.43113],[30.592654,50.430885]]},"properties":{"name":"Русанівська набережна"}},{"type":"Feature","geometry":{"type":"LineString","coordinates":[[30.59247,50.431129],[30.592461,50.431251],[30.592457,50.431513],[30.592489,50.431759]]},"properties":{"name":"Русанівська набережна"}},{"type":"Feature","geometry":{"type":"LineString","coordinates":[[30.598561,50.443397],[30.5985,50.443298]]},"properties":{"name":"бульвар Ігоря Шамо"}},{"type":"Feature","geometry":{"type":"LineString","coordinates":[[30.613455,50.433173],[30.613374,50.433015],[30.613226,50.432831],[30.613174,50.432809],[30.613089,50.432773],[30.613017,50.432742],[30.612963,50.432719],[30.612498,50.432518],[30.612396,50.432474],[30.611542,50.432101],[30.611097,50.431907],[30.610855,50.4318],[30.610324,50.431581],[30.609501,50.43124],[30.609095,50.431076],[30.608883,50.430982],[30.608742,50.430924],[30.607395,50.430367],[30.6068,50.430112],[30.606598,50.430028],[30.606524,50.429997],[30.606416,50.429958],[30.606236,50.429881],[30.605884,50.42973],[30.605223,50.429466],[30.604812,50.429283],[30.603617,50.42879],[30.603282,50.428645],[30.603135,50.428581],[30.602835,50.428451],[30.602652,50.428267],[30.602473,50.428053],[30.602344,50.427858],[30.602272,50.427698]]},"properties":{"name":"проспект Павла Тичини"}},{"type":"Feature","geometry":{"type":"LineString","coordinates":[[30.59237,50.427656],[30.592535,50.427656],[30.592798,50.427656],[30.592898,50.427656],[30.593468,50.427655],[30.594128,50.427655],[30.595162,50.427656],[30.595687,50.427659],[30.595766,50.427659],[30.596307,50.427666],[30.596844,50.427669],[30.597393,50.42767],[30.597616,50.427671],[30.598101,50.427672],[30.598552,50.427675],[30.598659,50.427675],[30.600395,50.427685],[30.600489,50.427685],[30.600564,50.427682]]},"properties":{"name":"проспект Павла Тичини"}},{"type":"Feature","geometry":{"type":"LineString","coordinates":[[30.601516,50.427465],[30.60115,50.427583],[30.600874,50.427644],[30.600564,50.427682],[30.600936,50.427763],[30.601223,50.427825],[30.601494,50.427903]]},"properties":{"name":"проспект Павла Тичини"}},{"type":"Feature","geometry":{"type":"LineString","coordinates":[[30.613226,50.432831],[30.613469,50.432871],[30.613543,50.432879],[30.613616,50.432886]]},"properties":{"name":"проспект Павла Тичини"}},{"type":"Feature","geometry":{"type":"LineString","coordinates":[[30.602835,50.428451],[30.601842,50.428034],[30.601742,50.427991]]},"properties":{"name":"проспект Павла Тичини"}},{"type":"Feature","geometry":{"type":"LineString","coordinates":[[30.606416,50.429958],[30.606295,50.430073],[30.605841,50.430504],[30.605769,50.430572],[30.605439,50.430885],[30.604841,50.431453],[30.604499,50.431778],[30.604243,50.432021],[30.603833,50.432408],[30.603639,50.432592],[30.603283,50.432953],[30.603036,50.433194],[30.602919,50.433306],[30.602623,50.43359],[30.602535,50.433674]]},"properties":{"name":"бульвар Амвросія Бучми"}},{"type":"Feature","geometry":{"type":"LineString","coordinates":[[30.482487,50.448858],[30.482552,50.449038],[30.482717,50.449434],[30.482898,50.449852],[30.482956,50.449986],[30.483231,50.450633],[30.483337,50.450883],[30.483655,50.451643],[30.483717,50.451795],[30.483985,50.452455],[30.484126,50.452804],[30.484221,50.453036],[30.484575,50.453957],[30.484651,50.454153],[30.484682,50.454239],[30.484697,50.454277],[30.484725,50.454347],[30.484761,50.454439],[30.485693,50.456786],[30.485897,50.457313],[30.48595,50.457465],[30.486105,50.457911],[30.486111,50.457929],[30.486118,50.457946],[30.486342,50.458568],[30.486409,50.458756],[30.486522,50.458848],[30.48651,50.458642],[30.486452,50.458476],[30.486234,50.457838],[30.486228,50.457821],[30.486221,50.457801],[30.486105,50.457461],[30.486098,50.457442],[30.485968,50.457094],[30.485917,50.456964],[30.485828,50.456733],[30.485652,50.456282],[30.485525,50.455954],[30.485468,50.455807],[30.485059,50.454756],[30.484926,50.454413],[30.484863,50.454249],[30.484813,50.454126],[30.484386,50.453029],[30.483858,50.451772],[30.483783,50.451581],[30.483674,50.451304],[30.483375,50.450586],[30.483228,50.450254],[30.483047,50.449844],[30.482946,50.449613],[30.482824,50.449332],[30.482607,50.448838]]},"properties":{"name":"вулиця Вʼячеслава Чорновола"}},{"type":"Feature","geometry":{"type":"LineString","coordinates":[[30.417901,50.397705],[30.417555,50.397556],[30.414566,50.396376],[30.414146,50.396203]]},"properties":{"name":"вулиця Вʼячеслава Чорновола"}},{"type":"Feature","geometry":{"type":"LineString","coordinates":[[30.415293,50.395751],[30.415836,50.395929],[30.416764,50.396228],[30.417189,50.396358]]},"properties":{"name":"вулиця Вʼячеслава Чорновола"}},{"type":"Feature","geometry":{"type":"LineString","coordinates":[[30.486105,50.457461],[30.486254,50.457529],[30.486374,50.457583],[30.486403,50.457596],[30.48643,50.457607],[30.486537,50.457653],[30.48703,50.457863],[30.487066,50.45788],[30.487201,50.457941]]},"properties":{"name":"вулиця Глібова"}},{"type":"Feature","geometry":{"type":"LineString","coordinates":[[30.482487,50.448858],[30.482441,50.44875],[30.482402,50.448657],[30.48225,50.448295],[30.4822,50.448175]]},"properties":{"name":"Повітряних сил шляхопровід"}},{"type":"Feature","geometry":{"type":"LineString","coordinates":[[30.482321,50.448155],[30.48237,50.448273],[30.482524,50.44864],[30.482563,50.448732],[30.482607,50.448838]]},"properties":{"name":"Повітряних сил шляхопровід"}},{"type":"Feature","geometry":{"type":"LineString","coordinates":[[30.4822,50.448175],[30.482149,50.448053],[30.482006,50.447672],[30.481943,50.447493],[30.481836,50.447195],[30.481803,50.447104],[30.481783,50.447045],[30.481768,50.447003],[30.481761,50.446983],[30.481723,50.446876],[30.481709,50.446836],[30.481683,50.446761],[30.481559,50.446426],[30.481351,50.445933],[30.481036,50.445209],[30.480926,50.444935],[30.480635,50.444218],[30.480605,50.444136],[30.480579,50.444052],[30.480537,50.44388],[30.480504,50.443743],[30.480489,50.443668],[30.480445,50.443439],[30.480386,50.443221],[30.480312,50.442996],[30.479925,50.441991],[30.479818,50.441727],[30.479754,50.44158],[30.479681,50.441425],[30.479626,50.441324],[30.479401,50.440947],[30.479331,50.440863],[30.479016,50.440467],[30.47867,50.440099],[30.47848,50.439909],[30.478048,50.439543],[30.477983,50.439488],[30.477848,50.439383],[30.477419,50.439096],[30.476173,50.438327],[30.475528,50.437961],[30.475426,50.437903],[30.47535,50.437854],[30.475269,50.437801],[30.475062,50.437646],[30.474784,50.437411],[30.47431,50.436931],[30.473568,50.436201],[30.473367,50.435984],[30.472301,50.434863],[30.472259,50.434819],[30.472184,50.434744],[30.472082,50.434639],[30.471665,50.434215],[30.471196,50.433735],[30.470358,50.432877],[30.469603,50.432112],[30.469473,50.431986],[30.469305,50.431816],[30.469074,50.431587],[30.467063,50.429595],[30.466712,50.429264],[30.466337,50.428873],[30.466157,50.428701],[30.46606,50.428619],[30.465897,50.428475],[30.46581,50.428413],[30.465519,50.428259],[30.465276,50.428145],[30.464138,50.427609],[30.463743,50.427424],[30.463659,50.427384],[30.462781,50.426971],[30.461375,50.426319],[30.460259,50.4258],[30.460122,50.425769],[30.459905,50.425753]]},"properties":{"name":"проспект Повітряних Сил"}},{"type":"Feature","geometry":{"type":"LineString","coordinates":[[30.460145,50.425549],[30.460289,50.425669],[30.460407,50.425739],[30.461053,50.426037],[30.461416,50.426205],[30.462923,50.426901],[30.462977,50.426926],[30.463842,50.427329],[30.464011,50.427404],[30.464438,50.427602],[30.465652,50.428166],[30.465978,50.428348],[30.466239,50.428566],[30.466308,50.428635],[30.466492,50.428821],[30.466851,50.429213],[30.468983,50.431305],[30.469613,50.431929],[30.469744,50.432057],[30.470488,50.432816],[30.471117,50.43348],[30.471664,50.43402],[30.471853,50.434205],[30.472308,50.434679],[30.472323,50.434694],[30.472333,50.434705],[30.472392,50.434767],[30.47285,50.435226],[30.472886,50.435262],[30.473376,50.435751],[30.473535,50.435915],[30.47373,50.436139],[30.474474,50.436862],[30.47481,50.437204],[30.474944,50.437341],[30.475206,50.437545],[30.475426,50.437698],[30.475504,50.437753],[30.475582,50.437801],[30.47569,50.437864],[30.47734,50.438856],[30.47761,50.439026],[30.477992,50.4393],[30.478129,50.439395],[30.478204,50.439459],[30.478555,50.439758],[30.478903,50.440082],[30.479232,50.440465],[30.47953,50.440849],[30.479685,50.441108],[30.479836,50.441389],[30.480084,50.441964],[30.480251,50.442425],[30.480577,50.443313],[30.480585,50.443349],[30.480655,50.443648],[30.480678,50.443736],[30.480782,50.444114],[30.480965,50.444618],[30.481175,50.445188],[30.481463,50.445899],[30.481625,50.446291],[30.481737,50.446574],[30.481797,50.446739],[30.481825,50.446817],[30.481842,50.446863],[30.481859,50.446908],[30.481878,50.446962],[30.481885,50.446981],[30.481901,50.447025],[30.481923,50.447083],[30.481963,50.447192],[30.482126,50.447648],[30.482321,50.448155]]},"properties":{"name":"проспект Повітряних Сил"}},{"type":"Feature","geometry":{"type":"LineString","coordinates":[[30.458052,50.424017],[30.457811,50.423697],[30.457695,50.423597],[30.457112,50.423062],[30.456266,50.422287],[30.456148,50.422178],[30.455808,50.421865],[30.4556,50.421674],[30.455496,50.421583],[30.455412,50.421504],[30.455255,50.421356],[30.454968,50.421088],[30.454511,50.420667],[30.454421,50.420585],[30.454097,50.420289],[30.454045,50.420241],[30.453971,50.420174],[30.453784,50.420002],[30.45339,50.419642],[30.453002,50.419314],[30.452895,50.419189],[30.452702,50.419013],[30.452395,50.418732],[30.452118,50.418477],[30.452116,50.418475],[30.45211,50.41847],[30.452048,50.418413],[30.451985,50.41836],[30.451756,50.418176],[30.450583,50.417225],[30.450443,50.417111],[30.450311,50.41701],[30.450293,50.416997],[30.449501,50.416385],[30.449293,50.416231],[30.44884,50.415901],[30.448308,50.415527],[30.448183,50.415438],[30.448139,50.415411],[30.447972,50.415303],[30.447833,50.415213],[30.447609,50.415069],[30.447479,50.41498],[30.447051,50.414644],[30.447038,50.414635],[30.447032,50.414631],[30.446938,50.414566],[30.446655,50.414375],[30.446603,50.414342],[30.446431,50.414243]]},"properties":{"name":"проспект Повітряних Сил"}},{"type":"Feature","geometry":{"type":"LineString","coordinates":[[30.437745,50.411266],[30.437555,50.411325],[30.435381,50.412037],[30.434206,50.412421],[30.433943,50.412516],[30.433661,50.41255],[30.433526,50.41258],[30.433408,50.412587],[30.433329,50.412586],[30.43327,50.412582],[30.433096,50.412538],[30.432934,50.41246],[30.432767,50.412326],[30.432567,50.412113],[30.431932,50.411161],[30.430542,50.409081],[30.430394,50.408867],[30.430253,50.408545],[30.430165,50.408311],[30.430141,50.408237],[30.430094,50.408056],[30.430053,50.407931],[30.430005,50.407811],[30.429821,50.40756],[30.429796,50.407514],[30.429705,50.407378],[30.429517,50.407126],[30.429237,50.40683],[30.428881,50.406458],[30.42864,50.406167],[30.427856,50.405031],[30.427146,50.404081],[30.426741,50.403652],[30.426317,50.403217],[30.425549,50.402467],[30.424887,50.401907],[30.424573,50.401649],[30.424366,50.40148],[30.423711,50.400996],[30.422979,50.400503],[30.421589,50.399684],[30.420397,50.398976],[30.419958,50.39876],[30.419138,50.398315],[30.417901,50.397705]]},"properties":{"name":"проспект Повітряних Сил"}},{"type":"Feature","geometry":{"type":"LineString","coordinates":[[30.446016,50.414586],[30.446201,50.414613],[30.44646,50.414674],[30.446722,50.41475],[30.447016,50.414839],[30.447479,50.41498]]},"properties":{"name":"проспект Повітряних Сил"}},{"type":"Feature","geometry":{"type":"LineString","coordinates":[[30.443515,50.414555],[30.442866,50.414561],[30.442436,50.414558],[30.441975,50.414528],[30.441702,50.414504],[30.44141,50.414453],[30.441139,50.414384],[30.440968,50.414334],[30.440767,50.414273],[30.440552,50.414201],[30.440132,50.414013],[30.439785,50.413786],[30.439488,50.413528],[30.439389,50.413417],[30.43915,50.413149],[30.438894,50.412805],[30.438794,50.412672],[30.438301,50.412011],[30.437745,50.411266],[30.437695,50.411199]]},"properties":{"name":"проспект Повітряних Сил"}},{"type":"Feature","geometry":{"type":"LineString","coordinates":[[30.442558,50.414362],[30.44307,50.414204],[30.443353,50.414117]]},"properties":{"name":"проспект Повітряних Сил"}},{"type":"Feature","geometry":{"type":"LineString","coordinates":[[30.695027,50.408977],[30.695253,50.409055],[30.695378,50.409099],[30.695693,50.409212],[30.696157,50.409378],[30.697274,50.409773],[30.697605,50.409907],[30.698588,50.410299],[30.698832,50.41061]]},"properties":{"name":"Старобориспільська вулиця"}},{"type":"Feature","geometry":{"type":"LineString","coordinates":[[30.709788,50.418325],[30.709693,50.41826],[30.709314,50.418002],[30.707155,50.416425],[30.706812,50.416169],[30.706218,50.415732],[30.70537,50.415076],[30.703536,50.413861],[30.703093,50.41355],[30.701048,50.412115],[30.700964,50.412058],[30.700498,50.411739],[30.699944,50.411364],[30.699764,50.411241],[30.699233,50.410882],[30.698832,50.41061],[30.698483,50.410423],[30.698006,50.410214],[30.697162,50.409893],[30.695707,50.409377]]},"properties":{"name":"Старобориспільська вулиця"}},{"type":"Feature","geometry":{"type":"LineString","coordinates":[[30.684766,50.402828],[30.684696,50.403101],[30.68469,50.403235],[30.684716,50.403329],[30.684787,50.4034],[30.685008,50.403525],[30.68542,50.403742],[30.686919,50.404577],[30.687011,50.404637],[30.687206,50.404765],[30.687371,50.404872],[30.687828,50.405171],[30.687965,50.405272],[30.688568,50.405717]]},"properties":{"name":"Старобориспільська вулиця"}},{"type":"Feature","geometry":{"type":"LineString","coordinates":[[30.688403,50.405795],[30.687689,50.405255],[30.686794,50.404661],[30.685777,50.404081],[30.68532,50.40382],[30.685014,50.403652],[30.684917,50.403596],[30.684383,50.403393],[30.684277,50.403374],[30.683848,50.403314]]},"properties":{"name":"Старобориспільська вулиця"}},{"type":"Feature","geometry":{"type":"LineString","coordinates":[[30.709788,50.418325],[30.709749,50.418351],[30.709483,50.418529],[30.70786,50.419631],[30.707761,50.419698],[30.707702,50.41973],[30.707487,50.419868],[30.707308,50.419973],[30.706247,50.420666],[30.705323,50.42127],[30.705091,50.421421],[30.704716,50.421647],[30.704614,50.421712],[30.70452,50.42177],[30.704168,50.421971],[30.704025,50.422036],[30.703891,50.422088],[30.7037,50.422155],[30.703459,50.422227],[30.702649,50.422414],[30.7025,50.422441],[30.702305,50.42248],[30.701629,50.422605],[30.699883,50.422918],[30.697951,50.423256],[30.697363,50.423364],[30.696576,50.423501],[30.693076,50.42411],[30.692729,50.424174],[30.692225,50.424264],[30.691937,50.424317],[30.689448,50.424748]]},"properties":{"name":"Бориспільська вулиця"}},{"type":"Feature","geometry":{"type":"LineString","coordinates":[[30.651058,50.431655],[30.651154,50.431665],[30.651279,50.43167],[30.651425,50.431653],[30.651991,50.431567],[30.653171,50.431348],[30.653312,50.431322],[30.653791,50.431236],[30.654154,50.43117],[30.654472,50.431117],[30.655503,50.430936],[30.655868,50.430866],[30.655953,50.430852],[30.657463,50.430571],[30.657924,50.43049],[30.658009,50.430476],[30.658136,50.430454],[30.658565,50.430378],[30.660446,50.430048],[30.661582,50.429844],[30.662296,50.429724],[30.662985,50.429598],[30.663127,50.429574],[30.663336,50.429535],[30.663574,50.429494],[30.666655,50.428951],[30.667308,50.428882],[30.667913,50.428772],[30.668269,50.428705],[30.668511,50.42864],[30.668758,50.428584],[30.668889,50.428559],[30.670204,50.42833],[30.670455,50.428287],[30.673105,50.427807],[30.673288,50.427776],[30.673478,50.427737],[30.675113,50.427447],[30.675672,50.427343],[30.676035,50.427282],[30.676188,50.427257],[30.67785,50.426946],[30.678974,50.426755],[30.679734,50.426626],[30.6799,50.426598],[30.680316,50.426524],[30.680697,50.426454],[30.681004,50.426398],[30.681561,50.426304],[30.681946,50.426239],[30.682765,50.426092],[30.683327,50.425992],[30.68351,50.425959],[30.683912,50.425888],[30.684037,50.425865],[30.684142,50.425847],[30.684271,50.425823],[30.688065,50.425143],[30.688258,50.425108],[30.689201,50.424938],[30.689281,50.424875],[30.689328,50.42484],[30.689448,50.424748],[30.689007,50.424827],[30.688006,50.424998],[30.687818,50.425032],[30.687384,50.425107],[30.686484,50.425272],[30.685663,50.42542],[30.684073,50.425706],[30.683955,50.425728],[30.683504,50.425802],[30.683258,50.425846],[30.683162,50.425864],[30.682518,50.425982],[30.681504,50.426168],[30.680946,50.426267],[30.679841,50.426465],[30.67968,50.426492],[30.679426,50.426535],[30.679308,50.426557],[30.678463,50.426713],[30.677803,50.426833],[30.67613,50.427124],[30.675975,50.427149],[30.675607,50.427212],[30.675287,50.427266],[30.673415,50.427599],[30.673216,50.427632],[30.673039,50.427667],[30.670392,50.428147],[30.670144,50.428192],[30.668845,50.428409],[30.668673,50.428432],[30.668504,50.428449],[30.668307,50.428464],[30.66804,50.428504],[30.667861,50.428536],[30.667468,50.428609],[30.667165,50.428666],[30.666535,50.428808],[30.665902,50.428924],[30.663451,50.429375],[30.663284,50.429406],[30.663079,50.42944],[30.66293,50.429469],[30.662685,50.42951],[30.66223,50.429588],[30.659058,50.43015],[30.658081,50.43033],[30.657947,50.430354],[30.657406,50.430451],[30.657189,50.430488],[30.656026,50.430699],[30.655896,50.430723],[30.655832,50.430735],[30.655216,50.430843],[30.653706,50.431102],[30.653457,50.431146],[30.653246,50.431183],[30.652689,50.431282],[30.651785,50.431447],[30.651724,50.431454],[30.651626,50.431471],[30.651366,50.431517],[30.651285,50.431522],[30.651147,50.43152]]},"properties":{"name":"Бориспільська вулиця"}},{"type":"Feature","geometry":{"type":"LineString","coordinates":[[30.651147,50.43152],[30.651113,50.431571],[30.651097,50.431595],[30.651058,50.431655]]},"properties":{"name":"Ялтинська вулиця"}},{"type":"Feature","geometry":{"type":"LineString","coordinates":[[30.653471,50.427361],[30.653424,50.427434],[30.652974,50.428179],[30.652546,50.428886],[30.652488,50.428983],[30.652444,50.429064],[30.652036,50.429757],[30.65155,50.430561],[30.651068,50.431369],[30.65102,50.431439],[30.650989,50.431485],[30.650957,50.431532],[30.65094,50.431558],[30.650901,50.431618]]},"properties":{"name":"Ялтинська вулиця"}},{"type":"Feature","geometry":{"type":"LineString","coordinates":[[30.651058,50.431655],[30.650901,50.431618],[30.650635,50.431551],[30.649067,50.431155],[30.64803,50.430882],[30.647902,50.43085],[30.647781,50.430819],[30.644976,50.430114],[30.644875,50.43009],[30.644843,50.430081],[30.644635,50.430023],[30.644461,50.429971],[30.640636,50.428812],[30.63927,50.428398],[30.639166,50.428366],[30.639095,50.428345],[30.63854,50.42818],[30.638145,50.428057],[30.638012,50.428017],[30.637708,50.427925],[30.637529,50.427846],[30.637465,50.427818],[30.637345,50.427765],[30.637124,50.427696],[30.636906,50.42762],[30.636711,50.427529],[30.636917,50.427569],[30.637297,50.427659],[30.63774,50.427792],[30.637851,50.427826],[30.638591,50.428056],[30.63889,50.428147],[30.639248,50.428248],[30.639627,50.428358],[30.640733,50.42869],[30.641332,50.428862],[30.643491,50.429508],[30.644727,50.429891],[30.644964,50.429954],[30.645058,50.429982],[30.645425,50.430076],[30.647848,50.430699],[30.647976,50.430731],[30.648099,50.430762],[30.648314,50.430817],[30.64878,50.430935],[30.650712,50.431418],[30.650907,50.431464],[30.650989,50.431485],[30.651147,50.43152]]},"properties":{"name":"Привокзальна вулиця"}},{"type":"Feature","geometry":{"type":"LineString","coordinates":[[30.637124,50.427696],[30.637042,50.427696],[30.636894,50.4277],[30.636826,50.427709],[30.636723,50.427731],[30.636665,50.42775],[30.636586,50.427779],[30.63642,50.427872]]},"properties":{"name":"Привокзальна вулиця"}},{"type":"Feature","geometry":{"type":"LineString","coordinates":[[30.647976,50.430731],[30.647953,50.430768],[30.647935,50.430797],[30.647902,50.43085]]},"properties":{"name":"вулиця Юрія Пасхаліна"}},{"type":"Feature","geometry":{"type":"LineString","coordinates":[[30.591882,50.430202],[30.585893,50.428466],[30.584167,50.427956],[30.573842,50.424909],[30.572121,50.424404]]},"properties":{"name":"міст Патона"}},{"type":"Feature","geometry":{"type":"LineString","coordinates":[[30.572185,50.424332],[30.573898,50.424838],[30.584227,50.427871],[30.59198,50.430154]]},"properties":{"name":"міст Патона"}},{"type":"Feature","geometry":{"type":"LineString","coordinates":[[30.631109,50.426499],[30.631153,50.426533],[30.631357,50.426688],[30.631593,50.42686],[30.632004,50.427197],[30.632277,50.427408],[30.632511,50.427561],[30.632798,50.427746],[30.633016,50.427875],[30.633258,50.428],[30.633519,50.428119],[30.633829,50.428239],[30.634134,50.428344],[30.634742,50.42852],[30.635286,50.428672],[30.635784,50.42881],[30.635849,50.428825],[30.63607,50.428815],[30.636155,50.428815],[30.63624,50.4288],[30.636315,50.428776],[30.63637,50.428732],[30.636555,50.428557],[30.636663,50.428481],[30.636807,50.428413],[30.637095,50.42831],[30.637176,50.428266],[30.637312,50.428177],[30.637449,50.428095],[30.637461,50.428042],[30.637474,50.427979],[30.637474,50.427931],[30.637466,50.427895],[30.637445,50.427868],[30.63742,50.427842],[30.637393,50.427815],[30.637345,50.427765]]},"properties":{"name":"вулиця Петра Радзіня"}},{"type":"Feature","geometry":{"type":"LineString","coordinates":[[30.637851,50.427826],[30.637791,50.427867],[30.637763,50.427887],[30.637708,50.427925],[30.637655,50.427958],[30.637449,50.428095]]},"properties":{"name":"вулиця Петра Радзіня"}},{"type":"Feature","geometry":{"type":"LineString","coordinates":[[30.638012,50.428017],[30.637836,50.428018],[30.63773,50.428035],[30.63765,50.428081],[30.637372,50.428303],[30.637118,50.428502],[30.636855,50.42869]]},"properties":{"name":"вулиця Петра Радзіня"}},{"type":"Feature","geometry":{"type":"LineString","coordinates":[[30.51791,50.371867],[30.517526,50.371485],[30.516928,50.370984],[30.516828,50.370904],[30.516986,50.370712],[30.517907,50.36969],[30.518021,50.369564],[30.518132,50.369505],[30.518388,50.369431],[30.518642,50.36939],[30.518888,50.369372],[30.519822,50.369351],[30.520231,50.369342],[30.521073,50.369336],[30.521175,50.369336],[30.521843,50.369311],[30.521979,50.369307],[30.522232,50.3693],[30.522663,50.369246],[30.523082,50.369193],[30.524336,50.368892],[30.526045,50.368603],[30.526756,50.368511],[30.527173,50.368481],[30.527532,50.368474],[30.527716,50.368519],[30.52777,50.36859],[30.527852,50.369114],[30.527925,50.369472],[30.528016,50.369747],[30.528053,50.369857],[30.528058,50.369873],[30.52818,50.370209],[30.529057,50.370216],[30.529576,50.370239],[30.529634,50.370241],[30.530292,50.370263],[30.531189,50.370304],[30.531922,50.370316],[30.533522,50.370328],[30.534118,50.370319],[30.534242,50.370316],[30.534953,50.370297],[30.535554,50.370217],[30.535967,50.370113],[30.536201,50.370102],[30.536465,50.370123],[30.537336,50.370295],[30.538276,50.370478],[30.538558,50.370529],[30.538667,50.370548],[30.538873,50.370561],[30.539089,50.370563],[30.539275,50.37055],[30.539457,50.370524],[30.539664,50.370485],[30.539833,50.370457],[30.540012,50.370441],[30.540218,50.370424]]},"properties":{"name":"Ягідна вулиця"}},{"type":"Feature","geometry":{"type":"LineString","coordinates":[[30.531412,50.396313],[30.531602,50.396334],[30.531773,50.396378],[30.532257,50.396574],[30.5326,50.396713],[30.533411,50.397041],[30.533523,50.39709],[30.533759,50.397205],[30.5341,50.397405],[30.534264,50.397514],[30.534389,50.397597],[30.534482,50.397663],[30.534758,50.39791],[30.535031,50.398187],[30.535402,50.39866],[30.535644,50.399102],[30.535721,50.399265],[30.535773,50.399377],[30.535797,50.39943]]},"properties":{"name":"вулиця Павла Грабовського"}},{"type":"Feature","geometry":{"type":"LineString","coordinates":[[30.535878,50.399429],[30.535797,50.39943],[30.535727,50.399432],[30.53557,50.399438],[30.534045,50.399505],[30.533951,50.39951],[30.533305,50.399533],[30.531688,50.399583],[30.531462,50.39959],[30.531321,50.399601],[30.531137,50.399614],[30.530563,50.399677],[30.529875,50.399752],[30.529664,50.399772],[30.529549,50.399782],[30.529279,50.399807],[30.528978,50.399832],[30.528895,50.399838],[30.528681,50.399856]]},"properties":{"name":"Стратегічне шосе"}},{"type":"Feature","geometry":{"type":"LineString","coordinates":[[30.533622,50.380493],[30.533483,50.380439]]},"properties":{"name":"Черешневий провулок"}},{"type":"Feature","geometry":{"type":"LineString","coordinates":[[30.53463,50.379235],[30.534484,50.379171]]},"properties":{"name":"Багринова вулиця"}},{"type":"Feature","geometry":{"type":"LineString","coordinates":[[30.532361,50.481503],[30.532207,50.481711],[30.532188,50.481743],[30.532012,50.482028],[30.531643,50.48233],[30.531346,50.482547],[30.531238,50.482602],[30.531015,50.482715],[30.530738,50.482825],[30.530445,50.482892],[30.530122,50.482939],[30.529775,50.482948],[30.529569,50.48294],[30.52938,50.482926],[30.52826,50.482805],[30.527128,50.482707],[30.527004,50.482698],[30.526877,50.482696],[30.526425,50.482688],[30.526071,50.482691],[30.525569,50.482696],[30.524576,50.482703],[30.524017,50.482707],[30.522437,50.482722],[30.521484,50.482735],[30.521043,50.482741],[30.520856,50.482743],[30.520677,50.482746],[30.520556,50.482746],[30.520157,50.482749],[30.519601,50.482752],[30.518526,50.482771],[30.517797,50.482793],[30.516988,50.482829],[30.516226,50.482868],[30.515333,50.482914],[30.51442,50.482974],[30.513509,50.483049],[30.511164,50.483283],[30.510072,50.483391],[30.509615,50.483433],[30.509426,50.483447],[30.509321,50.483455],[30.508152,50.48354],[30.507387,50.483575],[30.506636,50.48359],[30.506122,50.483597],[30.505491,50.483596],[30.50494,50.483594],[30.504398,50.483591],[30.503318,50.483571],[30.502588,50.483533],[30.502267,50.483515],[30.50217,50.483505],[30.50175,50.483462],[30.501346,50.483398],[30.500911,50.483301],[30.500565,50.4832],[30.500238,50.483074],[30.499945,50.482932],[30.499637,50.482752],[30.499579,50.482717],[30.499342,50.482564],[30.499068,50.482368],[30.498981,50.482286],[30.498796,50.482111],[30.498731,50.482024],[30.498689,50.481968],[30.498632,50.481892],[30.498455,50.481625],[30.498375,50.481473],[30.498306,50.481326],[30.498237,50.481078],[30.498215,50.480782],[30.498231,50.480249],[30.498256,50.479771],[30.498264,50.479609],[30.498261,50.479446],[30.498255,50.479333],[30.498238,50.47923],[30.498223,50.479191]]},"properties":{"name":"вулиця Електриків"}},{"type":"Feature","geometry":{"type":"LineString","coordinates":[[30.532577,50.481155],[30.532665,50.481003],[30.532723,50.480871],[30.532797,50.480703],[30.532861,50.480403],[30.532872,50.480015],[30.532875,50.479933],[30.532877,50.479872],[30.532902,50.478983],[30.532904,50.478893],[30.53291,50.478672],[30.532912,50.478605],[30.532925,50.478203],[30.53293,50.47805],[30.532931,50.477825],[30.532933,50.477455],[30.532938,50.476692],[30.532926,50.476254],[30.532891,50.476165],[30.532831,50.476084],[30.532747,50.476009],[30.532605,50.475953],[30.532368,50.475881],[30.530223,50.475345],[30.529411,50.475114]]},"properties":{"name":"вулиця Електриків"}},{"type":"Feature","geometry":{"type":"LineString","coordinates":[[30.532041,50.482021],[30.532012,50.482028]]},"properties":{"name":"Гаванська вулиця"}},{"type":"Feature","geometry":{"type":"LineString","coordinates":[[30.498223,50.479191],[30.498166,50.479081],[30.498097,50.478975],[30.497977,50.478827],[30.497859,50.478701],[30.497771,50.478596]]},"properties":{"name":"Заводська вулиця"}},{"type":"Feature","geometry":{"type":"LineString","coordinates":[[30.498352,50.47748],[30.497827,50.477822],[30.497777,50.477855],[30.497684,50.477929],[30.497641,50.477983],[30.497592,50.478082],[30.497582,50.478121],[30.497578,50.478185],[30.497594,50.478271],[30.497632,50.478373],[30.497771,50.478596],[30.497592,50.478461],[30.497481,50.478353],[30.497435,50.478246],[30.497424,50.478194],[30.49742,50.478144],[30.497429,50.478084],[30.497438,50.478061],[30.497454,50.478018],[30.497494,50.477938],[30.497548,50.477873],[30.497604,50.477821],[30.497737,50.477727],[30.497845,50.477658],[30.497982,50.47757],[30.498321,50.477361]]},"properties":{"name":"Заводська вулиця"}},{"type":"Feature","geometry":{"type":"LineString","coordinates":[[30.496464,50.477162],[30.496761,50.477237],[30.497149,50.477348],[30.497536,50.477438]]},"properties":{"name":"Заводська вулиця"}},{"type":"Feature","geometry":{"type":"LineString","coordinates":[[30.497982,50.47757],[30.498121,50.477549],[30.498236,50.477518],[30.498352,50.47748],[30.498879,50.477152],[30.499355,50.476855],[30.500164,50.476349],[30.500915,50.475886],[30.501359,50.475612],[30.501539,50.475506],[30.501675,50.475436],[30.501885,50.475341],[30.502117,50.47518]]},"properties":{"name":"Межигірська вулиця"}},{"type":"Feature","geometry":{"type":"LineString","coordinates":[[30.497536,50.477438],[30.497718,50.477454],[30.497906,50.477449],[30.498063,50.477434],[30.498202,50.477404],[30.498321,50.477361],[30.499055,50.476908],[30.499283,50.476766],[30.499466,50.476653],[30.499588,50.476576],[30.499907,50.476378],[30.500151,50.476227],[30.500268,50.476155],[30.500674,50.475906],[30.500814,50.475817],[30.501096,50.475643],[30.501378,50.475472],[30.501531,50.475387],[30.501667,50.47532],[30.501771,50.475277],[30.501979,50.475212],[30.502117,50.47518],[30.502424,50.474963],[30.502455,50.474943],[30.502533,50.474893],[30.503393,50.474368],[30.504189,50.473869],[30.504605,50.473605],[30.504807,50.473474],[30.504831,50.473459],[30.50523,50.473206],[30.505302,50.473163],[30.505357,50.473129],[30.505395,50.473106],[30.505453,50.473071],[30.506127,50.472649],[30.506745,50.472277],[30.506821,50.472235],[30.506917,50.472179],[30.507015,50.472119],[30.507206,50.472005],[30.507469,50.47184],[30.507844,50.471604],[30.50795,50.471538],[30.508144,50.471413],[30.50828,50.471332],[30.508378,50.471271],[30.508922,50.470919],[30.509603,50.470505],[30.509733,50.470426],[30.509842,50.470363],[30.509957,50.470294],[30.510143,50.470185],[30.510232,50.470133],[30.510679,50.469856],[30.51107,50.469619],[30.51124,50.469516],[30.511306,50.469477],[30.511369,50.469439],[30.511909,50.469103],[30.512165,50.468942],[30.512439,50.468772],[30.512759,50.468577],[30.512816,50.46854],[30.512879,50.468501],[30.513,50.468425],[30.513271,50.468253],[30.513405,50.468169],[30.513512,50.4681],[30.513526,50.468091],[30.51365,50.468012],[30.514131,50.467702],[30.514235,50.467636],[30.514262,50.467618],[30.51439,50.467537],[30.514554,50.467443],[30.51465,50.467386],[30.514682,50.467369],[30.514712,50.467353],[30.515047,50.467144],[30.515857,50.466637],[30.515909,50.466605],[30.516005,50.466547],[30.516729,50.466108],[30.517038,50.465924],[30.517047,50.465918],[30.517235,50.465799],[30.517351,50.465727],[30.517458,50.465663],[30.517474,50.465653],[30.518175,50.46522],[30.518225,50.46519]]},"properties":{"name":"Межигірська вулиця"}},{"type":"Feature","geometry":{"type":"LineString","coordinates":[[30.502117,50.47518],[30.502365,50.475142],[30.502567,50.475119],[30.502702,50.475104],[30.503041,50.475077],[30.503217,50.475064],[30.50335,50.475055],[30.503693,50.475039],[30.504132,50.475024],[30.504459,50.475021],[30.504744,50.475023],[30.505085,50.475039],[30.50552,50.475075],[30.506497,50.475162],[30.506902,50.475191],[30.507053,50.475201],[30.507207,50.475209],[30.50751,50.475224],[30.507827,50.475234],[30.508511,50.475246],[30.509015,50.475246],[30.510477,50.475232],[30.511752,50.475215],[30.512228,50.47521],[30.513226,50.475198],[30.513411,50.475195],[30.513512,50.475193],[30.513651,50.475191],[30.513856,50.475187],[30.513878,50.475187],[30.514037,50.47518],[30.514249,50.475158],[30.514444,50.475121],[30.514605,50.475076],[30.51474,50.475025],[30.514888,50.474956],[30.515029,50.474879],[30.515684,50.474473],[30.516241,50.474127],[30.516552,50.473931]]},"properties":{"name":"Набережно-Лугова вулиця"}},{"type":"Feature","geometry":{"type":"LineString","coordinates":[[30.516552,50.473931],[30.517173,50.473541],[30.517265,50.473483],[30.518828,50.472504],[30.520061,50.47172],[30.520129,50.471678],[30.520242,50.471607],[30.520614,50.471376],[30.521017,50.471125],[30.521747,50.470665],[30.521918,50.470557],[30.523143,50.469785],[30.523207,50.469745],[30.523325,50.469673],[30.523704,50.469438],[30.523839,50.469345],[30.523941,50.469264],[30.52399,50.469202],[30.52404,50.469111],[30.524345,50.4681],[30.524573,50.467316],[30.524622,50.467131],[30.524812,50.466357],[30.525038,50.465294],[30.525193,50.464562],[30.525335,50.463845],[30.525465,50.463195],[30.525848,50.46142],[30.525965,50.460793],[30.525991,50.460654],[30.526006,50.46057],[30.526113,50.459913]]},"properties":{"name":"Набережно-Хрещатицька вулиця"}},{"type":"Feature","geometry":{"type":"LineString","coordinates":[[30.522028,50.470629],[30.522179,50.470537],[30.522938,50.470073],[30.523296,50.469846],[30.523329,50.469825],[30.52335,50.469812],[30.523446,50.469751],[30.523519,50.469704],[30.523921,50.469449],[30.523966,50.469421],[30.524062,50.469347],[30.524138,50.469275],[30.524203,50.469191],[30.524235,50.469136],[30.524276,50.469016],[30.524374,50.468671],[30.525325,50.464826],[30.525491,50.464052],[30.525666,50.46335],[30.526083,50.461405],[30.526227,50.460707],[30.5263,50.460079]]},"properties":{"name":"Набережно-Хрещатицька вулиця"}},{"type":"Feature","geometry":{"type":"LineString","coordinates":[[30.506895,50.462831],[30.50712,50.462976],[30.507628,50.463302],[30.508117,50.463616],[30.508961,50.464175],[30.509406,50.464468],[30.510082,50.464913],[30.510462,50.465165],[30.510604,50.465256],[30.510681,50.465304],[30.511115,50.465592],[30.511513,50.465855],[30.511879,50.466097],[30.512518,50.46652],[30.512535,50.466532],[30.512628,50.466592],[30.512673,50.46662],[30.51315,50.466925],[30.513568,50.467202],[30.513711,50.467299],[30.514039,50.467511],[30.514235,50.467636],[30.514251,50.467643],[30.514345,50.467703],[30.516166,50.468909],[30.516365,50.469044],[30.516436,50.469092],[30.516517,50.469145],[30.516788,50.469326],[30.517545,50.469819],[30.517973,50.4701],[30.518041,50.470145],[30.518114,50.470193],[30.518575,50.4705],[30.518987,50.470773],[30.519081,50.470835],[30.519171,50.470896],[30.519226,50.470932],[30.520148,50.471544],[30.520242,50.471607],[30.520293,50.471641]]},"properties":{"name":"вулиця Нижній Вал"}},{"type":"Feature","geometry":{"type":"LineString","coordinates":[[30.521158,50.471737],[30.520795,50.471493],[30.520719,50.471444],[30.520614,50.471376],[30.520513,50.471312],[30.520423,50.471255],[30.520395,50.471237],[30.519581,50.470719],[30.519178,50.470463],[30.518649,50.470127],[30.518436,50.469992],[30.518365,50.469946],[30.518291,50.469898],[30.51782,50.469589],[30.517092,50.469111],[30.516839,50.468945],[30.516758,50.468892],[30.516687,50.468846],[30.516089,50.468454],[30.515738,50.468225],[30.515319,50.467948],[30.515164,50.467844],[30.514654,50.467507],[30.514567,50.467451],[30.514554,50.467443],[30.514478,50.467395],[30.513468,50.466689],[30.51299,50.466377],[30.5129,50.46632],[30.512884,50.46631],[30.512762,50.466233],[30.51135,50.465283],[30.511284,50.465242],[30.511095,50.465121],[30.511041,50.465087],[30.510957,50.465034],[30.510815,50.464941],[30.510702,50.464872],[30.510295,50.464613],[30.509941,50.464385],[30.509871,50.464339],[30.509758,50.464266],[30.509613,50.464169],[30.508972,50.46375],[30.508472,50.463413],[30.507541,50.462822],[30.507452,50.462767],[30.507056,50.462522],[30.507052,50.462525],[30.50687,50.46266],[30.506866,50.462741],[30.506871,50.462773],[30.506895,50.462831]]},"properties":{"name":"вулиця Верхній Вал"}},{"type":"Feature","geometry":{"type":"LineString","coordinates":[[30.570532,50.384858],[30.57104,50.384833],[30.57126,50.384833],[30.5714,50.384854],[30.571502,50.384882],[30.571566,50.384915],[30.571625,50.38497],[30.571684,50.385038],[30.571743,50.385155],[30.572162,50.386035],[30.572277,50.386277],[30.572446,50.386636],[30.572671,50.387128],[30.573341,50.3886]]},"properties":{"name":"Покільська вулиця"}},{"type":"Feature","geometry":{"type":"LineString","coordinates":[[30.570532,50.384858],[30.570079,50.384871],[30.569734,50.3849],[30.569522,50.38495],[30.569291,50.385041],[30.569114,50.385141],[30.568922,50.385259],[30.568802,50.385337]]},"properties":{"name":"Покільска вулиця"}},{"type":"Feature","geometry":{"type":"LineString","coordinates":[[30.568802,50.385337],[30.568707,50.385429],[30.565758,50.389059],[30.565539,50.389329],[30.564228,50.390954],[30.562196,50.39355],[30.561795,50.394099],[30.559833,50.396532],[30.559436,50.397228],[30.559352,50.397377]]},"properties":{"name":"Промислова вулиця"}},{"type":"Feature","geometry":{"type":"LineString","coordinates":[[30.695467,50.36484],[30.696034,50.365163],[30.696199,50.365257],[30.696384,50.365335],[30.69707,50.365506],[30.697373,50.365604],[30.697594,50.365689],[30.697685,50.36574],[30.697887,50.365877],[30.698301,50.366208],[30.698704,50.366571],[30.699003,50.366834],[30.699239,50.367121],[30.699427,50.367398],[30.699575,50.367782],[30.699654,50.368026],[30.699821,50.368501],[30.699929,50.368656],[30.700019,50.368702],[30.700137,50.36873],[30.700275,50.368731],[30.700432,50.368694],[30.700908,50.368466],[30.70103,50.368406],[30.701905,50.367976],[30.702392,50.367737],[30.702594,50.367881],[30.702905,50.368104],[30.704133,50.368984],[30.704958,50.369577],[30.705512,50.369976],[30.705855,50.370223],[30.706292,50.370537],[30.707666,50.371526],[30.707839,50.37165],[30.708419,50.372061],[30.708509,50.372126],[30.708825,50.372352],[30.709145,50.372582],[30.709385,50.372754],[30.709674,50.372961],[30.710401,50.373478],[30.710744,50.373722]]},"properties":{"name":"Промислова вулиця"}},{"type":"Feature","geometry":{"type":"LineString","coordinates":[[30.521165,50.438427],[30.521078,50.438499],[30.520993,50.438572],[30.520766,50.438763],[30.520467,50.439016],[30.520421,50.439055],[30.520343,50.439121]]},"properties":{"name":"Рогнідинська вулиця"}},{"type":"Feature","geometry":{"type":"LineString","coordinates":[[30.5318,50.43706],[30.531819,50.437005]]},"properties":{"name":"вулиця Леоніда Первомайського"}},{"type":"Feature","geometry":{"type":"LineString","coordinates":[[30.541619,50.429854],[30.541824,50.429741],[30.541859,50.42972],[30.54192,50.429685],[30.54218,50.429548],[30.542238,50.429513]]},"properties":{"name":"Старонаводницька вулиця"}},{"type":"Feature","geometry":{"type":"LineString","coordinates":[[30.560434,50.425441],[30.560053,50.425749]]},"properties":{"name":"Старонаводницька вулиця"}},{"type":"Feature","geometry":{"type":"LineString","coordinates":[[30.560358,50.425626],[30.560053,50.425749],[30.559959,50.425782],[30.559776,50.425837],[30.559553,50.425893],[30.559292,50.42595],[30.55919,50.425969],[30.558403,50.426132],[30.55755,50.426291],[30.557256,50.426344],[30.556994,50.426379],[30.556805,50.426399],[30.556132,50.426472],[30.555429,50.426548],[30.555196,50.426578],[30.554603,50.426643],[30.552771,50.426877],[30.552507,50.426913],[30.552294,50.42695],[30.551784,50.42705],[30.551448,50.42715],[30.551295,50.427216],[30.551194,50.427267],[30.551098,50.42733],[30.551017,50.42739],[30.550919,50.427472],[30.550809,50.427575],[30.550786,50.427601],[30.550683,50.427712],[30.550533,50.427892],[30.550425,50.428031],[30.550168,50.428372],[30.549618,50.429086],[30.549419,50.429356],[30.549289,50.429525],[30.549239,50.429571],[30.54923,50.429577],[30.54918,50.429612],[30.549106,50.429658],[30.548957,50.429709],[30.548751,50.429753],[30.548547,50.429776],[30.548331,50.429779],[30.547949,50.429768],[30.547785,50.429755],[30.547607,50.42973],[30.547454,50.4297],[30.547314,50.429663],[30.546097,50.429285],[30.54562,50.42914],[30.545363,50.429073],[30.544774,50.428937],[30.544517,50.428898],[30.54429,50.428879],[30.544093,50.428877],[30.543873,50.428898],[30.543694,50.428929],[30.543516,50.428971],[30.543328,50.429028],[30.542964,50.429156],[30.542829,50.429215],[30.542667,50.429285],[30.542314,50.429473],[30.542238,50.429513],[30.54213,50.429632],[30.542076,50.42969],[30.542055,50.429739],[30.542048,50.429778],[30.542043,50.429849],[30.54206,50.429903]]},"properties":{"name":"Старонаводницька вулиця"}},{"type":"Feature","geometry":{"type":"LineString","coordinates":[[30.560434,50.425441],[30.561165,50.424905],[30.561379,50.424755],[30.561416,50.424729],[30.561614,50.424612],[30.561904,50.424478]]},"properties":{"name":"Наводницька площа"}},{"type":"Feature","geometry":{"type":"LineString","coordinates":[[30.56329,50.424512],[30.562914,50.424616],[30.562238,50.424801],[30.561912,50.424913],[30.561562,50.425057],[30.561287,50.425189],[30.560924,50.425373],[30.560776,50.425444],[30.560358,50.425626]]},"properties":{"name":"Наводницька площа"}},{"type":"Feature","geometry":{"type":"LineString","coordinates":[[30.524092,50.439638],[30.52396,50.439657],[30.523912,50.439661],[30.523862,50.439658],[30.523816,50.439648],[30.523765,50.439632],[30.523604,50.439566],[30.52356,50.439548],[30.523484,50.439513],[30.523403,50.439474],[30.523239,50.439398],[30.522759,50.439173],[30.521911,50.438776],[30.521707,50.438681],[30.52155,50.438607],[30.521487,50.438577],[30.521368,50.438522],[30.521165,50.438427],[30.521024,50.438356],[30.520944,50.4383],[30.52086,50.43821],[30.520806,50.43815],[30.520759,50.438063],[30.520723,50.437957],[30.520718,50.437858],[30.520718,50.437461],[30.52072,50.437266],[30.520723,50.437008],[30.520726,50.436664],[30.520722,50.436113],[30.520718,50.436004]]},"properties":{"name":"Еспланадна вулиця"}},{"type":"Feature","geometry":{"type":"LineString","coordinates":[[30.468294,50.376507],[30.468074,50.376579],[30.467889,50.376655],[30.467862,50.376674],[30.467843,50.376688],[30.467803,50.376728],[30.467782,50.376764],[30.467742,50.376883],[30.467635,50.377154],[30.46756,50.377307],[30.467474,50.377412],[30.467325,50.377589],[30.467025,50.377817],[30.465969,50.378463],[30.465758,50.378592],[30.465612,50.378678],[30.465553,50.378713],[30.465309,50.378815],[30.465199,50.37885],[30.465077,50.378876],[30.464975,50.378881],[30.464811,50.378886],[30.464227,50.378916],[30.464045,50.378923],[30.463476,50.378942],[30.462738,50.378962],[30.46262,50.378969],[30.461143,50.379034],[30.460749,50.379027],[30.460501,50.379013],[30.46039,50.379003],[30.460188,50.378978],[30.46,50.378942],[30.45965,50.37886],[30.459324,50.37876],[30.459013,50.378653],[30.458901,50.3786],[30.458767,50.37853],[30.458567,50.378425],[30.458355,50.378286],[30.458178,50.378192],[30.458004,50.37812]]},"properties":{"name":"вулиця Василя Касіяна"}},{"type":"Feature","geometry":{"type":"LineString","coordinates":[[30.452801,50.375228],[30.452949,50.375308],[30.45366,50.375693],[30.454088,50.375931],[30.454278,50.376035],[30.454389,50.376097],[30.455726,50.376849],[30.456491,50.377271],[30.456725,50.377405],[30.457253,50.377699],[30.457606,50.377885],[30.457927,50.378081]]},"properties":{"name":"вулиця Василя Касіяна"}},{"type":"Feature","geometry":{"type":"LineString","coordinates":[[30.469598,50.37758],[30.4693,50.377486],[30.468964,50.377399],[30.468881,50.377388],[30.46872,50.377376],[30.468536,50.377373],[30.468128,50.377428],[30.4679,50.377476],[30.467678,50.377545],[30.467373,50.377668],[30.467025,50.377817]]},"properties":{"name":"вулиця Василя Касіяна"}},{"type":"Feature","geometry":{"type":"LineString","coordinates":[[30.458567,50.378425],[30.45835,50.378373],[30.458248,50.378365],[30.45815,50.378373],[30.458015,50.378408]]},"properties":{"name":"вулиця Василя Касіяна"}},{"type":"Feature","geometry":{"type":"LineString","coordinates":[[30.461046,50.371927],[30.460489,50.371735],[30.460215,50.371662],[30.459889,50.371617],[30.459707,50.371614],[30.458671,50.371639],[30.45754,50.371667],[30.457345,50.371686],[30.457199,50.371707],[30.456969,50.371759],[30.456813,50.371813],[30.45663,50.3719],[30.45647,50.372],[30.455423,50.372766],[30.454969,50.373082],[30.454459,50.373349]]},"properties":{"name":"Одеська площа"}},{"type":"Feature","geometry":{"type":"LineString","coordinates":[[30.402309,50.403418],[30.401868,50.403679],[30.401783,50.403718],[30.401494,50.403817],[30.401126,50.403943],[30.40039,50.404194],[30.400221,50.404251],[30.399806,50.404392],[30.39872,50.404759],[30.398554,50.404815],[30.395934,50.405701],[30.395309,50.405919],[30.394907,50.406069],[30.394489,50.406251]]},"properties":{"name":"Велика Окружна вулиця"}},{"type":"Feature","geometry":{"type":"LineString","coordinates":[[30.391287,50.40876],[30.391045,50.408927],[30.391028,50.408939],[30.39074,50.409102],[30.390509,50.409235],[30.390346,50.409341],[30.390154,50.409421],[30.389235,50.409802],[30.389049,50.409891],[30.388411,50.410279],[30.387739,50.410684],[30.387504,50.410826],[30.386909,50.411236],[30.386593,50.411402],[30.386366,50.411497],[30.386148,50.41156],[30.385465,50.411725],[30.384848,50.411926]]},"properties":{"name":"Велика Окружна вулиця"}},{"type":"Feature","geometry":{"type":"LineString","coordinates":[[30.423342,50.395914],[30.423243,50.39579],[30.422658,50.395166],[30.422513,50.395054],[30.42255,50.394926],[30.425582,50.393527],[30.426806,50.393199],[30.427066,50.393161],[30.42712,50.393157],[30.427169,50.393182],[30.427234,50.393239],[30.427353,50.393299]]},"properties":{"name":"вулиця Територіальної Оборони"}},{"type":"Feature","geometry":{"type":"LineString","coordinates":[[30.472896,50.358772],[30.472799,50.35871],[30.472702,50.358653]]},"properties":{"name":"вулиця Якова Степового"}},{"type":"Feature","geometry":{"type":"LineString","coordinates":[[30.554312,50.338582],[30.554297,50.338557],[30.55428,50.338523],[30.55424,50.338464],[30.554174,50.338378],[30.554106,50.338311],[30.554045,50.338259],[30.553971,50.338209],[30.553762,50.338112],[30.553636,50.338067],[30.553464,50.338037],[30.553255,50.338024],[30.553089,50.338026],[30.55289,50.338062],[30.552536,50.33807],[30.552217,50.338186],[30.551297,50.338343],[30.549619,50.338631],[30.549412,50.338667],[30.549296,50.338685]]},"properties":{"name":"Передова вулиця"}},{"type":"Feature","geometry":{"type":"LineString","coordinates":[[30.548469,50.338817],[30.546543,50.339161],[30.5461,50.339273],[30.545752,50.339365],[30.544654,50.339697],[30.544458,50.339756],[30.544222,50.33984],[30.543854,50.339968],[30.54376,50.340012],[30.543701,50.340071],[30.543672,50.340143]]},"properties":{"name":"Передова вулиця"}},{"type":"Feature","geometry":{"type":"LineString","coordinates":[[30.543672,50.340143],[30.543809,50.340262],[30.544816,50.341129],[30.545816,50.34197],[30.546249,50.342274],[30.546563,50.342477],[30.54696,50.342727],[30.547275,50.342888],[30.54894,50.343717],[30.54919,50.343832],[30.54934,50.343886],[30.549472,50.343925],[30.549587,50.343951],[30.549712,50.343968],[30.549869,50.343978],[30.550055,50.343975],[30.550246,50.343956],[30.550413,50.343923],[30.550567,50.343872],[30.550685,50.343826],[30.550815,50.343759],[30.55105,50.3436],[30.551186,50.34345],[30.551287,50.343274],[30.55132,50.343148],[30.551318,50.342965],[30.551267,50.34283],[30.551149,50.342673],[30.550988,50.342533],[30.550703,50.342361],[30.550127,50.342149]]},"properties":{"name":"Дніпровське шосе"}},{"type":"Feature","geometry":{"type":"LineString","coordinates":[[30.503587,50.353401],[30.503296,50.353434],[30.502663,50.353508],[30.502483,50.353528],[30.501203,50.353645],[30.500456,50.353713],[30.498893,50.353856],[30.497624,50.353971],[30.496347,50.354088],[30.49299,50.354447],[30.492145,50.354529],[30.491979,50.354543],[30.491665,50.354467],[30.491552,50.354439],[30.491196,50.354344],[30.491048,50.354298]]},"properties":{"name":"вулиця Академіка Тронька"}},{"type":"Feature","geometry":{"type":"LineString","coordinates":[[30.49038,50.354212],[30.490565,50.354219],[30.490742,50.354234],[30.490878,50.354256],[30.491048,50.354298],[30.491008,50.354217],[30.491003,50.354131],[30.491019,50.354058],[30.491111,50.353969]]},"properties":{"name":"вулиця Академіка Тронька"}},{"type":"Feature","geometry":{"type":"LineString","coordinates":[[30.5181,50.465111],[30.518013,50.465089],[30.517926,50.465056],[30.517825,50.465016],[30.517771,50.464957],[30.517411,50.464702],[30.517235,50.464585],[30.517032,50.464449],[30.516757,50.464265],[30.51663,50.46418],[30.516552,50.464131],[30.516433,50.464059],[30.516475,50.46401],[30.516729,50.463714],[30.516785,50.46364],[30.517181,50.463152],[30.5172,50.463128],[30.517266,50.463068],[30.51773,50.462621],[30.517841,50.462492],[30.517905,50.462343],[30.517922,50.462303],[30.51796,50.462219]]},"properties":{"name":"Контрактова площа"}},{"type":"Feature","geometry":{"type":"LineString","coordinates":[[30.518309,50.465155],[30.518225,50.46519]]},"properties":{"name":"Контрактова площа"}},{"type":"Feature","geometry":{"type":"LineString","coordinates":[[30.516433,50.464059],[30.516397,50.464087],[30.51611,50.464314],[30.515837,50.464504],[30.515772,50.46455],[30.515515,50.464702],[30.515363,50.4648],[30.51462,50.465256],[30.514316,50.465441],[30.514247,50.465482],[30.514128,50.465553],[30.513873,50.465711],[30.513589,50.465874],[30.513522,50.465923],[30.513265,50.466079],[30.513082,50.46619],[30.512884,50.46631],[30.512808,50.466354],[30.512663,50.466435],[30.512518,50.46652],[30.512459,50.466558],[30.512364,50.466616],[30.512117,50.46677],[30.512051,50.466812],[30.511786,50.466978],[30.51146,50.467182],[30.511351,50.467248],[30.511168,50.467361],[30.511089,50.467413],[30.511003,50.467466],[30.510758,50.467619],[30.510094,50.468036],[30.509758,50.46824],[30.509684,50.468292],[30.509599,50.468354],[30.509533,50.468398],[30.509412,50.46847],[30.508642,50.468967],[30.508311,50.469168],[30.508121,50.469283],[30.50804,50.469334],[30.50795,50.469388],[30.507524,50.469641],[30.507471,50.469673],[30.507287,50.469786],[30.506578,50.470219],[30.506463,50.470289],[30.506227,50.470438],[30.505247,50.471056],[30.505164,50.471108],[30.50506,50.471171],[30.504211,50.471703],[30.504034,50.471799],[30.503809,50.471921],[30.50376,50.471947],[30.503722,50.471969],[30.503678,50.471994],[30.503654,50.472009],[30.503596,50.472044],[30.503328,50.472206],[30.503193,50.472286],[30.502983,50.47242],[30.50285,50.472501],[30.502214,50.472888],[30.501769,50.473147],[30.501423,50.47336],[30.501106,50.473561],[30.500823,50.473744],[30.500534,50.473923],[30.500486,50.473952],[30.500313,50.474056],[30.499817,50.474355],[30.499644,50.474466],[30.499392,50.474618],[30.499155,50.474765],[30.498614,50.475101],[30.49811,50.475413],[30.497558,50.475737],[30.497058,50.476041],[30.496669,50.476297],[30.496491,50.476402],[30.496392,50.476456],[30.496256,50.476541],[30.496122,50.476624],[30.496012,50.476692],[30.49593,50.476743],[30.495472,50.477027],[30.495192,50.477245]]},"properties":{"name":"Костянтинівська вулиця"}},{"type":"Feature","geometry":{"type":"LineString","coordinates":[[30.51796,50.462219],[30.518047,50.46203],[30.518305,50.461459],[30.518323,50.461431],[30.518359,50.461393],[30.51841,50.461363],[30.518488,50.461336],[30.518951,50.461216],[30.519818,50.460994],[30.519968,50.460955],[30.520267,50.460876],[30.52082,50.46073],[30.520853,50.46072],[30.520972,50.460684]]},"properties":{"name":"Покровська вулиця"}},{"type":"Feature","geometry":{"type":"LineString","coordinates":[[30.518488,50.461336],[30.518431,50.46128]]},"properties":{"name":"Покровський провулок"}},{"type":"Feature","geometry":{"type":"LineString","coordinates":[[30.520972,50.460684],[30.521175,50.460804],[30.521536,50.461017],[30.521583,50.46105],[30.521686,50.461113],[30.52178,50.461175],[30.522248,50.461475],[30.52233,50.461527],[30.522809,50.461828],[30.52322,50.462093],[30.523247,50.46211],[30.523357,50.462184]]},"properties":{"name":"Андріївська вулиця"}},{"type":"Feature","geometry":{"type":"LineString","coordinates":[[30.521686,50.461113],[30.521778,50.461053],[30.522055,50.460873],[30.522946,50.460293],[30.52303,50.460239],[30.523109,50.460187],[30.524245,50.459441],[30.524402,50.459347],[30.524575,50.459233],[30.52478,50.459097],[30.524933,50.458997],[30.525085,50.458896],[30.525146,50.458856],[30.525556,50.458587],[30.525873,50.45838],[30.52605,50.458259],[30.526298,50.458081],[30.526703,50.457751],[30.526949,50.457541]]},"properties":{"name":"вулиця Петра Сагайдачного"}},{"type":"Feature","geometry":{"type":"LineString","coordinates":[[30.5243,50.459294],[30.524402,50.459347]]},"properties":{"name":"Боричів узвіз"}},{"type":"Feature","geometry":{"type":"LineString","coordinates":[[30.524788,50.459293],[30.524803,50.459328],[30.524841,50.459372],[30.526154,50.460181],[30.526205,50.460216],[30.52625,50.460253],[30.52629,50.460295],[30.526326,50.460343],[30.526357,50.460389],[30.526381,50.460435],[30.526397,50.460487],[30.526406,50.460537],[30.526396,50.460643],[30.526378,50.460747],[30.526339,50.460952],[30.526295,50.461173]]},"properties":{"name":"Боричів узвіз"}},{"type":"Feature","geometry":{"type":"LineString","coordinates":[[30.526006,50.46057],[30.525935,50.460364],[30.52588,50.460272],[30.525847,50.46023],[30.525803,50.460193],[30.525434,50.459966],[30.524716,50.459546],[30.524602,50.459406],[30.524554,50.459317],[30.524555,50.459281],[30.524575,50.459233]]},"properties":{"name":"Боричів узвіз"}},{"type":"Feature","geometry":{"type":"LineString","coordinates":[[30.526949,50.457541],[30.527224,50.457297],[30.527529,50.457026],[30.527682,50.456861],[30.527811,50.456712],[30.527923,50.456567],[30.528005,50.45642],[30.528057,50.456289],[30.528069,50.45621],[30.528073,50.456117],[30.528057,50.456023],[30.528014,50.455918],[30.527946,50.4558],[30.527834,50.455656],[30.527728,50.455516],[30.527656,50.455374],[30.527596,50.455201],[30.527569,50.455067],[30.52755,50.454924],[30.527552,50.45463],[30.527558,50.454518],[30.527586,50.454369],[30.527625,50.454153],[30.527757,50.453544],[30.527917,50.452918],[30.527962,50.452785]]},"properties":{"name":"Володимирський узвіз"}},{"type":"Feature","geometry":{"type":"LineString","coordinates":[[30.547615,50.419881],[30.548057,50.41953]]},"properties":{"name":"Печерський міст"}},{"type":"Feature","geometry":{"type":"LineString","coordinates":[[30.548186,50.419617],[30.547772,50.419939]]},"properties":{"name":"Печерський міст"}},{"type":"Feature","geometry":{"type":"LineString","coordinates":[[30.548057,50.41953],[30.548146,50.419449],[30.548288,50.419319],[30.548374,50.419236],[30.54844,50.419172],[30.548578,50.419034],[30.548655,50.41894],[30.548712,50.418852],[30.548776,50.418724],[30.548832,50.418549],[30.548864,50.418431],[30.548887,50.418282],[30.548894,50.418105],[30.548891,50.417539],[30.548888,50.417176],[30.548888,50.417064],[30.548883,50.41668],[30.548881,50.416592],[30.54888,50.416417],[30.548877,50.415681],[30.548877,50.415589],[30.548878,50.4155],[30.548875,50.415065],[30.548877,50.414473],[30.548886,50.413909],[30.548894,50.413438],[30.548899,50.413181],[30.548933,50.412845],[30.548939,50.412786],[30.548958,50.412655],[30.548987,50.41251],[30.54904,50.412292],[30.549129,50.411813],[30.54917,50.411608],[30.549229,50.411402],[30.549317,50.411183],[30.549422,50.410961],[30.549441,50.41092],[30.549581,50.410703],[30.549715,50.410517],[30.549932,50.410227],[30.549955,50.4102],[30.550054,50.410094],[30.550107,50.410036],[30.550264,50.409871],[30.550492,50.409645],[30.550537,50.409598],[30.551205,50.408897],[30.551345,50.408737],[30.551531,50.408516],[30.551622,50.408398],[30.551709,50.408272],[30.551831,50.408068],[30.551942,50.407857],[30.552063,50.407612],[30.552133,50.407425],[30.552193,50.407227],[30.552233,50.407055],[30.552271,50.40687],[30.552298,50.406665],[30.552325,50.406338],[30.552302,50.405776],[30.552311,50.40548]]},"properties":{"name":"вулиця Михайла Бойчука"}},{"type":"Feature","geometry":{"type":"LineString","coordinates":[[30.548186,50.419617],[30.548295,50.419532],[30.548552,50.419297],[30.548644,50.419181],[30.548729,50.41906],[30.548811,50.418944],[30.548854,50.418875],[30.54891,50.418727],[30.548947,50.418616],[30.548974,50.418511],[30.548999,50.418384],[30.549016,50.418247],[30.54902,50.418065],[30.549028,50.417527],[30.549025,50.417094],[30.549024,50.416777],[30.549025,50.416679],[30.549025,50.416591],[30.549026,50.416509],[30.549011,50.415968],[30.549019,50.415682],[30.549022,50.415587],[30.549023,50.415502],[30.549009,50.415006],[30.549017,50.414596],[30.549027,50.413998],[30.549027,50.413964],[30.549022,50.413466],[30.549031,50.413316],[30.549047,50.413072],[30.54907,50.412849],[30.549078,50.412789],[30.549096,50.412663],[30.549164,50.412298],[30.549259,50.411831],[30.549291,50.4117],[30.549308,50.411629],[30.549372,50.411412],[30.549455,50.4112],[30.549563,50.410987],[30.549583,50.410946],[30.549705,50.410737],[30.54984,50.41055],[30.550058,50.410267],[30.550081,50.410238],[30.550139,50.410172],[30.550228,50.410077],[30.550609,50.409689],[30.551317,50.408946],[30.551471,50.408782],[30.551665,50.40855],[30.551751,50.408438],[30.551842,50.408301],[30.551964,50.408098],[30.552084,50.407877],[30.552206,50.407637],[30.552285,50.407447],[30.552359,50.407229],[30.552397,50.407061],[30.552432,50.406869],[30.552459,50.406655],[30.55247,50.406464],[30.552477,50.406344],[30.552468,50.40604],[30.552458,50.405789],[30.552459,50.405777],[30.552474,50.40522]]},"properties":{"name":"вулиця Михайла Бойчука"}},{"type":"Feature","geometry":{"type":"LineString","coordinates":[[30.548288,50.419319],[30.548552,50.419297],[30.549259,50.41909],[30.549428,50.419039],[30.550109,50.418822],[30.550277,50.418769],[30.550974,50.418551],[30.551031,50.418536],[30.551061,50.418528],[30.551137,50.418502],[30.552523,50.418068],[30.552941,50.417935],[30.553169,50.417865],[30.553323,50.417813],[30.553457,50.417756],[30.553554,50.417698],[30.553732,50.417567],[30.554187,50.417243],[30.554612,50.416936],[30.554763,50.416824],[30.555575,50.416241],[30.556404,50.415648],[30.556451,50.415613],[30.55651,50.415568]]},"properties":{"name":"Бастіонна вулиця"}},{"type":"Feature","geometry":{"type":"LineString","coordinates":[[30.556451,50.415613],[30.556475,50.415533],[30.556463,50.415474],[30.556433,50.415424],[30.556369,50.415338]]},"properties":{"name":"Садово-Ботанічна вулиця"}},{"type":"Feature","geometry":{"type":"LineString","coordinates":[[30.556597,50.415452],[30.556566,50.415519],[30.55651,50.415568]]},"properties":{"name":"Садово-Ботанічна вулиця"}},{"type":"Feature","geometry":{"type":"LineString","coordinates":[[30.523402,50.462156],[30.523357,50.462184],[30.523305,50.462218],[30.523271,50.462239],[30.52225,50.462915],[30.521967,50.463101],[30.521874,50.463164]]},"properties":{"name":"Братська вулиця"}},{"type":"Feature","geometry":{"type":"LineString","coordinates":[[30.521874,50.463164],[30.522017,50.46325],[30.522259,50.4634],[30.522619,50.463622],[30.523339,50.464068],[30.523357,50.464079],[30.523845,50.464385],[30.523947,50.464448]]},"properties":{"name":"Борисоглібська вулиця"}},{"type":"Feature","geometry":{"type":"LineString","coordinates":[[30.523947,50.464448],[30.523839,50.464514],[30.523133,50.464943],[30.522974,50.465044],[30.522736,50.465197],[30.522636,50.465264],[30.522505,50.465343],[30.522315,50.465455],[30.522165,50.465544],[30.522002,50.465645],[30.5211,50.466221],[30.520997,50.466283]]},"properties":{"name":"Волоська вулиця"}},{"type":"Feature","geometry":{"type":"LineString","coordinates":[[30.516758,50.468892],[30.516436,50.469092]]},"properties":{"name":"Волоська вулиця"}},{"type":"Feature","geometry":{"type":"LineString","coordinates":[[30.519587,50.467164],[30.519555,50.467185]]},"properties":{"name":"Волоська вулиця"}},{"type":"Feature","geometry":{"type":"LineString","coordinates":[[30.518427,50.465039],[30.518623,50.465067],[30.518722,50.465097],[30.518901,50.465176],[30.518925,50.465186],[30.519631,50.465475],[30.519851,50.465565],[30.520024,50.465639],[30.520097,50.46568],[30.520239,50.465774],[30.520334,50.465838],[30.520609,50.466022],[30.520686,50.466077],[30.520907,50.466221],[30.520997,50.466283],[30.521087,50.466343],[30.521755,50.466788],[30.522046,50.466981],[30.522471,50.467259],[30.522507,50.467282],[30.522517,50.467289],[30.522558,50.467318]]},"properties":{"name":"вулиця Григорія Сковороди"}},{"type":"Feature","geometry":{"type":"LineString","coordinates":[[30.644964,50.429954],[30.644934,50.429998],[30.644912,50.430031],[30.644875,50.43009]]},"properties":{"name":"Сімферопольська вулиця"}},{"type":"Feature","geometry":{"type":"LineString","coordinates":[[30.472691,50.431926],[30.472576,50.431859],[30.472031,50.431296],[30.472024,50.431288],[30.471866,50.431133],[30.471777,50.431217],[30.471617,50.431302],[30.471511,50.43135],[30.471325,50.431435],[30.470486,50.431765],[30.469836,50.432021],[30.469744,50.432057],[30.469603,50.432112]]},"properties":{"name":"Соломʼянська площа"}},{"type":"Feature","geometry":{"type":"LineString","coordinates":[[30.451839,50.437525],[30.451928,50.43764]]},"properties":{"name":"Уманська вулиця"}},{"type":"Feature","geometry":{"type":"LineString","coordinates":[[30.583532,50.494955],[30.583742,50.494889],[30.584077,50.494746],[30.584311,50.494603],[30.584501,50.49444],[30.584553,50.494392],[30.584632,50.494319],[30.584708,50.494237],[30.58478,50.494134],[30.584839,50.494049],[30.58498,50.493766],[30.585017,50.493667],[30.585272,50.493394],[30.585297,50.49336],[30.585401,50.493224],[30.585707,50.492825],[30.585827,50.492617]]},"properties":{"name":"Райдужна вулиця"}},{"type":"Feature","geometry":{"type":"LineString","coordinates":[[30.585668,50.492152],[30.585508,50.491962],[30.585442,50.491883],[30.585251,50.491582],[30.585226,50.491412],[30.58517,50.491257],[30.585131,50.491146],[30.584886,50.490486],[30.584619,50.489746],[30.584332,50.488972],[30.584205,50.488343],[30.584177,50.487964],[30.584189,50.487829],[30.584246,50.487524],[30.584256,50.487504],[30.584296,50.487361],[30.584334,50.487206],[30.584406,50.486964],[30.584451,50.486825],[30.584477,50.486747],[30.584573,50.486448],[30.584616,50.486321],[30.585288,50.484265],[30.585315,50.484183],[30.585347,50.484084],[30.58538,50.483975],[30.585388,50.483947],[30.585557,50.483381],[30.585613,50.483181],[30.585838,50.482758],[30.585897,50.482668],[30.58595,50.482586],[30.586105,50.482399],[30.586175,50.482319],[30.586278,50.482206],[30.587483,50.481074],[30.588065,50.480536],[30.588322,50.480302],[30.588415,50.480215],[30.588548,50.48009],[30.58883,50.479827],[30.589135,50.479521],[30.589246,50.479406],[30.589299,50.479321],[30.589512,50.478976],[30.589676,50.478626],[30.589797,50.478238],[30.589837,50.477911],[30.58958,50.476515],[30.589545,50.476237],[30.589538,50.47616],[30.589567,50.475998],[30.589587,50.475919],[30.589669,50.475591],[30.589771,50.475279],[30.589967,50.47503]]},"properties":{"name":"Райдужна вулиця"}},{"type":"Feature","geometry":{"type":"LineString","coordinates":[[30.585017,50.493667],[30.58506,50.493191],[30.585129,50.492422]]},"properties":{"name":"Райдужна вулиця"}},{"type":"Feature","geometry":{"type":"LineString","coordinates":[[30.585146,50.492292],[30.585188,50.492008],[30.585251,50.491582]]},"properties":{"name":"Райдужна вулиця"}},{"type":"Feature","geometry":{"type":"LineString","coordinates":[[30.589135,50.479521],[30.588944,50.479446]]},"properties":{"name":"4-та лінія"}},{"type":"Feature","geometry":{"type":"LineString","coordinates":[[30.573113,50.482936],[30.573271,50.482913]]},"properties":{"name":"31-ша Садова вулиця"}},{"type":"Feature","geometry":{"type":"LineString","coordinates":[[30.573271,50.482913],[30.57354,50.48284]]},"properties":{"name":"Призалізнична вулиця"}},{"type":"Feature","geometry":{"type":"LineString","coordinates":[[30.570676,50.481849],[30.570739,50.481873],[30.570817,50.481903],[30.572789,50.482651],[30.573028,50.482716],[30.573286,50.482751],[30.573411,50.482794],[30.57354,50.48284]]},"properties":{"name":"30-та Садова вулиця"}},{"type":"Feature","geometry":{"type":"LineString","coordinates":[[30.569248,50.48331],[30.569349,50.483273],[30.569531,50.483064],[30.569598,50.482986],[30.56963,50.482949],[30.569718,50.482867],[30.569779,50.482811],[30.569856,50.482741],[30.570086,50.482495],[30.570193,50.482382],[30.570676,50.481849],[30.571123,50.481337],[30.57157,50.480821],[30.571632,50.480749],[30.572008,50.480311],[30.572069,50.480239],[30.572104,50.480198],[30.572258,50.480026],[30.57231,50.479968],[30.572508,50.479729],[30.572839,50.479358],[30.572927,50.47926],[30.572991,50.479182],[30.573063,50.479094],[30.573097,50.479051],[30.573251,50.478854],[30.573286,50.478811],[30.573336,50.478748],[30.573772,50.478221],[30.574245,50.477705],[30.574698,50.477187],[30.575164,50.476664],[30.575208,50.476611],[30.575375,50.476407],[30.57553,50.476222],[30.57559,50.47615],[30.576049,50.475632],[30.576499,50.475131],[30.576881,50.47469],[30.576955,50.474612],[30.577353,50.474161],[30.577428,50.474077],[30.577639,50.473837],[30.577669,50.473804],[30.577841,50.473611],[30.577881,50.473566],[30.57834,50.473049],[30.578796,50.472527],[30.579226,50.472011],[30.579591,50.471586],[30.579607,50.471568],[30.57962,50.471552],[30.579675,50.471489],[30.580118,50.470958],[30.580573,50.470433],[30.581051,50.46993],[30.581105,50.469869],[30.581496,50.469421],[30.581955,50.468888],[30.581988,50.46885],[30.582095,50.468727],[30.582392,50.468384],[30.582843,50.467857],[30.583141,50.467503],[30.583165,50.467474],[30.58329,50.467326],[30.583382,50.467221],[30.583784,50.46676],[30.584245,50.466242],[30.584295,50.466153],[30.58433,50.46605],[30.584444,50.465563],[30.584548,50.464928],[30.584714,50.464304],[30.585013,50.463759],[30.585034,50.463723],[30.585284,50.463253],[30.585425,50.463057],[30.585519,50.462947],[30.585654,50.462824],[30.585877,50.462663],[30.586009,50.462559],[30.586242,50.462398],[30.586365,50.462322],[30.586457,50.462265]]},"properties":{"name":"Центральна Садова вулиця"}},{"type":"Feature","geometry":{"type":"LineString","coordinates":[[30.571123,50.481337],[30.571187,50.481359],[30.57125,50.481382],[30.573536,50.482205]]},"properties":{"name":"29-та Садова вулиця"}},{"type":"Feature","geometry":{"type":"LineString","coordinates":[[30.57157,50.480821],[30.571641,50.480846],[30.571943,50.480948],[30.573542,50.481495]]},"properties":{"name":"28-ма Садова вулиця"}},{"type":"Feature","geometry":{"type":"LineString","coordinates":[[30.572008,50.480311],[30.572069,50.480332],[30.573443,50.480811]]},"properties":{"name":"27-ма Садова вулиця"}},{"type":"Feature","geometry":{"type":"LineString","coordinates":[[30.496464,50.477162],[30.496348,50.477139],[30.496217,50.47712],[30.49611,50.477109],[30.495869,50.477103],[30.495706,50.477111],[30.495582,50.477126],[30.495444,50.477158],[30.495332,50.477191],[30.495192,50.477245],[30.495044,50.477318],[30.494863,50.477425],[30.494638,50.477564],[30.494291,50.477779],[30.49404,50.477935],[30.49341,50.478326],[30.493046,50.47855],[30.49243,50.478929],[30.492291,50.479015],[30.492208,50.479066],[30.491896,50.479259],[30.491758,50.479344],[30.49166,50.479405],[30.491043,50.479787],[30.490799,50.479937],[30.490452,50.480152],[30.489781,50.480566],[30.4892,50.480924],[30.488891,50.481114],[30.488616,50.481289],[30.488369,50.481461],[30.487696,50.482015],[30.485792,50.483635],[30.485084,50.484241],[30.48468,50.484573],[30.48401,50.485124],[30.48381,50.485293],[30.483338,50.485692],[30.483243,50.485769],[30.482888,50.486072],[30.482677,50.486264],[30.482317,50.486589]]},"properties":{"name":"Новокостянтинівська вулиця"}},{"type":"Feature","geometry":{"type":"LineString","coordinates":[[30.492538,50.478998],[30.492396,50.479085],[30.491705,50.479512],[30.491262,50.479786],[30.490806,50.480068],[30.49027,50.480401],[30.490052,50.480535],[30.489699,50.480752],[30.489091,50.481127],[30.488974,50.481196],[30.488763,50.48131],[30.488598,50.481408],[30.488464,50.481497],[30.487789,50.482056],[30.485896,50.483679],[30.485175,50.484279],[30.484791,50.484617],[30.48423,50.485107],[30.483763,50.485501],[30.483541,50.485689],[30.483038,50.486119],[30.482804,50.48631],[30.482397,50.48664]]},"properties":{"name":"Новокостянтинівська вулиця"}},{"type":"Feature","geometry":{"type":"LineString","coordinates":[[30.49243,50.478929],[30.492538,50.478998]]},"properties":{"name":"вулиця Гулаків-Артемовських"}},{"type":"Feature","geometry":{"type":"LineString","coordinates":[[30.482397,50.48664],[30.481977,50.486993],[30.481711,50.487179],[30.481464,50.487342],[30.481192,50.487476],[30.480822,50.48762],[30.480522,50.487712],[30.480182,50.487792],[30.47988,50.48785],[30.47877,50.488009],[30.477347,50.488207]]},"properties":{"name":"Новокостянтинівський шляхопровід"}},{"type":"Feature","geometry":{"type":"LineString","coordinates":[[30.477327,50.488137],[30.478484,50.487971],[30.479873,50.487772],[30.480369,50.487669],[30.480788,50.487549],[30.481017,50.487463],[30.481242,50.487367],[30.481529,50.487206],[30.48176,50.487052],[30.48206,50.48681],[30.482317,50.486589]]},"properties":{"name":"Новокостянтинівський шляхопровід"}},{"type":"Feature","geometry":{"type":"LineString","coordinates":[[30.473048,50.488891],[30.472871,50.488967],[30.472657,50.489069],[30.47231,50.48928],[30.471922,50.489576],[30.471647,50.489814],[30.47139,50.49006],[30.471244,50.490196],[30.471128,50.490299],[30.471097,50.490331],[30.470813,50.49058],[30.470104,50.49126],[30.469697,50.491659],[30.469618,50.491723],[30.469491,50.491829],[30.469127,50.492165],[30.46805,50.493193],[30.467405,50.4938],[30.467251,50.493944]]},"properties":{"name":"вулиця Семена Скляренка"}},{"type":"Feature","geometry":{"type":"LineString","coordinates":[[30.467164,50.493892],[30.467305,50.493758],[30.467511,50.493563],[30.468497,50.492626],[30.469393,50.49178],[30.469523,50.491657],[30.469596,50.491589],[30.469875,50.491332],[30.470848,50.490433],[30.47102,50.490275],[30.471064,50.490232],[30.471142,50.490159],[30.471288,50.490016],[30.471458,50.489861],[30.471829,50.489534],[30.472184,50.489257]]},"properties":{"name":"вулиця Семена Скляренка"}},{"type":"Feature","geometry":{"type":"LineString","coordinates":[[30.450186,50.512518],[30.450059,50.512536],[30.449089,50.512716],[30.448723,50.512783],[30.448356,50.512854],[30.447745,50.51297],[30.447427,50.51303],[30.446936,50.513116],[30.44613,50.513278],[30.445422,50.513421],[30.4447,50.513566],[30.443908,50.513725],[30.4436,50.513786],[30.442766,50.513959],[30.442673,50.513993],[30.442641,50.51401],[30.442418,50.514102],[30.44237,50.514122],[30.442276,50.514161],[30.441594,50.514447],[30.439929,50.515136],[30.439872,50.51516]]},"properties":{"name":"вулиця Байди-Вишневецького"}},{"type":"Feature","geometry":{"type":"LineString","coordinates":[[30.439872,50.51516],[30.439842,50.515132],[30.439576,50.514879],[30.439402,50.514732],[30.438981,50.514392],[30.438945,50.514362],[30.438808,50.514253],[30.438553,50.514036],[30.438064,50.513615],[30.438024,50.513579],[30.437989,50.513553],[30.437757,50.513378],[30.437673,50.513314],[30.436663,50.512482],[30.436617,50.51245],[30.436547,50.51242],[30.436456,50.512391],[30.436185,50.512171],[30.435576,50.511677],[30.435419,50.511549],[30.435396,50.511531],[30.434754,50.511008],[30.434479,50.510783],[30.433911,50.51032],[30.43385,50.510271],[30.433143,50.509695],[30.433061,50.509628],[30.432791,50.509408],[30.432328,50.509097],[30.432235,50.509034],[30.431964,50.508864],[30.431782,50.508752]]},"properties":{"name":"Межова вулиця"}},{"type":"Feature","geometry":{"type":"LineString","coordinates":[[30.419515,50.515757],[30.418702,50.515224]]},"properties":{"name":"проспект Георгія Гонгадзе"}},{"type":"Feature","geometry":{"type":"LineString","coordinates":[[30.409709,50.51037],[30.409594,50.510214],[30.409459,50.510061],[30.409306,50.509893],[30.409283,50.509869],[30.409252,50.509836],[30.409204,50.509762],[30.409177,50.50973],[30.409143,50.509688],[30.409081,50.509569],[30.408903,50.509209],[30.408405,50.508031],[30.408346,50.507924],[30.408238,50.507847],[30.407999,50.50776]]},"properties":{"name":"проспект Георгія Гонгадзе"}},{"type":"Feature","geometry":{"type":"LineString","coordinates":[[30.419768,50.515463],[30.419581,50.515452],[30.419396,50.515429],[30.419114,50.515366],[30.418702,50.515224],[30.418502,50.515121],[30.418282,50.515013],[30.417899,50.514859],[30.417551,50.514743],[30.416824,50.514526],[30.41611,50.514353],[30.4159,50.514302],[30.415574,50.514223],[30.415028,50.514091],[30.413462,50.513696],[30.413077,50.513581],[30.412772,50.513476],[30.412389,50.513344],[30.411991,50.513117],[30.411709,50.512949],[30.411475,50.512794],[30.411129,50.512523],[30.410957,50.512364],[30.410818,50.512235],[30.410761,50.512167],[30.410588,50.511959],[30.41025,50.511419],[30.410014,50.510981],[30.409845,50.510648],[30.40981,50.51058],[30.409789,50.510538],[30.409776,50.51051],[30.409709,50.51037],[30.409724,50.510212],[30.409707,50.510116],[30.409692,50.510012],[30.409671,50.509827],[30.409667,50.509773],[30.409649,50.509686],[30.409625,50.509619],[30.409394,50.509071],[30.408982,50.508218],[30.40891,50.508068],[30.408827,50.507886],[30.408813,50.507817],[30.408815,50.507754],[30.408833,50.507699],[30.408918,50.507565]]},"properties":{"name":"проспект Георгія Гонгадзе"}},{"type":"Feature","geometry":{"type":"LineString","coordinates":[[30.433768,50.51379],[30.433906,50.513717],[30.43492,50.513194],[30.435087,50.513116],[30.43554,50.512904],[30.43649,50.512458],[30.436547,50.51242],[30.436679,50.512363],[30.436849,50.512277],[30.437509,50.511939],[30.437831,50.511775],[30.43835,50.511526],[30.43882,50.511301],[30.438839,50.511292],[30.439236,50.511099],[30.439376,50.511031],[30.439447,50.51099],[30.439524,50.510933],[30.44006,50.510583],[30.440195,50.510493],[30.440484,50.510299],[30.440566,50.510234],[30.440701,50.510126],[30.440753,50.510087],[30.440737,50.510073],[30.440727,50.510058],[30.440725,50.510041],[30.44073,50.510024],[30.440742,50.510009],[30.440762,50.509996],[30.440788,50.509988],[30.440816,50.509985],[30.440844,50.509987],[30.44087,50.509995],[30.440891,50.510008],[30.441026,50.509963],[30.441092,50.50994],[30.441125,50.509929],[30.441149,50.50992],[30.441753,50.509742],[30.441829,50.509721],[30.442451,50.509524],[30.442596,50.509489],[30.442705,50.509464],[30.44274,50.509456],[30.442906,50.509419],[30.443064,50.509381],[30.443255,50.509338],[30.443445,50.509294],[30.443799,50.509212],[30.443906,50.509181],[30.444079,50.50911],[30.444138,50.509081],[30.444233,50.509018],[30.444649,50.50868],[30.445043,50.508387]]},"properties":{"name":"Перемишльська вулиця"}},{"type":"Feature","geometry":{"type":"LineString","coordinates":[[30.445043,50.508387],[30.445097,50.508366],[30.445714,50.508219],[30.446022,50.508158],[30.446185,50.508127],[30.446385,50.50809],[30.446532,50.508079],[30.446681,50.508074],[30.446855,50.508087],[30.447026,50.50811],[30.447711,50.508267],[30.448117,50.508344],[30.448255,50.508357],[30.448546,50.508369],[30.448819,50.508383],[30.448935,50.508387],[30.449499,50.50839],[30.449828,50.508391],[30.450579,50.508369],[30.450714,50.508373]]},"properties":{"name":"Западинська вулиця"}},{"type":"Feature","geometry":{"type":"LineString","coordinates":[[30.508611,50.506272],[30.508227,50.505881],[30.507461,50.505104],[30.507076,50.504673],[30.504985,50.502479],[30.504806,50.502291],[30.504309,50.501774],[30.504182,50.501662],[30.504055,50.501586],[30.503884,50.501523],[30.503792,50.501504],[30.5037,50.501484],[30.503583,50.501466],[30.503348,50.501469]]},"properties":{"name":"вулиця Героїв полку «Азов»"}},{"type":"Feature","geometry":{"type":"LineString","coordinates":[[30.50328,50.501472],[30.502973,50.501493],[30.502662,50.501504],[30.501303,50.501529],[30.500773,50.501538],[30.500002,50.501546],[30.499524,50.501551],[30.49883,50.501562],[30.498727,50.501564]]},"properties":{"name":"вулиця Героїв полку «Азов»"}},{"type":"Feature","geometry":{"type":"LineString","coordinates":[[30.502779,50.501057],[30.502707,50.5011],[30.502551,50.501231],[30.502414,50.501313],[30.502258,50.501376],[30.502122,50.501413],[30.501983,50.501425],[30.501815,50.501434],[30.501672,50.501438],[30.501314,50.501446],[30.50098,50.50145],[30.499661,50.501464],[30.499194,50.50147],[30.498725,50.501479],[30.498608,50.50148],[30.497752,50.501489],[30.497552,50.50149],[30.497121,50.5015],[30.495515,50.501517],[30.494654,50.501525],[30.494084,50.501532],[30.493862,50.501535],[30.493809,50.501535],[30.493684,50.501537],[30.493607,50.501538],[30.493316,50.501541],[30.493226,50.501549],[30.492992,50.501579],[30.492778,50.501626],[30.492587,50.501685],[30.492457,50.501734],[30.492152,50.501866],[30.491869,50.502021],[30.491651,50.502199],[30.491498,50.502397],[30.491337,50.502671],[30.491317,50.502709],[30.4911,50.503108],[30.490637,50.504],[30.489949,50.505303],[30.48988,50.505436],[30.489844,50.505497],[30.489673,50.505833],[30.489656,50.505865],[30.489558,50.506051],[30.489415,50.506303],[30.489275,50.506495],[30.489133,50.506637],[30.48906,50.506686],[30.489007,50.506714],[30.488958,50.506737],[30.488724,50.506886]]},"properties":{"name":"вулиця Героїв полку «Азов»"}},{"type":"Feature","geometry":{"type":"LineString","coordinates":[[30.503779,50.501075],[30.503923,50.501246],[30.504145,50.501464],[30.504628,50.501939],[30.505092,50.502434],[30.505234,50.502585],[30.506056,50.503457],[30.50658,50.504003],[30.506877,50.504313],[30.507214,50.504676],[30.507527,50.505015],[30.507571,50.505063],[30.507775,50.505268],[30.507824,50.505317],[30.508,50.505478],[30.508203,50.505612],[30.508484,50.505707],[30.508569,50.505726],[30.508736,50.505762],[30.508988,50.5058]]},"properties":{"name":"вулиця Героїв полку «Азов»"}},{"type":"Feature","geometry":{"type":"LineString","coordinates":[[30.489553,50.507091],[30.489523,50.506817],[30.489517,50.506768],[30.48953,50.506517],[30.489592,50.506279],[30.489676,50.506087],[30.489768,50.505909],[30.489842,50.505766],[30.48997,50.505522],[30.490009,50.50546],[30.490265,50.504997],[30.491276,50.503056],[30.491369,50.502877],[30.491463,50.502698],[30.491502,50.502626],[30.491624,50.502424],[30.491778,50.502254],[30.491975,50.502087],[30.492055,50.502038],[30.492232,50.501936],[30.492522,50.501812],[30.492839,50.501708],[30.49302,50.501667],[30.493245,50.501637],[30.493516,50.501628],[30.493684,50.501625],[30.493809,50.501624],[30.494231,50.501618],[30.496008,50.501593],[30.496939,50.50158]]},"properties":{"name":"вулиця Героїв полку «Азов»"}},{"type":"Feature","geometry":{"type":"LineString","coordinates":[[30.517635,50.496294],[30.517539,50.496213],[30.517477,50.496162],[30.517339,50.496098],[30.517141,50.49602],[30.5169,50.495963],[30.516688,50.49594],[30.516186,50.495932],[30.515855,50.495937],[30.514603,50.495954],[30.512811,50.495971],[30.510914,50.495988],[30.509931,50.496001],[30.509827,50.496002],[30.509711,50.496003],[30.509289,50.496009],[30.508904,50.496043],[30.508666,50.49609],[30.508448,50.496154],[30.508197,50.496234]]},"properties":{"name":"вулиця Олександра Архипенка"}},{"type":"Feature","geometry":{"type":"LineString","coordinates":[[30.508106,50.495727],[30.508327,50.495788],[30.508594,50.495856],[30.508882,50.495891],[30.509277,50.495915],[30.509649,50.495914],[30.509746,50.495912],[30.509827,50.495912],[30.511083,50.495898],[30.511536,50.495893],[30.512757,50.49588],[30.514612,50.495861],[30.515303,50.495852],[30.516186,50.495844],[30.516379,50.495845],[30.516681,50.495846],[30.517572,50.495847],[30.517808,50.495848],[30.518034,50.495845]]},"properties":{"name":"вулиця Олександра Архипенка"}},{"type":"Feature","geometry":{"type":"LineString","coordinates":[[30.600076,50.512451],[30.600151,50.512391]]},"properties":{"name":"вулиця Вікентія Беретті"}},{"type":"Feature","geometry":{"type":"LineString","coordinates":[[30.606605,50.507522],[30.606707,50.507428]]},"properties":{"name":"вулиця Вікентія Беретті"}},{"type":"Feature","geometry":{"type":"LineString","coordinates":[[30.605834,50.362804],[30.605908,50.362836]]},"properties":{"name":"93-тя Садова вулиця"}},{"type":"Feature","geometry":{"type":"LineString","coordinates":[[30.611769,50.352979],[30.611687,50.352917]]},"properties":{"name":"128-ма Садова вулиця"}},{"type":"Feature","geometry":{"type":"LineString","coordinates":[[30.444387,50.391966],[30.444551,50.392029],[30.444764,50.392092],[30.445001,50.392166],[30.445251,50.392234],[30.44546,50.392274],[30.445704,50.392298],[30.446712,50.39232],[30.447752,50.392349],[30.448791,50.392378],[30.449381,50.392397],[30.44981,50.392411],[30.450315,50.392448],[30.45076,50.392491],[30.451212,50.392513],[30.452226,50.392521],[30.452764,50.392498],[30.453284,50.392469],[30.454467,50.3924],[30.455586,50.392284],[30.455998,50.392241],[30.457745,50.391924],[30.458068,50.391854],[30.458335,50.391799],[30.458456,50.391774],[30.458885,50.391684],[30.459168,50.391624],[30.45922,50.391614],[30.459458,50.391569],[30.45983,50.391498],[30.459928,50.391481],[30.460036,50.391464],[30.460117,50.391454],[30.460158,50.391449],[30.460653,50.3914],[30.460802,50.391395],[30.460973,50.391389],[30.46132,50.391378],[30.461447,50.391374],[30.461559,50.39137],[30.461728,50.391365],[30.461977,50.391357],[30.462034,50.391356],[30.462168,50.391351],[30.462473,50.391343],[30.463398,50.391317],[30.464088,50.391293],[30.464095,50.391293],[30.464103,50.391292],[30.46411,50.391292],[30.464118,50.391291],[30.464126,50.39129],[30.464134,50.391289],[30.464141,50.391287],[30.464145,50.391286],[30.464152,50.391285],[30.464161,50.391282],[30.464173,50.391278],[30.464203,50.391267],[30.464268,50.39124],[30.464327,50.391212],[30.464372,50.391189],[30.464395,50.391174],[30.464489,50.391109],[30.464597,50.391033],[30.465285,50.390556],[30.465374,50.390489]]},"properties":{"name":"вулиця Сергія Колоса"}},{"type":"Feature","geometry":{"type":"LineString","coordinates":[[30.444764,50.392092],[30.444799,50.392047],[30.444862,50.391983]]},"properties":{"name":"вулиця Сергія Колоса"}},{"type":"Feature","geometry":{"type":"LineString","coordinates":[[30.440544,50.394265],[30.440658,50.394189],[30.440854,50.394062],[30.440911,50.394026],[30.441104,50.393923],[30.441557,50.393711],[30.442222,50.393422],[30.442527,50.393299],[30.442707,50.393225],[30.442898,50.393147],[30.443117,50.393058],[30.443408,50.392924],[30.443553,50.392839],[30.444019,50.392401],[30.444244,50.392206],[30.444371,50.392114],[30.444551,50.392029]]},"properties":{"name":"вулиця Українських Повстанців"}},{"type":"Feature","geometry":{"type":"LineString","coordinates":[[30.440544,50.394265],[30.440465,50.394243],[30.440366,50.394214],[30.440076,50.394089],[30.439942,50.394025],[30.439786,50.393951],[30.439312,50.39371],[30.438955,50.393544],[30.438892,50.393521],[30.43779,50.392935],[30.43773,50.392905],[30.43769,50.392884],[30.437658,50.392868],[30.437537,50.392822],[30.437398,50.3928],[30.437273,50.392812],[30.437169,50.392858]]},"properties":{"name":"Повітрофлотська вулиця"}},{"type":"Feature","geometry":{"type":"LineString","coordinates":[[30.437334,50.392657],[30.437169,50.392858],[30.437125,50.392903],[30.437075,50.392951],[30.43689,50.393097],[30.436668,50.393262],[30.436448,50.393389],[30.435963,50.39364],[30.435463,50.393884],[30.435326,50.393944],[30.435154,50.394014],[30.434879,50.394118],[30.434675,50.39419],[30.434574,50.394218],[30.434506,50.394227],[30.434446,50.394238]]},"properties":{"name":"вулиця Шевченка"}},{"type":"Feature","geometry":{"type":"LineString","coordinates":[[30.422347,50.398065],[30.422158,50.39815],[30.421831,50.398232],[30.421348,50.398329],[30.420771,50.398399],[30.420483,50.398416],[30.420244,50.398427]]},"properties":{"name":"вулиця Шевченка"}},{"type":"Feature","geometry":{"type":"LineString","coordinates":[[30.419138,50.398315],[30.419401,50.398394],[30.419497,50.398402],[30.419599,50.398407],[30.420017,50.398417],[30.420108,50.398421],[30.420244,50.398427],[30.420117,50.398458],[30.42004,50.39849],[30.419987,50.398527],[30.419959,50.398559],[30.419938,50.398599],[30.41994,50.398649],[30.419956,50.398683],[30.419988,50.398711],[30.420024,50.398737],[30.420137,50.398804],[30.420397,50.398976]]},"properties":{"name":"вулиця Шевченка"}},{"type":"Feature","geometry":{"type":"LineString","coordinates":[[30.684771,50.362801],[30.68489,50.362774],[30.685025,50.362756],[30.685363,50.362783],[30.685652,50.36281],[30.685941,50.362823],[30.686214,50.36282],[30.686739,50.362815],[30.688376,50.362829],[30.68946,50.362798],[30.689852,50.362687],[30.690214,50.3626],[30.690351,50.362598],[30.69049,50.362614]]},"properties":{"name":"вулиця Шевченка"}},{"type":"Feature","geometry":{"type":"LineString","coordinates":[[30.685025,50.362756],[30.684962,50.3627]]},"properties":{"name":"вулиця Шевченка"}},{"type":"Feature","geometry":{"type":"LineString","coordinates":[[30.434446,50.394238],[30.434376,50.394192],[30.434312,50.394155],[30.43424,50.394101],[30.433874,50.393606],[30.433332,50.39286],[30.43328,50.392771],[30.433173,50.392567],[30.43315,50.392504],[30.433014,50.392278],[30.432856,50.392059],[30.432699,50.391844],[30.43252,50.391592],[30.432445,50.391502],[30.43239,50.391449],[30.432147,50.391254],[30.431661,50.390875],[30.431387,50.390689],[30.431375,50.390651],[30.431368,50.390615],[30.431368,50.390559],[30.431377,50.390498],[30.431387,50.390436]]},"properties":{"name":"вулиця Отця Анатолія Жураковського"}},{"type":"Feature","geometry":{"type":"LineString","coordinates":[[30.431387,50.390689],[30.431329,50.390684],[30.431242,50.390678],[30.431049,50.390677]]},"properties":{"name":"вулиця Отця Анатолія Жураковського"}},{"type":"Feature","geometry":{"type":"LineString","coordinates":[[30.43315,50.392504],[30.433176,50.392493]]},"properties":{"name":"вулиця Гоголя"}},{"type":"Feature","geometry":{"type":"LineString","coordinates":[[30.439066,50.393469],[30.438955,50.393544]]},"properties":{"name":"Набережна вулиця"}},{"type":"Feature","geometry":{"type":"LineString","coordinates":[[30.439855,50.393872],[30.439786,50.393951]]},"properties":{"name":"Набережна вулиця"}},{"type":"Feature","geometry":{"type":"LineString","coordinates":[[30.453258,50.39231],[30.453276,50.392425],[30.453284,50.392469]]},"properties":{"name":"вулиця Морських Піхотинців"}},{"type":"Feature","geometry":{"type":"LineString","coordinates":[[30.454467,50.3924],[30.454458,50.392353],[30.454435,50.392257]]},"properties":{"name":"Вчительський провулок"}},{"type":"Feature","geometry":{"type":"LineString","coordinates":[[30.623435,50.502671],[30.622604,50.50137],[30.621405,50.499459],[30.621359,50.499383],[30.621188,50.499114],[30.620908,50.498653],[30.620806,50.498487],[30.620334,50.497747],[30.619497,50.496411],[30.619238,50.495996],[30.619102,50.495778],[30.618599,50.494975],[30.618027,50.49406],[30.616822,50.492203],[30.616483,50.491669],[30.616398,50.491534],[30.616343,50.491448],[30.615987,50.490886],[30.615274,50.489763],[30.615179,50.489613],[30.614708,50.48887],[30.614585,50.488666],[30.614352,50.488359],[30.614134,50.488173],[30.614082,50.488136],[30.613997,50.488076],[30.613702,50.487886],[30.612605,50.487198],[30.612173,50.486928],[30.612133,50.486904],[30.612019,50.486839]]},"properties":{"name":"Крайня вулиця"}},{"type":"Feature","geometry":{"type":"LineString","coordinates":[[30.626337,50.507448],[30.626371,50.507501]]},"properties":{"name":"Крайня вулиця"}},{"type":"Feature","geometry":{"type":"LineString","coordinates":[[30.457207,50.421074],[30.457092,50.421108],[30.456573,50.421263],[30.456296,50.421345],[30.456076,50.42141],[30.455646,50.421538],[30.455617,50.421547],[30.455496,50.421583],[30.455418,50.421606],[30.455354,50.421625],[30.455237,50.42166],[30.455071,50.421709]]},"properties":{"name":"Смілянська вулиця"}},{"type":"Feature","geometry":{"type":"LineString","coordinates":[[30.455005,50.421729],[30.454686,50.421824],[30.453963,50.422039],[30.453281,50.422243],[30.452098,50.422596],[30.451755,50.422698],[30.451596,50.422745],[30.451465,50.422784],[30.451091,50.422894],[30.450681,50.423015],[30.448106,50.423776],[30.448016,50.423802],[30.447461,50.423957],[30.446739,50.424162],[30.446698,50.424173],[30.446617,50.424196],[30.446545,50.424219],[30.445473,50.424552],[30.444955,50.424708],[30.444771,50.424773],[30.443624,50.425107],[30.443356,50.425186],[30.443069,50.425272],[30.442993,50.425297]]},"properties":{"name":"Смілянська вулиця"}},{"type":"Feature","geometry":{"type":"LineString","coordinates":[[30.455364,50.417422],[30.45513,50.417484],[30.455006,50.417517],[30.454964,50.417528],[30.453754,50.417901],[30.453213,50.418063],[30.452548,50.418268],[30.452181,50.418374],[30.452173,50.418376],[30.452136,50.418386],[30.452048,50.418413],[30.451975,50.418435]]},"properties":{"name":"Вінницька вулиця"}},{"type":"Feature","geometry":{"type":"LineString","coordinates":[[30.437125,50.392903],[30.437033,50.392857]]},"properties":{"name":"Кооперативна вулиця"}},{"type":"Feature","geometry":{"type":"LineString","coordinates":[[30.465374,50.390489],[30.465587,50.390602],[30.465982,50.390804],[30.466481,50.391048],[30.466832,50.391206],[30.467165,50.391334],[30.46746,50.391429],[30.467724,50.391507],[30.467898,50.391555],[30.468007,50.391583],[30.468193,50.391631],[30.468522,50.391698],[30.468797,50.39175],[30.469082,50.391793],[30.469189,50.391809],[30.469332,50.391828],[30.469725,50.391875],[30.469948,50.3919],[30.470765,50.391989],[30.471045,50.392021],[30.471116,50.392028],[30.471454,50.392063],[30.471567,50.392076],[30.472284,50.392152],[30.472563,50.392184],[30.472679,50.392197],[30.473431,50.392275],[30.473662,50.3923],[30.474375,50.392385],[30.474613,50.39241],[30.47498,50.392449],[30.475861,50.392544],[30.475956,50.392554],[30.476078,50.392567],[30.476246,50.392586],[30.476786,50.392642],[30.476921,50.392656],[30.478132,50.392779],[30.478733,50.392839],[30.47891,50.392857],[30.479105,50.392875],[30.479223,50.392883],[30.479863,50.392931],[30.480619,50.392984],[30.480688,50.392988],[30.481025,50.393012],[30.481564,50.393039],[30.481778,50.393044],[30.482125,50.393053],[30.484054,50.393049],[30.484223,50.393049]]},"properties":{"name":"вулиця Михайла Максимовича"}},{"type":"Feature","geometry":{"type":"LineString","coordinates":[[30.465374,50.390489],[30.465163,50.390374],[30.464264,50.389884],[30.464125,50.389806],[30.463961,50.389714],[30.463827,50.38964],[30.463766,50.389606],[30.463736,50.389589],[30.463694,50.389566],[30.463581,50.389503],[30.463058,50.389213],[30.462459,50.388894],[30.462409,50.388867],[30.462282,50.388798],[30.462102,50.3887],[30.461734,50.388498],[30.461036,50.388114],[30.460893,50.388035],[30.460209,50.387659],[30.459658,50.387362],[30.458837,50.386919],[30.458684,50.386832],[30.45855,50.38676],[30.458304,50.386629],[30.458073,50.386506],[30.457702,50.38629],[30.457345,50.386095],[30.456686,50.385737],[30.456382,50.38557],[30.455987,50.385338],[30.455925,50.385305],[30.455732,50.385199],[30.455568,50.385109],[30.455178,50.384898],[30.454577,50.384553],[30.454519,50.384522],[30.454145,50.384313],[30.454092,50.384285],[30.453942,50.384212]]},"properties":{"name":"вулиця Степана Рудницького"}},{"type":"Feature","geometry":{"type":"LineString","coordinates":[[30.45771,50.391828],[30.457725,50.391881],[30.457745,50.391924]]},"properties":{"name":"вулиця Григорія Гуляницького"}},{"type":"Feature","geometry":{"type":"LineString","coordinates":[[30.455586,50.392284],[30.45557,50.392244],[30.455545,50.392149]]},"properties":{"name":"провулок Павла Лі"}},{"type":"Feature","geometry":{"type":"LineString","coordinates":[[30.597873,50.504165],[30.597956,50.504074]]},"properties":{"name":"вулиця Архітектора Ніколаєва"}},{"type":"Feature","geometry":{"type":"LineString","coordinates":[[30.595264,50.454848],[30.595408,50.454908]]},"properties":{"name":"Микільсько-Слобідська вулиця"}},{"type":"Feature","geometry":{"type":"LineString","coordinates":[[30.601658,50.427413],[30.601849,50.4273],[30.602047,50.427147],[30.60217,50.426996]]},"properties":{"name":"вулиця Юрія Шумського"}},{"type":"Feature","geometry":{"type":"LineString","coordinates":[[30.603517,50.423141],[30.603516,50.422997],[30.603513,50.422883],[30.603505,50.422789],[30.603474,50.422573],[30.603448,50.422472]]},"properties":{"name":"вулиця Юрія Шумського"}},{"type":"Feature","geometry":{"type":"LineString","coordinates":[[30.604035,50.422546],[30.603951,50.422632],[30.603849,50.422735],[30.603754,50.422839],[30.603699,50.422904],[30.603639,50.422979],[30.60358,50.423058],[30.603517,50.423141],[30.60344,50.42336],[30.603404,50.423467],[30.603295,50.423778],[30.603257,50.423886],[30.603238,50.42394],[30.60317,50.424136],[30.602942,50.424793],[30.602741,50.425373],[30.602552,50.425902],[30.60241,50.426326],[30.602333,50.426546],[30.602279,50.426701],[30.602253,50.426773],[30.602206,50.426903],[30.60217,50.426996],[30.602156,50.427178],[30.602168,50.427303],[30.602242,50.427589]]},"properties":{"name":"вулиця Юрія Шумського"}},{"type":"Feature","geometry":{"type":"LineString","coordinates":[[30.595482,50.45505],[30.595431,50.454953]]},"properties":{"name":"вулиця Всеволода Нестайка"}},{"type":"Feature","geometry":{"type":"LineString","coordinates":[[30.396449,50.411634],[30.396259,50.411533],[30.39611,50.411449],[30.395544,50.411126],[30.395098,50.410882],[30.394511,50.410561],[30.394479,50.410543],[30.394403,50.410502],[30.392711,50.409555],[30.392679,50.409537],[30.391873,50.409088],[30.391693,50.408986],[30.391505,50.408879],[30.391477,50.408863],[30.391287,50.40876]]},"properties":{"name":"вулиця Григоровича-Барського"}},{"type":"Feature","geometry":{"type":"LineString","coordinates":[[30.375386,50.426703],[30.375443,50.426706],[30.375491,50.426703],[30.375558,50.4267],[30.375613,50.426702],[30.375677,50.426713],[30.375872,50.426754],[30.376194,50.42683],[30.376268,50.426867],[30.376322,50.426906],[30.376368,50.426937],[30.376388,50.426948],[30.376434,50.426963]]},"properties":{"name":"Проспект Леся Курбаса"}},{"type":"Feature","geometry":{"type":"LineString","coordinates":[[30.38553,50.429823],[30.385316,50.429993],[30.38524,50.430078],[30.384937,50.430533],[30.384681,50.430915],[30.38465,50.430961]]},"properties":{"name":"вулиця Гната Юри"}},{"type":"Feature","geometry":{"type":"LineString","coordinates":[[30.384209,50.434403],[30.384149,50.434176]]},"properties":{"name":"вулиця Гната Юри"}},{"type":"Feature","geometry":{"type":"LineString","coordinates":[[30.384083,50.434592],[30.383796,50.434702]]},"properties":{"name":"вулиця Гната Юри"}},{"type":"Feature","geometry":{"type":"LineString","coordinates":[[30.382604,50.436491],[30.382724,50.436314],[30.382846,50.436133],[30.383311,50.435437],[30.383491,50.435167],[30.383645,50.434935],[30.383696,50.434858],[30.383796,50.434702],[30.38391,50.434508]]},"properties":{"name":"вулиця Гната Юри"}},{"type":"Feature","geometry":{"type":"LineString","coordinates":[[30.383996,50.434381],[30.384149,50.434176],[30.384168,50.434135],[30.384234,50.433998],[30.384271,50.433899],[30.384282,50.433862],[30.384301,50.433798],[30.384345,50.433585],[30.384378,50.433319],[30.384397,50.432891],[30.384412,50.432548],[30.384413,50.432468],[30.384423,50.432017],[30.384427,50.431784],[30.384429,50.431732],[30.38443,50.431724],[30.384437,50.431551],[30.384459,50.431432],[30.384516,50.431269],[30.384544,50.431186],[30.384599,50.431061],[30.384638,50.430983],[30.38465,50.430961],[30.384768,50.430284],[30.384774,50.430189],[30.384761,50.430092],[30.384722,50.42997],[30.384669,50.429841],[30.38453,50.429611]]},"properties":{"name":"вулиця Гната Юри"}},{"type":"Feature","geometry":{"type":"LineString","coordinates":[[30.386727,50.437549],[30.386548,50.437503],[30.38649,50.437488],[30.385677,50.437279],[30.385402,50.437208],[30.384166,50.43689],[30.383499,50.436718],[30.38311,50.436618],[30.382865,50.436555],[30.382764,50.436529],[30.382604,50.436491],[30.382439,50.436448],[30.382076,50.436355],[30.38096,50.436067],[30.380678,50.435995],[30.380375,50.435917],[30.380268,50.43589],[30.380049,50.435833],[30.379858,50.435784],[30.379577,50.435712],[30.378899,50.435537],[30.378368,50.4354],[30.377631,50.435211],[30.376588,50.434942],[30.37608,50.434811],[30.375709,50.434716],[30.375619,50.434693],[30.375557,50.434677],[30.374822,50.434487],[30.374424,50.434385],[30.373738,50.434208],[30.373619,50.434178],[30.373503,50.434147],[30.373263,50.434085],[30.372979,50.434011],[30.371798,50.433702],[30.371071,50.433512],[30.370764,50.433432]]},"properties":{"name":"вулиця Якуба Коласа"}},{"type":"Feature","geometry":{"type":"LineString","coordinates":[[30.370014,50.433461],[30.370172,50.433429],[30.370304,50.433412],[30.370517,50.433405],[30.370764,50.433432],[30.370534,50.433319],[30.370436,50.433251],[30.370267,50.433087]]},"properties":{"name":"вулиця Якуба Коласа"}},{"type":"Feature","geometry":{"type":"LineString","coordinates":[[30.387225,50.43685],[30.387068,50.437071],[30.386727,50.437549],[30.386646,50.437668],[30.386571,50.437787],[30.386468,50.437963],[30.386383,50.438094],[30.386314,50.438218],[30.38622,50.438492],[30.38604,50.439084],[30.38596,50.439316]]},"properties":{"name":"вулиця Героїв Космосу"}},{"type":"Feature","geometry":{"type":"LineString","coordinates":[[30.387996,50.437143],[30.387984,50.43716],[30.387608,50.437726],[30.387552,50.43781],[30.387499,50.437894],[30.387441,50.437983],[30.387299,50.438196],[30.387207,50.438323],[30.387121,50.438418],[30.387003,50.438535],[30.386895,50.438611],[30.38596,50.439316],[30.385895,50.439414],[30.385197,50.440427],[30.385021,50.440683],[30.384896,50.440865],[30.384851,50.440935],[30.384804,50.441007],[30.384681,50.441198],[30.384527,50.441434],[30.384121,50.442058],[30.38407,50.442153],[30.38402,50.442257]]},"properties":{"name":"вулиця Героїв Космосу"}},{"type":"Feature","geometry":{"type":"LineString","coordinates":[[30.389592,50.443856],[30.389551,50.443809],[30.389477,50.443778],[30.389342,50.443741],[30.389262,50.443719],[30.388491,50.443511],[30.388464,50.443504],[30.388356,50.443475],[30.387479,50.443237],[30.387216,50.443161],[30.386684,50.443011],[30.385275,50.442615],[30.38505,50.442551],[30.384201,50.442321],[30.38402,50.442257]]},"properties":{"name":"Жмеринська вулиця"}},{"type":"Feature","geometry":{"type":"LineString","coordinates":[[30.389592,50.443856],[30.389614,50.443907],[30.389608,50.443953],[30.38959,50.444074],[30.389579,50.44415],[30.389547,50.444363],[30.389235,50.446121],[30.389128,50.4467],[30.389106,50.446822],[30.389069,50.447023],[30.388986,50.44749],[30.388974,50.447547],[30.388876,50.44825],[30.388779,50.448762],[30.38876,50.448857],[30.388741,50.448949],[30.388666,50.449432],[30.388485,50.450628],[30.388434,50.45093],[30.388292,50.451884],[30.388195,50.452534],[30.388182,50.452634],[30.388158,50.452811],[30.388151,50.452864],[30.388119,50.453102],[30.388062,50.453394],[30.387999,50.453679],[30.387975,50.453795],[30.387947,50.453913],[30.387806,50.454514],[30.387558,50.455081],[30.387466,50.455299],[30.387444,50.45536],[30.387427,50.455413]]},"properties":{"name":"Святошинська вулиця"}},{"type":"Feature","geometry":{"type":"LineString","coordinates":[[30.387632,50.456384],[30.387584,50.456211],[30.387456,50.455851],[30.387428,50.455714],[30.387426,50.455541],[30.387427,50.455413],[30.38732,50.455709],[30.387264,50.455828],[30.387138,50.456045],[30.387069,50.456138],[30.387012,50.456185],[30.386854,50.456316]]},"properties":{"name":"Святошинська вулиця"}},{"type":"Feature","geometry":{"type":"LineString","coordinates":[[30.395717,50.485368],[30.395862,50.485371]]},"properties":{"name":"Кутова вулиця"}},{"type":"Feature","geometry":{"type":"LineString","coordinates":[[30.590484,50.462766],[30.590279,50.462733],[30.590118,50.462713],[30.589655,50.462662],[30.588655,50.462564],[30.588461,50.462545],[30.588265,50.462524],[30.587481,50.462442],[30.587357,50.46243],[30.587228,50.462418],[30.58709,50.4624],[30.586982,50.462384],[30.586774,50.462347],[30.586574,50.462296],[30.586457,50.462265],[30.586366,50.462239]]},"properties":{"name":"вулиця Дениса Рачінського"}},{"type":"Feature","geometry":{"type":"LineString","coordinates":[[30.337041,50.470299],[30.33698,50.470247],[30.336881,50.470167],[30.336781,50.470077],[30.336168,50.469526],[30.335891,50.469284],[30.335724,50.469139],[30.335653,50.469074],[30.334872,50.468391],[30.334365,50.467948],[30.334203,50.467807],[30.334115,50.467728],[30.334066,50.467686],[30.333942,50.467579],[30.333324,50.467048],[30.333196,50.466957],[30.333049,50.4669],[30.332909,50.466861],[30.332858,50.466847],[30.331867,50.466594],[30.331705,50.466579],[30.331567,50.466588],[30.331419,50.466642],[30.33129,50.466705],[30.331168,50.466757],[30.331082,50.4668],[30.330858,50.466903]]},"properties":{"name":"вулиця Академіка Булаховського"}},{"type":"Feature","geometry":{"type":"LineString","coordinates":[[30.338924,50.471174],[30.338777,50.471146],[30.338685,50.471127],[30.338524,50.471081],[30.338138,50.470941],[30.337805,50.470796]]},"properties":{"name":"вулиця Академіка Булаховського"}},{"type":"Feature","geometry":{"type":"LineString","coordinates":[[30.330858,50.466903],[30.330689,50.46698],[30.330468,50.467096],[30.330256,50.467229],[30.329917,50.467475],[30.329734,50.467638],[30.329561,50.467844],[30.329414,50.468095],[30.329348,50.468236],[30.329284,50.468406],[30.329234,50.468676],[30.329227,50.46891],[30.329237,50.469055],[30.329255,50.469174],[30.329291,50.469325],[30.329383,50.469541],[30.329436,50.469635],[30.329541,50.469803],[30.329614,50.469916],[30.329966,50.470461],[30.33005,50.470593],[30.33015,50.470746],[30.330496,50.471278],[30.331289,50.472497],[30.331439,50.472705],[30.331542,50.472842],[30.331682,50.473016],[30.331864,50.473136],[30.331978,50.47321],[30.332204,50.473346],[30.332507,50.473492],[30.332897,50.473636],[30.333024,50.473676],[30.333169,50.473722],[30.333256,50.47375],[30.333326,50.473768],[30.333571,50.473827],[30.333864,50.473877],[30.334292,50.473915],[30.334591,50.473924],[30.335274,50.473911],[30.335448,50.473908],[30.336385,50.473886],[30.336747,50.473883],[30.337201,50.473893],[30.33774,50.473912],[30.3382,50.473943],[30.338432,50.473963],[30.338648,50.473985],[30.338904,50.474015],[30.339258,50.474058],[30.340532,50.474161],[30.340988,50.474194],[30.341169,50.474207]]},"properties":{"name":"вулиця Олега Мудрака"}},{"type":"Feature","geometry":{"type":"LineString","coordinates":[[30.347161,50.474643],[30.347395,50.474648],[30.347631,50.474642],[30.348465,50.474577],[30.350202,50.474442],[30.350455,50.474423],[30.351087,50.47438],[30.351631,50.474342],[30.351837,50.474327],[30.352759,50.474256],[30.353045,50.474236],[30.353126,50.474231],[30.354129,50.474152],[30.354423,50.47413],[30.355453,50.474049],[30.355807,50.474025],[30.356188,50.473998],[30.356574,50.473972],[30.357106,50.473936],[30.357307,50.473893],[30.35739,50.473861],[30.357484,50.473788],[30.357516,50.473696]]},"properties":{"name":"вулиця Олега Мудрака"}},{"type":"Feature","geometry":{"type":"LineString","coordinates":[[30.341169,50.474207],[30.341147,50.474351],[30.341097,50.474633],[30.340811,50.476289],[30.340572,50.477655],[30.340566,50.477682]]},"properties":{"name":"вулиця Василя Стефаника"}},{"type":"Feature","geometry":{"type":"LineString","coordinates":[[30.340566,50.477682],[30.341902,50.477794],[30.342847,50.477867],[30.343213,50.477895],[30.343287,50.4779],[30.343643,50.477926],[30.344117,50.47796],[30.344309,50.477973],[30.344415,50.477981],[30.345276,50.478027],[30.345393,50.478037],[30.34571,50.47806],[30.345823,50.478069]]},"properties":{"name":"Клавдіївська вулиця"}},{"type":"Feature","geometry":{"type":"LineString","coordinates":[[30.345823,50.478069],[30.345835,50.478002],[30.345903,50.477639],[30.345935,50.477467],[30.345987,50.477189],[30.346082,50.476679],[30.346105,50.476553],[30.346128,50.476448],[30.346198,50.475918],[30.346221,50.475745],[30.346248,50.475579],[30.34635,50.475082],[30.346398,50.474843],[30.346421,50.474723],[30.346448,50.474601]]},"properties":{"name":"Корсунська вулиця"}},{"type":"Feature","geometry":{"type":"LineString","coordinates":[[30.347161,50.474643],[30.346722,50.474619],[30.346604,50.474612],[30.346448,50.474601],[30.346188,50.474585],[30.346105,50.47458],[30.345717,50.474551],[30.345101,50.474503],[30.344549,50.474461],[30.343841,50.474408],[30.342793,50.474323],[30.342674,50.474314],[30.342513,50.474305],[30.342351,50.474293],[30.342245,50.474286],[30.342154,50.474279],[30.341844,50.474257],[30.341169,50.474207]]},"properties":{"name":"Рубежівська вулиця / вулиця Олега Мудрака"}},{"type":"Feature","geometry":{"type":"LineString","coordinates":[[30.35571,50.464786],[30.355897,50.464794],[30.355956,50.464797],[30.356221,50.464811],[30.356326,50.464815],[30.357044,50.464846],[30.35744,50.464853],[30.35779,50.464873],[30.359539,50.464997],[30.361467,50.465123],[30.361869,50.465149],[30.361946,50.465156],[30.361986,50.465159],[30.362378,50.465188],[30.362706,50.465211],[30.36304,50.465229],[30.36307,50.465231],[30.363367,50.465248],[30.363403,50.46525],[30.36343,50.465251],[30.36348,50.465254],[30.364263,50.465305],[30.365134,50.465364],[30.365663,50.4654],[30.366512,50.465473],[30.366627,50.465479],[30.366711,50.465473],[30.366735,50.465467],[30.366766,50.465457],[30.366819,50.465435],[30.366885,50.465401],[30.367299,50.465189],[30.367686,50.465006],[30.367951,50.464889],[30.368046,50.464841],[30.36809,50.464819],[30.368587,50.464579],[30.369141,50.464313],[30.369482,50.464149],[30.369546,50.464119],[30.370652,50.463589],[30.370931,50.463456],[30.371344,50.463258],[30.371459,50.463203],[30.371561,50.463151],[30.371983,50.462949],[30.37225,50.462821],[30.372648,50.462618],[30.374058,50.461912],[30.374811,50.461561],[30.374923,50.461498],[30.375012,50.461446],[30.375243,50.461338],[30.376985,50.460525],[30.377064,50.460486],[30.377773,50.460127],[30.377818,50.460078],[30.377962,50.459913],[30.378026,50.459766],[30.37809,50.45952],[30.378105,50.459416],[30.378142,50.459182],[30.378206,50.458773],[30.378212,50.45871]]},"properties":{"name":"бульвар Академіка Вернадського"}},{"type":"Feature","geometry":{"type":"LineString","coordinates":[[30.355696,50.465118],[30.355866,50.465129],[30.355918,50.465132],[30.356008,50.465138],[30.356299,50.465156],[30.356654,50.465178],[30.356909,50.465195],[30.357386,50.465231],[30.357738,50.465256],[30.359451,50.465371],[30.360986,50.465481],[30.361518,50.465512],[30.361884,50.465533],[30.361931,50.465536],[30.36195,50.465537],[30.362359,50.46556],[30.362573,50.465573],[30.362631,50.465576],[30.363359,50.465631],[30.363415,50.465636],[30.363472,50.46564],[30.365406,50.465778],[30.366649,50.465832],[30.366908,50.465842],[30.366956,50.465845],[30.367071,50.465836],[30.367171,50.465807],[30.367386,50.465709],[30.367828,50.465508],[30.367922,50.46546],[30.368395,50.465236],[30.369088,50.4649],[30.36991,50.464502],[30.371504,50.463734],[30.37188,50.463553],[30.37199,50.463499],[30.372658,50.463169],[30.37277,50.463113],[30.372939,50.463028],[30.373171,50.462913],[30.373585,50.462714],[30.374017,50.462502],[30.374376,50.462331],[30.37482,50.462115],[30.375224,50.461912],[30.375347,50.461856],[30.375446,50.461809],[30.375487,50.46179],[30.376277,50.461413],[30.376622,50.461247],[30.376778,50.461172],[30.377121,50.461006],[30.377366,50.460888],[30.377471,50.460833],[30.377959,50.460617],[30.378462,50.460405],[30.378584,50.460336],[30.378693,50.460253],[30.378755,50.460151],[30.378866,50.459534],[30.378935,50.459101],[30.37899,50.458805],[30.378999,50.458749],[30.379009,50.458693],[30.379029,50.458548],[30.379052,50.458406],[30.379145,50.457806],[30.379163,50.457686],[30.379178,50.457558],[30.379251,50.457172],[30.379258,50.457138],[30.379285,50.457091],[30.379348,50.457036],[30.379445,50.456998],[30.379583,50.456959]]},"properties":{"name":"бульвар Академіка Вернадського"}},{"type":"Feature","geometry":{"type":"LineString","coordinates":[[30.378212,50.45871],[30.378885,50.458743],[30.378999,50.458749],[30.379114,50.458756],[30.379508,50.458783],[30.380874,50.458874],[30.381411,50.45891],[30.381458,50.458913],[30.381632,50.458925],[30.381802,50.458936],[30.382797,50.459003],[30.382906,50.45901],[30.383019,50.459017],[30.383138,50.459025],[30.384566,50.459121],[30.384981,50.459149],[30.385471,50.459181],[30.387289,50.459303],[30.387512,50.459293],[30.387606,50.459265],[30.387711,50.45922],[30.387777,50.45916],[30.387863,50.459048],[30.387897,50.458958],[30.387909,50.458883],[30.387884,50.458783],[30.387831,50.458687],[30.38773,50.458571],[30.387542,50.458416],[30.387524,50.458399]]},"properties":{"name":"Депутатська вулиця"}},{"type":"Feature","geometry":{"type":"LineString","coordinates":[[30.359012,50.47632],[30.358905,50.476368],[30.358377,50.476609],[30.358078,50.476752],[30.357157,50.477175],[30.357046,50.477223],[30.356965,50.477229],[30.356903,50.477228],[30.356805,50.477208]]},"properties":{"name":"Робітнича вулиця"}},{"type":"Feature","geometry":{"type":"LineString","coordinates":[[30.356587,50.47724],[30.356599,50.477075],[30.356611,50.477006],[30.356862,50.475539],[30.356872,50.475472],[30.356892,50.475347],[30.357101,50.474056],[30.357106,50.473936]]},"properties":{"name":"Коростенська вулиця"}},{"type":"Feature","geometry":{"type":"LineString","coordinates":[[30.338432,50.473963],[30.338457,50.473823],[30.338483,50.473678],[30.338579,50.473134],[30.33866,50.472677],[30.338752,50.472161],[30.338764,50.472095],[30.338781,50.471997],[30.33888,50.471438],[30.338894,50.471376],[30.338905,50.4713],[30.338924,50.471174]]},"properties":{"name":"Підлісна вулиця"}},{"type":"Feature","geometry":{"type":"LineString","coordinates":[[30.337921,50.463844],[30.337783,50.463795],[30.337698,50.463742]]},"properties":{"name":"вулиця Христини Сушко"}},{"type":"Feature","geometry":{"type":"LineString","coordinates":[[30.337698,50.463742],[30.337646,50.463693],[30.337604,50.463638],[30.337563,50.463561],[30.337581,50.463288],[30.337694,50.462663],[30.337728,50.462391],[30.337815,50.461897],[30.337845,50.461669],[30.33785,50.461637],[30.337891,50.461399],[30.337955,50.461013],[30.337994,50.460776],[30.338071,50.46031],[30.338081,50.460246],[30.338103,50.460112],[30.338112,50.460055],[30.338126,50.45997],[30.338136,50.459908]]},"properties":{"name":"вулиця Миколи Ушакова"}},{"type":"Feature","geometry":{"type":"LineString","coordinates":[[30.338126,50.45997],[30.338313,50.459977],[30.338822,50.460006],[30.339892,50.460057],[30.340162,50.460057],[30.340242,50.460055],[30.341065,50.460002],[30.341349,50.459982],[30.341804,50.459944],[30.341962,50.459931],[30.342043,50.459925],[30.343895,50.459769],[30.345547,50.459744],[30.345643,50.459743],[30.345684,50.459744],[30.345888,50.459752]]},"properties":{"name":"Прилужна вулиця"}},{"type":"Feature","geometry":{"type":"LineString","coordinates":[[30.656506,50.529714],[30.656508,50.52965],[30.656497,50.529094],[30.656465,50.528752],[30.656427,50.528631],[30.65636,50.528477],[30.656253,50.528275],[30.65614,50.528106],[30.655532,50.52748],[30.65485,50.526813],[30.653705,50.525675],[30.651904,50.523879],[30.651202,50.523174],[30.650572,50.52255],[30.649089,50.521061],[30.648475,50.520445],[30.645448,50.51738],[30.645138,50.517066],[30.645012,50.516938],[30.644899,50.516818],[30.644377,50.516281],[30.643936,50.515837],[30.64329,50.515189],[30.643095,50.514993],[30.642945,50.514843],[30.64242,50.514318],[30.641956,50.513854],[30.641688,50.513585],[30.641194,50.513091],[30.640781,50.512678],[30.640671,50.512568],[30.640433,50.512327],[30.64037,50.512263],[30.638969,50.510846],[30.638762,50.510637],[30.638201,50.510073],[30.63783,50.509717],[30.637738,50.509623],[30.637611,50.509495],[30.637219,50.509099],[30.636708,50.508583],[30.636437,50.50835],[30.636182,50.508146],[30.635722,50.507847],[30.635343,50.507646],[30.635035,50.50751],[30.634726,50.507389],[30.634586,50.507341],[30.633916,50.507146],[30.633486,50.50706],[30.633162,50.507006],[30.632843,50.506958],[30.632622,50.506939],[30.632362,50.506926],[30.631985,50.506915],[30.630671,50.5069],[30.628819,50.50689],[30.62857,50.506896],[30.628268,50.506939],[30.628084,50.506972],[30.627369,50.507104],[30.627161,50.507153],[30.626912,50.50723],[30.626532,50.507385]]},"properties":{"name":"Пухівська вулиця"}},{"type":"Feature","geometry":{"type":"LineString","coordinates":[[30.626371,50.507501],[30.626532,50.507385],[30.626337,50.507448]]},"properties":{"name":"Пухівська вулиця"}},{"type":"Feature","geometry":{"type":"LineString","coordinates":[[30.608966,50.521118],[30.609128,50.521088]]},"properties":{"name":"вулиця Костянтина Данькевича"}},{"type":"Feature","geometry":{"type":"LineString","coordinates":[[30.601041,50.528731],[30.601285,50.528806],[30.601965,50.529015],[30.602454,50.529165],[30.602862,50.529233],[30.603368,50.529275],[30.604122,50.529238],[30.604919,50.529199],[30.604937,50.529198],[30.606387,50.529128],[30.606805,50.529108],[30.608247,50.529056],[30.608443,50.529049]]},"properties":{"name":"Будищанська вулиця"}},{"type":"Feature","geometry":{"type":"LineString","coordinates":[[30.49423,50.512668],[30.493727,50.512879],[30.493559,50.512965],[30.493415,50.513064],[30.493316,50.513149],[30.492722,50.513847],[30.492338,50.514289],[30.491643,50.515074],[30.490947,50.515858],[30.490633,50.516236],[30.490009,50.51697],[30.489958,50.517057],[30.489914,50.517174],[30.489889,50.517258],[30.489865,50.517391],[30.489864,50.51745],[30.489863,50.517525]]},"properties":{"name":"вулиця Зої Гайдай"}},{"type":"Feature","geometry":{"type":"LineString","coordinates":[[30.489152,50.517279],[30.489448,50.517173],[30.489589,50.517122],[30.48968,50.517073],[30.489776,50.517022],[30.48989,50.516938],[30.489899,50.516932],[30.490539,50.516195],[30.490855,50.515826],[30.491549,50.515038],[30.492223,50.514297],[30.492653,50.513795],[30.493149,50.51319],[30.493214,50.51311],[30.493286,50.513029],[30.493411,50.512813],[30.493464,50.512611],[30.493476,50.512527],[30.493485,50.512389]]},"properties":{"name":"вулиця Зої Гайдай"}},{"type":"Feature","geometry":{"type":"LineString","coordinates":[[30.50805,50.496296],[30.507772,50.496425],[30.507575,50.496528],[30.507418,50.496622],[30.507377,50.496651],[30.507247,50.496763],[30.506558,50.497444],[30.506341,50.497659],[30.50522,50.498752],[30.505062,50.498905],[30.504372,50.499604],[30.504256,50.499719],[30.503711,50.500257],[30.503612,50.500366],[30.503549,50.500504],[30.503524,50.500637],[30.503546,50.500742],[30.50359,50.500828],[30.503713,50.500971]]},"properties":{"name":"Йорданська вулиця"}},{"type":"Feature","geometry":{"type":"LineString","coordinates":[[30.507347,50.495997],[30.507294,50.495299],[30.507287,50.495055],[30.507284,50.494979],[30.507282,50.494882],[30.507201,50.491966],[30.507197,50.491473],[30.507197,50.491411],[30.507195,50.491338],[30.507193,50.491217],[30.507186,50.490863],[30.507185,50.49079],[30.507184,50.490691],[30.507183,50.490461],[30.50717,50.490001],[30.507123,50.489348],[30.507165,50.489229],[30.507201,50.489153],[30.507258,50.489078],[30.507283,50.489053],[30.507338,50.489008],[30.507421,50.488965],[30.507701,50.488874]]},"properties":{"name":"Йорданська вулиця"}},{"type":"Feature","geometry":{"type":"LineString","coordinates":[[30.502856,50.500954],[30.503073,50.500729],[30.503682,50.500116],[30.504245,50.499558],[30.505332,50.498478],[30.506229,50.497589],[30.507116,50.496708],[30.507172,50.496646],[30.507228,50.496583],[30.507253,50.496551],[30.507298,50.496392],[30.507328,50.496204],[30.507354,50.496054]]},"properties":{"name":"Йорданська вулиця"}},{"type":"Feature","geometry":{"type":"LineString","coordinates":[[30.46465,50.505543],[30.464631,50.505702]]},"properties":{"name":"Коноплянська вулиця"}},{"type":"Feature","geometry":{"type":"LineString","coordinates":[[30.493049,50.501481],[30.493316,50.501541]]},"properties":{"name":"Добринінська вулиця"}},{"type":"Feature","geometry":{"type":"LineString","coordinates":[[30.378998,50.493348],[30.379088,50.493416],[30.379157,50.493467],[30.37919,50.493492],[30.379733,50.493901],[30.380276,50.494313],[30.381012,50.494879],[30.382111,50.495724],[30.382667,50.496146],[30.383912,50.49707],[30.384472,50.497501],[30.384544,50.497556],[30.384574,50.49758],[30.384613,50.497611],[30.384633,50.497627],[30.384675,50.497657],[30.385306,50.498144],[30.385523,50.498312],[30.386089,50.498747],[30.386708,50.499213],[30.387924,50.500146],[30.388193,50.500365],[30.388366,50.500505],[30.38864,50.500737],[30.388794,50.500867],[30.389265,50.501297],[30.389692,50.501774],[30.390273,50.502439],[30.390526,50.502732],[30.39073,50.502964],[30.39121,50.50351],[30.391865,50.504238],[30.39261,50.50505],[30.393705,50.506319],[30.393771,50.506396],[30.394047,50.506705],[30.394965,50.507735],[30.396185,50.509022],[30.396693,50.509623]]},"properties":{"name":"Газопровідна вулиця"}},{"type":"Feature","geometry":{"type":"LineString","coordinates":[[30.41279,50.506483],[30.412758,50.506418]]},"properties":{"name":"вулиця Всеволода Змієнка"}},{"type":"Feature","geometry":{"type":"LineString","coordinates":[[30.690415,50.362507],[30.69049,50.362614],[30.690575,50.362666]]},"properties":{"name":"вулиця Івана Франка"}},{"type":"Feature","geometry":{"type":"LineString","coordinates":[[30.695467,50.36484],[30.694945,50.364552],[30.693134,50.363681],[30.690999,50.362829],[30.690575,50.362666]]},"properties":{"name":"Вітовецька вулиця"}},{"type":"Feature","geometry":{"type":"LineString","coordinates":[[30.700019,50.368702],[30.699933,50.368807],[30.699932,50.368879]]},"properties":{"name":"Автотранспортна вулиця"}},{"type":"Feature","geometry":{"type":"LineString","coordinates":[[30.70578,50.377012],[30.705912,50.376923],[30.706954,50.376234],[30.707339,50.375979],[30.709242,50.374718],[30.709326,50.374662],[30.709818,50.374336],[30.710744,50.373722]]},"properties":{"name":"Переяславська вулиця"}},{"type":"Feature","geometry":{"type":"LineString","coordinates":[[30.70578,50.377012],[30.705662,50.377091],[30.705553,50.377165],[30.705169,50.377424],[30.704346,50.37798],[30.704179,50.378089],[30.703867,50.378299],[30.703705,50.378409],[30.703618,50.378468],[30.703429,50.378596],[30.702756,50.379049],[30.702468,50.379241],[30.70196,50.379581],[30.701599,50.379823],[30.701389,50.379964],[30.700126,50.380809],[30.699749,50.381061],[30.69961,50.381154],[30.699531,50.381207],[30.698643,50.381807],[30.698258,50.382063],[30.697759,50.382403],[30.697678,50.382459],[30.697249,50.382749],[30.69669,50.383126],[30.696339,50.383363],[30.695636,50.383818],[30.695612,50.383833],[30.69555,50.383873],[30.695159,50.384132],[30.694121,50.384825],[30.6938,50.385018],[30.693771,50.385032],[30.69361,50.38511],[30.693435,50.385195],[30.693294,50.385264],[30.692786,50.38551],[30.690907,50.386418],[30.690433,50.386688],[30.690304,50.386779],[30.690233,50.386876],[30.690218,50.387029],[30.690245,50.38714],[30.690344,50.387264],[30.690461,50.387378],[30.690674,50.387557],[30.690802,50.387663],[30.691134,50.38794],[30.691709,50.388421],[30.692104,50.388751],[30.692123,50.388767],[30.692143,50.388785],[30.692654,50.389229],[30.692753,50.389312],[30.69282,50.389371],[30.692941,50.389479],[30.693359,50.389852],[30.693707,50.390139],[30.694081,50.390447],[30.694387,50.390699],[30.69515,50.391343],[30.696275,50.392324],[30.696507,50.392527],[30.696594,50.392596],[30.697563,50.393415],[30.697634,50.393485],[30.697685,50.393545],[30.697714,50.393607],[30.697733,50.393701],[30.697757,50.393948]]},"properties":{"name":"вулиця Євгена Харченка"}},{"type":"Feature","geometry":{"type":"LineString","coordinates":[[30.697757,50.393948],[30.697579,50.394092],[30.697435,50.394187],[30.696926,50.394467],[30.695991,50.394994],[30.694898,50.395624],[30.694733,50.395725],[30.694465,50.395871],[30.693994,50.396139],[30.693807,50.396245],[30.69375,50.396278],[30.693646,50.396339],[30.693017,50.396761],[30.692531,50.397042],[30.692005,50.397348],[30.691836,50.397444],[30.691544,50.397611],[30.691433,50.397674],[30.689049,50.399031],[30.688374,50.399401],[30.686606,50.400344],[30.686507,50.400399],[30.686281,50.400526],[30.686124,50.400585],[30.686045,50.400596],[30.685957,50.400605],[30.685868,50.400596],[30.685691,50.400567],[30.685211,50.400432],[30.685067,50.400417],[30.684927,50.400424],[30.684788,50.400446],[30.68426,50.400599],[30.684038,50.400667],[30.683962,50.400698],[30.683867,50.400753],[30.683806,50.400813]]},"properties":{"name":"Світла вулиця"}},{"type":"Feature","geometry":{"type":"LineString","coordinates":[[30.684168,50.401307],[30.683953,50.401169],[30.683867,50.401096],[30.683833,50.401046],[30.683806,50.400988],[30.683798,50.400928],[30.683806,50.400813],[30.683689,50.400917],[30.683588,50.400991],[30.683454,50.401045],[30.683101,50.401142]]},"properties":{"name":"Світла вулиця"}},{"type":"Feature","geometry":{"type":"LineString","coordinates":[[30.668402,50.408552],[30.668541,50.408471]]},"properties":{"name":"Горлівська вулиця"}},{"type":"Feature","geometry":{"type":"LineString","coordinates":[[30.688374,50.399401],[30.688281,50.399335]]},"properties":{"name":"Автопаркова вулиця"}},{"type":"Feature","geometry":{"type":"LineString","coordinates":[[30.684245,50.363543],[30.684498,50.363567],[30.684805,50.363585],[30.685077,50.36359],[30.685941,50.363557],[30.686063,50.363549],[30.686581,50.363514],[30.687294,50.363458],[30.687693,50.363395],[30.687983,50.36333],[30.688579,50.36316],[30.68946,50.362798]]},"properties":{"name":"Мостова вулиця"}},{"type":"Feature","geometry":{"type":"LineString","coordinates":[[30.75609,50.393998],[30.754715,50.394306],[30.753495,50.394558],[30.746758,50.396063],[30.744481,50.396571]]},"properties":{"name":"Бориспільське шосе"}},{"type":"Feature","geometry":{"type":"LineString","coordinates":[[30.74132,50.397146],[30.740901,50.397211],[30.738095,50.397522],[30.73472,50.397896],[30.732776,50.398101],[30.720441,50.399399],[30.711573,50.400333],[30.697823,50.401781],[30.694688,50.402048],[30.686247,50.402344],[30.68568,50.40243],[30.685499,50.402481],[30.685112,50.402645],[30.68495,50.402725],[30.684766,50.402828]]},"properties":{"name":"Бориспільське шосе"}},{"type":"Feature","geometry":{"type":"LineString","coordinates":[[30.684943,50.40223],[30.686247,50.40218],[30.692553,50.401968],[30.693488,50.401934],[30.694194,50.401893],[30.694729,50.401861],[30.695775,50.401778],[30.697804,50.401594],[30.734741,50.397717],[30.737772,50.39737],[30.740826,50.397038],[30.742264,50.396827],[30.743838,50.396529],[30.746691,50.395904],[30.753216,50.39444]]},"properties":{"name":"Бориспільське шосе"}},{"type":"Feature","geometry":{"type":"LineString","coordinates":[[30.68532,50.40382],[30.685233,50.403869],[30.68471,50.404157],[30.683785,50.404667],[30.682386,50.405455],[30.682359,50.405471],[30.682336,50.405483],[30.681833,50.405773],[30.681158,50.406168],[30.680655,50.406448],[30.680588,50.406484],[30.678264,50.407792],[30.677701,50.408092],[30.677553,50.408208],[30.676606,50.408735],[30.675752,50.409215],[30.674918,50.409691]]},"properties":{"name":"Ташкентська вулиця"}},{"type":"Feature","geometry":{"type":"LineString","coordinates":[[30.678373,50.407865],[30.677664,50.408271],[30.676713,50.408805],[30.675882,50.409269],[30.675076,50.409734]]},"properties":{"name":"Ташкентська вулиця"}},{"type":"Feature","geometry":{"type":"LineString","coordinates":[[30.678373,50.407865],[30.678332,50.40784],[30.678305,50.407821],[30.678264,50.407792]]},"properties":{"name":"вулиця Братів Чибінєєвих"}},{"type":"Feature","geometry":{"type":"LineString","coordinates":[[30.675076,50.409734],[30.675022,50.40972],[30.674982,50.409708],[30.674918,50.409691],[30.673881,50.408965],[30.673063,50.408398],[30.673011,50.408361],[30.672893,50.408278]]},"properties":{"name":"Вірменська вулиця"}},{"type":"Feature","geometry":{"type":"LineString","coordinates":[[30.681387,50.40251],[30.682791,50.402364],[30.682997,50.402346],[30.683267,50.402326],[30.684718,50.402239],[30.684943,50.40223]]},"properties":{"name":"Харківська площа"}},{"type":"Feature","geometry":{"type":"LineString","coordinates":[[30.625187,50.415043],[30.625334,50.415073]]},"properties":{"name":"вулиця Олени Пчілки"}},{"type":"Feature","geometry":{"type":"LineString","coordinates":[[30.518164,50.445195],[30.518191,50.445261]]},"properties":{"name":"вулиця Євгена Чикаленка"}},{"type":"Feature","geometry":{"type":"LineString","coordinates":[[30.517155,50.442695],[30.517195,50.442794]]},"properties":{"name":"вулиця Євгена Чикаленка"}},{"type":"Feature","geometry":{"type":"LineString","coordinates":[[30.518191,50.445261],[30.518781,50.445165],[30.519306,50.445079],[30.519531,50.445043],[30.519829,50.444994],[30.51996,50.444973],[30.520183,50.444936],[30.520825,50.444832],[30.521044,50.444797]]},"properties":{"name":"вулиця Богдана Хмельницького"}},{"type":"Feature","geometry":{"type":"LineString","coordinates":[[30.513398,50.446037],[30.513588,50.446005],[30.513933,50.445949],[30.51448,50.44586],[30.515728,50.445658],[30.515917,50.445627],[30.515966,50.445619],[30.516145,50.44559],[30.516415,50.445547],[30.516707,50.4455],[30.517009,50.445451],[30.517699,50.44534],[30.518028,50.445287]]},"properties":{"name":"вулиця Богдана Хмельницького"}},{"type":"Feature","geometry":{"type":"LineString","coordinates":[[30.511106,50.440328],[30.511124,50.440373],[30.511169,50.440485],[30.511417,50.441102],[30.511449,50.441182],[30.511706,50.441841],[30.511717,50.441867],[30.51174,50.441923],[30.511759,50.441967],[30.511771,50.441994],[30.512059,50.442692],[30.512338,50.443367],[30.512346,50.443386],[30.512389,50.443488],[30.512476,50.443708],[30.512519,50.443815],[30.512529,50.443842],[30.512665,50.444191],[30.512809,50.44455],[30.513105,50.445279],[30.513349,50.445907],[30.513398,50.446037]]},"properties":{"name":"Володимирська вулиця"}},{"type":"Feature","geometry":{"type":"LineString","coordinates":[[30.508571,50.434087],[30.508528,50.434015]]},"properties":{"name":"Володимирська вулиця"}},{"type":"Feature","geometry":{"type":"LineString","coordinates":[[30.517121,50.455403],[30.51707,50.455278],[30.516968,50.455026],[30.516921,50.45491],[30.516786,50.454576],[30.516755,50.454498],[30.51671,50.454386],[30.516679,50.454299],[30.516662,50.454224],[30.516663,50.454151],[30.516683,50.454104],[30.516869,50.453918],[30.516949,50.453838],[30.517054,50.453733],[30.517093,50.45368],[30.51711,50.453628],[30.51712,50.453579],[30.51712,50.453543],[30.517103,50.453493],[30.517049,50.453425],[30.516988,50.453385],[30.516911,50.45335],[30.516594,50.453212],[30.51646,50.453142],[30.516351,50.45306],[30.516242,50.452941],[30.516163,50.452806],[30.516104,50.452684]]},"properties":{"name":"Володимирська вулиця"}},{"type":"Feature","geometry":{"type":"LineString","coordinates":[[30.515917,50.445627],[30.515887,50.445551]]},"properties":{"name":"Терещенківська вулиця"}},{"type":"Feature","geometry":{"type":"LineString","coordinates":[[30.522028,50.470629],[30.521918,50.470557],[30.521864,50.470522],[30.521859,50.470519],[30.521586,50.470339],[30.521321,50.470163],[30.520547,50.469656],[30.520338,50.469516],[30.520196,50.469421],[30.519778,50.469144],[30.519707,50.469095],[30.519656,50.469063]]},"properties":{"name":"вулиця Хорива"}},{"type":"Feature","geometry":{"type":"LineString","coordinates":[[30.521158,50.471737],[30.523985,50.47362],[30.524577,50.473986],[30.524792,50.474099],[30.525032,50.474201],[30.525252,50.474265],[30.525514,50.474327],[30.525804,50.474375],[30.526188,50.474413],[30.526575,50.474428],[30.527216,50.474419],[30.528442,50.474291],[30.529053,50.474226],[30.529575,50.474159],[30.530238,50.474049],[30.530819,50.473908],[30.531516,50.473708],[30.532792,50.47334],[30.537013,50.472112],[30.537531,50.471973],[30.538663,50.471646],[30.539564,50.471413],[30.540387,50.471268],[30.541249,50.471176],[30.54174,50.471155],[30.542227,50.471139],[30.54611,50.471161],[30.546921,50.47117],[30.547377,50.471185],[30.547981,50.471225],[30.548519,50.471299],[30.549011,50.47138],[30.549432,50.471466],[30.549882,50.471567],[30.550346,50.471692],[30.550781,50.471816],[30.551287,50.471992],[30.557975,50.474257],[30.560876,50.475275],[30.561842,50.475611],[30.564036,50.47637],[30.565481,50.476878]]},"properties":{"name":"Подільський мостовий перехід"}},{"type":"Feature","geometry":{"type":"LineString","coordinates":[[30.525332,50.47461],[30.527216,50.474419]]},"properties":{"name":"Подільський мостовий перехід"}},{"type":"Feature","geometry":{"type":"LineString","coordinates":[[30.565359,50.477076],[30.563881,50.47655],[30.561709,50.47579],[30.560548,50.475383],[30.557668,50.474372],[30.551847,50.472357],[30.550813,50.472011],[30.550387,50.47187],[30.54992,50.471738],[30.549474,50.47163],[30.549059,50.471542],[30.548682,50.471473],[30.548251,50.471409],[30.547882,50.471369],[30.547494,50.471342],[30.546142,50.471309],[30.543946,50.471308],[30.542274,50.4713],[30.541774,50.471313],[30.541274,50.471337],[30.540547,50.471412],[30.539631,50.471587],[30.538906,50.471769],[30.538215,50.471968],[30.537355,50.47221],[30.537139,50.472278],[30.53293,50.473473],[30.53242,50.473613],[30.532041,50.473728],[30.531791,50.473865],[30.531448,50.474054],[30.530859,50.4742],[30.530153,50.474382],[30.529892,50.47452],[30.529783,50.474638],[30.529716,50.474754],[30.529722,50.474859],[30.529757,50.47495],[30.529817,50.475053],[30.529852,50.475101],[30.529914,50.475159],[30.530002,50.475219],[30.530118,50.475268],[30.532112,50.475744]]},"properties":{"name":"Подільський мостовий перехід"}},{"type":"Feature","geometry":{"type":"LineString","coordinates":[[30.57471,50.489638],[30.574675,50.48969],[30.574658,50.489715]]},"properties":{"name":"1-ша лінія"}},{"type":"Feature","geometry":{"type":"LineString","coordinates":[[30.528954,50.470585],[30.52983,50.47128],[30.530148,50.471533],[30.531779,50.472877],[30.532069,50.473126],[30.533262,50.474145],[30.533982,50.474809],[30.53443,50.475273],[30.534769,50.475651],[30.535038,50.475989],[30.535272,50.47632],[30.535939,50.477332],[30.536455,50.478061],[30.536786,50.478596],[30.536872,50.478747],[30.537104,50.479158],[30.53732,50.479579],[30.537479,50.479944],[30.537606,50.480316],[30.53774,50.480774],[30.537823,50.481203],[30.537861,50.481446],[30.537918,50.481814],[30.537926,50.482087],[30.537923,50.482337],[30.537929,50.482787],[30.537893,50.483224],[30.537839,50.48353],[30.537792,50.483722],[30.53764,50.484009],[30.537398,50.484293],[30.53695,50.484673],[30.536687,50.484881],[30.536525,50.485009],[30.536072,50.485309],[30.535759,50.485472],[30.535481,50.485587],[30.535115,50.485702],[30.534776,50.485789],[30.534359,50.485853],[30.534029,50.485888],[30.53389,50.4859],[30.533484,50.485907],[30.533206,50.485892],[30.532885,50.485857],[30.532649,50.485817],[30.532167,50.485718],[30.532002,50.485684],[30.531835,50.485653],[30.53163,50.485631],[30.531199,50.485615],[30.530702,50.485618],[30.530475,50.485639],[30.530218,50.485673],[30.529877,50.485729],[30.52963,50.485789],[30.529403,50.485856],[30.52916,50.485936],[30.528802,50.486089],[30.528461,50.486267],[30.528253,50.486412],[30.527867,50.486749],[30.527219,50.487324],[30.526519,50.487972]]},"properties":{"name":"Набережно-Рибальська дорога"}},{"type":"Feature","geometry":{"type":"LineString","coordinates":[[30.529095,50.470528],[30.531928,50.472785],[30.532971,50.473706],[30.534104,50.474705],[30.53462,50.475256],[30.53512,50.475822],[30.535546,50.476421],[30.535972,50.477032],[30.536843,50.478303],[30.537217,50.478918],[30.53741,50.479298],[30.537568,50.479625],[30.537695,50.479935],[30.537837,50.48033],[30.537953,50.480742],[30.53805,50.481188],[30.538138,50.481763],[30.538165,50.48209],[30.538158,50.482354],[30.538165,50.4828],[30.538133,50.483235],[30.538078,50.483549],[30.537991,50.483745],[30.537832,50.484037],[30.537676,50.484231],[30.537418,50.484482],[30.537111,50.484743],[30.53669,50.48507],[30.536229,50.485383],[30.535906,50.485559],[30.535601,50.485686],[30.535243,50.485801],[30.534817,50.485904],[30.534556,50.485945],[30.534494,50.485953],[30.534204,50.485993],[30.53393,50.486016],[30.533683,50.486026],[30.533371,50.486024],[30.533087,50.486003],[30.532802,50.485961],[30.53246,50.485896],[30.532172,50.485844],[30.531724,50.485773],[30.53126,50.485747],[30.530744,50.48574],[30.530501,50.485761],[30.530234,50.485797],[30.529976,50.48584],[30.529751,50.485892],[30.529445,50.485981],[30.529235,50.486056],[30.528957,50.486178],[30.528749,50.48628],[30.528321,50.486524],[30.5281,50.486694]]},"properties":{"name":"Набережно-Рибальська дорога"}},{"type":"Feature","geometry":{"type":"LineString","coordinates":[[30.528954,50.470585],[30.525531,50.468055],[30.525513,50.468042]]},"properties":{"name":"Гаванський міст"}},{"type":"Feature","geometry":{"type":"LineString","coordinates":[[30.525663,50.467962],[30.529095,50.470528]]},"properties":{"name":"Гаванський міст"}},{"type":"Feature","geometry":{"type":"LineString","coordinates":[[30.584181,50.466114],[30.584295,50.466153]]},"properties":{"name":"1-й Садовий провулок"}},{"type":"Feature","geometry":{"type":"LineString","coordinates":[[30.587228,50.462418],[30.587258,50.46227]]},"properties":{"name":"вулиця Євгена Маланюка"}},{"type":"Feature","geometry":{"type":"LineString","coordinates":[[30.588461,50.462545],[30.588561,50.462429]]},"properties":{"name":"Цегельна вулиця"}},{"type":"Feature","geometry":{"type":"LineString","coordinates":[[30.484799,50.460154],[30.484908,50.460201]]},"properties":{"name":"вулиця Коперника"}},{"type":"Feature","geometry":{"type":"LineString","coordinates":[[30.486522,50.458848],[30.48653,50.458864],[30.486546,50.458896],[30.486691,50.459208],[30.486765,50.459324],[30.486867,50.459442],[30.486974,50.459539],[30.487448,50.459917],[30.487855,50.460247],[30.488318,50.46061],[30.488639,50.460852]]},"properties":{"name":"Глибочицький проїзд"}},{"type":"Feature","geometry":{"type":"LineString","coordinates":[[30.50687,50.46266],[30.506632,50.462681],[30.506434,50.46274],[30.506302,50.462787],[30.505733,50.463],[30.50556,50.463062],[30.505458,50.463094],[30.505256,50.463132],[30.505085,50.463149],[30.504919,50.463152],[30.504771,50.463146],[30.504564,50.463126],[30.504225,50.463068],[30.503869,50.462997],[30.503572,50.462927],[30.503267,50.462846],[30.502961,50.462755],[30.502677,50.462665],[30.502338,50.462534],[30.502222,50.462486],[30.501778,50.462312],[30.501621,50.462263],[30.501469,50.462232],[30.501265,50.462212],[30.500393,50.462179],[30.500174,50.462169],[30.500007,50.462159],[30.49967,50.462141],[30.499039,50.462109],[30.498979,50.462106],[30.497859,50.462047],[30.497637,50.462037],[30.496601,50.46199],[30.496485,50.461992],[30.496388,50.462001],[30.496315,50.462007],[30.496223,50.462027],[30.496116,50.462059],[30.496005,50.462093],[30.495896,50.46213],[30.495621,50.462228],[30.49534,50.462337],[30.495145,50.462407],[30.49495,50.462473],[30.4948,50.46251],[30.494667,50.462532],[30.494511,50.462546],[30.494364,50.462551],[30.494195,50.462548],[30.492685,50.462465],[30.492417,50.462455],[30.491284,50.462402],[30.490948,50.462382],[30.490794,50.462375],[30.490726,50.462371],[30.490657,50.462368],[30.490206,50.462342],[30.490135,50.462334],[30.490083,50.46232],[30.490032,50.462292],[30.489988,50.462252],[30.488893,50.460993],[30.488817,50.460915],[30.488764,50.460886],[30.488698,50.460865],[30.488639,50.460852]]},"properties":{"name":"Глибочицька вулиця"}},{"type":"Feature","geometry":{"type":"LineString","coordinates":[[30.492403,50.462554],[30.491636,50.462515],[30.491268,50.4625],[30.491028,50.462489],[30.490945,50.462485]]},"properties":{"name":"Глибочицька вулиця"}},{"type":"Feature","geometry":{"type":"LineString","coordinates":[[30.495248,50.462493],[30.495982,50.462224],[30.496085,50.462187],[30.496205,50.462149],[30.49631,50.462123],[30.496423,50.462106],[30.496573,50.462096],[30.496745,50.462096],[30.497615,50.462143],[30.497848,50.462154],[30.498973,50.462209]]},"properties":{"name":"Глибочицька вулиця"}},{"type":"Feature","geometry":{"type":"LineString","coordinates":[[30.488701,50.460962],[30.488681,50.460927],[30.488662,50.460894],[30.488639,50.460852],[30.488574,50.46085],[30.488342,50.460851],[30.488222,50.460851],[30.487158,50.460856],[30.486723,50.460857],[30.486695,50.460854],[30.486658,50.460845],[30.486618,50.46083],[30.485665,50.460453],[30.485095,50.460234],[30.485038,50.460217],[30.484958,50.460208],[30.484908,50.460201]]},"properties":{"name":"Глибочицька вулиця"}},{"type":"Feature","geometry":{"type":"LineString","coordinates":[[30.492417,50.462455],[30.492412,50.462484],[30.492407,50.462511],[30.492403,50.462554]]},"properties":{"name":"Лукʼянівська вулиця"}},{"type":"Feature","geometry":{"type":"LineString","coordinates":[[30.491268,50.4625],[30.491274,50.462464],[30.491279,50.462437],[30.491284,50.462402]]},"properties":{"name":"Соляна вулиця"}},{"type":"Feature","geometry":{"type":"LineString","coordinates":[[30.517351,50.465727],[30.517363,50.465736],[30.517429,50.465786],[30.517453,50.465804],[30.517872,50.466082],[30.518111,50.46624],[30.518491,50.466486],[30.518526,50.46651],[30.518879,50.466743],[30.519465,50.467125],[30.519555,50.467185],[30.51958,50.467201],[30.519669,50.467258],[30.519919,50.467427],[30.520868,50.468054],[30.520994,50.468138],[30.521026,50.468157],[30.521114,50.468217],[30.52122,50.468285],[30.521551,50.468501],[30.522203,50.468931],[30.523196,50.469585],[30.523214,50.469597],[30.523263,50.469631],[30.523268,50.469634],[30.523325,50.469673],[30.523446,50.469751]]},"properties":{"name":"Спаська вулиця"}},{"type":"Feature","geometry":{"type":"LineString","coordinates":[[30.526677,50.458558],[30.526804,50.458453],[30.526957,50.458351],[30.527328,50.458133],[30.529597,50.45684],[30.530444,50.456365],[30.530906,50.456107],[30.531161,50.455975],[30.531353,50.45588],[30.531696,50.455727],[30.532181,50.455522],[30.532586,50.455353],[30.533306,50.455061],[30.533794,50.454859],[30.534464,50.454592],[30.535349,50.454246],[30.53598,50.453996],[30.536706,50.453717],[30.537682,50.453336],[30.539007,50.452824],[30.53999,50.452443],[30.540683,50.452163],[30.541369,50.45189],[30.541915,50.451656],[30.543003,50.451167],[30.543339,50.451017],[30.544222,50.450594],[30.545358,50.450027],[30.546691,50.449361],[30.54803,50.44869],[30.5492,50.448104],[30.550346,50.44753],[30.551305,50.447054],[30.551909,50.446745],[30.552318,50.446524],[30.552728,50.446282],[30.553125,50.446035],[30.553529,50.445763],[30.554661,50.444956],[30.555335,50.444462],[30.556395,50.44368],[30.55682,50.443341],[30.557226,50.443021],[30.55791,50.442426]]},"properties":{"name":"Набережне шосе"}},{"type":"Feature","geometry":{"type":"LineString","coordinates":[[30.560635,50.439562],[30.561244,50.438947],[30.561617,50.438553],[30.562427,50.437742],[30.563192,50.436969],[30.563577,50.436539],[30.563798,50.436239],[30.563981,50.435958],[30.564095,50.435754],[30.564333,50.435241],[30.564804,50.434247],[30.565402,50.433006],[30.56568,50.432404],[30.565855,50.431899],[30.566451,50.430356],[30.566805,50.429431],[30.566933,50.429087],[30.567122,50.428554],[30.567223,50.428244],[30.567384,50.427823],[30.567524,50.427448],[30.567594,50.427256],[30.567815,50.426707],[30.567959,50.426312],[30.568066,50.426025],[30.568198,50.425605],[30.568236,50.425489],[30.568342,50.425159],[30.568392,50.424898]]},"properties":{"name":"Набережне шосе"}},{"type":"Feature","geometry":{"type":"LineString","coordinates":[[30.568029,50.426666],[30.568009,50.426726],[30.567854,50.427111],[30.567728,50.427469],[30.567429,50.428272],[30.567323,50.428565],[30.567296,50.42864],[30.56714,50.429092],[30.567012,50.429425],[30.566782,50.430026],[30.566569,50.430588],[30.566331,50.431213],[30.566129,50.431707],[30.565947,50.43215],[30.565811,50.432466],[30.565538,50.433051],[30.564943,50.43429],[30.564275,50.435696],[30.564123,50.435991],[30.563966,50.43624],[30.563835,50.43643],[30.563684,50.436618],[30.563262,50.437118],[30.562026,50.4385],[30.561119,50.43952],[30.560856,50.439745],[30.560576,50.440024],[30.560276,50.440317],[30.559957,50.440643],[30.559446,50.44114],[30.559246,50.441334],[30.558328,50.442215],[30.558117,50.442463],[30.557046,50.44333],[30.556679,50.44361],[30.55542,50.444554],[30.554649,50.44512],[30.553658,50.44583],[30.553022,50.446251],[30.552773,50.446401],[30.552375,50.446636],[30.552017,50.446827],[30.551488,50.447097],[30.550504,50.447587],[30.54942,50.448125],[30.548253,50.448717],[30.546799,50.449436],[30.545509,50.450082],[30.544358,50.450657],[30.543384,50.451125],[30.54209,50.451709],[30.541479,50.451977],[30.540788,50.452252],[30.53937,50.452804],[30.538498,50.453147],[30.537672,50.453466],[30.536052,50.454095],[30.535102,50.454466],[30.534337,50.454765],[30.5336,50.45506],[30.532678,50.455443],[30.531969,50.455739],[30.53164,50.455878],[30.531331,50.45602],[30.531122,50.456127],[30.530796,50.45631],[30.530119,50.45669],[30.530031,50.456738],[30.529138,50.45725],[30.527749,50.458042],[30.527447,50.458214],[30.527212,50.458358],[30.527038,50.458484]]},"properties":{"name":"Набережне шосе"}},{"type":"Feature","geometry":{"type":"LineString","coordinates":[[30.659735,50.428884],[30.659689,50.428949],[30.6594,50.429447],[30.659032,50.430103],[30.659058,50.43015]]},"properties":{"name":"Санаторна вулиця"}},{"type":"Feature","geometry":{"type":"LineString","coordinates":[[30.659735,50.428884],[30.659649,50.428861],[30.658762,50.428658],[30.658755,50.428657],[30.65829,50.428555],[30.657615,50.428395],[30.656757,50.428183],[30.656626,50.42815],[30.65652,50.428123],[30.655106,50.427774],[30.654782,50.427694],[30.653758,50.427434],[30.653649,50.427405],[30.65359,50.42739],[30.653537,50.427377],[30.653471,50.427361]]},"properties":{"name":"вулиця Геннадія Афанасьєва"}},{"type":"Feature","geometry":{"type":"LineString","coordinates":[[30.519707,50.469095],[30.519798,50.469036],[30.519831,50.469015],[30.520073,50.468863],[30.520371,50.468675],[30.52081,50.4684],[30.521024,50.468268],[30.521114,50.468217],[30.521141,50.468201],[30.521226,50.468151],[30.52148,50.467992],[30.521895,50.467735],[30.522464,50.467378],[30.522558,50.467318]]},"properties":{"name":"Почайнинська вулиця"}},{"type":"Feature","geometry":{"type":"LineString","coordinates":[[30.565787,50.423728],[30.565815,50.423779],[30.565872,50.423824]]},"properties":{"name":"Ломаківська вулиця"}},{"type":"Feature","geometry":{"type":"LineString","coordinates":[[30.549808,50.420828],[30.549646,50.420814],[30.549465,50.42081],[30.549329,50.420827],[30.548956,50.420928],[30.548771,50.421002],[30.548584,50.421052],[30.548392,50.421078],[30.548232,50.421093],[30.548041,50.421099],[30.547858,50.421103],[30.547657,50.421099],[30.54754,50.421094],[30.547383,50.421071],[30.547286,50.421046],[30.547175,50.421016],[30.546896,50.420915],[30.546714,50.42082]]},"properties":{"name":"Курганівська вулиця"}},{"type":"Feature","geometry":{"type":"LineString","coordinates":[[30.453023,50.453288],[30.452985,50.453156],[30.45298,50.453142],[30.452976,50.45313],[30.452967,50.453073],[30.452977,50.452509],[30.452971,50.452171],[30.452986,50.451649],[30.452989,50.451521],[30.45299,50.451501],[30.452992,50.451451],[30.453021,50.450297],[30.453024,50.45017],[30.453027,50.450105],[30.453031,50.450023],[30.453035,50.449677],[30.453044,50.44943],[30.453074,50.448639],[30.453076,50.448612],[30.453076,50.448597],[30.45308,50.448517],[30.453124,50.447875],[30.453128,50.447816],[30.45313,50.447769],[30.453132,50.447701],[30.453158,50.447037],[30.453162,50.44689],[30.453165,50.446832],[30.453167,50.446809],[30.45317,50.446776],[30.453174,50.446714]]},"properties":{"name":"вулиця Академіка Янгеля"}},{"type":"Feature","geometry":{"type":"LineString","coordinates":[[30.452729,50.446957],[30.452948,50.446922],[30.453004,50.446912],[30.453162,50.44689]]},"properties":{"name":"вулиця Олекси Тихого"}},{"type":"Feature","geometry":{"type":"LineString","coordinates":[[30.45308,50.448517],[30.453038,50.448525],[30.452985,50.448534]]},"properties":{"name":"вулиця Михайла Брайчевського"}},{"type":"Feature","geometry":{"type":"LineString","coordinates":[[30.495145,50.462407],[30.495183,50.462439],[30.49521,50.462461],[30.495248,50.462493]]},"properties":{"name":"Студентська вулиця"}},{"type":"Feature","geometry":{"type":"LineString","coordinates":[[30.487201,50.457941],[30.487316,50.457991]]},"properties":{"name":"Студентська вулиця"}},{"type":"Feature","geometry":{"type":"LineString","coordinates":[[30.466712,50.429264],[30.466851,50.429213],[30.466898,50.429167]]},"properties":{"name":"Преображенська вулиця"}},{"type":"Feature","geometry":{"type":"LineString","coordinates":[[30.513504,50.407164],[30.513492,50.407077],[30.513473,50.406973],[30.513428,50.406704],[30.513374,50.406371],[30.513406,50.406235]]},"properties":{"name":"Деміївська вулиця"}},{"type":"Feature","geometry":{"type":"LineString","coordinates":[[30.498747,50.399002],[30.499002,50.398942],[30.499655,50.398805],[30.500073,50.398717],[30.500169,50.398705],[30.500444,50.398682],[30.500766,50.39867],[30.50101,50.398675],[30.501271,50.398703],[30.501812,50.398797],[30.502535,50.398983],[30.502945,50.399098],[30.503163,50.399159],[30.503294,50.399195],[30.504002,50.399388],[30.505132,50.399718],[30.505657,50.399866],[30.505843,50.399918],[30.506239,50.400031],[30.50719,50.400384],[30.507356,50.400467],[30.507485,50.400533],[30.507518,50.400551],[30.507651,50.400643],[30.507767,50.400731],[30.507939,50.400866],[30.508445,50.401321],[30.508626,50.401532],[30.508639,50.401547],[30.508749,50.401669],[30.509058,50.402023],[30.509346,50.402277],[30.509619,50.402454],[30.509705,50.402511],[30.509767,50.402552],[30.510031,50.402682],[30.510082,50.402706],[30.510302,50.402796],[30.510466,50.402858],[30.510577,50.4029],[30.510887,50.403018],[30.511406,50.403215],[30.511797,50.403376],[30.51209,50.403516],[30.512295,50.40363],[30.512352,50.40367],[30.512478,50.403762],[30.512647,50.403899],[30.512805,50.404063],[30.512839,50.404111],[30.512868,50.404157],[30.512897,50.404201],[30.512912,50.404222],[30.513084,50.404549],[30.513136,50.404723],[30.513181,50.404935],[30.513199,50.405051],[30.51321,50.405123],[30.513221,50.405197],[30.513237,50.405304],[30.513354,50.405876],[30.51337,50.405958],[30.513406,50.406235],[30.513487,50.406301],[30.513562,50.406366],[30.513758,50.406487],[30.513914,50.406587],[30.513953,50.406651],[30.513983,50.406791],[30.514024,50.407039],[30.514038,50.407124],[30.514052,50.407224]]},"properties":{"name":"Деміївська вулиця"}},{"type":"Feature","geometry":{"type":"LineString","coordinates":[[30.477212,50.389178],[30.477374,50.389282],[30.477469,50.389318],[30.477806,50.389366],[30.477972,50.389389],[30.478174,50.389417],[30.478318,50.389438],[30.478619,50.38948],[30.479185,50.38956],[30.480034,50.38968],[30.480123,50.389693],[30.481083,50.389828],[30.481833,50.389936],[30.482073,50.389971],[30.482678,50.390059],[30.482812,50.390081],[30.482891,50.390084],[30.483022,50.390048],[30.483059,50.390039],[30.482801,50.389952],[30.482583,50.389917],[30.482255,50.389871],[30.480226,50.389583],[30.479664,50.389504],[30.47902,50.389413],[30.477843,50.389254],[30.477824,50.389251],[30.477521,50.389215],[30.477212,50.389178],[30.476676,50.389105],[30.475512,50.388954],[30.474781,50.388828],[30.474532,50.388768],[30.473815,50.388515],[30.473623,50.388443],[30.473548,50.388413],[30.473026,50.388209],[30.472921,50.388168],[30.472525,50.388013],[30.471772,50.387723],[30.47169,50.387691],[30.470632,50.387268],[30.469865,50.386962],[30.46962,50.386865],[30.46917,50.386685],[30.469106,50.38666],[30.468234,50.386316],[30.46808,50.386255],[30.468029,50.386235],[30.467986,50.386219],[30.467936,50.386199],[30.467231,50.385928],[30.466899,50.38579],[30.466846,50.385767],[30.466808,50.385752],[30.466677,50.385701],[30.466596,50.38567],[30.466472,50.385622],[30.46613,50.38549],[30.465603,50.385286],[30.465532,50.385259],[30.464987,50.385048],[30.464945,50.385032],[30.464813,50.384981],[30.464658,50.38492],[30.464526,50.38487],[30.464285,50.384777],[30.463894,50.384623],[30.463027,50.384284],[30.462389,50.384033],[30.461665,50.383756],[30.460986,50.383493],[30.460943,50.383476],[30.460166,50.383174],[30.459884,50.383072],[30.459763,50.383028],[30.459519,50.38294],[30.459268,50.382849],[30.459064,50.382771]]},"properties":{"name":"вулиця Юлії Здановської"}},{"type":"Feature","geometry":{"type":"LineString","coordinates":[[30.459064,50.382771],[30.458985,50.382822],[30.458215,50.383389],[30.457733,50.383737],[30.457299,50.384066],[30.456922,50.384331],[30.456574,50.384592],[30.455961,50.385042],[30.455732,50.385199]]},"properties":{"name":"вулиця Самійла Кішки"}},{"type":"Feature","geometry":{"type":"LineString","coordinates":[[30.453942,50.384212],[30.453714,50.384083],[30.453431,50.383918],[30.452989,50.383683]]},"properties":{"name":"вулиця Докії Гуменної"}},{"type":"Feature","geometry":{"type":"LineString","coordinates":[[30.452029,50.383159],[30.452712,50.383565],[30.452989,50.383683],[30.452769,50.383522],[30.452687,50.383476],[30.452645,50.383436],[30.452623,50.383388],[30.452552,50.382968]]},"properties":{"name":"вулиця Докії Гуменної"}},{"type":"Feature","geometry":{"type":"LineString","coordinates":[[30.451684,50.382908],[30.451914,50.382842]]},"properties":{"name":"вулиця Докії Гуменної"}},{"type":"Feature","geometry":{"type":"LineString","coordinates":[[30.452011,50.382781],[30.45209,50.382681],[30.452169,50.382608],[30.45237,50.382465],[30.452557,50.382333],[30.452643,50.382282],[30.452715,50.382238],[30.452849,50.382158]]},"properties":{"name":"вулиця Героїв Маріуполя"}},{"type":"Feature","geometry":{"type":"LineString","coordinates":[[30.452547,50.382928],[30.452512,50.382586],[30.452526,50.382514],[30.452573,50.382453],[30.452659,50.382387],[30.452849,50.382158],[30.452963,50.382079],[30.453391,50.38177],[30.453676,50.381558],[30.454212,50.381158],[30.454386,50.381028],[30.45465,50.380834],[30.454909,50.380649],[30.455118,50.380498],[30.455309,50.380359],[30.455477,50.380236],[30.455775,50.380018],[30.456517,50.379466],[30.456925,50.379165],[30.457231,50.378948],[30.457351,50.378859],[30.457406,50.378768],[30.457435,50.378699],[30.457441,50.37863],[30.457423,50.378295]]},"properties":{"name":"вулиця Героїв Маріуполя"}},{"type":"Feature","geometry":{"type":"LineString","coordinates":[[30.457965,50.378441],[30.457523,50.378775],[30.457447,50.378817],[30.457351,50.378859]]},"properties":{"name":"вулиця Героїв Маріуполя"}},{"type":"Feature","geometry":{"type":"LineString","coordinates":[[30.458932,50.382715],[30.459064,50.382771]]},"properties":{"name":"вулиця Професора Балінського"}},{"type":"Feature","geometry":{"type":"LineString","coordinates":[[30.502222,50.462486],[30.502244,50.462435],[30.502257,50.46241],[30.50227,50.462384]]},"properties":{"name":"вулиця Вознесенський Яр"}},{"type":"Feature","geometry":{"type":"LineString","coordinates":[[30.506575,50.46265],[30.506632,50.462681]]},"properties":{"name":"Вознесенський узвіз"}},{"type":"Feature","geometry":{"type":"LineString","coordinates":[[30.507056,50.462522],[30.507105,50.462481],[30.507112,50.462476]]},"properties":{"name":"Кожумʼяцька вулиця"}},{"type":"Feature","geometry":{"type":"LineString","coordinates":[[30.444585,50.361655],[30.444809,50.361537],[30.444897,50.361491],[30.445014,50.361423]]},"properties":{"name":"вулиця Валерʼяна Підмогильного"}},{"type":"Feature","geometry":{"type":"LineString","coordinates":[[30.454228,50.373562],[30.454144,50.373763],[30.454052,50.374136],[30.454033,50.374205],[30.453992,50.37435],[30.45392,50.374405],[30.453753,50.374534],[30.453418,50.374776],[30.452961,50.375111],[30.452801,50.375228]]},"properties":{"name":"вулиця Композитора Лятошинського"}},{"type":"Feature","geometry":{"type":"LineString","coordinates":[[30.531574,50.394484],[30.531395,50.394528]]},"properties":{"name":"вулиця Академіка Писаржевського"}},{"type":"Feature","geometry":{"type":"LineString","coordinates":[[30.483239,50.422125],[30.483321,50.422212],[30.483558,50.422379],[30.483776,50.422457],[30.483782,50.422458],[30.484279,50.422536],[30.484708,50.422599],[30.485836,50.422747],[30.486403,50.422842],[30.486473,50.422853],[30.486552,50.422868],[30.486688,50.422897],[30.487154,50.423011],[30.487213,50.423032],[30.487435,50.423112],[30.487709,50.423231],[30.487978,50.423376],[30.488206,50.423527],[30.488895,50.424086],[30.489913,50.42491],[30.490223,50.425161],[30.490278,50.425206],[30.490384,50.425299],[30.490505,50.425395],[30.490773,50.425619],[30.490929,50.425751]]},"properties":{"name":"вулиця Романа Ратушного"}},{"type":"Feature","geometry":{"type":"LineString","coordinates":[[30.521955,50.451508],[30.521947,50.451516],[30.521621,50.451837],[30.521261,50.452176],[30.521166,50.452263],[30.520952,50.452464],[30.520834,50.452571],[30.520687,50.452711],[30.520397,50.452996],[30.520215,50.453175],[30.520176,50.453213],[30.520141,50.45325],[30.519923,50.453474],[30.519667,50.453757],[30.519475,50.453964],[30.519102,50.454384],[30.518974,50.454513]]},"properties":{"name":"Мала Житомирська вулиця"}},{"type":"Feature","geometry":{"type":"LineString","coordinates":[[30.518974,50.454513],[30.518882,50.454478],[30.517958,50.454105],[30.517536,50.453931],[30.517373,50.453863],[30.517276,50.453822],[30.517054,50.453733]]},"properties":{"name":"Володимирський проїзд"}},{"type":"Feature","geometry":{"type":"LineString","coordinates":[[30.517121,50.455403],[30.516939,50.45541],[30.516362,50.455411],[30.515592,50.455417],[30.514462,50.455426],[30.514227,50.455425],[30.514001,50.455414],[30.513931,50.45541],[30.51379,50.455405],[30.513661,50.455399],[30.513037,50.455376],[30.512876,50.455371],[30.51238,50.455361],[30.512006,50.455352],[30.511814,50.455344],[30.5117,50.455338],[30.511647,50.455334],[30.511573,50.455332],[30.51097,50.45529],[30.510346,50.455248],[30.509806,50.455212],[30.509093,50.455175],[30.508656,50.455161],[30.508112,50.455165],[30.507589,50.455219],[30.507373,50.455244]]},"properties":{"name":"Велика Житомирська вулиця"}},{"type":"Feature","geometry":{"type":"LineString","coordinates":[[30.476768,50.473399],[30.476633,50.473569],[30.476239,50.47396],[30.47613,50.474068],[30.476021,50.474193],[30.475931,50.474324],[30.475866,50.474462],[30.475819,50.474598],[30.47569,50.474973],[30.475586,50.475343],[30.475567,50.475487],[30.475564,50.475663],[30.475594,50.475857],[30.475651,50.476043],[30.475775,50.476277],[30.475947,50.476514],[30.47706,50.477777],[30.477166,50.477924],[30.477221,50.478071],[30.477244,50.478217],[30.477221,50.478369],[30.477158,50.478507],[30.476663,50.479235],[30.476569,50.479356],[30.476513,50.479428],[30.475281,50.480746],[30.475175,50.480858],[30.475109,50.48097],[30.475079,50.4811],[30.475093,50.481237],[30.475168,50.481369],[30.475265,50.481473],[30.475403,50.481568],[30.475849,50.48183],[30.475982,50.481908],[30.476129,50.48204],[30.476244,50.482193],[30.476303,50.482325],[30.47634,50.48247],[30.476346,50.482596],[30.476329,50.482722],[30.476265,50.482881],[30.476126,50.483074]]},"properties":{"name":"Подільський узвіз"}},{"type":"Feature","geometry":{"type":"LineString","coordinates":[[30.455713,50.497242],[30.455858,50.49732]]},"properties":{"name":"Казанська вулиця"}},{"type":"Feature","geometry":{"type":"LineString","coordinates":[[30.453177,50.499169],[30.453333,50.49925]]},"properties":{"name":"вулиця Боровиковського"}},{"type":"Feature","geometry":{"type":"LineString","coordinates":[[30.453462,50.520192],[30.453284,50.52028],[30.453104,50.520365]]},"properties":{"name":"Автозаводська вулиця"}},{"type":"Feature","geometry":{"type":"LineString","coordinates":[[30.449164,50.520836],[30.44893,50.520811],[30.448811,50.520806],[30.448768,50.520804],[30.448565,50.52082],[30.448361,50.520865],[30.448015,50.520971],[30.447457,50.521226],[30.446839,50.521519],[30.446413,50.52173],[30.446131,50.521871],[30.445897,50.521988],[30.445708,50.522072],[30.445509,50.522141],[30.44532,50.522198],[30.44514,50.522249],[30.44443,50.522439],[30.444331,50.522467]]},"properties":{"name":"вулиця Сошенка"}},{"type":"Feature","geometry":{"type":"LineString","coordinates":[[30.444331,50.522467],[30.444217,50.522421],[30.444147,50.522361],[30.444115,50.522292],[30.444115,50.522246]]},"properties":{"name":"Моринецька вулиця"}},{"type":"Feature","geometry":{"type":"LineString","coordinates":[[30.45172,50.500578],[30.451475,50.500575],[30.451388,50.500573],[30.450921,50.500569],[30.450831,50.500569],[30.450607,50.500566],[30.449761,50.500549],[30.449316,50.500543],[30.449121,50.500539],[30.448773,50.500528],[30.448703,50.500527],[30.44855,50.50052],[30.448135,50.500504],[30.447795,50.500487],[30.447051,50.500453],[30.446216,50.500419],[30.445238,50.500368],[30.445023,50.50036],[30.444587,50.500341],[30.444334,50.500331],[30.444027,50.500328],[30.443746,50.500315],[30.443197,50.500292],[30.443028,50.500291],[30.44283,50.500291]]},"properties":{"name":"Мостицька вулиця"}},{"type":"Feature","geometry":{"type":"LineString","coordinates":[[30.475222,50.481637],[30.475573,50.481818],[30.475767,50.481919],[30.475982,50.481908]]},"properties":{"name":"Врубелівський узвіз"}},{"type":"Feature","geometry":{"type":"LineString","coordinates":[[30.481858,50.462959],[30.481847,50.462887],[30.481853,50.462849]]},"properties":{"name":"Лукʼянівська площа"}},{"type":"Feature","geometry":{"type":"LineString","coordinates":[[30.486086,50.459081],[30.485912,50.459006],[30.485876,50.45899]]},"properties":{"name":"вулиця Вільгельма Котарбінського"}},{"type":"Feature","geometry":{"type":"LineString","coordinates":[[30.49044,50.456191],[30.490378,50.456102]]},"properties":{"name":"Полтавська вулиця"}},{"type":"Feature","geometry":{"type":"LineString","coordinates":[[30.511647,50.455334],[30.511636,50.455291]]},"properties":{"name":"вулиця Олеся Гончара"}},{"type":"Feature","geometry":{"type":"LineString","coordinates":[[30.513804,50.45532],[30.51379,50.455405]]},"properties":{"name":"Стрілецька вулиця"}},{"type":"Feature","geometry":{"type":"LineString","coordinates":[[30.516521,50.454156],[30.516683,50.454104]]},"properties":{"name":"Рильський провулок"}},{"type":"Feature","geometry":{"type":"LineString","coordinates":[[30.516104,50.452684],[30.516261,50.45265],[30.516681,50.452553],[30.517481,50.452361],[30.518332,50.452159],[30.518392,50.452148],[30.519658,50.451829],[30.520517,50.451616],[30.520815,50.451542],[30.520931,50.451513],[30.521091,50.451474],[30.52141,50.451395]]},"properties":{"name":"Софіївська вулиця"}},{"type":"Feature","geometry":{"type":"LineString","coordinates":[[30.346259,50.458365],[30.346125,50.458358]]},"properties":{"name":"Бахчисарайська вулиця"}},{"type":"Feature","geometry":{"type":"LineString","coordinates":[[30.442957,50.425244],[30.442993,50.425297],[30.443308,50.42571],[30.443337,50.42575],[30.443721,50.426274],[30.443754,50.426319],[30.444101,50.426801],[30.44423,50.426978],[30.444437,50.427263],[30.444454,50.427286],[30.444504,50.427354],[30.44505,50.428105],[30.445465,50.428675],[30.445529,50.428763]]},"properties":{"name":"вулиця Ушинського"}},{"type":"Feature","geometry":{"type":"LineString","coordinates":[[30.445529,50.428763],[30.445597,50.428742],[30.445983,50.428628],[30.446223,50.428557],[30.447113,50.428293],[30.447211,50.428264],[30.447466,50.428189],[30.447969,50.428039],[30.44867,50.427832],[30.449037,50.427724],[30.44917,50.427684],[30.449237,50.427667],[30.449678,50.427538],[30.449806,50.427502],[30.450307,50.427358],[30.451098,50.427132],[30.451154,50.427116],[30.451605,50.426987],[30.451784,50.426937],[30.452385,50.426771],[30.452878,50.426633],[30.453192,50.426549],[30.453264,50.42653],[30.453332,50.426512],[30.453418,50.426489],[30.453494,50.426469],[30.454016,50.42633],[30.454101,50.426308],[30.454194,50.426281],[30.454535,50.426179],[30.454594,50.426161],[30.454818,50.426095],[30.455321,50.425941],[30.455621,50.425849],[30.456032,50.425723],[30.456096,50.425705],[30.45615,50.425689],[30.456686,50.425534],[30.457069,50.425425],[30.457514,50.425299],[30.457768,50.425226],[30.458079,50.425136],[30.458222,50.425094],[30.458549,50.424997],[30.458726,50.424946]]},"properties":{"name":"Донецька вулиця"}},{"type":"Feature","geometry":{"type":"LineString","coordinates":[[30.464139,50.427285],[30.464065,50.427353],[30.464011,50.427404]]},"properties":{"name":"вулиця Освіти"}},{"type":"Feature","geometry":{"type":"LineString","coordinates":[[30.490185,50.441334],[30.49016,50.441268]]},"properties":{"name":"C2"}},{"type":"Feature","geometry":{"type":"LineString","coordinates":[[30.490438,50.440911],[30.490615,50.44078],[30.490633,50.440773],[30.490653,50.440769],[30.490688,50.440762],[30.490725,50.440757],[30.490769,50.440753],[30.490837,50.440754],[30.491005,50.440766]]},"properties":{"name":"C2"}},{"type":"Feature","geometry":{"type":"LineString","coordinates":[[30.505706,50.392756],[30.505805,50.392689],[30.505911,50.392618]]},"properties":{"name":"вулиця Михайла Стельмаха"}},{"type":"Feature","geometry":{"type":"LineString","coordinates":[[30.503876,50.435391],[30.503986,50.435448]]},"properties":{"name":"вулиця Лілії Лобанової"}},{"type":"Feature","geometry":{"type":"LineString","coordinates":[[30.553323,50.417813],[30.553271,50.417745]]},"properties":{"name":"вулиця Катерини Білокур"}},{"type":"Feature","geometry":{"type":"LineString","coordinates":[[30.522003,50.45145],[30.521998,50.451465],[30.521955,50.451508]]},"properties":{"name":"майдан Незалежності"}},{"type":"Feature","geometry":{"type":"LineString","coordinates":[[30.443054,50.47407],[30.443066,50.474175]]},"properties":{"name":"вулиця Родини Глаголєвих"}},{"type":"Feature","geometry":{"type":"LineString","coordinates":[[30.441032,50.471327],[30.44117,50.471412],[30.441581,50.471712]]},"properties":{"name":"вулиця Родини Глаголєвих"}},{"type":"Feature","geometry":{"type":"LineString","coordinates":[[30.440768,50.474524],[30.440751,50.474486],[30.440722,50.474425],[30.440697,50.474355],[30.440516,50.473884],[30.440475,50.473779],[30.440234,50.47314],[30.440162,50.472985],[30.440065,50.472855],[30.43989,50.472685],[30.439656,50.472477],[30.439549,50.472384]]},"properties":{"name":"вулиця Максима Берлинського"}},{"type":"Feature","geometry":{"type":"LineString","coordinates":[[30.39579,50.481453],[30.396017,50.481455],[30.396287,50.481457],[30.39638,50.481458],[30.396626,50.481459],[30.397011,50.481462],[30.397171,50.481463],[30.397564,50.481466],[30.397743,50.481468],[30.399795,50.481483],[30.400079,50.481485],[30.400372,50.481487],[30.400633,50.481489],[30.400956,50.481491],[30.401205,50.481493],[30.401461,50.481495],[30.401665,50.481496],[30.401878,50.481498],[30.402059,50.481501],[30.402231,50.48152],[30.402276,50.481532],[30.40237,50.481559],[30.402622,50.481685],[30.403086,50.482012],[30.403186,50.482088],[30.403532,50.482359],[30.4036,50.482413]]},"properties":{"name":"вулиця Ігоря Турчина"}},{"type":"Feature","geometry":{"type":"LineString","coordinates":[[30.497465,50.456346],[30.497462,50.456268]]},"properties":{"name":"вулиця Івана Драча"}},{"type":"Feature","geometry":{"type":"LineString","coordinates":[[30.453927,50.434596],[30.454078,50.434623],[30.454467,50.434692],[30.4554,50.434858],[30.455461,50.434869],[30.456582,50.435059],[30.456622,50.435066],[30.457273,50.435186],[30.457749,50.435273],[30.458362,50.435386],[30.458678,50.435435]]},"properties":{"name":"Лондонська вулиця"}},{"type":"Feature","geometry":{"type":"LineString","coordinates":[[30.458577,50.435295],[30.458678,50.435435],[30.458791,50.435566],[30.459009,50.435848],[30.459352,50.436309],[30.459547,50.436545],[30.459644,50.436637],[30.459739,50.436705],[30.46038,50.437079],[30.460624,50.437157],[30.460987,50.437274],[30.461124,50.4373],[30.461162,50.437307],[30.461409,50.437355],[30.461449,50.437363],[30.461464,50.437365],[30.46185,50.437435],[30.46257,50.437565],[30.462984,50.43764],[30.463616,50.437757],[30.464281,50.437873],[30.464446,50.437902],[30.465058,50.438006],[30.465355,50.438056],[30.465373,50.43806],[30.465412,50.438066],[30.465752,50.438126],[30.465984,50.438168],[30.466157,50.438197],[30.466764,50.438304],[30.466832,50.438318],[30.466942,50.438335],[30.466986,50.438342]]},"properties":{"name":"Єреванська вулиця"}},{"type":"Feature","geometry":{"type":"LineString","coordinates":[[30.455243,50.431646],[30.455289,50.431698],[30.455327,50.431727],[30.455381,50.431749]]},"properties":{"name":"Єреванська вулиця"}},{"type":"Feature","geometry":{"type":"LineString","coordinates":[[30.466986,50.438342],[30.46702,50.438298],[30.467733,50.437345],[30.467969,50.437013],[30.468052,50.436896],[30.468182,50.436729],[30.468202,50.436701],[30.468281,50.436615],[30.468503,50.436391],[30.468632,50.436304],[30.468987,50.436155],[30.469222,50.43606],[30.469566,50.435921],[30.469648,50.435884],[30.469809,50.435816],[30.470077,50.435708],[30.470169,50.435671],[30.470554,50.435516],[30.470917,50.435369],[30.471061,50.435311],[30.471534,50.435121],[30.471568,50.435107],[30.47211,50.434889],[30.472259,50.434819]]},"properties":{"name":"вулиця Генерала Генадія Воробйова"}},{"type":"Feature","geometry":{"type":"LineString","coordinates":[[30.443683,50.470267],[30.443492,50.470272],[30.443365,50.470285],[30.443179,50.470312],[30.442941,50.470358],[30.442742,50.470416],[30.442482,50.470502],[30.442201,50.470604],[30.441901,50.470735],[30.44151,50.470955],[30.441318,50.471086],[30.441104,50.47126],[30.441081,50.471284],[30.441032,50.471327],[30.440941,50.471408],[30.440819,50.471523],[30.440548,50.471757],[30.44031,50.471941],[30.440032,50.472121],[30.439549,50.472384],[30.439345,50.472449],[30.439052,50.472552],[30.438193,50.472841],[30.437769,50.472964],[30.436927,50.473139],[30.436637,50.473205],[30.436377,50.473285]]},"properties":{"name":"Ризька вулиця"}},{"type":"Feature","geometry":{"type":"LineString","coordinates":[[30.479925,50.441991],[30.480084,50.441964],[30.4808,50.441828],[30.481229,50.441747],[30.481324,50.441729],[30.481445,50.441701],[30.481579,50.441671],[30.481716,50.44164],[30.482089,50.441525],[30.482407,50.441401],[30.482605,50.441302],[30.482837,50.441171],[30.483316,50.440832],[30.483476,50.440722],[30.483793,50.440504]]},"properties":{"name":"вулиця Івана Огієнка"}},{"type":"Feature","geometry":{"type":"LineString","coordinates":[[30.445721,50.479497],[30.445803,50.479572],[30.446023,50.479756],[30.446245,50.479914],[30.446367,50.480003]]},"properties":{"name":"Бакинська вулиця"}},{"type":"Feature","geometry":{"type":"LineString","coordinates":[[30.446367,50.480003],[30.446333,50.480023],[30.446271,50.480059],[30.445516,50.480449]]},"properties":{"name":"Ічкерська вулиця"}},{"type":"Feature","geometry":{"type":"LineString","coordinates":[[30.445111,50.480104],[30.444924,50.479921],[30.444867,50.479856]]},"properties":{"name":"вулиця Академіка Івахненка"}},{"type":"Feature","geometry":{"type":"LineString","coordinates":[[30.445516,50.480449],[30.445296,50.480274]]},"properties":{"name":"вулиця Академіка Івахненка"}},{"type":"Feature","geometry":{"type":"LineString","coordinates":[[30.447014,50.463806],[30.447036,50.463137],[30.447054,50.462659],[30.44707,50.461984],[30.447118,50.4612],[30.447125,50.461067],[30.447149,50.460727],[30.447183,50.460348],[30.447189,50.460236],[30.447196,50.460106],[30.447203,50.459965],[30.447204,50.459943],[30.447214,50.45915],[30.447205,50.458985],[30.447182,50.458825],[30.447145,50.458641],[30.446901,50.45776],[30.446708,50.457101],[30.446449,50.45629],[30.446443,50.456275],[30.446251,50.455781]]},"properties":{"name":"вулиця Олександра Довженка"}},{"type":"Feature","geometry":{"type":"LineString","coordinates":[[30.446405,50.455777],[30.446609,50.456264],[30.446789,50.456818],[30.446901,50.457169],[30.447065,50.457698],[30.447214,50.458296],[30.447345,50.458834],[30.447357,50.458943],[30.447371,50.459053],[30.447377,50.459236],[30.447349,50.459728],[30.447335,50.459966],[30.447334,50.459987],[30.447327,50.460111],[30.447309,50.460297],[30.447252,50.460931],[30.447226,50.461535],[30.447203,50.462045],[30.447175,50.462668],[30.447162,50.463143],[30.447139,50.463815]]},"properties":{"name":"вулиця Олександра Довженка"}},{"type":"Feature","geometry":{"type":"LineString","coordinates":[[30.446251,50.455781],[30.445938,50.454945],[30.445597,50.454102],[30.445503,50.453856],[30.445149,50.452928],[30.445073,50.452729]]},"properties":{"name":"Шулявський шляхопровід"}},{"type":"Feature","geometry":{"type":"LineString","coordinates":[[30.445198,50.452711],[30.445456,50.453358],[30.445634,50.453809],[30.446076,50.454936],[30.446164,50.455161],[30.446405,50.455777]]},"properties":{"name":"Шулявський шляхопровід"}},{"type":"Feature","geometry":{"type":"LineString","coordinates":[[30.455204,50.416211],[30.455527,50.416186],[30.455768,50.416167],[30.45655,50.416103],[30.456766,50.416086],[30.457259,50.416046],[30.457734,50.416007],[30.458895,50.415914],[30.459209,50.415888],[30.459997,50.415825],[30.460359,50.415795],[30.460519,50.415783],[30.460714,50.415769],[30.460975,50.41575],[30.461,50.415748],[30.461044,50.415744],[30.461107,50.415738],[30.461155,50.415733],[30.461393,50.415708],[30.461582,50.415689],[30.461884,50.415658],[30.462577,50.415587],[30.463117,50.415528],[30.463778,50.415455],[30.464157,50.415413],[30.46442,50.415368]]},"properties":{"name":"вулиця Федора Ернста"}},{"type":"Feature","geometry":{"type":"LineString","coordinates":[[30.46442,50.415368],[30.464387,50.415118],[30.464375,50.415036],[30.464354,50.41487],[30.464277,50.414309],[30.464209,50.413882],[30.464201,50.41383],[30.464191,50.413764]]},"properties":{"name":"вулиця Івана Пулюя"}},{"type":"Feature","geometry":{"type":"LineString","coordinates":[[30.443604,50.470105],[30.443639,50.47017],[30.443683,50.470267]]},"properties":{"name":"Парково-Сирецька вулиця"}},{"type":"Feature","geometry":{"type":"LineString","coordinates":[[30.457753,50.469875],[30.457725,50.469922]]},"properties":{"name":"вулиця Ґарета Джонса"}},{"type":"Feature","geometry":{"type":"LineString","coordinates":[[30.438846,50.504439],[30.439379,50.504015],[30.439649,50.503804],[30.440077,50.503468],[30.44032,50.503277],[30.440538,50.503104],[30.440683,50.50299],[30.440793,50.502902],[30.440934,50.502787],[30.441157,50.502616],[30.441414,50.502419],[30.441533,50.502326],[30.441807,50.502066],[30.441943,50.501935],[30.442117,50.501756],[30.442321,50.501525],[30.442381,50.501438],[30.44243,50.501362],[30.442438,50.50135],[30.442525,50.501205],[30.442586,50.501092],[30.442646,50.500966],[30.442709,50.500818],[30.442768,50.500652],[30.442814,50.500435],[30.44283,50.500291]]},"properties":{"name":"вулиця Наталії Ужвій"}},{"type":"Feature","geometry":{"type":"LineString","coordinates":[[30.497437,50.485593],[30.497549,50.485584],[30.497574,50.485583],[30.497627,50.485578],[30.497863,50.485562],[30.497915,50.485558],[30.498057,50.485548]]},"properties":{"name":"Вербова вулиця"}},{"type":"Feature","geometry":{"type":"LineString","coordinates":[[30.44283,50.500291],[30.44275,50.500291]]},"properties":{"name":"Новомостицька вулиця"}},{"type":"Feature","geometry":{"type":"LineString","coordinates":[[30.44855,50.50052],[30.448554,50.500432]]},"properties":{"name":"Замковецька вулиця"}},{"type":"Feature","geometry":{"type":"LineString","coordinates":[[30.405695,50.461196],[30.40587,50.461201]]},"properties":{"name":"вулиця Марка Безручка"}},{"type":"Feature","geometry":{"type":"LineString","coordinates":[[30.405865,50.460275],[30.405724,50.460263]]},"properties":{"name":"Балакліївська вулиця"}},{"type":"Feature","geometry":{"type":"LineString","coordinates":[[30.435388,50.436527],[30.435478,50.4365]]},"properties":{"name":"вулиця Августина Волошина"}},{"type":"Feature","geometry":{"type":"LineString","coordinates":[[30.44326,50.444097],[30.443398,50.4441],[30.443525,50.444075],[30.443686,50.443974],[30.444098,50.443351],[30.444155,50.443265],[30.444599,50.442595],[30.444812,50.442309],[30.444855,50.442211],[30.444863,50.442163],[30.444851,50.44211],[30.4448,50.442013],[30.444706,50.441931],[30.443745,50.441657],[30.44365,50.44163],[30.443537,50.441599]]},"properties":{"name":"Індустріальний провулок"}},{"type":"Feature","geometry":{"type":"LineString","coordinates":[[30.44283,50.500291],[30.442848,50.500177]]},"properties":{"name":"вулиця Франциска Скорини"}},{"type":"Feature","geometry":{"type":"LineString","coordinates":[[30.459052,50.495209],[30.459216,50.495277],[30.459283,50.495306]]},"properties":{"name":"Бондарський провулок"}},{"type":"Feature","geometry":{"type":"LineString","coordinates":[[30.441977,50.445181],[30.442078,50.445163]]},"properties":{"name":"провулок Оксани Вороніної"}},{"type":"Feature","geometry":{"type":"LineString","coordinates":[[30.36932,50.433],[30.369372,50.432905],[30.369574,50.432511],[30.369582,50.432499],[30.369658,50.432397],[30.369712,50.432345]]},"properties":{"name":"бульвар Жуля Верна"}},{"type":"Feature","geometry":{"type":"LineString","coordinates":[[30.372592,50.426243],[30.372772,50.426336],[30.372896,50.426438],[30.373101,50.426672],[30.373163,50.426759],[30.373204,50.426841],[30.373254,50.427034],[30.373249,50.427099],[30.37324,50.427204],[30.372808,50.427789],[30.37266,50.427996],[30.372499,50.428213],[30.371758,50.429211],[30.370761,50.430566],[30.370376,50.431155],[30.370325,50.431241],[30.370271,50.431338],[30.369968,50.431883],[30.369746,50.432283],[30.369712,50.432345],[30.369728,50.432465],[30.369797,50.432619],[30.370059,50.4329]]},"properties":{"name":"бульвар Жуля Верна"}},{"type":"Feature","geometry":{"type":"LineString","coordinates":[[30.363584,50.429462],[30.364072,50.429602],[30.364206,50.429638]]},"properties":{"name":"вулиця Тулузи"}},{"type":"Feature","geometry":{"type":"LineString","coordinates":[[30.368581,50.43079],[30.368744,50.430832],[30.369482,50.431023],[30.369546,50.431039],[30.369997,50.431156],[30.370172,50.431202],[30.370325,50.431241]]},"properties":{"name":"вулиця Тулузи"}},{"type":"Feature","geometry":{"type":"LineString","coordinates":[[30.447106,50.464543],[30.447082,50.464574],[30.447022,50.464596],[30.446975,50.464605]]},"properties":{"name":"вулиця Івана Гонти"}},{"type":"Feature","geometry":{"type":"LineString","coordinates":[[30.477489,50.417807],[30.477432,50.41775]]},"properties":{"name":"Донська вулиця"}},{"type":"Feature","geometry":{"type":"LineString","coordinates":[[30.537134,50.414215],[30.537068,50.414281]]},"properties":{"name":"Товарна вулиця"}}]}